# Blender 5.1.0
# www.blender.org
mtllib old_well.mtl
o old_well
v 0.503929 5.645997 -18.796312
v 0.483441 5.624479 -18.816801
v 0.503929 5.645997 -18.837290
v -3.794116 5.645997 -14.539245
v -3.773628 5.624479 -14.559732
v -3.753139 5.645997 -14.539244
v -0.431909 5.645997 -19.773127
v -0.452397 5.624479 -19.752640
v -0.472884 5.645997 -19.773127
v -4.729953 5.645997 -15.516057
v -4.709466 5.624479 -15.495570
v -4.729954 5.645997 -15.475082
v -0.431909 6.463746 -19.773127
v -0.472884 6.463746 -19.773127
v -0.452397 6.485263 -19.752640
v -4.709466 6.485263 -15.495570
v -4.729953 6.463746 -15.516057
v -4.729954 6.463746 -15.475082
v 0.503929 6.463746 -18.837290
v 0.483441 6.485263 -18.816801
v 0.503929 6.463746 -18.796312
v -3.753139 6.463746 -14.539244
v -3.773628 6.485263 -14.559732
v -3.794116 6.463746 -14.539245
v 0.503929 -6.505974 -18.796312
v 0.483441 -6.527492 -18.816801
v 0.503929 -6.505974 -18.837290
v -3.794116 -6.505974 -14.539245
v -3.773628 -6.527492 -14.559732
v -3.753139 -6.505974 -14.539244
v -0.431909 -6.505974 -19.773127
v -0.452397 -6.527492 -19.752640
v -0.472884 -6.505974 -19.773127
v -4.729953 -6.505974 -15.516057
v -4.709466 -6.527492 -15.495570
v -4.729954 -6.505974 -15.475082
v -0.431909 -5.688225 -19.773127
v -0.472884 -5.688225 -19.773127
v -0.452397 -5.666708 -19.752640
v -4.709466 -5.666708 -15.495570
v -4.729953 -5.688225 -15.516057
v -4.729954 -5.688225 -15.475082
v 0.503929 -5.688225 -18.837290
v 0.483441 -5.666708 -18.816801
v 0.503929 -5.688225 -18.796312
v -3.753139 -5.688225 -14.539244
v -3.773628 -5.666708 -14.559732
v -3.794116 -5.688225 -14.539245
v -0.456369 -5.708150 -18.796312
v -0.435881 -5.686633 -18.816801
v -0.456369 -5.708150 -18.837290
v 3.841676 -5.708150 -14.539245
v 3.821188 -5.686633 -14.559732
v 3.800700 -5.708150 -14.539244
v 0.479469 -5.708150 -19.773127
v 0.499957 -5.686633 -19.752640
v 0.520444 -5.708150 -19.773127
v 4.777513 -5.708150 -15.516057
v 4.757025 -5.686633 -15.495570
v 4.777514 -5.708150 -15.475082
v 0.479469 -6.525899 -19.773127
v 0.520444 -6.525899 -19.773127
v 0.499957 -6.547417 -19.752640
v 4.757025 -6.547417 -15.495570
v 4.777513 -6.525899 -15.516057
v 4.777514 -6.525899 -15.475082
v -0.456369 -6.525899 -18.837290
v -0.435881 -6.547417 -18.816801
v -0.456369 -6.525899 -18.796312
v 3.800700 -6.525899 -14.539244
v 3.821188 -6.547417 -14.559732
v 3.841676 -6.525899 -14.539245
v -4.803376 6.605443 -14.063857
v -4.803376 6.634418 -14.092833
v -4.832351 6.605443 -14.092833
v 4.832351 6.605443 -14.092833
v 4.803376 6.634418 -14.092833
v 4.803376 6.605443 -14.063857
v -4.832351 6.605443 -15.416306
v -4.803376 6.634418 -15.416306
v -4.803376 6.605443 -15.445279
v 4.803376 6.605443 -15.445279
v 4.803376 6.634418 -15.416306
v 4.832351 6.605443 -15.416306
v -4.832351 5.504299 -15.416306
v -4.803376 5.504299 -15.445279
v -4.803376 5.475324 -15.416306
v 4.803376 5.475324 -15.416306
v 4.803376 5.504299 -15.445279
v 4.832351 5.504299 -15.416306
v -4.832351 5.504299 -14.092833
v -4.803376 5.475324 -14.092833
v -4.803376 5.504299 -14.063857
v 4.803376 5.504299 -14.063857
v 4.803376 5.475324 -14.092833
v 4.832351 5.504299 -14.092833
v -4.803376 -5.519443 -14.063857
v -4.803376 -5.490469 -14.092833
v -4.832351 -5.519443 -14.092833
v 4.832351 -5.519443 -14.092833
v 4.803376 -5.490469 -14.092833
v 4.803376 -5.519443 -14.063857
v -4.832351 -5.519443 -15.416306
v -4.803376 -5.490469 -15.416306
v -4.803376 -5.519443 -15.445279
v 4.803376 -5.519443 -15.445279
v 4.803376 -5.490469 -15.416306
v 4.832351 -5.519443 -15.416306
v -4.832351 -6.620588 -15.416306
v -4.803376 -6.620588 -15.445279
v -4.803376 -6.649562 -15.416306
v 4.803376 -6.649562 -15.416306
v 4.803376 -6.620588 -15.445279
v 4.832351 -6.620588 -15.416306
v -4.832351 -6.620588 -14.092833
v -4.803376 -6.649562 -14.092833
v -4.803376 -6.620588 -14.063857
v 4.803376 -6.620588 -14.063857
v 4.803376 -6.649562 -14.092833
v 4.832351 -6.620588 -14.092833
v -0.456369 6.463746 -18.796312
v -0.435881 6.485263 -18.816801
v -0.456369 6.463746 -18.837290
v 3.841676 6.463746 -14.539245
v 3.821188 6.485263 -14.559732
v 3.800700 6.463746 -14.539244
v 0.479469 6.463746 -19.773127
v 0.499957 6.485263 -19.752640
v 0.520444 6.463746 -19.773127
v 4.777513 6.463746 -15.516057
v 4.757025 6.485263 -15.495570
v 4.777514 6.463746 -15.475082
v 0.479469 5.645997 -19.773127
v 0.520444 5.645997 -19.773127
v 0.499957 5.624479 -19.752640
v 4.757025 5.624479 -15.495570
v 4.777513 5.645997 -15.516057
v 4.777514 5.645997 -15.475082
v -0.456369 5.645997 -18.837290
v -0.435881 5.624479 -18.816801
v -0.456369 5.645997 -18.796312
v 3.800700 5.645997 -14.539244
v 3.821188 5.624479 -14.559732
v 3.841676 5.645997 -14.539245
v -1.926757 6.338626 -11.675421
v -1.917425 6.353710 -11.684752
v -1.896937 6.338626 -11.664265
v -4.428676 6.338626 -14.196003
v -4.408187 6.353710 -14.175515
v -4.417520 6.338626 -14.166183
v -1.029110 6.338626 -11.648936
v -1.049598 6.353710 -11.669424
v -1.040266 6.338626 -11.678756
v -3.972607 6.338626 -14.611095
v -3.981938 6.353710 -14.601765
v -4.002426 6.338626 -14.622252
v -1.029110 5.765401 -11.648936
v -1.040266 5.765401 -11.678756
v -1.049598 5.750318 -11.669424
v -3.981938 5.750318 -14.601765
v -3.972607 5.765401 -14.611095
v -4.002426 5.765401 -14.622252
v -1.896937 5.765401 -11.664265
v -1.917425 5.750318 -11.684752
v -1.926757 5.765401 -11.675421
v -4.417520 5.765401 -14.166183
v -4.408187 5.750318 -14.175515
v -4.428676 5.765401 -14.196003
v 1.933138 5.791998 -11.606993
v 1.923806 5.776915 -11.616324
v 1.903318 5.791998 -11.595837
v 4.435057 5.791998 -14.127575
v 4.414568 5.776915 -14.107087
v 4.423901 5.791998 -14.097755
v 1.035491 5.791998 -11.580508
v 1.055979 5.776915 -11.600996
v 1.046647 5.791998 -11.610328
v 3.978988 5.791998 -14.542667
v 3.988319 5.776915 -14.533337
v 4.008807 5.791998 -14.553824
v 1.035491 6.365223 -11.580508
v 1.046647 6.365223 -11.610328
v 1.055979 6.380307 -11.600996
v 3.988319 6.380307 -14.533337
v 3.978988 6.365223 -14.542667
v 4.008807 6.365223 -14.553824
v 1.903318 6.365223 -11.595837
v 1.923806 6.380307 -11.616324
v 1.933138 6.365223 -11.606993
v 4.423901 6.365223 -14.097755
v 4.414568 6.380307 -14.107087
v 4.435057 6.365223 -14.127575
v 0.019915 0.549280 -10.221736
v -0.038671 0.568810 -10.221736
v -0.038671 0.632011 -10.221736
v 0.019915 0.651541 -10.221736
v 0.056123 0.600410 -10.221736
v 0.019915 0.549280 -10.329261
v -0.038671 0.568810 -10.329261
v -0.038671 0.632011 -10.329261
v 0.019915 0.651541 -10.329261
v 0.056123 0.600410 -10.329261
v 0.003722 0.600410 -10.221736
v 0.019915 0.553444 -11.862004
v 0.019915 0.558154 -12.030983
v 0.019915 0.560499 -12.158470
v 0.019915 0.563036 -12.256849
v 0.019915 0.570923 -12.360065
v 0.019915 0.579393 -12.482002
v 0.019915 0.565069 -12.608143
v 0.019915 0.510287 -12.728562
v 0.019915 0.422435 -12.837899
v 0.019915 0.319234 -12.920009
v 0.019915 0.206998 -12.966695
v 0.019915 0.070655 -12.984384
v 0.019915 -0.095959 -12.971928
v 0.019915 -0.257453 -12.912145
v 0.019915 -0.379477 -12.795315
v 0.019915 -0.461793 -12.660776
v 0.019915 -0.502892 -12.580644
v 0.019915 -0.505851 -12.530639
v 0.019915 -0.510988 -12.248772
v 0.019915 -0.541091 -11.567564
v 0.019915 -0.592568 -10.691706
v 0.019915 -0.655070 -9.911571
v 0.069327 -0.742805 -9.295099
v 0.137882 -0.881426 -8.727883
v 0.248304 -1.104701 -8.144292
v 0.404257 -1.420043 -7.593409
v 0.604839 -1.825625 -7.134429
v 0.822453 -2.265646 -6.783464
v 1.020085 -2.665263 -6.531865
v 1.198765 -3.026562 -6.346302
v 1.403129 -3.439789 -6.167387
v 1.660149 -3.959491 -5.954440
v 1.929248 -4.503616 -5.734757
v 2.157109 -4.964356 -5.647834
v 2.319608 -5.292933 -5.479221
v 2.378102 -5.411210 -5.288858
v 2.410124 -5.475959 -5.043738
v 2.412916 -5.481607 -4.695841
v 2.406067 -5.467758 -4.227222
v 2.397719 -5.450879 -3.693769
v 2.392199 -5.439717 -3.162992
v 2.391480 -5.438263 -2.663211
v 2.395304 -5.445995 -2.187634
v 2.400672 -5.456849 -1.731322
v 2.397660 -5.450759 -1.298032
v 2.380037 -5.415123 -0.892418
v 2.380284 -5.415623 -0.526558
v 2.453085 -5.562829 -0.221554
v 2.614040 -5.888284 -0.004819
v 2.813521 -6.291638 0.153887
v -0.038671 0.572970 -11.861582
v -0.038671 0.577677 -12.030439
v -0.038671 0.580026 -12.158112
v -0.038671 0.582559 -12.256346
v -0.038671 0.590396 -12.358565
v -0.038671 0.598876 -12.480650
v -0.038671 0.584487 -12.610226
v -0.038671 0.528203 -12.736337
v -0.038671 0.437802 -12.849950
v -0.038671 0.331541 -12.935173
v -0.038671 0.214776 -12.984609
v -0.038671 0.073423 -13.003717
v -0.038671 -0.097284 -12.991413
v -0.038671 -0.264028 -12.930536
v -0.038671 -0.392649 -12.809736
v -0.038671 -0.478334 -12.671165
v -0.038671 -0.520254 -12.589593
v -0.038671 -0.525237 -12.533022
v -0.038671 -0.530517 -12.249146
v -0.038671 -0.560604 -11.568426
v -0.038671 -0.612067 -10.692850
v -0.038671 -0.674540 -9.913130
v 0.025606 -0.787239 -9.297914
v 0.093944 -0.925420 -8.733057
v 0.203973 -1.147902 -8.152002
v 0.359257 -1.461891 -7.603975
v 0.558703 -1.865177 -7.148200
v 0.775193 -2.302925 -6.799393
v 0.972054 -2.700983 -6.548901
v 1.150107 -3.061010 -6.364062
v 1.353987 -3.473261 -6.185609
v 1.610862 -3.992669 -5.972786
v 1.879923 -4.536717 -5.753134
v 2.107812 -4.997516 -5.666187
v 2.270946 -5.327376 -5.496985
v 2.331614 -5.450052 -5.303386
v 2.366070 -5.519721 -5.049784
v 2.369284 -5.526219 -4.696315
v 2.362432 -5.512365 -4.226576
v 2.354083 -5.495485 -3.693075
v 2.348567 -5.484329 -3.162530
v 2.347850 -5.482880 -2.663145
v 2.351672 -5.490609 -2.187989
v 2.357038 -5.501458 -1.731841
v 2.354028 -5.495372 -1.297724
v 2.336364 -5.459655 -0.890508
v 2.336652 -5.460238 -0.526600
v 2.408337 -5.605186 -0.231173
v 2.566068 -5.924121 -0.021778
v 2.764114 -6.324576 0.135447
v 2.806509 -6.314176 0.105610
v -0.038671 0.636156 -11.860213
v -0.038671 0.640853 -12.028680
v -0.038671 0.643216 -12.156950
v -0.038671 0.645739 -12.254719
v -0.038671 0.653410 -12.353711
v -0.038671 0.661925 -12.476272
v -0.038671 0.647327 -12.616968
v -0.038671 0.586180 -12.761495
v -0.038671 0.487533 -12.888952
v -0.038671 0.371366 -12.984247
v -0.038671 0.239946 -13.042580
v -0.038671 0.082380 -13.066278
v -0.038671 -0.101574 -13.054467
v -0.038671 -0.285306 -12.990047
v -0.038671 -0.435272 -12.856400
v -0.038671 -0.531854 -12.704777
v -0.038671 -0.576430 -12.618547
v -0.038671 -0.587965 -12.540730
v -0.038671 -0.593705 -12.250359
v -0.038671 -0.623742 -11.571218
v -0.038671 -0.675157 -10.696559
v -0.038671 -0.737537 -9.918177
v 0.053187 -0.843009 -9.307032
v 0.120820 -0.979765 -8.749801
v 0.229579 -1.199678 -8.176969
v 0.382697 -1.509286 -7.638174
v 0.578467 -1.905140 -7.192764
v 0.791320 -2.335534 -6.850940
v 0.985686 -2.728546 -6.604027
v 1.161702 -3.084457 -6.421532
v 1.364020 -3.493549 -6.244572
v 1.620426 -4.012010 -6.032148
v 1.889363 -4.555807 -5.812598
v 2.117347 -5.016797 -5.725573
v 2.282532 -5.350805 -5.554463
v 2.350244 -5.487720 -5.350396
v 2.392571 -5.573308 -5.069355
v 2.397147 -5.582561 -4.697857
v 2.390289 -5.568693 -4.224496
v 2.381939 -5.551807 -3.690836
v 2.376431 -5.540672 -3.161043
v 2.375721 -5.539237 -2.662943
v 2.379540 -5.546958 -2.189145
v 2.384901 -5.557796 -1.733529
v 2.381898 -5.551725 -1.296736
v 2.364104 -5.515745 -0.884341
v 2.364525 -5.516597 -0.526744
v 2.432594 -5.654234 -0.262305
v 2.579890 -5.952073 -0.076657
v 2.773293 -6.343139 0.075774
v 0.019915 0.655682 -11.859789
v 0.019915 0.660376 -12.028135
v 0.019915 0.662743 -12.156590
v 0.019915 0.665263 -12.254215
v 0.019915 0.672882 -12.352211
v 0.019915 0.681408 -12.474918
v 0.019915 0.666746 -12.619052
v 0.019915 0.604096 -12.769271
v 0.019915 0.502901 -12.901006
v 0.019915 0.383672 -12.999413
v 0.019915 0.247724 -13.060495
v 0.019915 0.085148 -13.085612
v 0.019915 -0.102900 -13.073951
v 0.019915 -0.291882 -13.008436
v 0.019915 -0.448444 -12.870822
v 0.019915 -0.548393 -12.715164
v 0.019915 -0.593791 -12.627498
v 0.019915 -0.607351 -12.543113
v 0.019915 -0.613234 -12.250732
v 0.019915 -0.643255 -11.572081
v 0.019915 -0.694656 -10.697705
v 0.019915 -0.757007 -9.919737
v 0.113956 -0.833047 -9.309849
v 0.181372 -0.969363 -8.754976
v 0.289738 -1.188483 -8.184681
v 0.442186 -1.496737 -7.648741
v 0.636821 -1.890293 -7.206536
v 0.848550 -2.318415 -6.866870
v 1.042144 -2.709868 -6.621062
v 1.217532 -3.064507 -6.439292
v 1.419367 -3.472623 -6.262794
v 1.675629 -3.990791 -6.050493
v 1.944527 -4.534511 -5.830975
v 2.172540 -4.995560 -5.743926
v 2.338360 -5.330851 -5.572227
v 2.408247 -5.472166 -5.364923
v 2.453008 -5.562673 -5.075400
v 2.458004 -5.572775 -4.698330
v 2.451144 -5.558903 -4.223852
v 2.442792 -5.542017 -3.690142
v 2.437288 -5.530887 -3.160580
v 2.436580 -5.529457 -2.662878
v 2.440398 -5.537175 -2.189500
v 2.445756 -5.548010 -1.734048
v 2.442756 -5.541942 -1.296430
v 2.424921 -5.505881 -0.882433
v 2.425383 -5.506816 -0.526785
v 2.492336 -5.642194 -0.271924
v 2.636408 -5.933514 -0.093615
v 2.828377 -6.321680 0.057333
v 0.056123 0.604563 -11.860897
v 0.056123 0.609265 -12.029559
v 0.056123 0.611621 -12.157530
v 0.056123 0.614149 -12.255531
v 0.056123 0.621903 -12.356137
v 0.056123 0.630400 -12.478460
v 0.056123 0.615907 -12.613597
v 0.056123 0.557192 -12.748916
v 0.056123 0.462668 -12.869451
v 0.056123 0.351454 -12.959709
v 0.056123 0.227361 -13.013595
v 0.056123 0.077902 -13.034998
v 0.056123 -0.099429 -13.022940
v 0.056123 -0.274667 -12.960292
v 0.056123 -0.413961 -12.833069
v 0.056123 -0.505094 -12.687971
v 0.056123 -0.548343 -12.604071
v 0.056123 -0.556602 -12.536877
v 0.056123 -0.562112 -12.249753
v 0.056123 -0.592174 -11.569822
v 0.056123 -0.643613 -10.694706
v 0.056123 -0.706040 -9.915654
v 0.123931 -0.771118 -9.302474
v 0.191917 -0.908586 -8.741429
v 0.301311 -1.129783 -8.164487
v 0.455511 -1.441581 -7.621076
v 0.653120 -1.841151 -7.170484
v 0.867791 -2.275221 -6.825168
v 1.063404 -2.670757 -6.576466
v 1.240438 -3.028726 -6.392799
v 1.443538 -3.439397 -6.215091
v 1.700178 -3.958331 -6.002469
v 1.969177 -4.502254 -5.782868
v 2.197114 -4.963148 -5.695882
v 2.361273 -5.295083 -5.525727
v 2.425464 -5.424879 -5.326893
v 2.463856 -5.502508 -5.059571
v 2.467751 -5.510384 -4.697087
v 2.460895 -5.496523 -4.225538
v 2.452546 -5.479640 -3.691957
v 2.447034 -5.468494 -3.161788
v 2.446321 -5.467053 -2.663046
v 2.450141 -5.474777 -2.188568
v 2.455504 -5.485621 -1.732686
v 2.452498 -5.479542 -1.297232
v 2.434768 -5.443694 -0.887427
v 2.435123 -5.444411 -0.526673
v 2.504999 -5.585703 -0.246741
v 2.657513 -5.894090 -0.049219
v 2.853237 -6.289850 0.105610
v -0.079340 0.503574 -10.116554
v -0.079340 0.503574 -10.311914
v -0.063873 0.587276 -10.367563
v -0.048407 0.670978 -10.311914
v -0.048407 0.670978 -10.116554
v -0.063873 0.587276 -10.060906
v -0.060192 0.485609 -10.107280
v -0.060192 0.485609 -10.321190
v -0.042148 0.583262 -10.386113
v -0.024104 0.680914 -10.321190
v -0.024104 0.680914 -10.107280
v -0.042148 0.583262 -10.042356
v -0.065347 0.457708 -10.088731
v -0.065347 0.457708 -10.339739
v -0.042148 0.583262 -10.423212
v -0.018948 0.708815 -10.339739
v -0.018948 0.708815 -10.088731
v -0.042148 0.583262 -10.005258
v -0.089651 0.447772 -10.079455
v -0.089650 0.447772 -10.349013
v -0.063873 0.587276 -10.441761
v -0.038096 0.726780 -10.349013
v -0.038096 0.726780 -10.079455
v -0.063873 0.587276 -9.986709
v -0.108798 0.465737 -10.088730
v -0.108798 0.465737 -10.339739
v -0.085599 0.591290 -10.423211
v -0.062399 0.716844 -10.339739
v -0.062399 0.716844 -10.088730
v -0.085599 0.591290 -10.005258
v -0.103643 0.493638 -10.107279
v -0.103643 0.493638 -10.321189
v -0.085599 0.591290 -10.386112
v -0.067555 0.688943 -10.321189
v -0.067555 0.688943 -10.107279
v -0.085599 0.591290 -10.042356
v 0.946062 0.572790 -9.138228
v 0.963182 0.622257 -9.138228
v 1.018583 0.622257 -9.138228
v 1.035703 0.572790 -9.138228
v 0.990883 0.542218 -9.138228
v 0.946062 0.572790 -9.227835
v 0.963182 0.622257 -9.227835
v 1.018583 0.622257 -9.227835
v 1.035703 0.572790 -9.227835
v 0.990883 0.542218 -9.227835
v 0.990883 0.586462 -9.227835
v 0.906154 0.572790 -9.039627
v 0.856717 0.572790 -9.014174
v 0.827848 0.572790 -9.033052
v 0.823644 0.572790 -9.055192
v 0.820578 0.572790 -9.088922
v 0.791618 0.572790 -9.181570
v 0.750897 0.572790 -9.317761
v 0.705432 0.572790 -9.471706
v 0.651513 0.572790 -9.606679
v 0.596836 0.572791 -9.725570
v 0.501920 0.572791 -9.866492
v 0.324761 0.572791 -10.019497
v 0.103841 0.572788 -10.127457
v -0.033809 0.572788 -10.154341
v -0.090619 0.572788 -10.162096
v -0.183414 0.572788 -10.151676
v -0.333614 0.572788 -10.089935
v -0.461094 0.572788 -9.999621
v -0.573414 0.572793 -9.898069
v -0.672827 0.572793 -9.765861
v -0.750638 0.572793 -9.595787
v -0.812727 0.572793 -9.420929
v -0.854964 0.572793 -9.288072
v -0.885831 0.572793 -9.182761
v -0.920626 0.572793 -9.099729
v -0.966039 0.572793 -9.062404
v -1.008801 0.572793 -9.070248
v -1.028400 0.572793 -9.100237
v -1.044998 0.572793 -9.146335
v -1.073052 0.572793 -9.208920
v 0.922273 0.622257 -9.034142
v 0.866848 0.622257 -9.001055
v 0.824693 0.622257 -9.017055
v 0.810187 0.622256 -9.045126
v 0.803845 0.622256 -9.085471
v 0.775212 0.622256 -9.176913
v 0.734428 0.622256 -9.313311
v 0.688948 0.622256 -9.467305
v 0.635514 0.622256 -9.600882
v 0.581150 0.622256 -9.719042
v 0.487532 0.622256 -9.857669
v 0.313333 0.622256 -10.007374
v 0.096107 0.622256 -10.112933
v -0.037048 0.622256 -10.138355
v -0.093036 0.622256 -10.145983
v -0.181093 0.622259 -10.135548
v -0.326648 0.622256 -10.075066
v -0.450762 0.622256 -9.986643
v -0.561591 0.622259 -9.886295
v -0.658847 0.622259 -9.756459
v -0.734906 0.622259 -9.589371
v -0.796502 0.622259 -9.415734
v -0.838575 0.622259 -9.283365
v -0.869333 0.622259 -9.178395
v -0.904704 0.622259 -9.093744
v -0.954033 0.622259 -9.050798
v -1.007719 0.622259 -9.054003
v -1.039243 0.622259 -9.087640
v -1.060617 0.622259 -9.139668
v -1.088802 0.622259 -9.202535
v -1.114282 0.586459 -9.192209
v 0.974433 0.622257 -9.016392
v 0.899633 0.622257 -8.958597
v 0.814484 0.622257 -8.965287
v 0.766643 0.622256 -9.012564
v 0.749703 0.622256 -9.074311
v 0.722127 0.622256 -9.161846
v 0.681139 0.622256 -9.298908
v 0.635610 0.622256 -9.453068
v 0.583747 0.622256 -9.582123
v 0.530399 0.622256 -9.697924
v 0.440974 0.622256 -9.829123
v 0.276355 0.622256 -9.968156
v 0.071083 0.622259 -10.065944
v -0.047529 0.622259 -10.086640
v -0.100861 0.622259 -10.093843
v -0.173586 0.622259 -10.083366
v -0.304108 0.622259 -10.026953
v -0.417334 0.622259 -9.944643
v -0.523336 0.622259 -9.848200
v -0.613624 0.622259 -9.726039
v -0.683990 0.622259 -9.568607
v -0.743997 0.622259 -9.398928
v -0.785542 0.622259 -9.268135
v -0.815967 0.622259 -9.164261
v -0.853186 0.622259 -9.074377
v -0.915192 0.622259 -9.013245
v -1.004214 0.622259 -9.001440
v -1.074333 0.622259 -9.046882
v -1.111158 0.622259 -9.118095
v -1.139766 0.622259 -9.181881
v 0.990551 0.572790 -9.010909
v 0.909764 0.572790 -8.945476
v 0.811329 0.572790 -8.949288
v 0.753188 0.572790 -9.002502
v 0.732972 0.572790 -9.070865
v 0.705723 0.572790 -9.157189
v 0.664672 0.572790 -9.294457
v 0.619127 0.572790 -9.448668
v 0.567750 0.572791 -9.576326
v 0.514716 0.572791 -9.691400
v 0.426587 0.572791 -9.820303
v 0.264927 0.572791 -9.956037
v 0.063351 0.572788 -10.051423
v -0.050768 0.572791 -10.070658
v -0.103279 0.572788 -10.077732
v -0.171265 0.572788 -10.067240
v -0.297144 0.572791 -10.012086
v -0.407004 0.572791 -9.931663
v -0.511516 0.572791 -9.836427
v -0.599649 0.572793 -9.716637
v -0.668258 0.572793 -9.562190
v -0.727772 0.572793 -9.393733
v -0.769152 0.572793 -9.263429
v -0.799474 0.572793 -9.159894
v -0.837268 0.572793 -9.068392
v -0.903190 0.572793 -9.001638
v -1.003132 0.572793 -8.985195
v -1.085176 0.572793 -9.034286
v -1.126777 0.572793 -9.111431
v -1.155515 0.572793 -9.175499
v 0.948353 0.542218 -9.025269
v 0.883241 0.542218 -8.979825
v 0.819588 0.542218 -8.991172
v 0.788415 0.542219 -9.028846
v 0.776774 0.542219 -9.079893
v 0.748670 0.542218 -9.169379
v 0.707784 0.542218 -9.306109
v 0.662279 0.542219 -9.460187
v 0.609631 0.542219 -9.591503
v 0.555775 0.542219 -9.708484
v 0.464253 0.542219 -9.843397
v 0.294843 0.542219 -9.987767
v 0.083594 0.542217 -10.089440
v -0.042290 0.542217 -10.112500
v -0.096949 0.542217 -10.119914
v -0.177342 0.542217 -10.109459
v -0.315379 0.542217 -10.051010
v -0.434050 0.542217 -9.965642
v -0.542465 0.542220 -9.867248
v -0.636236 0.542220 -9.741249
v -0.709452 0.542220 -9.578986
v -0.770251 0.542220 -9.407329
v -0.812060 0.542220 -9.275748
v -0.842655 0.542220 -9.171327
v -0.878947 0.542220 -9.084058
v -0.934615 0.542220 -9.032021
v -1.005971 0.542220 -9.027721
v -1.056788 0.542220 -9.067264
v -1.085885 0.542220 -9.128884
v -1.114282 0.542220 -9.192209
v 1.933138 -6.341484 -11.606993
v 1.923806 -6.356567 -11.616324
v 1.903318 -6.341484 -11.595837
v 4.435057 -6.341484 -14.127575
v 4.414568 -6.356567 -14.107087
v 4.423901 -6.341484 -14.097755
v 1.035491 -6.341484 -11.580508
v 1.055979 -6.356567 -11.600996
v 1.046647 -6.341484 -11.610328
v 3.978988 -6.341484 -14.542667
v 3.988319 -6.356567 -14.533337
v 4.008807 -6.341484 -14.553824
v 1.035491 -5.768259 -11.580508
v 1.046647 -5.768259 -11.610328
v 1.055979 -5.753175 -11.600996
v 3.988319 -5.753175 -14.533337
v 3.978988 -5.768259 -14.542667
v 4.008807 -5.768259 -14.553824
v 1.903318 -5.768259 -11.595837
v 1.923806 -5.753175 -11.616324
v 1.933138 -5.768259 -11.606993
v 4.423901 -5.768259 -14.097755
v 4.414568 -5.753175 -14.107087
v 4.435057 -5.768259 -14.127575
v -1.926757 -5.768259 -11.675421
v -1.917425 -5.753175 -11.684752
v -1.896937 -5.768259 -11.664265
v -4.428676 -5.768259 -14.196003
v -4.408187 -5.753175 -14.175515
v -4.417520 -5.768259 -14.166183
v -1.029110 -5.768259 -11.648936
v -1.049598 -5.753175 -11.669424
v -1.040266 -5.768259 -11.678756
v -3.972607 -5.768259 -14.611095
v -3.981938 -5.753175 -14.601765
v -4.002426 -5.768259 -14.622252
v -1.029110 -6.341484 -11.648936
v -1.040266 -6.341484 -11.678756
v -1.049598 -6.356567 -11.669424
v -3.981938 -6.356567 -14.601765
v -3.972607 -6.341484 -14.611095
v -4.002426 -6.341484 -14.622252
v -1.896937 -6.341484 -11.664265
v -1.917425 -6.356567 -11.684752
v -1.926757 -6.341484 -11.675421
v -4.417520 -6.341484 -14.166183
v -4.408187 -6.356567 -14.175515
v -4.428676 -6.341484 -14.196003
v 0.620048 0.171053 -7.086426
v 0.273495 -0.129237 -7.086426
v -0.180392 -0.194496 -7.086426
v -0.597508 -0.004006 -7.086426
v -0.845421 0.381755 -7.086426
v -0.845421 0.840310 -7.086426
v -0.597508 1.226070 -7.086426
v -0.180392 1.416561 -7.086426
v 0.273495 1.351302 -7.086426
v 0.620048 1.051012 -7.086426
v 0.749237 0.611032 -7.086426
v 0.798793 0.053346 -9.149483
v 0.359529 -0.327279 -9.149483
v -0.215786 -0.409997 -9.149483
v -0.744491 -0.168545 -9.149483
v -1.058728 0.320417 -9.149483
v -1.058728 0.901647 -9.149483
v -0.744492 1.390610 -9.149483
v -0.215786 1.632061 -9.149483
v 0.359528 1.549344 -9.149483
v 0.798793 1.168719 -9.149483
v 0.962545 0.611032 -9.149483
v -0.064575 0.611032 -7.086426
v 0.753572 0.082408 -9.149483
v 0.337198 -0.278383 -9.149483
v -0.208136 -0.356790 -9.149483
v -0.709290 -0.127921 -9.149483
v -1.007152 0.335561 -9.149483
v -1.007152 0.886503 -9.149483
v -0.709290 1.349985 -9.149483
v -0.208136 1.578855 -9.149483
v 0.337198 1.500448 -9.149483
v 0.753572 1.139657 -9.149483
v 0.908791 0.611032 -9.149483
v 0.572690 0.198654 -7.226926
v 0.247878 -0.082798 -7.226926
v -0.068984 0.611032 -7.226926
v -0.177536 -0.143962 -7.226926
v -0.568485 0.034580 -7.226926
v -0.800846 0.396140 -7.226926
v -0.800846 0.825926 -7.226926
v -0.568485 1.187487 -7.226926
v -0.177536 1.366028 -7.226926
v 0.247878 1.304861 -7.226926
v 0.572690 1.023409 -7.226926
v 0.693775 0.611032 -7.226926
v 0.000000 -0.066280 -14.049125
v 0.000000 -0.066280 -14.196220
v 0.000000 0.066280 -14.196220
v 0.000000 0.066280 -14.049125
v 0.000000 0.000000 -14.010858
v 0.022093 -0.077327 -14.042747
v 0.022093 -0.077327 -14.196220
v 0.022093 0.077327 -14.196220
v 0.022093 0.077327 -14.042747
v 0.022093 0.000000 -13.998102
v 0.022093 -0.099420 -14.029991
v 0.022093 -0.099420 -14.196221
v 0.022093 0.099420 -14.196221
v 0.022093 0.099420 -14.029991
v 0.022093 0.000000 -13.972591
v 0.000000 -0.110467 -14.023613
v 0.000000 -0.110467 -14.196220
v 0.000000 0.110467 -14.196220
v 0.000000 0.110467 -14.023613
v 0.000000 0.000000 -13.959835
v -0.022093 -0.099420 -14.029991
v -0.022093 -0.099420 -14.196220
v -0.022093 0.099420 -14.196220
v -0.022093 0.099420 -14.029991
v -0.022093 0.000000 -13.972590
v -0.022093 -0.077327 -14.042747
v -0.022093 -0.077327 -14.196220
v -0.022093 0.077327 -14.196220
v -0.022093 0.077327 -14.042747
v -0.022093 0.000000 -13.998101
v -0.007538 -0.065850 -13.235365
v -0.007538 -0.065850 -13.369706
v 0.000000 0.000000 -13.407972
v 0.007538 0.065850 -13.369706
v 0.007538 0.065850 -13.235365
v 0.000000 0.000000 -13.197098
v 0.013156 -0.079338 -13.228988
v 0.013156 -0.079338 -13.376083
v 0.021950 -0.002513 -13.420729
v 0.030744 0.074313 -13.376083
v 0.030744 0.074313 -13.228988
v 0.021950 -0.002513 -13.184342
v 0.010644 -0.101288 -13.216232
v 0.010644 -0.101288 -13.388840
v 0.021950 -0.002513 -13.446239
v 0.033256 0.096263 -13.388840
v 0.033256 0.096263 -13.216232
v 0.021950 -0.002513 -13.158832
v -0.012563 -0.109750 -13.209854
v -0.012562 -0.109750 -13.395217
v 0.000000 0.000000 -13.458995
v 0.012563 0.109750 -13.395217
v 0.012563 0.109750 -13.209854
v 0.000000 0.000000 -13.146076
v -0.033256 -0.096263 -13.216231
v -0.033256 -0.096263 -13.388839
v -0.021950 0.002513 -13.446239
v -0.010644 0.101288 -13.388839
v -0.010644 0.101288 -13.216231
v -0.021950 0.002513 -13.158832
v -0.030744 -0.074313 -13.228987
v -0.030744 -0.074313 -13.376083
v -0.021950 0.002513 -13.420728
v -0.013156 0.079338 -13.376083
v -0.013156 0.079338 -13.228987
v -0.021950 0.002513 -13.184342
v -0.066280 0.000000 -13.442641
v -0.066280 0.000000 -13.576982
v 0.000000 0.000000 -13.615250
v 0.066280 0.000000 -13.576982
v 0.066280 0.000000 -13.442641
v 0.000000 0.000000 -13.404375
v -0.077327 -0.022093 -13.436264
v -0.077327 -0.022093 -13.583361
v 0.000000 -0.022093 -13.628005
v 0.077327 -0.022093 -13.583361
v 0.077327 -0.022093 -13.436264
v 0.000000 -0.022093 -13.391620
v -0.099420 -0.022093 -13.423509
v -0.099420 -0.022093 -13.596116
v 0.000000 -0.022093 -13.653516
v 0.099420 -0.022093 -13.596116
v 0.099420 -0.022093 -13.423509
v 0.000000 -0.022093 -13.366108
v -0.110467 0.000000 -13.417130
v -0.110467 0.000000 -13.602493
v 0.000000 0.000000 -13.666271
v 0.110467 0.000000 -13.602493
v 0.110467 0.000000 -13.417130
v 0.000000 0.000000 -13.353353
v -0.099420 0.022093 -13.423508
v -0.099420 0.022093 -13.596115
v 0.000000 0.022093 -13.653516
v 0.099420 0.022093 -13.596115
v 0.099420 0.022093 -13.423508
v 0.000000 0.022093 -13.366108
v -0.077327 0.022093 -13.436264
v -0.077327 0.022093 -13.583360
v 0.000000 0.022093 -13.628004
v 0.077327 0.022093 -13.583360
v 0.077327 0.022093 -13.436264
v 0.000000 0.022093 -13.391619
v -0.065250 -0.011642 -13.843950
v -0.065250 -0.011642 -13.978292
v 0.000000 0.000000 -14.016558
v 0.065250 0.011642 -13.978292
v 0.065250 0.011642 -13.843950
v 0.000000 0.000000 -13.805684
v -0.072244 -0.035333 -13.837573
v -0.072244 -0.035333 -13.984670
v 0.003881 -0.021750 -14.029314
v 0.080005 -0.008167 -13.984670
v 0.080005 -0.008167 -13.837573
v 0.003881 -0.021750 -13.792929
v -0.093994 -0.039213 -13.824818
v -0.093994 -0.039213 -13.997425
v 0.003881 -0.021750 -14.054825
v 0.101755 -0.004286 -13.997425
v 0.101755 -0.004286 -13.824818
v 0.003881 -0.021750 -13.767417
v -0.108749 -0.019404 -13.818439
v -0.108749 -0.019404 -14.003802
v 0.000000 0.000000 -14.067580
v 0.108749 0.019404 -14.003802
v 0.108749 0.019404 -13.818439
v 0.000000 0.000000 -13.754662
v -0.101755 0.004286 -13.824817
v -0.101755 0.004286 -13.997424
v -0.003881 0.021750 -14.054825
v 0.093993 0.039213 -13.997424
v 0.093994 0.039213 -13.824817
v -0.003881 0.021750 -13.767417
v -0.080005 0.008167 -13.837572
v -0.080005 0.008167 -13.984669
v -0.003881 0.021750 -14.029313
v 0.072244 0.035333 -13.984669
v 0.072244 0.035333 -13.837572
v -0.003881 0.021750 -13.792928
v -0.012043 -0.065177 -13.645529
v -0.012043 -0.065177 -13.779869
v 0.000000 0.000000 -13.818136
v 0.012043 0.065177 -13.779869
v 0.012043 0.065177 -13.645529
v 0.000000 0.000000 -13.607262
v 0.007675 -0.080054 -13.639151
v 0.007675 -0.080054 -13.786247
v 0.021726 -0.004014 -13.830892
v 0.035776 0.072025 -13.786247
v 0.035776 0.072025 -13.639151
v 0.021726 -0.004014 -13.594506
v 0.003661 -0.101779 -13.626395
v 0.003661 -0.101779 -13.799003
v 0.021726 -0.004014 -13.856403
v 0.039790 0.093751 -13.799003
v 0.039791 0.093751 -13.626395
v 0.021726 -0.004014 -13.568995
v -0.020072 -0.108628 -13.620017
v -0.020072 -0.108628 -13.805380
v 0.000000 0.000000 -13.869159
v 0.020072 0.108628 -13.805380
v 0.020072 0.108628 -13.620017
v 0.000000 0.000000 -13.556239
v -0.039791 -0.093751 -13.626394
v -0.039790 -0.093751 -13.799003
v -0.021726 0.004014 -13.856402
v -0.003661 0.101779 -13.799003
v -0.003661 0.101779 -13.626394
v -0.021726 0.004014 -13.568995
v -0.035776 -0.072025 -13.639151
v -0.035776 -0.072025 -13.786246
v -0.021726 0.004014 -13.830891
v -0.007675 0.080054 -13.786246
v -0.007675 0.080054 -13.639151
v -0.021726 0.004014 -13.594505
v 0.173356 -0.057217 -12.492781
v 0.173356 -0.035362 -12.425518
v 0.173356 0.035362 -12.425518
v 0.173356 0.057217 -12.492781
v 0.173356 0.000000 -12.534351
v -0.173356 -0.057217 -12.492781
v -0.173356 -0.035362 -12.425518
v -0.173356 0.035362 -12.425518
v -0.173356 0.057217 -12.492781
v -0.173356 0.000000 -12.534351
v 0.173356 0.000000 -12.474190
v -0.173356 0.000000 -12.474190
v -1.393980 -5.048519 -10.047463
v -1.413787 -5.068591 -10.047726
v 1.293700 -5.067958 -9.977300
v 1.273890 -5.048519 -9.977436
v -1.413787 -5.068326 0.000000
v -1.393980 -5.048519 0.000000
v 1.393978 -5.048519 0.000000
v 1.413786 -5.068326 0.000000
v -1.413787 -7.035864 -10.047726
v -1.393980 -7.055936 -10.047463
v -1.393980 -7.055936 0.000000
v -1.413787 -7.036129 0.000000
v 1.273890 -7.055936 -9.977436
v 1.293704 -7.036129 -9.976931
v 1.413786 -7.036129 0.000000
v 1.393978 -7.055936 0.000000
v 1.259437 -7.036129 -9.997630
v 1.273668 -7.023699 -9.997256
v 1.876991 -7.036129 -11.044896
v 1.869672 -7.036129 -11.027398
v 1.884626 -7.023732 -11.028089
v 1.889415 -7.023717 -11.044968
v -1.393985 -7.023697 -10.067278
v -1.379652 -7.036129 -10.066901
v -1.955038 -7.023714 -11.114985
v -1.950905 -7.023762 -11.097958
v -1.936037 -7.036129 -11.096725
v -1.942627 -7.036129 -11.114466
v 1.274032 -5.080392 -9.997247
v 1.259800 -5.067962 -9.997622
v 1.889940 -5.080377 -11.044958
v 1.885162 -5.080328 -11.028100
v 1.870219 -5.067964 -11.027398
v 1.877517 -5.067962 -11.044887
v -1.379392 -5.068589 -10.066895
v -1.393724 -5.081020 -10.067271
v -1.942248 -5.068591 -11.114459
v -1.935637 -5.068591 -11.096708
v -1.950517 -5.080990 -11.097930
v -1.954661 -5.081005 -11.114979
v 1.886802 -7.036129 -11.584306
v 1.899235 -7.023698 -11.584080
v -1.945218 -7.023698 -11.654101
v -1.932790 -7.036129 -11.653873
v 1.899759 -5.080392 -11.584070
v 1.887333 -5.067962 -11.584296
v -1.932409 -5.068591 -11.653868
v -1.944841 -5.081025 -11.654095
v 1.304314 -6.723698 -11.602634
v 1.324449 -6.703563 -11.602197
v 1.031479 -6.703561 -14.052694
v 1.031145 -6.723698 -14.032562
v 1.046351 -6.703561 -14.032125
v -1.369774 -6.703559 -11.660840
v -1.349643 -6.723698 -11.660401
v -0.988174 -6.703561 -14.036775
v -0.972972 -6.723698 -14.036333
v -0.972640 -6.703561 -14.056468
v 1.324743 -5.400586 -11.602190
v 1.304611 -5.380447 -11.602629
v 1.031701 -5.400586 -14.052690
v 1.046573 -5.400582 -14.032120
v 1.031374 -5.380448 -14.032557
v -1.349430 -5.380971 -11.660398
v -1.369562 -5.401108 -11.660835
v -0.972480 -5.401108 -14.056465
v -0.972809 -5.380971 -14.036331
v -0.988014 -5.401112 -14.036770
v 1.874948 -7.023698 -11.596955
v 1.887033 -7.017254 -11.596735
v 1.887554 -5.086841 -11.596725
v 1.875466 -5.080397 -11.596946
v -1.920475 -7.023698 -11.666084
v -1.932562 -7.017252 -11.666305
v -1.920102 -5.081020 -11.666078
v -1.932186 -5.087468 -11.666298
v -0.102465 0.065243 -12.418313
v -0.107829 0.065243 -13.219212
v -0.043554 0.065243 -13.231202
v -0.021807 0.065243 -13.232924
v 0.000000 0.065243 -13.233499
v 0.021807 0.065243 -13.232924
v 0.043554 0.065243 -13.231202
v 0.107829 0.065243 -13.219212
v 0.102465 0.065243 -12.418313
v -0.102465 -0.065243 -12.418313
v -0.107829 -0.065243 -13.219212
v -0.043554 -0.065243 -13.231202
v -0.021807 -0.065243 -13.232924
v 0.000000 -0.065243 -13.233499
v 0.021807 -0.065243 -13.232924
v 0.043554 -0.065243 -13.231202
v 0.107829 -0.065243 -13.219212
v 0.102465 -0.065243 -12.418313
v -0.126408 0.065243 -12.418154
v -0.131899 0.065243 -13.238028
v -0.131899 -0.065243 -13.238028
v -0.126408 -0.065243 -12.418154
v -0.046092 0.065243 -13.255020
v -0.046098 -0.065243 -13.255018
v -0.023046 0.065243 -13.256843
v -0.023091 -0.065243 -13.256840
v 0.000026 0.065243 -13.257450
v -0.000026 -0.065243 -13.257450
v 0.023091 0.065243 -13.256840
v 0.023047 -0.065243 -13.256843
v 0.046098 0.065243 -13.255018
v 0.046092 -0.065243 -13.255020
v 0.131899 0.065243 -13.238028
v 0.131899 -0.065243 -13.238028
v 0.126408 0.065243 -12.418154
v 0.126408 -0.065243 -12.418154
v -0.068172 -0.364162 -11.964911
v -0.068172 -0.589227 -12.274686
v -0.068172 -0.589227 -12.657589
v -0.068172 -0.364162 -12.967363
v -0.068172 0.000000 -13.085687
v -0.068172 0.364162 -12.967363
v -0.068172 0.589227 -12.657589
v -0.068172 0.589227 -12.274686
v -0.068172 0.364162 -11.964911
v -0.068172 0.000000 -11.846587
v 0.068172 -0.364162 -11.964911
v 0.068172 -0.589227 -12.274687
v 0.068172 -0.589227 -12.657590
v 0.068172 -0.364162 -12.967364
v 0.068172 0.000000 -13.085688
v 0.068172 0.364162 -12.967364
v 0.068172 0.589227 -12.657590
v 0.068172 0.589227 -12.274687
v 0.068172 0.364162 -11.964911
v 0.068172 0.000000 -11.846588
v 0.037381 -0.571733 -12.651905
v 0.037381 -0.571733 -12.280370
v 0.037381 -0.353351 -11.979792
v 0.037381 0.000000 -11.864982
v 0.037381 0.353351 -11.979792
v 0.037381 0.571733 -12.280370
v 0.037381 0.571733 -12.651905
v 0.037381 0.353351 -12.952483
v 0.037381 0.000000 -13.067293
v 0.037381 -0.353351 -12.952483
v -0.037381 -0.571733 -12.651905
v -0.037381 -0.571733 -12.280370
v -0.037381 -0.353351 -11.979792
v -0.037381 0.000000 -11.864982
v -0.037381 0.353351 -11.979792
v -0.037381 0.571733 -12.280370
v -0.037381 0.571733 -12.651905
v -0.037381 0.353351 -12.952483
v -0.037381 0.000000 -13.067293
v -0.037381 -0.353351 -12.952483
v -0.068172 -0.302359 -12.049975
v -0.068172 -0.489227 -12.307178
v -0.068172 0.000000 -12.466137
v -0.068172 -0.489227 -12.625096
v -0.068172 -0.302359 -12.882299
v -0.068172 0.000000 -12.980540
v -0.068172 0.302359 -12.882299
v -0.068172 0.489227 -12.625096
v -0.068172 0.489227 -12.307178
v -0.068172 0.302359 -12.049975
v -0.068172 0.000000 -11.951734
v 0.068172 -0.302359 -12.049976
v 0.068172 -0.489227 -12.307178
v 0.068172 0.000000 -12.466138
v 0.068172 -0.489227 -12.625097
v 0.068172 -0.302359 -12.882300
v 0.068172 0.000000 -12.980541
v 0.068172 0.302359 -12.882300
v 0.068172 0.489227 -12.625097
v 0.068172 0.489227 -12.307178
v 0.068172 0.302359 -12.049976
v 0.068172 0.000000 -11.951735
v -0.068172 0.000000 -12.466137
v -0.068172 0.000000 -12.466137
v -0.068172 0.000000 -12.466137
v -0.068172 0.000000 -12.466137
v -0.068172 0.000000 -12.466137
v -0.068172 0.000000 -12.466137
v -0.068172 0.000000 -12.466137
v -0.068172 0.000000 -12.466137
v -0.068172 0.000000 -12.466137
v -0.068172 0.000000 -12.466137
v -0.068172 0.000000 -12.466137
v -0.068172 0.000000 -12.466137
v -0.068172 0.000000 -12.466137
v -0.068172 0.000000 -12.466137
v 0.068172 0.000000 -12.466138
v 0.068172 0.000000 -12.466138
v 0.068172 0.000000 -12.466138
v 0.068172 0.000000 -12.466138
v 0.068172 0.000000 -12.466138
v 0.068172 0.000000 -12.466138
v 0.068172 0.000000 -12.466138
v 0.068172 0.000000 -12.466138
v 0.068172 0.000000 -12.466138
v 0.068172 0.000000 -12.466138
v 0.068172 0.000000 -12.466138
v 0.068172 0.000000 -12.466138
v 0.068172 0.000000 -12.466138
v 0.068172 0.000000 -12.466138
v 5.537112 -1.799190 0.000000
v 4.710149 -3.422196 0.000000
v 3.422123 -4.710221 0.000000
v 1.799117 -5.537184 0.000000
v 0.000000 -5.822137 0.000000
v -1.799116 -5.537184 0.000000
v -3.422122 -4.710220 0.000000
v -4.710147 -3.422195 0.000000
v -5.537110 -1.799189 0.000000
v -5.822062 -0.000073 0.000000
v -5.537110 1.799043 0.000000
v -4.710147 3.422049 0.000000
v -3.422122 4.710073 0.000000
v -1.799116 5.537036 0.000000
v 1.799115 5.537036 0.000000
v 3.422121 4.710073 0.000000
v 4.710145 3.422048 0.000000
v 5.537108 1.799043 0.000000
v 5.822060 -0.000073 0.000000
v 4.131168 -1.575654 0.000000
v 3.563565 -2.589155 0.000000
v 2.589082 -3.563638 0.000000
v 1.164685 -4.258159 0.000000
v 0.000000 -4.404882 0.000000
v -1.343096 -4.153841 0.000000
v -2.589081 -3.563637 0.000000
v -3.673490 -2.412778 0.000000
v -4.189220 -1.361233 0.000000
v -4.383681 0.215274 0.000000
v -4.189220 1.361087 0.000000
v -3.563563 2.589007 0.000000
v -2.391328 3.683180 0.000000
v -1.361160 4.189146 0.000000
v 0.000000 4.404733 0.000000
v 1.361159 4.189146 0.000000
v 2.760479 3.388696 0.000000
v 3.563563 2.589006 0.000000
v 4.189219 1.361087 0.000000
v 4.404806 -0.000075 0.000000
v 5.584375 -1.642393 -5.453557
v 5.438947 -1.633029 -5.552869
v 4.710149 -3.422196 -5.523820
v 4.596254 -3.339446 -5.622204
v 3.550356 -4.610323 -5.459739
v 3.460210 -4.508349 -5.562331
v 1.799117 -5.537184 -5.519313
v 1.751636 -5.398475 -5.613477
v 0.160147 -5.815973 -5.459748
v 0.147213 -5.679443 -5.562382
v -1.799116 -5.537184 -5.526762
v -1.756448 -5.407750 -5.628207
v -3.291253 -4.798650 -5.459757
v -3.221796 -4.681564 -5.562333
v -4.710147 -3.422195 -5.517882
v -4.603525 -3.318375 -5.612214
v -5.537110 -1.799189 -5.523685
v -5.403098 -1.755646 -5.622204
v -5.819875 -0.156185 -5.453818
v -5.678322 -0.122219 -5.552933
v -5.537110 1.799043 -5.523717
v -5.402797 1.755402 -5.622204
v -4.710147 3.422049 -5.523704
v -4.595889 3.339035 -5.622204
v -3.550320 4.618118 -5.453615
v -3.438580 4.524673 -5.552941
v -1.799116 5.537036 -5.523810
v -1.755630 5.403201 -5.622204
v -0.160268 5.823666 -5.460129
v -0.159884 5.686218 -5.562304
v 1.646002 5.588330 -5.459921
v 1.616385 5.455637 -5.562298
v 3.422121 4.710073 -5.522419
v 3.339936 4.593460 -5.619465
v 4.614112 3.554255 -5.459709
v 4.501916 3.473987 -5.561905
v 5.537108 1.799043 -5.523728
v 5.403244 1.754674 -5.622204
v 5.822060 -0.000073 -5.523706
v 5.680818 -0.000073 -5.622204
v 4.271910 -1.581829 -5.528062
v 4.131168 -1.575654 -5.426511
v 3.678212 -2.672451 -5.622204
v 3.563565 -2.589155 -5.523060
v 2.689390 -3.672420 -5.615310
v 2.589082 -3.563638 -5.518932
v 1.202972 -4.386630 -5.533574
v 1.164685 -4.258159 -5.430958
v 0.016690 -4.549385 -5.615421
v 0.000000 -4.404882 -5.519759
v -1.388710 -4.292213 -5.679953
v -1.343096 -4.153841 -5.583806
v -2.662085 -3.692626 -5.615295
v -2.589081 -3.563637 -5.518944
v -3.769511 -2.506277 -5.534067
v -3.673490 -2.412778 -5.430651
v -4.325160 -1.405403 -5.622204
v -4.189220 -1.361233 -5.522312
v -4.519393 0.179895 -5.527991
v -4.383681 0.215274 -5.426584
v -4.324368 1.404999 -5.622204
v -4.189220 1.361087 -5.522978
v -3.678082 2.672209 -5.622204
v -3.563563 2.589007 -5.523058
v -2.500833 3.771171 -5.527985
v -2.391328 3.683180 -5.426457
v -1.405063 4.324265 -5.622204
v -1.361160 4.189146 -5.522985
v -0.000134 4.550790 -5.615285
v 0.000000 4.404733 -5.520064
v 1.389877 4.331652 -5.615463
v 1.361159 4.189146 -5.519320
v 2.844797 3.499252 -5.591383
v 2.760479 3.388696 -5.491838
v 3.681742 2.675182 -5.615832
v 3.563563 2.589006 -5.520175
v 4.323617 1.404875 -5.622199
v 4.189219 1.361087 -5.523579
v 4.546239 -0.000074 -5.622204
v 4.404806 -0.000075 -5.523107
v 1.635072 5.542885 -5.521273
v -0.163102 5.763951 -5.519680
v -1.783839 5.490018 -5.583988
v -3.511285 4.584523 -5.514906
v -4.669976 3.392862 -5.583955
v -5.489886 1.783699 -5.583961
v -5.769631 -0.144876 -5.514987
v -5.490028 -1.783891 -5.583940
v -4.671519 -3.384583 -5.577350
v -3.266725 -4.758783 -5.521221
v -1.784388 -5.492506 -5.587639
v 0.156453 -5.768858 -5.521266
v 1.785197 -5.485671 -5.578666
v 3.519953 -4.574757 -5.521212
v 4.670130 -3.393120 -5.583994
v 5.532996 -1.638321 -5.514853
v 5.772400 -0.000073 -5.583957
v 5.490107 1.783310 -5.583961
v 4.572993 3.529304 -5.520983
v 3.389473 4.670774 -5.582371
v 3.594748 -2.611810 -5.575216
v 4.169032 -1.577316 -5.479376
v 4.443253 -0.000075 -5.575233
v 4.225801 1.373042 -5.575469
v 3.598480 2.610798 -5.571712
v 2.787344 3.416063 -5.543633
v 1.369148 4.228786 -5.571059
v 0.002849 4.445760 -5.571360
v -1.373109 4.225922 -5.575187
v -2.420757 3.706827 -5.479313
v -3.594698 2.611627 -5.575212
v -4.226006 1.373039 -5.575184
v -4.420147 0.205767 -5.479374
v -4.226210 -1.373252 -5.574865
v -3.698731 -2.437357 -5.483308
v -2.609505 -3.599725 -5.570868
v -1.355791 -4.192351 -5.635509
v 0.004652 -4.445156 -5.571267
v 1.170731 -4.293746 -5.483180
v 2.617128 -3.594054 -5.570862
v -0.029362 5.810295 0.000000
v -0.437568 -5.589171 -14.205625
v -0.460595 -5.589171 -14.228653
v -0.460595 5.561623 -14.228653
v -0.437568 5.561623 -14.205625
v -0.460595 -5.589171 -15.280485
v -0.437568 -5.589171 -15.303512
v -0.437568 5.561623 -15.303512
v -0.460595 5.561623 -15.280485
v 0.437568 -5.589171 -15.303512
v 0.460595 -5.589171 -15.280485
v 0.460595 5.561623 -15.280485
v 0.437568 5.561623 -15.303512
v 0.460595 -5.589171 -14.228653
v 0.437568 -5.589171 -14.205625
v 0.437568 5.561623 -14.205625
v 0.460595 5.561623 -14.228653
v -1.393980 7.007978 -10.047463
v -1.413787 6.987906 -10.047726
v 1.293700 6.988540 -9.977300
v 1.273890 7.007978 -9.977436
v -1.413787 6.988172 0.000000
v -1.393980 7.007978 0.000000
v 1.393978 7.007978 0.000000
v 1.413786 6.988172 0.000000
v -1.413787 5.020634 -10.047726
v -1.393980 5.000562 -10.047463
v -1.393980 5.000562 0.000000
v -1.413787 5.020369 0.000000
v 1.273890 5.000562 -9.977436
v 1.293704 5.020369 -9.976931
v 1.413786 5.020369 0.000000
v 1.393978 5.000562 0.000000
v 1.259437 5.020369 -9.997630
v 1.273668 5.032799 -9.997256
v 1.876991 5.020369 -11.044896
v 1.869672 5.020369 -11.027398
v 1.884626 5.032765 -11.028089
v 1.889415 5.032781 -11.044968
v -1.393985 5.032801 -10.067278
v -1.379652 5.020369 -10.066901
v -1.955038 5.032784 -11.114985
v -1.950905 5.032736 -11.097958
v -1.936037 5.020369 -11.096725
v -1.942627 5.020369 -11.114466
v 1.274032 6.976106 -9.997247
v 1.259800 6.988536 -9.997622
v 1.889940 6.976121 -11.044958
v 1.885162 6.976170 -11.028100
v 1.870219 6.988534 -11.027398
v 1.877517 6.988536 -11.044887
v -1.379392 6.987908 -10.066895
v -1.393724 6.975477 -10.067271
v -1.942248 6.987906 -11.114459
v -1.935637 6.987906 -11.096708
v -1.950517 6.975508 -11.097930
v -1.954661 6.975492 -11.114979
v 1.886802 5.020369 -11.584306
v 1.899235 5.032800 -11.584080
v -1.945218 5.032800 -11.654101
v -1.932790 5.020369 -11.653873
v 1.899759 6.976106 -11.584070
v 1.887333 6.988536 -11.584296
v -1.932409 6.987906 -11.653868
v -1.944841 6.975472 -11.654095
v 1.304314 5.332800 -11.602634
v 1.324449 5.352935 -11.602197
v 1.031479 5.352937 -14.052694
v 1.031145 5.332800 -14.032562
v 1.046351 5.352937 -14.032125
v -1.369774 5.352939 -11.660840
v -1.349643 5.332800 -11.660401
v -0.988174 5.352937 -14.036775
v -0.972972 5.332800 -14.036333
v -0.972640 5.352937 -14.056468
v 1.324743 6.655911 -11.602190
v 1.304611 6.676050 -11.602629
v 1.031701 6.655911 -14.052690
v 1.046573 6.655915 -14.032120
v 1.031374 6.676049 -14.032557
v -1.349430 6.675527 -11.660398
v -1.369562 6.655390 -11.660835
v -0.972480 6.655390 -14.056465
v -0.972809 6.675527 -14.036331
v -0.988014 6.655386 -14.036770
v 1.874948 5.032800 -11.596955
v 1.887033 5.039244 -11.596735
v 1.887554 6.969657 -11.596725
v 1.875466 6.976101 -11.596946
v -1.920475 5.032800 -11.666084
v -1.932562 5.039246 -11.666305
v -1.920102 6.975477 -11.666078
v -1.932186 6.969029 -11.666298
v -5.325082 7.221858 -15.055609
v -5.263754 7.224614 -15.025103
v -5.265821 7.271556 -15.106811
v -0.037809 7.271556 -20.322428
v -0.036723 7.219642 -20.247925
v 0.036348 7.220172 -20.248299
v 0.037809 7.271556 -20.322428
v -5.265821 -7.271556 -15.106811
v -5.260154 -7.221858 -15.028700
v -5.325082 -7.221858 -15.055609
v 5.265821 7.271556 -15.106811
v 5.260154 7.221858 -15.028700
v 5.325081 7.221858 -15.055609
v 5.325081 -7.221858 -15.055609
v 5.263753 -7.224614 -15.025103
v 5.265821 -7.271556 -15.106811
v 0.037809 -7.271556 -20.322428
v 0.036723 -7.219642 -20.247925
v -0.036348 -7.220172 -20.248299
v -0.037809 -7.271556 -20.322428
v -5.325082 7.217630 -15.257675
v -5.274971 7.271556 -15.278183
v -5.295883 7.217630 -15.328126
v 0.036350 7.220170 -20.583424
v -0.035603 7.221225 -20.584171
v -0.037780 7.271556 -20.506464
v 0.037780 7.271556 -20.506464
v 0.037780 -7.271556 -20.506464
v -0.038471 -7.271556 -20.504393
v -0.036350 -7.220170 -20.583424
v 0.036350 -7.220170 -20.583424
v -5.295883 -7.217630 -15.328126
v -5.274971 -7.271556 -15.278183
v -5.325082 -7.217630 -15.257675
v 5.295883 7.217630 -15.328126
v 5.274970 7.271556 -15.278183
v 5.325081 7.217630 -15.257675
v 5.296282 -7.218366 -15.327727
v 5.325081 -7.217630 -15.257675
v 5.274970 -7.271556 -15.278183
vn 0.7100 -0.0344 0.7034
vn 0.7214 -0.0340 -0.6917
vn 0.7214 0.0340 -0.6917
vn 0.7100 0.0344 0.7034
vn 0.0137 -0.9999 0.0087
vn 0.7034 -0.0344 0.7100
vn 0.0087 -0.9999 0.0137
vn -0.0087 -0.9999 -0.0137
vn 0.6917 -0.0340 -0.7214
vn -0.6917 -0.0340 0.7214
vn 0.7034 0.0344 0.7100
vn -0.6917 0.0340 0.7214
vn -0.7214 -0.0340 0.6917
vn -0.0137 -0.9999 -0.0088
vn -0.7034 -0.0344 -0.7100
vn -0.7034 0.0344 -0.7100
vn 0.6917 0.0340 -0.7214
vn -0.7100 -0.0344 -0.7034
vn -0.7214 0.0340 0.6916
vn -0.7100 0.0344 -0.7034
vn -0.0088 0.9999 -0.0138
vn 0.0137 0.9999 0.0088
vn -0.0137 0.9999 -0.0087
vn 0.0087 0.9999 0.0138
vn -0.7100 0.0344 0.7034
vn -0.7214 0.0340 -0.6917
vn -0.7214 -0.0340 -0.6917
vn -0.7100 -0.0344 0.7034
vn -0.0137 0.9999 0.0087
vn -0.7033 0.0344 0.7100
vn -0.0087 0.9999 0.0138
vn 0.0087 0.9999 -0.0137
vn -0.6917 0.0340 -0.7214
vn 0.6917 0.0340 0.7214
vn -0.7034 -0.0344 0.7100
vn 0.6917 -0.0340 0.7214
vn 0.7215 0.0340 0.6916
vn 0.0137 0.9999 -0.0088
vn 0.7034 0.0344 -0.7100
vn 0.7034 -0.0344 -0.7100
vn -0.6917 -0.0340 -0.7214
vn 0.7100 0.0344 -0.7033
vn 0.7214 -0.0340 0.6916
vn 0.7100 -0.0344 -0.7034
vn 0.0087 -0.9999 -0.0137
vn -0.0137 -0.9999 0.0088
vn 0.0137 -0.9999 -0.0087
vn -0.0087 -0.9999 0.0137
vn -0.0030 0.0256 0.9997
vn -0.9995 0.0253 0.0210
vn -0.9995 -0.0253 0.0211
vn -0.0029 -0.0256 0.9997
vn -0.0030 0.9998 0.0214
vn 0.0030 0.0256 0.9997
vn 0.0030 0.9998 0.0214
vn -0.0029 0.9998 -0.0214
vn -0.9995 0.0253 -0.0211
vn 0.9995 0.0253 0.0211
vn 0.0030 -0.0256 0.9997
vn 0.9995 -0.0253 0.0210
vn 0.9995 0.0253 -0.0210
vn 0.0030 0.9998 -0.0214
vn -0.0029 0.0256 -0.9997
vn -0.0029 -0.0256 -0.9997
vn -0.9995 -0.0253 -0.0211
vn 0.0029 0.0256 -0.9997
vn 0.9995 -0.0253 -0.0211
vn 0.0029 -0.0256 -0.9997
vn -0.0030 -0.9998 -0.0214
vn -0.0030 -0.9998 0.0214
vn 0.0030 -0.9998 -0.0213
vn 0.0030 -0.9998 0.0214
vn -0.0029 0.9998 0.0214
vn 0.9995 0.0253 -0.0211
vn 0.0030 0.9998 -0.0213
vn -0.0030 -0.9998 -0.0213
vn 0.0029 -0.9998 0.0214
vn 0.7214 0.0340 0.6917
vn 0.0138 0.9999 -0.0088
vn -0.7043 0.0224 0.7095
vn -0.7043 -0.0223 0.7095
vn -0.1519 -0.5669 0.8096
vn -0.1519 0.5669 0.8096
vn -0.0106 0.9999 0.0127
vn -0.0186 0.9997 0.0131
vn -0.7095 0.0223 0.7043
vn 0.8651 0.4995 0.0453
vn 0.0364 0.9991 -0.0210
vn -0.8027 0.5964 -0.0000
vn -0.8027 -0.5964 -0.0000
vn -0.7095 -0.0223 0.7043
vn 0.0159 0.9996 -0.0213
vn -0.0000 0.5964 -0.8027
vn 0.8651 -0.4995 0.0453
vn 0.7092 -0.0224 -0.7047
vn 0.7092 0.0224 -0.7047
vn 0.7047 0.0224 -0.7091
vn 0.7047 -0.0224 -0.7091
vn -0.0000 -0.5964 -0.8027
vn -0.0107 -0.9999 0.0127
vn 0.0364 -0.9991 -0.0210
vn 0.0159 -0.9996 -0.0214
vn -0.0186 -0.9997 0.0131
vn 0.7043 -0.0223 0.7095
vn 0.7043 0.0224 0.7096
vn 0.1519 0.5669 0.8096
vn 0.1519 -0.5669 0.8096
vn 0.0107 -0.9999 0.0127
vn 0.0186 -0.9997 0.0131
vn 0.7095 -0.0223 0.7043
vn -0.8651 -0.4995 0.0453
vn -0.0364 -0.9991 -0.0210
vn 0.8027 -0.5964 -0.0000
vn 0.8027 0.5964 -0.0000
vn 0.7095 0.0224 0.7043
vn -0.0159 -0.9996 -0.0214
vn -0.8651 0.4995 0.0452
vn -0.7092 0.0224 -0.7047
vn -0.7091 -0.0223 -0.7047
vn -0.7047 -0.0224 -0.7091
vn -0.7047 0.0224 -0.7092
vn 0.0106 0.9999 0.0127
vn -0.0364 0.9991 -0.0210
vn -0.0159 0.9996 -0.0213
vn 0.0186 0.9997 0.0131
vn 0.3128 -0.9384 0.1465
vn -0.8073 -0.5717 0.1465
vn -0.8155 -0.5788 -0.0015
vn 0.3158 -0.9488 -0.0024
vn -0.8073 0.5717 0.1465
vn -0.8166 0.5771 0.0015
vn 0.3078 0.9401 0.1465
vn 0.3166 0.9486 0.0024
vn 0.9892 -0.0000 0.1465
vn 1.0000 -0.0011 -0.0000
vn -0.0000 -0.0000 1.0000
vn 0.1403 0.3875 0.9111
vn -0.7989 -0.2148 0.5618
vn 0.4362 -0.8380 0.3278
vn -0.6330 -0.5616 -0.5328
vn 0.4347 -0.1703 -0.8843
vn 0.9086 0.4172 0.0188
vn -0.8128 -0.5825 -0.0030
vn 0.3142 -0.9494 -0.0050
vn -0.8169 -0.5766 -0.0137
vn 0.3168 -0.9482 -0.0226
vn -0.8156 -0.5785 -0.0125
vn 0.3159 -0.9486 -0.0205
vn -0.8090 -0.5870 -0.0304
vn 0.3118 -0.9489 -0.0489
vn -0.8150 -0.5779 -0.0420
vn 0.3155 -0.9464 -0.0688
vn -0.8376 -0.5461 0.0119
vn 0.3304 -0.9435 0.0246
vn -0.8546 -0.5011 0.1367
vn 0.3416 -0.9037 0.2580
vn -0.8495 -0.4501 0.2752
vn 0.3371 -0.7997 0.4968
vn -0.8452 -0.3802 0.3757
vn 0.3345 -0.6666 0.6661
vn -0.8509 -0.2724 0.4492
vn 0.3388 -0.4805 0.8089
vn -0.8521 -0.1348 0.5058
vn 0.3391 -0.2349 0.9109
vn -0.8445 -0.0117 0.5355
vn 0.3339 -0.0163 0.9425
vn -0.8487 0.1108 0.5172
vn 0.3372 0.2059 0.9187
vn -0.8598 0.2649 0.4365
vn 0.3444 0.5032 0.7926
vn -0.8466 0.4103 0.3390
vn 0.3338 0.7313 0.5948
vn -0.8290 0.4843 0.2798
vn 0.3231 0.8193 0.4736
vn -0.8636 0.4763 0.1655
vn 0.3503 0.8905 0.2905
vn -0.8380 0.5455 0.0150
vn 0.3294 0.9438 0.0270
vn -0.8134 0.5813 0.0213
vn 0.3145 0.9486 0.0347
vn -0.8144 0.5795 0.0304
vn 0.3152 0.9477 0.0496
vn -0.8142 0.5793 0.0399
vn 0.3150 0.9469 0.0651
vn -0.8654 0.4916 0.0967
vn 0.2008 0.9741 0.1040
vn -0.9505 0.2654 0.1613
vn -0.0318 0.9808 0.1923
vn -0.9687 0.1493 0.1984
vn -0.1436 0.9379 0.3159
vn -0.9517 0.1211 0.2822
vn -0.1189 0.8868 0.4467
vn -0.9223 0.0725 0.3797
vn -0.0773 0.8004 0.5945
vn -0.8886 -0.0022 0.4587
vn -0.0174 0.6886 0.7249
vn -0.8634 -0.0692 0.4998
vn 0.0362 0.5950 0.8029
vn -0.8433 -0.1162 0.5247
vn 0.0752 0.5249 0.8479
vn -0.8261 -0.1538 0.5421
vn 0.1076 0.4667 0.8779
vn -0.8198 -0.1768 0.5446
vn 0.1270 0.4369 0.8905
vn -0.8187 -0.1837 0.5441
vn 0.1320 0.4287 0.8937
vn -0.7870 -0.2145 0.5785
vn 0.1554 0.3607 0.9196
vn -0.8199 -0.2346 0.5222
vn 0.1740 0.3779 0.9094
vn -0.8971 -0.1076 0.4285
vn 0.0394 0.6518 0.7574
vn -0.9700 0.0590 0.2359
vn -0.1096 0.9124 0.3944
vn -0.9922 0.1000 0.0743
vn -0.1405 0.9823 0.1242
vn -0.9897 0.1432 -0.0059
vn -0.1556 0.9878 -0.0100
vn -0.9881 0.1528 -0.0197
vn -0.1581 0.9869 -0.0326
vn -0.9876 0.1559 -0.0170
vn -0.1592 0.9868 -0.0281
vn -0.9875 0.1575 -0.0079
vn -0.1599 0.9870 -0.0131
vn -0.9874 0.1579 0.0042
vn -0.1601 0.9871 0.0068
vn -0.9877 0.1558 0.0129
vn -0.1592 0.9870 0.0213
vn -0.9891 0.1475 0.0035
vn -0.1562 0.9877 0.0056
vn -0.9897 0.1397 -0.0311
vn -0.1528 0.9868 -0.0533
vn -0.9853 0.1682 -0.0296
vn -0.1637 0.9853 -0.0494
vn -0.9623 0.2190 0.1613
vn -0.1798 0.9610 0.2103
vn -0.8665 0.0934 0.4903
vn -0.0833 0.7326 0.6755
vn -0.8144 -0.1131 0.5692
vn 0.0746 0.4853 0.8712
vn -0.8193 0.5734 0.0030
vn -0.8153 0.5789 0.0138
vn -0.8166 0.5771 0.0125
vn -0.8231 0.5672 0.0293
vn -0.8169 0.5752 0.0420
vn -0.7932 0.6088 -0.0149
vn -0.7711 0.6150 -0.1651
vn -0.7722 0.5476 -0.3222
vn -0.7796 0.4506 -0.4350
vn -0.7744 0.3326 -0.5382
vn -0.7707 0.1734 -0.6132
vn -0.7798 0.0216 -0.6257
vn -0.7767 -0.1292 -0.6164
vn -0.7600 -0.3345 -0.5572
vn -0.7696 -0.4833 -0.4174
vn -0.7954 -0.5208 -0.3099
vn -0.7668 -0.6083 -0.2048
vn -0.7872 -0.6160 -0.0302
vn -0.8182 -0.5745 -0.0212
vn -0.8177 -0.5748 -0.0301
vn -0.8180 -0.5738 -0.0395
vn -0.7717 -0.6351 -0.0346
vn -0.5743 -0.8135 -0.0916
vn -0.5004 -0.8451 -0.1883
vn -0.5193 -0.8127 -0.2644
vn -0.5506 -0.7588 -0.3479
vn -0.5791 -0.6941 -0.4276
vn -0.6005 -0.6398 -0.4797
vn -0.6199 -0.5978 -0.5083
vn -0.6359 -0.5626 -0.5283
vn -0.6401 -0.5442 -0.5424
vn -0.6410 -0.5392 -0.5462
vn -0.6749 -0.4997 -0.5429
vn -0.6288 -0.5036 -0.5924
vn -0.5266 -0.6791 -0.5113
vn -0.3984 -0.8664 -0.3010
vn -0.3903 -0.9148 -0.1041
vn -0.4460 -0.8950 0.0034
vn -0.4636 -0.8858 0.0200
vn -0.4666 -0.8843 0.0172
vn -0.4678 -0.8838 0.0080
vn -0.4681 -0.8836 -0.0042
vn -0.4664 -0.8845 -0.0131
vn -0.4587 -0.8886 -0.0035
vn -0.4523 -0.8912 0.0332
vn -0.4774 -0.8782 0.0296
vn -0.5424 -0.8317 -0.1186
vn -0.6154 -0.6950 -0.3718
vn -0.6412 -0.5688 -0.5151
vn 0.3183 0.9480 0.0049
vn 0.3157 0.9486 0.0226
vn 0.3165 0.9484 0.0205
vn 0.3208 0.9459 0.0492
vn 0.3168 0.9460 0.0691
vn 0.3019 0.9531 -0.0197
vn 0.2882 0.9273 -0.2387
vn 0.2881 0.8285 -0.4801
vn 0.2928 0.6913 -0.6606
vn 0.2900 0.5097 -0.8100
vn 0.2875 0.2674 -0.9197
vn 0.2928 0.0372 -0.9554
vn 0.2914 -0.1881 -0.9379
vn 0.2812 -0.4789 -0.8316
vn 0.2857 -0.7208 -0.6315
vn 0.3020 -0.8193 -0.4874
vn 0.2865 -0.9038 -0.3179
vn 0.2973 -0.9537 -0.0461
vn 0.3175 -0.9476 -0.0350
vn 0.3173 -0.9470 -0.0497
vn 0.3175 -0.9460 -0.0652
vn 0.3938 -0.9108 -0.1243
vn 0.6336 -0.7422 -0.2184
vn 0.6968 -0.6450 -0.3137
vn 0.6718 -0.5936 -0.4431
vn 0.6292 -0.5063 -0.5897
vn 0.5706 -0.3990 -0.7178
vn 0.5206 -0.3103 -0.7954
vn 0.4845 -0.2420 -0.8407
vn 0.4548 -0.1843 -0.8713
vn 0.4372 -0.1556 -0.8858
vn 0.4317 -0.1483 -0.8897
vn 0.4022 -0.0773 -0.9123
vn 0.3892 -0.1063 -0.9150
vn 0.5062 -0.3502 -0.7881
vn 0.6295 -0.6307 -0.4537
vn 0.6826 -0.7130 -0.1605
vn 0.7084 -0.7057 0.0053
vn 0.7142 -0.6992 0.0321
vn 0.7153 -0.6983 0.0277
vn 0.7158 -0.6982 0.0128
vn 0.7160 -0.6981 -0.0068
vn 0.7152 -0.6986 -0.0210
vn 0.7130 -0.7011 -0.0058
vn 0.7103 -0.7020 0.0517
vn 0.7182 -0.6943 0.0471
vn 0.7220 -0.6477 -0.2433
vn 0.5913 -0.3993 -0.7007
vn 0.4610 -0.1934 -0.8660
vn 1.0000 -0.0068 -0.0000
vn 1.0000 0.0017 -0.0000
vn 1.0000 -0.0010 -0.0000
vn 0.9999 -0.0148 -0.0010
vn 1.0000 -0.0020 -0.0001
vn 0.9989 0.0467 -0.0038
vn 0.9961 0.0833 -0.0283
vn 0.9967 0.0692 -0.0425
vn 0.9976 0.0486 -0.0489
vn 0.9968 0.0391 -0.0703
vn 0.9963 0.0211 -0.0829
vn 0.9977 0.0016 -0.0680
vn 0.9971 -0.0200 -0.0731
vn 0.9944 -0.0628 -0.0846
vn 0.9967 -0.0619 -0.0519
vn 0.9994 -0.0293 -0.0199
vn 0.9948 -0.0992 -0.0228
vn 0.9986 -0.0534 -0.0063
vn 1.0000 0.0046 -0.0000
vn 1.0000 0.0035 0.0002
vn 1.0000 0.0039 0.0003
vn 0.9932 0.1105 -0.0361
vn 0.9311 0.3631 -0.0355
vn 0.8835 0.4684 0.0114
vn 0.8824 0.4702 0.0185
vn 0.8812 0.4718 0.0302
vn 0.8860 0.4627 0.0289
vn 0.8909 0.4539 0.0197
vn 0.8928 0.4502 0.0160
vn 0.8939 0.4482 0.0134
vn 0.8956 0.4449 0.0045
vn 0.8962 0.4436 0.0011
vn 0.8937 0.4477 0.0295
vn 0.9007 0.4315 -0.0508
vn 0.9215 0.3851 -0.0507
vn 0.9338 0.3566 -0.0303
vn 0.9302 0.3669 -0.0111
vn 0.9049 0.4256 -0.0007
vn 0.8971 0.4419 -0.0000
vn 0.8953 0.4454 -0.0000
vn 0.8945 0.4471 -0.0000
vn 0.8943 0.4474 0.0001
vn 0.8954 0.4452 0.0001
vn 0.9000 0.4358 0.0001
vn 0.9039 0.4277 0.0015
vn 0.8884 0.4590 0.0001
vn 0.8495 0.5255 0.0475
vn 0.8522 0.5111 0.1120
vn 0.8851 0.4629 0.0475
vn 0.1723 0.9325 0.3175
vn 0.1723 0.9325 -0.3175
vn 0.9933 0.0698 -0.0917
vn 0.9933 0.0698 0.0917
vn 0.9600 -0.1774 0.2166
vn -0.1723 -0.9325 0.3175
vn 0.9028 -0.4202 0.0917
vn -0.1723 -0.9325 -0.3175
vn 0.9028 -0.4202 -0.0917
vn -0.0000 -0.0000 -1.0000
vn 0.9600 -0.1774 -0.2166
vn 0.7205 -0.6654 0.1951
vn 0.7205 -0.6654 -0.1951
vn 0.8288 -0.1531 -0.5382
vn 0.9108 0.3640 -0.1951
vn 0.9108 0.3640 0.1950
vn 0.8288 -0.1531 0.5382
vn -0.1682 -0.9104 0.3780
vn -0.1682 -0.9104 -0.3780
vn 0.1682 0.9104 -0.3780
vn 0.1682 0.9104 0.3780
vn -0.9108 -0.3640 0.1951
vn -0.9108 -0.3640 -0.1951
vn -0.8288 0.1531 -0.5382
vn -0.7205 0.6654 -0.1951
vn -0.7205 0.6654 0.1951
vn -0.8288 0.1531 0.5382
vn -0.9028 0.4201 -0.0917
vn -0.9028 0.4202 0.0917
vn -0.9600 0.1774 0.2166
vn -0.9933 -0.0698 0.0917
vn -0.9933 -0.0698 -0.0917
vn -0.9600 0.1774 -0.2166
vn -0.9121 -0.3561 -0.2033
vn -0.4870 0.8677 -0.0992
vn -0.5570 0.8167 -0.1510
vn -0.9342 -0.3233 -0.1510
vn 0.6170 0.7758 0.1323
vn 0.5570 0.8166 -0.1510
vn 0.9375 -0.2942 0.1858
vn 0.9342 -0.3233 -0.1510
vn 0.0930 -0.9952 0.0305
vn -0.0001 -0.9885 -0.1510
vn 0.4230 0.8134 -0.3994
vn 0.7684 -0.3218 -0.5532
vn -0.3756 -0.0000 -0.9268
vn -0.5930 0.8035 0.0530
vn -0.9273 -0.3152 0.2021
vn -0.0878 -0.9812 -0.1719
vn -0.7388 -0.3681 -0.5645
vn -0.3862 0.8848 -0.2607
vn -0.0684 -0.3859 -0.9200
vn -0.0736 0.9169 -0.3922
vn 0.6452 -0.3859 -0.6594
vn 0.2561 0.9216 -0.2915
vn 0.8983 -0.3775 -0.2247
vn 0.4073 0.9083 -0.0954
vn 0.9158 -0.3211 -0.2411
vn 0.5480 0.8243 -0.1424
vn 0.9048 -0.3247 -0.2757
vn 0.5428 0.8234 -0.1653
vn 0.9062 -0.3262 -0.2692
vn 0.5410 0.8255 -0.1607
vn 0.8965 -0.3193 -0.3072
vn 0.5472 0.8154 -0.1887
vn 0.8713 -0.3195 -0.3725
vn 0.5309 0.8164 -0.2274
vn 0.8256 -0.3089 -0.4722
vn 0.5187 0.8005 -0.3001
vn 0.7053 -0.2954 -0.6444
vn 0.4561 0.7809 -0.4268
vn 0.5285 -0.2937 -0.7965
vn 0.3395 0.7809 -0.5243
vn 0.3408 -0.2956 -0.8925
vn 0.2150 0.7853 -0.5805
vn 0.1650 -0.2996 -0.9397
vn 0.1056 0.7937 -0.5991
vn -0.0131 -0.2833 -0.9589
vn -0.0141 0.7639 -0.6452
vn -0.2734 -0.2801 -0.9202
vn -0.1888 0.7594 -0.6226
vn -0.4596 -0.2923 -0.8386
vn -0.3028 0.7793 -0.5487
vn -0.5963 -0.3043 -0.7429
vn -0.3777 0.7972 -0.4710
vn -0.7057 -0.3040 -0.6400
vn -0.4505 0.7946 -0.4070
vn -0.8218 -0.3033 -0.4823
vn -0.5266 0.7927 -0.3072
vn -0.8800 -0.3146 -0.3558
vn -0.5441 0.8096 -0.2202
vn -0.8968 -0.3215 -0.3038
vn -0.5435 0.8189 -0.1842
vn -0.9047 -0.3232 -0.2776
vn -0.5455 0.8212 -0.1674
vn -0.8899 -0.3329 -0.3118
vn -0.5187 0.8357 -0.1803
vn -0.7672 -0.3592 -0.5313
vn -0.4107 0.8722 -0.2657
vn -0.2733 -0.3834 -0.8822
vn -0.1569 0.9093 -0.3855
vn 0.4422 -0.3805 -0.8122
vn 0.1672 0.9159 -0.3649
vn 0.8118 -0.3625 -0.4578
vn 0.3918 0.8932 -0.2205
vn 0.8679 -0.3301 -0.3712
vn 0.5012 0.8392 -0.2112
vn 0.5518 0.7446 0.3756
vn 0.2175 0.6676 0.7121
vn -0.2870 0.6354 0.7168
vn -0.6260 0.6790 0.3835
vn -0.5614 0.8099 0.1697
vn -0.5387 0.8263 0.1645
vn -0.5422 0.8247 0.1611
vn -0.5221 0.8338 0.1791
vn -0.5109 0.8311 0.2195
vn -0.4657 0.8434 0.2680
vn -0.3825 0.8524 0.3566
vn -0.2906 0.8442 0.4504
vn -0.1900 0.8364 0.5141
vn -0.0899 0.8231 0.5608
vn 0.0118 0.8562 0.5165
vn 0.1620 0.8563 0.4905
vn 0.2655 0.8440 0.4661
vn 0.3489 0.8342 0.4270
vn 0.3997 0.8433 0.3593
vn 0.4594 0.8481 0.2641
vn 0.5109 0.8353 0.2032
vn 0.5283 0.8301 0.1785
vn 0.5351 0.8287 0.1641
vn 0.5490 0.8134 0.1922
vn 0.5326 0.7677 0.3564
vn 0.3054 0.6928 0.6533
vn -0.1584 0.6513 0.7421
vn -0.5296 0.6877 0.4966
vn -0.5527 0.7878 0.2719
vn 0.8167 -0.2744 0.5076
vn 0.3408 -0.2301 0.9116
vn -0.3383 -0.2125 0.9167
vn -0.8272 -0.2369 0.5096
vn -0.9095 -0.3134 0.2733
vn -0.9040 -0.3266 0.2759
vn -0.9064 -0.3256 0.2693
vn -0.8918 -0.3317 0.3078
vn -0.8673 -0.3295 0.3732
vn -0.8135 -0.3373 0.4738
vn -0.6796 -0.3415 0.6492
vn -0.5020 -0.3337 0.7979
vn -0.3178 -0.3277 0.8897
vn -0.1509 -0.3177 0.9361
vn 0.0309 -0.3417 0.9393
vn 0.2998 -0.3407 0.8911
vn 0.4694 -0.3334 0.8176
vn 0.5974 -0.3282 0.7317
vn 0.7019 -0.3361 0.6280
vn 0.8166 -0.3402 0.4663
vn 0.8764 -0.3318 0.3489
vn 0.8946 -0.3291 0.3024
vn 0.9030 -0.3283 0.2770
vn 0.8955 -0.3180 0.3112
vn 0.8083 -0.2890 0.5130
vn 0.4565 -0.2449 0.8553
vn -0.1648 -0.2206 0.9614
vn -0.7049 -0.2398 0.6676
vn -0.8581 -0.2985 0.4177
vn 0.1063 -0.9888 0.1047
vn 0.0407 -0.9657 0.2566
vn -0.1124 -0.9540 0.2779
vn -0.1998 -0.9685 0.1482
vn -0.0138 -0.9998 0.0119
vn 0.0029 -1.0000 -0.0007
vn -0.0006 -1.0000 0.0002
vn 0.0180 -0.9998 -0.0075
vn 0.0143 -0.9999 -0.0063
vn 0.0377 -0.9990 -0.0254
vn 0.0506 -0.9971 -0.0568
vn 0.0311 -0.9977 -0.0594
vn 0.0131 -0.9985 -0.0524
vn 0.0084 -0.9995 -0.0300
vn -0.0072 -0.9953 -0.0969
vn -0.0296 -0.9948 -0.0974
vn -0.0326 -0.9977 -0.0595
vn -0.0230 -0.9992 -0.0314
vn -0.0385 -0.9987 -0.0337
vn -0.0507 -0.9983 -0.0288
vn -0.0246 -0.9996 -0.0112
vn -0.0110 -0.9999 -0.0040
vn -0.0076 -1.0000 -0.0024
vn 0.0217 -0.9997 0.0093
vn 0.0826 -0.9937 0.0752
vn 0.0669 -0.9736 0.2183
vn -0.0722 -0.9614 0.2654
vn -0.1483 -0.9755 0.1626
vn -0.0448 -0.9984 0.0344
vn 0.7044 0.0223 0.7095
vn -0.7044 0.0223 0.7095
vn 0.7091 -0.0224 -0.7047
vn 0.8175 -0.5252 0.2366
vn 0.4027 -0.8840 0.2374
vn 0.4138 -0.9068 0.0808
vn 0.8390 -0.5382 0.0799
vn -0.1392 -0.9611 0.2384
vn -0.1422 -0.9864 0.0820
vn -0.6364 -0.7333 0.2394
vn -0.6528 -0.7529 0.0831
vn -0.9315 -0.2732 0.2400
vn -0.9562 -0.2806 0.0837
vn -0.9315 0.2732 0.2400
vn -0.9562 0.2806 0.0837
vn -0.6364 0.7333 0.2394
vn -0.6528 0.7530 0.0831
vn -0.1392 0.9611 0.2384
vn -0.1422 0.9864 0.0820
vn 0.4027 0.8840 0.2374
vn 0.4137 0.9068 0.0808
vn 0.8171 0.5257 0.2366
vn 0.8385 0.5391 0.0799
vn 0.9717 -0.0000 0.2362
vn 0.9968 -0.0000 0.0795
vn -0.8159 0.5244 -0.2437
vn -0.4029 0.8822 -0.2437
vn 0.1380 0.9600 -0.2437
vn 0.6351 0.7330 -0.2437
vn 0.9306 0.2732 -0.2437
vn 0.9306 -0.2732 -0.2437
vn 0.6351 -0.7330 -0.2437
vn 0.1380 -0.9600 -0.2437
vn -0.4029 -0.8822 -0.2437
vn -0.8159 -0.5243 -0.2437
vn -0.9698 -0.0000 -0.2437
vn -0.4108 0.8995 -0.1490
vn -0.8318 0.5347 -0.1490
vn 0.1407 0.9788 -0.1490
vn 0.6475 0.7473 -0.1490
vn 0.9488 0.2786 -0.1490
vn 0.9488 -0.2785 -0.1490
vn 0.6476 -0.7473 -0.1490
vn 0.1408 -0.9788 -0.1490
vn -0.4107 -0.8995 -0.1490
vn -0.8318 -0.5346 -0.1490
vn -0.9888 -0.0001 -0.1490
vn -0.0000 1.0000 -0.0000
vn -0.0000 0.9365 -0.3507
vn 0.9334 0.3359 -0.1258
vn 0.8425 0.5387 -0.0000
vn -0.0000 -0.9365 -0.3507
vn -0.0000 -1.0000 -0.0000
vn 0.8425 -0.5387 -0.0000
vn 0.9334 -0.3360 -0.1258
vn 0.9431 -0.0000 -0.3326
vn 0.7601 -0.5912 0.2697
vn 0.8220 -0.5695 -0.0000
vn 0.8220 0.5695 -0.0000
vn 0.7601 0.5912 0.2697
vn 0.7506 -0.0000 0.6608
vn -0.0000 -0.9098 0.4151
vn -0.0000 0.9098 0.4151
vn -0.7601 -0.5912 0.2697
vn -0.8220 -0.5695 -0.0000
vn -0.8220 0.5695 -0.0000
vn -0.7601 0.5912 0.2697
vn -0.7506 -0.0000 0.6608
vn -0.9334 0.3359 -0.1258
vn -0.8425 0.5388 -0.0000
vn -0.8425 -0.5388 -0.0000
vn -0.9334 -0.3360 -0.1258
vn -0.9431 -0.0000 -0.3326
vn 0.1059 0.9243 0.3667
vn 0.1058 0.9243 -0.3667
vn 0.9683 0.2148 -0.1275
vn 0.9683 0.2148 0.1275
vn 0.9370 -0.1072 0.3326
vn -0.1058 -0.9243 0.3667
vn 0.8947 -0.4280 0.1275
vn -0.1059 -0.9243 -0.3667
vn 0.8947 -0.4281 -0.1275
vn 0.9370 -0.1073 -0.3326
vn 0.6810 -0.6832 0.2634
vn 0.6810 -0.6832 -0.2634
vn 0.7457 -0.0854 -0.6608
vn 0.8178 0.5117 -0.2634
vn 0.8178 0.5117 0.2634
vn 0.7457 -0.0854 0.6608
vn -0.1042 -0.9100 0.4013
vn -0.1042 -0.9100 -0.4013
vn 0.1042 0.9100 -0.4013
vn 0.1042 0.9100 0.4013
vn -0.8178 -0.5117 0.2634
vn -0.8178 -0.5117 -0.2634
vn -0.7457 0.0854 -0.6608
vn -0.6810 0.6832 -0.2634
vn -0.6810 0.6832 0.2634
vn -0.7457 0.0854 0.6608
vn -0.8947 0.4280 -0.1275
vn -0.8947 0.4281 0.1275
vn -0.9370 0.1072 0.3326
vn -0.9683 -0.2148 0.1275
vn -0.9683 -0.2148 -0.1275
vn -0.9369 0.1072 -0.3326
vn 0.9303 -0.0000 0.3667
vn 0.9303 -0.0000 -0.3667
vn 0.3235 -0.9376 -0.1275
vn 0.3235 -0.9376 0.1275
vn -0.0000 -0.9431 0.3326
vn -0.9303 -0.0000 0.3667
vn -0.3235 -0.9376 0.1275
vn -0.9303 -0.0000 -0.3667
vn -0.3235 -0.9376 -0.1275
vn -0.0000 -0.9431 -0.3326
vn -0.6014 -0.7543 0.2634
vn -0.6013 -0.7543 -0.2635
vn -0.0000 -0.7506 -0.6608
vn 0.6013 -0.7543 -0.2635
vn 0.6014 -0.7543 0.2634
vn -0.0000 -0.7505 0.6608
vn -0.9160 -0.0000 0.4013
vn -0.9160 -0.0000 -0.4013
vn 0.9160 -0.0000 -0.4013
vn 0.9160 -0.0000 0.4013
vn -0.6014 0.7543 0.2634
vn -0.6013 0.7543 -0.2634
vn -0.0000 0.7506 -0.6608
vn 0.6013 0.7543 -0.2634
vn 0.6014 0.7543 0.2634
vn -0.0000 0.7505 0.6608
vn 0.3235 0.9376 -0.1275
vn 0.3235 0.9376 0.1275
vn -0.0000 0.9431 0.3326
vn -0.3235 0.9376 0.1275
vn -0.3235 0.9376 -0.1275
vn -0.0000 0.9431 -0.3326
vn 0.9159 0.1634 0.3667
vn 0.9159 0.1634 -0.3667
vn 0.4832 -0.8662 -0.1275
vn 0.4832 -0.8662 0.1275
vn 0.1657 -0.9284 0.3326
vn -0.9159 -0.1634 0.3667
vn -0.1538 -0.9798 0.1275
vn -0.9159 -0.1635 -0.3667
vn -0.1538 -0.9798 -0.1275
vn 0.1656 -0.9284 -0.3326
vn -0.4595 -0.8482 0.2634
vn -0.4595 -0.8482 -0.2634
vn 0.1318 -0.7389 -0.6608
vn 0.7245 -0.6369 -0.2635
vn 0.7245 -0.6369 0.2634
vn 0.1318 -0.7389 0.6608
vn -0.9017 -0.1609 0.4013
vn -0.9017 -0.1609 -0.4013
vn 0.9017 0.1609 -0.4013
vn 0.9017 0.1609 0.4013
vn -0.7245 0.6369 0.2634
vn -0.7245 0.6369 -0.2634
vn -0.1318 0.7389 -0.6608
vn 0.4595 0.8482 -0.2634
vn 0.4595 0.8482 0.2635
vn -0.1318 0.7389 0.6608
vn 0.1538 0.9798 -0.1275
vn 0.1538 0.9798 0.1275
vn -0.1656 0.9284 0.3326
vn -0.4832 0.8662 0.1275
vn -0.4832 0.8662 -0.1275
vn -0.1656 0.9284 -0.3326
vn 0.1690 0.9149 0.3667
vn 0.1690 0.9149 -0.3667
vn 0.9808 0.1478 -0.1275
vn 0.9808 0.1478 0.1275
vn 0.9274 -0.1714 0.3326
vn -0.1690 -0.9148 0.3667
vn 0.8632 -0.4885 0.1275
vn -0.1691 -0.9148 -0.3667
vn 0.8632 -0.4885 -0.1275
vn 0.9274 -0.1714 -0.3326
vn 0.6325 -0.7284 0.2634
vn 0.6325 -0.7284 -0.2635
vn 0.7381 -0.1364 -0.6608
vn 0.8510 0.4543 -0.2634
vn 0.8510 0.4543 0.2634
vn 0.7381 -0.1364 0.6608
vn -0.1664 -0.9007 0.4013
vn -0.1664 -0.9007 -0.4013
vn 0.1664 0.9007 -0.4013
vn 0.1664 0.9007 0.4013
vn -0.8510 -0.4543 0.2634
vn -0.8510 -0.4543 -0.2634
vn -0.7381 0.1364 -0.6608
vn -0.6325 0.7284 -0.2635
vn -0.6325 0.7284 0.2635
vn -0.7381 0.1364 0.6608
vn -0.8632 0.4885 -0.1275
vn -0.8632 0.4885 0.1275
vn -0.9274 0.1714 0.3326
vn -0.9808 -0.1478 0.1275
vn -0.9808 -0.1478 -0.1275
vn -0.9274 0.1714 -0.3326
vn 0.0520 -0.9498 -0.3086
vn 0.0520 -0.5870 0.8079
vn -0.0520 -0.5870 0.8079
vn -0.0520 -0.9498 -0.3086
vn 0.0520 0.5870 0.8079
vn -0.0520 0.5870 0.8079
vn 0.0520 0.9498 -0.3086
vn -0.0520 0.9498 -0.3086
vn 0.0520 -0.0000 -0.9986
vn -0.0520 -0.0000 -0.9986
vn 1.0000 -0.0000 -0.0000
vn -1.0000 -0.0000 -0.0000
vn -0.0075 1.0000 -0.0013
vn 0.0069 1.0000 -0.0014
vn 0.0024 0.9999 -0.0142
vn -0.0020 0.9999 -0.0141
vn -0.9999 0.0099 -0.0014
vn -1.0000 0.0100 -0.0000
vn -0.0073 1.0000 -0.0000
vn 0.9999 0.0101 -0.0135
vn 0.9999 -0.0101 -0.0135
vn 0.8745 -0.0082 0.4849
vn 0.8746 0.0078 0.4849
vn 0.0073 1.0000 -0.0001
vn 0.9999 0.0099 -0.0120
vn -0.0074 -1.0000 -0.0014
vn -0.0073 -1.0000 -0.0000
vn -1.0000 -0.0100 -0.0000
vn -1.0000 -0.0099 -0.0014
vn 0.9999 -0.0099 -0.0120
vn 0.0073 -1.0000 -0.0050
vn 0.0069 -1.0000 -0.0014
vn 0.0027 -0.9999 -0.0142
vn -0.0018 -0.9999 -0.0140
vn -0.8932 0.0081 0.4496
vn -0.8932 -0.0078 0.4497
vn 0.0071 -1.0000 0.0042
vn 0.8621 -0.0049 0.5067
vn 0.0033 -1.0000 0.0001
vn 0.0035 -0.9999 -0.0140
vn 1.0000 -0.0066 0.0006
vn 0.9996 -0.0067 0.0262
vn -0.0071 -1.0000 0.0038
vn -0.0033 -1.0000 -0.0000
vn 0.9996 0.0062 0.0262
vn 0.8621 0.0045 0.5067
vn -0.8816 -0.0046 0.4721
vn -0.9999 -0.0062 -0.0102
vn -0.9993 -0.0061 -0.0358
vn -0.0030 -0.9999 -0.0141
vn -0.8816 0.0049 0.4720
vn -0.9999 0.0066 -0.0102
vn 0.0069 1.0000 0.0041
vn 1.0000 0.0061 0.0006
vn 0.0033 0.9999 -0.0140
vn 0.0031 1.0000 0.0002
vn -0.0035 1.0000 -0.0000
vn -0.0073 1.0000 0.0038
vn -0.0031 0.9999 -0.0141
vn -0.9993 0.0065 -0.0358
vn 0.0186 -0.1701 -0.9852
vn 0.0192 -0.1694 -0.9854
vn -0.0352 0.0004 -0.9994
vn -0.0352 -0.0004 -0.9994
vn -0.0034 -0.9522 -0.3054
vn 0.0155 -0.9524 -0.3046
vn 0.8972 -0.0113 -0.4415
vn 0.8972 0.0110 -0.4415
vn 0.0555 0.0002 -0.9985
vn 0.0555 -0.0002 -0.9985
vn 0.0153 0.9524 -0.3046
vn -0.0036 0.9522 -0.3053
vn 0.0186 0.1701 -0.9853
vn 0.0191 0.1695 -0.9853
vn -0.8759 0.0112 -0.4824
vn -0.8758 -0.0109 -0.4825
vn 0.0076 -0.9999 -0.0076
vn 0.9928 -0.0141 -0.1187
vn 0.0119 -0.0150 -0.9998
vn 0.0119 0.0150 -0.9998
vn 0.9928 0.0137 -0.1187
vn -0.0073 -0.9999 -0.0076
vn -0.0078 -0.0152 -0.9999
vn -0.9864 -0.0137 -0.1635
vn -0.9864 0.0139 -0.1635
vn -0.0077 0.0153 -0.9999
vn 0.0074 0.9999 -0.0076
vn -0.0076 0.9999 -0.0076
vn -0.9833 0.1783 0.0353
vn -0.9894 0.1097 -0.0949
vn -0.9894 -0.1097 -0.0949
vn -0.9833 -0.1783 0.0354
vn -0.1684 0.1521 -0.9739
vn -0.1683 -0.1522 -0.9739
vn -0.0521 0.1729 -0.9836
vn -0.0519 -0.1728 -0.9836
vn -0.0003 0.1729 -0.9849
vn -0.0001 -0.1729 -0.9849
vn 0.0516 0.1728 -0.9836
vn 0.0518 -0.1729 -0.9836
vn 0.1684 0.1522 -0.9739
vn 0.1683 -0.1521 -0.9739
vn 0.9894 0.1097 -0.0949
vn 0.9894 -0.1097 -0.0949
vn 0.9833 0.1783 0.0354
vn 0.9833 -0.1783 0.0353
vn 0.9829 0.1825 0.0228
vn 0.9830 -0.1824 0.0228
vn 0.9592 -0.2740 0.0695
vn 0.9592 0.2739 0.0696
vn 0.1540 -0.2089 0.9657
vn 0.1540 0.2090 0.9657
vn 0.0517 -0.1885 0.9807
vn 0.0517 0.1886 0.9807
vn -0.0000 -0.1886 0.9821
vn -0.0000 0.1886 0.9821
vn -0.0517 -0.1886 0.9807
vn -0.0517 0.1886 0.9807
vn -0.1540 -0.2090 0.9657
vn -0.1539 0.2089 0.9658
vn -0.9592 -0.2740 0.0694
vn -0.9592 0.2740 0.0695
vn -0.9829 -0.1825 0.0228
vn -0.9830 0.1824 0.0228
vn -0.9122 -0.2407 0.3315
vn -0.9122 -0.3896 0.1265
vn 0.1851 -0.9346 0.3037
vn 0.1851 -0.5776 0.7950
vn -0.9122 -0.3896 -0.1266
vn 0.1851 -0.9346 -0.3037
vn -0.9122 -0.2407 -0.3315
vn 0.1851 -0.5776 -0.7950
vn -0.9122 -0.0003 -0.4097
vn 0.1851 -0.0000 -0.9827
vn -0.9122 0.2408 -0.3314
vn 0.1851 0.5776 -0.7950
vn -0.9122 0.3896 -0.1265
vn 0.1851 0.9346 -0.3037
vn -0.9122 0.3896 0.1266
vn 0.1851 0.9346 0.3037
vn -0.9122 0.2407 0.3315
vn 0.1851 0.5776 0.7950
vn -0.9122 -0.0001 0.4097
vn 0.1851 -0.0000 0.9827
vn -0.9018 0.1336 -0.4111
vn -0.9017 0.4323 -0.0000
vn -0.9018 0.1336 0.4111
vn -0.9017 0.1336 0.4111
vn -0.9017 -0.3497 0.2541
vn -0.9017 -0.3497 -0.2541
vn -0.9018 -0.3496 -0.2541
vn -0.9017 0.1336 -0.4111
vn 0.9017 0.4323 -0.0000
vn 0.9017 0.1336 -0.4111
vn 0.9018 0.1336 0.4111
vn 0.9017 -0.3497 0.2541
vn 0.9017 0.1336 0.4111
vn 0.9017 -0.3497 -0.2541
vn 0.9018 -0.3497 0.2541
vn 0.9018 -0.3497 -0.2541
vn -0.1851 -0.9346 0.3037
vn -0.1851 -0.9346 -0.3037
vn 0.9122 -0.3896 -0.1267
vn 0.9122 -0.3896 0.1267
vn -0.1851 -0.5776 0.7950
vn 0.9122 -0.2407 0.3315
vn -0.1851 -0.0000 0.9827
vn 0.9122 0.0001 0.4097
vn -0.1851 0.5776 0.7950
vn 0.9122 0.2408 0.3314
vn -0.1851 0.9346 0.3037
vn 0.9122 0.3896 0.1265
vn -0.1851 0.9346 -0.3037
vn 0.9122 0.3896 -0.1267
vn -0.1851 0.5776 -0.7950
vn 0.9122 0.2409 -0.3313
vn -0.1851 -0.0000 -0.9827
vn 0.9122 -0.0001 -0.4097
vn -0.1851 -0.5776 -0.7950
vn 0.9122 -0.2409 -0.3313
vn -0.0000 -0.3090 -0.9511
vn -0.0000 0.8090 -0.5878
vn -0.0000 -0.3090 0.9511
vn -0.0000 0.8090 0.5878
vn 0.9521 -0.3058 -0.0083
vn 0.5687 -0.1867 -0.8011
vn 0.5836 -0.0091 -0.8120
vn 0.9999 0.0092 -0.0075
vn 0.8172 -0.5763 -0.0090
vn 0.4902 -0.3356 -0.8044
vn 0.5904 -0.8070 -0.0084
vn 0.3533 -0.4874 -0.7985
vn 0.3225 -0.9465 -0.0093
vn 0.1980 -0.5497 -0.8115
vn 0.0029 -1.0000 -0.0084
vn 0.0009 -0.6085 -0.7936
vn -0.2954 -0.9553 -0.0089
vn -0.1731 -0.5855 -0.7920
vn -0.5850 -0.8110 -0.0084
vn -0.3561 -0.4877 -0.7971
vn -0.8057 -0.5923 -0.0101
vn -0.4561 -0.3578 -0.8148
vn -0.9483 -0.3174 -0.0076
vn -0.5518 -0.1706 -0.8163
vn -1.0000 -0.0032 -0.0082
vn -0.5976 0.0018 -0.8018
vn -0.9525 0.3045 -0.0098
vn -0.5674 0.1616 -0.8074
vn -0.8145 0.5801 -0.0073
vn -0.4669 0.3498 -0.8122
vn -0.5904 0.8071 -0.0079
vn -0.3503 0.4853 -0.8011
vn -0.3221 0.9467 -0.0087
vn -0.1981 0.5584 -0.8056
vn -0.0116 0.9999 -0.0060
vn 0.0038 0.6063 -0.7952
vn 0.2991 0.9542 -0.0085
vn 0.1668 0.5859 -0.7930
vn 0.3332 0.4921 -0.8043
vn 0.5762 0.8173 -0.0085
vn 0.8072 0.5903 -0.0080
vn 0.4868 0.3566 -0.7974
vn 0.9494 0.3138 -0.0097
vn 0.5570 0.2036 -0.8052
vn -0.0296 0.0166 -0.9994
vn -0.5436 0.1843 -0.8189
vn -0.5580 -0.0159 -0.8297
vn -0.0350 -0.0249 -0.9991
vn -0.0171 0.0287 -0.9994
vn -0.4323 0.3641 -0.8249
vn -0.3342 0.4396 -0.8337
vn -0.0234 0.0118 -0.9997
vn -0.0110 0.0375 -0.9992
vn -0.1697 0.5373 -0.8261
vn 0.0246 0.0046 -0.9997
vn 0.0691 0.5475 -0.8340
vn -0.0028 -0.0090 -1.0000
vn 0.1649 0.5132 -0.8423
vn -0.0104 0.0204 -0.9997
vn 0.2922 0.4565 -0.8404
vn 0.0466 0.0182 -0.9987
vn 0.4700 0.3340 -0.8170
vn 0.0469 0.0279 -0.9985
vn 0.5484 0.1546 -0.8218
vn 0.0336 -0.0065 -0.9994
vn 0.5763 -0.0065 -0.8172
vn 0.0299 -0.0358 -0.9989
vn 0.5297 -0.2112 -0.8215
vn 0.0425 -0.0002 -0.9991
vn 0.4567 -0.3196 -0.8303
vn 0.0143 -0.0312 -0.9994
vn 0.3337 -0.4710 -0.8166
vn -0.0033 -0.0326 -0.9995
vn 0.1400 -0.5458 -0.8261
vn 0.0111 0.0087 -0.9999
vn 0.0010 -0.5367 -0.8438
vn -0.0077 0.0008 -1.0000
vn -0.1823 -0.5091 -0.8412
vn -0.0102 -0.0169 -0.9998
vn -0.3296 -0.4486 -0.8308
vn -0.0082 0.0016 -1.0000
vn -0.4527 -0.3044 -0.8381
vn -0.0206 0.0052 -0.9998
vn -0.5247 -0.1676 -0.8346
vn 0.9501 -0.3119 -0.0004
vn 0.8170 -0.5766 -0.0004
vn 0.5855 -0.8107 -0.0005
vn 0.3221 -0.9467 -0.0005
vn -0.0029 -1.0000 -0.0006
vn -0.2958 -0.9552 -0.0005
vn -0.5900 -0.8074 -0.0005
vn -0.8049 -0.5934 -0.0014
vn -0.9489 -0.3157 0.0010
vn -1.0000 0.0028 -0.0002
vn -0.9530 0.3029 -0.0012
vn -0.8135 0.5816 0.0012
vn -0.5854 0.8107 -0.0000
vn -0.3219 0.9468 0.0004
vn 0.3035 0.9528 0.0001
vn 0.5765 0.8171 0.0001
vn 0.8108 0.5854 -0.0000
vn 0.9490 0.3151 -0.0011
vn 1.0000 0.0072 0.0010
vn 0.0360 -0.0210 -0.9991
vn 0.0391 -0.0144 -0.9991
vn 0.0196 -0.0460 -0.9987
vn 0.0091 -0.0292 -0.9995
vn 0.0181 -0.0617 -0.9979
vn -0.0224 -0.0749 -0.9969
vn -0.0512 -0.0384 -0.9979
vn -0.0133 -0.0223 -0.9997
vn -0.0185 0.0085 -0.9998
vn -0.0401 0.0084 -0.9992
vn -0.0365 -0.0114 -0.9993
vn -0.0124 0.0389 -0.9992
vn -0.0166 0.0377 -0.9992
vn -0.0233 0.0345 -0.9991
vn 0.0123 0.0773 -0.9969
vn 0.0127 0.0687 -0.9976
vn 0.0265 0.0401 -0.9988
vn 0.0498 0.0397 -0.9980
vn 0.0452 0.0282 -0.9986
vn 0.0332 -0.0240 -0.9992
vn -0.9506 0.3103 -0.0066
vn -0.7899 0.6132 -0.0077
vn -0.7898 0.6134 -0.0000
vn -0.9510 0.3090 -0.0000
vn -0.5743 0.8186 -0.0078
vn -0.5717 0.8205 -0.0000
vn -0.3081 0.9513 -0.0069
vn -0.3090 0.9511 -0.0000
vn 0.0491 0.9988 -0.0077
vn 0.0426 0.9991 -0.0000
vn 0.3076 0.9515 -0.0080
vn 0.3088 0.9511 -0.0000
vn 0.5923 0.8057 -0.0078
vn 0.5975 0.8019 -0.0000
vn 0.8097 0.5869 -0.0066
vn 0.8090 0.5877 -0.0000
vn 0.9656 0.2600 -0.0079
vn 0.9654 0.2609 -0.0000
vn 1.0000 -0.0012 -0.0066
vn 0.9450 -0.3270 -0.0076
vn 0.9450 -0.3272 -0.0000
vn 0.7934 -0.6087 -0.0077
vn 0.7912 -0.6116 -0.0000
vn 0.5868 -0.8097 -0.0066
vn 0.5878 -0.8090 -0.0000
vn 0.2843 -0.9587 -0.0077
vn 0.2883 -0.9576 -0.0000
vn 0.0031 -1.0000 -0.0077
vn -0.3443 -0.9388 -0.0078
vn -0.3452 -0.9385 -0.0000
vn -0.5880 -0.8089 -0.0073
vn -0.5878 -0.8090 -0.0000
vn -0.8184 -0.5747 -0.0077
vn -0.8176 -0.5758 -0.0000
vn -0.9514 -0.3078 -0.0075
vn -0.9511 -0.3090 -0.0000
vn -0.9998 0.0156 -0.0076
vn -0.9998 0.0190 -0.0000
vn -0.0055 1.0000 0.0027
vn -0.9998 -0.0000 0.0214
vn -0.0256 -0.0000 0.9997
vn -0.0257 -0.0000 -0.9997
vn -0.9998 -0.0000 -0.0214
vn 0.9998 -0.0000 -0.0214
vn 0.0257 -0.0000 -0.9997
vn 0.0256 -0.0000 0.9997
vn 0.9998 -0.0000 0.0214
vn -0.0074 1.0000 -0.0014
vn 0.9999 0.0100 -0.0135
vn -0.0073 -1.0000 0.0001
vn 0.9999 -0.0100 -0.0120
vn 0.9996 -0.0067 0.0263
vn -0.8815 -0.0045 0.4721
vn -0.9993 0.0065 -0.0359
vn -0.9623 0.0024 0.2721
vn 0.2865 0.9104 0.2986
vn -0.1343 0.9825 -0.1292
vn -0.9944 0.0033 -0.1053
vn 0.7008 0.0023 0.7134
vn -0.9638 -0.0025 0.2667
vn 0.7006 -0.0024 0.7135
vn 0.7019 0.0054 0.7123
vn 0.0920 0.9913 0.0944
vn -0.0942 0.9909 0.0966
vn 0.3307 0.8826 -0.3342
vn -0.3288 0.8840 -0.3324
vn -0.7019 0.0054 0.7122
vn 0.7019 -0.0054 0.7122
vn -0.7019 -0.0054 0.7123
vn -0.7006 0.0024 0.7135
vn -0.2888 0.9088 0.3011
vn 0.2892 -0.9085 0.3016
vn -0.9944 -0.0033 -0.1053
vn -0.1357 -0.9821 -0.1306
vn 0.0946 -0.9908 0.0970
vn 0.9638 0.0025 0.2667
vn 0.9945 0.0033 -0.1046
vn 0.1355 0.9822 -0.1304
vn -0.7008 -0.0023 0.7134
vn 0.9623 -0.0024 0.2721
vn -0.2865 -0.9104 0.2986
vn 0.1351 -0.9823 -0.1299
vn 0.9945 -0.0033 -0.1051
vn -0.0920 -0.9913 0.0944
vn -0.3299 -0.8832 -0.3334
vn 0.3288 -0.8839 -0.3325
vn -0.7096 0.0042 -0.7046
vn -0.7095 -0.0042 -0.7047
vn -0.7020 0.0021 -0.7122
vn 0.7019 0.0022 -0.7122
vn 0.7095 0.0042 -0.7047
vn 0.7020 -0.0021 -0.7122
vn -0.7019 -0.0021 -0.7122
vn 0.7096 -0.0042 -0.7046
vt 0.851655 0.813703
vt 0.850533 0.813671
vt 0.850533 0.791439
vt 0.851655 0.791407
vt 0.848907 0.785490
vt 0.848907 0.786471
vt 0.685221 0.786471
vt 0.685221 0.785490
vt 0.850544 0.814647
vt 0.814554 0.814647
vt 0.814565 0.813671
vt 0.813443 0.813703
vt 0.813443 0.791408
vt 0.814565 0.791439
vt 0.813443 0.791407
vt 0.848907 0.748523
vt 0.848907 0.749505
vt 0.685221 0.749505
vt 0.685221 0.748523
vt 0.814554 0.790464
vt 0.850544 0.790463
vt 0.848907 0.725308
vt 0.848907 0.726289
vt 0.685221 0.726289
vt 0.685221 0.725308
vt 0.850544 0.790464
vt 0.848907 0.688344
vt 0.848907 0.689325
vt 0.685221 0.689325
vt 0.685221 0.688344
vt 0.685221 0.666110
vt 0.848907 0.666110
vt 0.883880 0.659416
vt 0.884964 0.655633
vt 0.989571 0.655591
vt 0.990557 0.659424
vt 0.889465 0.926138
vt 0.888353 0.926138
vt 0.888353 0.664824
vt 0.889465 0.664824
vt 0.881157 0.656594
vt 0.881153 0.525998
vt 0.884912 0.527045
vt 0.884913 0.527045
vt 0.883927 0.523211
vt 0.990595 0.523222
vt 0.989520 0.527005
vt 0.881155 0.525998
vt 0.884962 0.655632
vt 0.881155 0.656600
vt 0.883926 0.523213
vt 0.990602 0.523220
vt 0.989519 0.527004
vt 0.926537 0.926134
vt 0.925425 0.926135
vt 0.925425 0.664827
vt 0.926537 0.664828
vt 0.883888 0.659415
vt 0.989570 0.655593
vt 0.990556 0.659427
vt 0.993326 0.526043
vt 0.993329 0.656639
vt 0.957572 0.926136
vt 0.956460 0.926135
vt 0.956460 0.664827
vt 0.957572 0.664826
vt 0.993327 0.656639
vt 0.993328 0.526037
vt 0.858425 0.926143
vt 0.857312 0.926143
vt 0.857312 0.664819
vt 0.858424 0.664819
vt 0.993552 0.664824
vt 0.993552 0.926138
vt 0.792223 0.175074
vt 0.776032 0.175074
vt 0.776032 0.174272
vt 0.792223 0.174272
vt 0.792223 0.271079
vt 0.792223 0.174306
vt 0.809223 0.157349
vt 0.809223 0.158269
vt 0.792223 0.271957
vt 0.776032 0.271957
vt 0.776032 0.271079
vt 0.809223 0.271079
vt 0.809223 0.271902
vt 0.792223 0.271902
vt 0.809223 0.157439
vt 0.825370 0.157439
vt 0.825370 0.158269
vt 0.825370 0.271079
vt 0.825370 0.271730
vt 0.809223 0.271730
vt 0.759314 0.157024
vt 0.776032 0.174209
vt 0.759314 0.157910
vt 0.759314 0.271079
vt 0.776032 0.272167
vt 0.759314 0.272167
vt 0.808970 0.271079
vt 0.825627 0.271079
vt 0.794254 0.574933
vt 0.795986 0.574950
vt 0.795995 0.577852
vt 0.794288 0.577855
vt 0.797728 0.574962
vt 0.797699 0.577865
vt 0.799456 0.574963
vt 0.799404 0.577887
vt 0.801166 0.574967
vt 0.801109 0.577904
vt 0.792541 0.574936
vt 0.792581 0.577862
vt 0.908273 0.496488
vt 0.910157 0.500016
vt 0.906787 0.499549
vt 0.904336 0.497190
vt 0.903787 0.501152
vt 0.907384 0.502898
vt 0.924307 0.498278
vt 0.928194 0.499064
vt 0.925710 0.501346
vt 0.928648 0.503003
vt 0.925041 0.504653
vt 0.922359 0.501732
vt 0.795694 0.618093
vt 0.793992 0.618073
vt 0.795412 0.622703
vt 0.793669 0.622707
vt 0.795153 0.626209
vt 0.793430 0.626258
vt 0.795014 0.628927
vt 0.793315 0.629030
vt 0.794954 0.631797
vt 0.793271 0.632038
vt 0.795046 0.635321
vt 0.793456 0.635794
vt 0.795557 0.639149
vt 0.794119 0.639857
vt 0.796876 0.643077
vt 0.795662 0.643998
vt 0.799448 0.646597
vt 0.798506 0.647769
vt 0.802735 0.649024
vt 0.802092 0.650402
vt 0.806229 0.650495
vt 0.805866 0.651978
vt 0.810421 0.651221
vt 0.810412 0.652744
vt 0.815500 0.650686
vt 0.815995 0.652130
vt 0.820334 0.648504
vt 0.821282 0.649708
vt 0.824082 0.644864
vt 0.825323 0.645788
vt 0.826320 0.640619
vt 0.827761 0.641280
vt 0.827230 0.638118
vt 0.828815 0.638692
vt 0.827787 0.636616
vt 0.829306 0.637261
vt 0.828541 0.628679
vt 0.830224 0.628941
vt 0.828686 0.610441
vt 0.830396 0.610507
vt 0.829678 0.587843
vt 0.831378 0.587961
vt 0.831408 0.567711
vt 0.833106 0.567857
vt 0.833663 0.551499
vt 0.835349 0.551880
vt 0.837661 0.536736
vt 0.839271 0.537325
vt 0.843856 0.521618
vt 0.845355 0.522438
vt 0.852669 0.507465
vt 0.853984 0.508545
vt 0.863922 0.495564
vt 0.865032 0.496861
vt 0.876322 0.486285
vt 0.877258 0.487728
vt 0.887847 0.479571
vt 0.888646 0.481105
vt 0.898364 0.474545
vt 0.899066 0.476128
vt 0.910424 0.469568
vt 0.911067 0.471170
vt 0.925595 0.463721
vt 0.926203 0.465332
vt 0.941665 0.457859
vt 0.942282 0.459469
vt 0.955709 0.452762
vt 0.956558 0.454269
vt 0.965444 0.446857
vt 0.966788 0.447898
vt 0.969588 0.441460
vt 0.971107 0.442088
vt 0.971928 0.434329
vt 0.973575 0.434693
vt 0.972452 0.424472
vt 0.974170 0.424552
vt 0.971734 0.411624
vt 0.973463 0.411562
vt 0.970976 0.397363
vt 0.972706 0.397302
vt 0.970555 0.383282
vt 0.972286 0.383258
vt 0.970487 0.370015
vt 0.972220 0.370027
vt 0.970720 0.357355
vt 0.972454 0.357372
vt 0.970882 0.345112
vt 0.972620 0.345067
vt 0.970221 0.333372
vt 0.971960 0.333282
vt 0.969055 0.322431
vt 0.970801 0.322557
vt 0.969665 0.313099
vt 0.971206 0.313790
vt 0.973691 0.305922
vt 0.974872 0.307091
vt 0.982582 0.299967
vt 0.983459 0.301448
vt 0.994618 0.294956
vt 0.995376 0.296524
vt 0.797400 0.618088
vt 0.797174 0.622677
vt 0.796906 0.626163
vt 0.796759 0.628820
vt 0.796700 0.631489
vt 0.796703 0.634717
vt 0.797036 0.638289
vt 0.798102 0.642016
vt 0.800356 0.645273
vt 0.803296 0.647496
vt 0.806521 0.648892
vt 0.810361 0.649604
vt 0.814864 0.649209
vt 0.819216 0.647382
vt 0.822715 0.644014
vt 0.824730 0.640024
vt 0.825567 0.637718
vt 0.826224 0.635876
vt 0.826844 0.628365
vt 0.826977 0.610362
vt 0.827979 0.587712
vt 0.829728 0.567441
vt 0.832011 0.550992
vt 0.836082 0.536067
vt 0.842409 0.520714
vt 0.851437 0.506299
vt 0.862887 0.494210
vt 0.875433 0.484811
vt 0.887085 0.478013
vt 0.897691 0.472945
vt 0.909789 0.467961
vt 0.924988 0.462111
vt 0.941039 0.456252
vt 0.954811 0.451267
vt 0.963982 0.446003
vt 0.967970 0.441186
vt 0.970264 0.434120
vt 0.970723 0.424409
vt 0.970001 0.411681
vt 0.969243 0.397416
vt 0.968820 0.383295
vt 0.968750 0.369993
vt 0.968982 0.357337
vt 0.969141 0.345183
vt 0.968488 0.333494
vt 0.967315 0.322193
vt 0.968314 0.312136
vt 0.972824 0.304595
vt 0.981810 0.298451
vt 0.993849 0.293392
vt 0.799110 0.618093
vt 0.798929 0.622669
vt 0.798661 0.626128
vt 0.798530 0.628725
vt 0.798482 0.631283
vt 0.798455 0.634339
vt 0.798700 0.637686
vt 0.799552 0.641103
vt 0.801496 0.644002
vt 0.804111 0.645966
vt 0.807023 0.647224
vt 0.810459 0.647880
vt 0.814413 0.647566
vt 0.818251 0.646009
vt 0.821361 0.642987
vt 0.823106 0.639268
vt 0.823910 0.637107
vt 0.824559 0.635197
vt 0.825125 0.628116
vt 0.825265 0.610292
vt 0.826274 0.587592
vt 0.828051 0.567118
vt 0.830341 0.550535
vt 0.834464 0.535465
vt 0.840902 0.519880
vt 0.850112 0.505201
vt 0.861771 0.492899
vt 0.874495 0.483362
vt 0.886285 0.476478
vt 0.896990 0.471360
vt 0.909148 0.466357
vt 0.924378 0.460499
vt 0.940420 0.454640
vt 0.953982 0.449735
vt 0.962688 0.444885
vt 0.966431 0.440448
vt 0.968591 0.433743
vt 0.968988 0.424330
vt 0.968268 0.411741
vt 0.967512 0.397477
vt 0.967088 0.383319
vt 0.967016 0.369982
vt 0.967247 0.357321
vt 0.967405 0.345229
vt 0.966762 0.333581
vt 0.965593 0.322022
vt 0.966811 0.311374
vt 0.971665 0.303408
vt 0.980950 0.296977
vt 0.993107 0.291833
vt 0.800821 0.618122
vt 0.800673 0.622721
vt 0.800427 0.626136
vt 0.800308 0.628683
vt 0.800264 0.631246
vt 0.800251 0.634268
vt 0.800470 0.637426
vt 0.801199 0.640421
vt 0.802852 0.642812
vt 0.805127 0.644453
vt 0.807686 0.645534
vt 0.810687 0.646093
vt 0.814144 0.645803
vt 0.817468 0.644430
vt 0.820014 0.641822
vt 0.821460 0.638457
vt 0.822316 0.636294
vt 0.822862 0.634677
vt 0.823385 0.628000
vt 0.823553 0.610245
vt 0.824567 0.587494
vt 0.826347 0.566886
vt 0.828639 0.550244
vt 0.832803 0.534996
vt 0.839319 0.519191
vt 0.848662 0.504262
vt 0.860535 0.491694
vt 0.873476 0.481968
vt 0.885423 0.474979
vt 0.896245 0.469800
vt 0.908498 0.464761
vt 0.923768 0.458891
vt 0.939818 0.453025
vt 0.953278 0.448162
vt 0.961747 0.443463
vt 0.965145 0.439283
vt 0.966933 0.433216
vt 0.967253 0.424266
vt 0.966539 0.411816
vt 0.965786 0.397552
vt 0.965361 0.383363
vt 0.965288 0.369988
vt 0.965518 0.357305
vt 0.965678 0.345236
vt 0.965037 0.333631
vt 0.963882 0.322035
vt 0.965118 0.311197
vt 0.970140 0.302642
vt 0.979962 0.295570
vt 0.992417 0.290255
vt 0.792288 0.618021
vt 0.791954 0.622640
vt 0.791722 0.626250
vt 0.791646 0.629106
vt 0.791640 0.632134
vt 0.791840 0.635891
vt 0.792559 0.640078
vt 0.794232 0.644554
vt 0.797281 0.648688
vt 0.801095 0.651578
vt 0.805184 0.653357
vt 0.810137 0.654262
vt 0.816116 0.653692
vt 0.821800 0.651206
vt 0.826374 0.646976
vt 0.829114 0.642141
vt 0.830239 0.639562
vt 0.830875 0.637733
vt 0.831927 0.629061
vt 0.832106 0.610549
vt 0.833079 0.588058
vt 0.834809 0.567979
vt 0.837048 0.552124
vt 0.840918 0.537789
vt 0.846917 0.523119
vt 0.855406 0.509475
vt 0.866244 0.498059
vt 0.878260 0.489120
vt 0.889500 0.482604
vt 0.899809 0.477686
vt 0.911721 0.472763
vt 0.926812 0.466939
vt 0.942879 0.461085
vt 0.957281 0.455829
vt 0.967677 0.449341
vt 0.972197 0.443379
vt 0.975165 0.435306
vt 0.975888 0.424635
vt 0.975189 0.411482
vt 0.974429 0.397225
vt 0.974011 0.383215
vt 0.973947 0.370023
vt 0.974181 0.357390
vt 0.974351 0.345065
vt 0.973697 0.333224
vt 0.972527 0.322505
vt 0.972886 0.314027
vt 0.976330 0.307980
vt 0.984408 0.302896
vt 0.996080 0.298112
vt 0.427962 0.839927
vt 0.427962 0.835244
vt 0.428206 0.835022
vt 0.428206 0.840149
vt 0.425688 0.841261
vt 0.425552 0.841706
vt 0.423413 0.839927
vt 0.422899 0.840149
vt 0.423413 0.835244
vt 0.422899 0.835022
vt 0.425688 0.833910
vt 0.425552 0.833466
vt 0.428964 0.834577
vt 0.428964 0.840594
vt 0.425552 0.842595
vt 0.422141 0.840594
vt 0.422141 0.834577
vt 0.425552 0.832576
vt 0.429479 0.834355
vt 0.429479 0.840816
vt 0.425688 0.843040
vt 0.421897 0.840816
vt 0.421897 0.834355
vt 0.425688 0.832132
vt 0.425552 0.833465
vt 0.187807 0.536252
vt 0.187121 0.535421
vt 0.188527 0.534128
vt 0.189204 0.534925
vt 0.186527 0.534419
vt 0.187839 0.533185
vt 0.185813 0.533602
vt 0.187076 0.532346
vt 0.184875 0.532964
vt 0.186225 0.531593
vt 0.188748 0.536916
vt 0.190008 0.535662
vt 0.136643 0.570904
vt 0.136585 0.571977
vt 0.135844 0.571373
vt 0.135596 0.570480
vt 0.134891 0.571290
vt 0.135502 0.572215
vt 0.114799 0.562109
vt 0.115151 0.561093
vt 0.115720 0.561828
vt 0.116289 0.561093
vt 0.116640 0.562109
vt 0.115720 0.562737
vt 0.186139 0.538076
vt 0.185452 0.537289
vt 0.185412 0.539238
vt 0.184607 0.538539
vt 0.185105 0.540007
vt 0.184164 0.539487
vt 0.184949 0.540483
vt 0.183952 0.540158
vt 0.184739 0.541217
vt 0.183750 0.541026
vt 0.184267 0.543276
vt 0.183233 0.543008
vt 0.183533 0.546205
vt 0.182492 0.545895
vt 0.182513 0.549465
vt 0.181501 0.549094
vt 0.181322 0.552330
vt 0.180348 0.551856
vt 0.179981 0.554775
vt 0.179058 0.554221
vt 0.177810 0.557667
vt 0.176990 0.556975
vt 0.173969 0.560920
vt 0.173366 0.560037
vt 0.169074 0.563048
vt 0.168778 0.562031
vt 0.166103 0.563508
vt 0.166040 0.562426
vt 0.164902 0.563505
vt 0.164891 0.562447
vt 0.162975 0.563291
vt 0.163126 0.562240
vt 0.159646 0.562218
vt 0.160055 0.561239
vt 0.156750 0.560458
vt 0.157372 0.559586
vt 0.154340 0.558249
vt 0.155098 0.557491
vt 0.152203 0.555445
vt 0.153082 0.554826
vt 0.150355 0.551904
vt 0.151334 0.551442
vt 0.148991 0.548173
vt 0.150020 0.547821
vt 0.148177 0.545322
vt 0.149211 0.545027
vt 0.147570 0.543032
vt 0.148599 0.542785
vt 0.146989 0.541062
vt 0.148017 0.540845
vt 0.146444 0.539751
vt 0.147459 0.539450
vt 0.145888 0.538856
vt 0.146831 0.538372
vt 0.145370 0.538206
vt 0.146180 0.537559
vt 0.144625 0.537404
vt 0.145340 0.536658
vt 0.143592 0.536366
vt 0.144325 0.535607
vt 0.184911 0.536242
vt 0.183987 0.537567
vt 0.183341 0.538764
vt 0.182916 0.539824
vt 0.182617 0.540972
vt 0.182115 0.542747
vt 0.181385 0.545590
vt 0.180410 0.548754
vt 0.179304 0.551403
vt 0.178039 0.553725
vt 0.176048 0.556369
vt 0.172641 0.559211
vt 0.168377 0.561030
vt 0.165902 0.561352
vt 0.164768 0.561368
vt 0.163223 0.561172
vt 0.160433 0.560227
vt 0.158008 0.558690
vt 0.155857 0.556678
vt 0.153977 0.554146
vt 0.152363 0.550961
vt 0.151109 0.547463
vt 0.150326 0.544742
vt 0.149747 0.542628
vt 0.149190 0.540839
vt 0.148605 0.539401
vt 0.147880 0.538088
vt 0.147045 0.536916
vt 0.146037 0.535775
vt 0.145073 0.534731
vt 0.184123 0.535463
vt 0.183092 0.536882
vt 0.182340 0.538250
vt 0.181877 0.539464
vt 0.181495 0.540715
vt 0.181052 0.542467
vt 0.180344 0.545282
vt 0.179389 0.548381
vt 0.178334 0.550936
vt 0.177113 0.553172
vt 0.175226 0.555676
vt 0.172047 0.558330
vt 0.168098 0.560005
vt 0.165840 0.560304
vt 0.164776 0.560284
vt 0.163379 0.560120
vt 0.160858 0.559251
vt 0.158636 0.557829
vt 0.156627 0.555924
vt 0.154870 0.553532
vt 0.153343 0.550508
vt 0.152141 0.547117
vt 0.151382 0.544439
vt 0.150820 0.542348
vt 0.150263 0.540548
vt 0.149653 0.539016
vt 0.148854 0.537541
vt 0.147904 0.536228
vt 0.146830 0.534982
vt 0.145866 0.533942
vt 0.183084 0.535054
vt 0.182039 0.536658
vt 0.181310 0.538054
vt 0.180876 0.539125
vt 0.180481 0.540217
vt 0.179965 0.542140
vt 0.179271 0.544941
vt 0.178358 0.547928
vt 0.177353 0.550395
vt 0.176235 0.552486
vt 0.174554 0.554826
vt 0.171629 0.557357
vt 0.167959 0.558943
vt 0.165907 0.559217
vt 0.164945 0.559167
vt 0.163659 0.559083
vt 0.161376 0.558313
vt 0.159310 0.556977
vt 0.157467 0.555223
vt 0.155826 0.552994
vt 0.154359 0.550068
vt 0.153195 0.546754
vt 0.152466 0.544098
vt 0.151873 0.541906
vt 0.151189 0.539909
vt 0.150432 0.538267
vt 0.149563 0.536773
vt 0.148689 0.535526
vt 0.147732 0.534342
vt 0.146763 0.533230
vt 0.187224 0.538414
vt 0.186528 0.539288
vt 0.186181 0.540012
vt 0.185975 0.540740
vt 0.185700 0.541664
vt 0.185346 0.543569
vt 0.184603 0.546548
vt 0.183528 0.549932
vt 0.182288 0.552885
vt 0.180828 0.555488
vt 0.178455 0.558557
vt 0.174375 0.561937
vt 0.169192 0.564122
vt 0.166042 0.564564
vt 0.164707 0.564517
vt 0.162689 0.564283
vt 0.159148 0.563154
vt 0.156104 0.561323
vt 0.153517 0.558955
vt 0.151259 0.555995
vt 0.149343 0.552368
vt 0.147943 0.548549
vt 0.147112 0.545660
vt 0.146531 0.543462
vt 0.146062 0.541731
vt 0.145682 0.540580
vt 0.145245 0.539722
vt 0.144651 0.538980
vt 0.143789 0.538076
vt 0.142762 0.537103
vt 0.199979 0.382068
vt 0.210096 0.382109
vt 0.213231 0.425295
vt 0.201840 0.425306
vt 0.219860 0.382143
vt 0.225055 0.425300
vt 0.108118 0.382528
vt 0.117684 0.382552
vt 0.114580 0.424848
vt 0.102996 0.424834
vt 0.127591 0.382566
vt 0.125723 0.424858
vt 0.137706 0.382536
vt 0.136609 0.424894
vt 0.147964 0.382457
vt 0.147370 0.424962
vt 0.158325 0.382343
vt 0.158102 0.425059
vt 0.168756 0.382218
vt 0.168875 0.425162
vt 0.179218 0.382119
vt 0.179729 0.425248
vt 0.189651 0.382067
vt 0.190703 0.425298
vt 0.219905 0.550757
vt 0.212788 0.544590
vt 0.226848 0.535554
vt 0.229227 0.552097
vt 0.237793 0.548185
vt 0.242885 0.540263
vt 0.242885 0.530845
vt 0.237793 0.522922
vt 0.229227 0.519010
vt 0.219905 0.520351
vt 0.212788 0.526518
vt 0.210135 0.535554
vt 0.089020 0.451036
vt 0.082350 0.456816
vt 0.075842 0.442567
vt 0.073613 0.458072
vt 0.065584 0.454406
vt 0.060811 0.446980
vt 0.060811 0.438153
vt 0.065584 0.430728
vt 0.073613 0.427061
vt 0.082350 0.428317
vt 0.089020 0.434098
vt 0.091507 0.442567
vt 0.142711 0.475900
vt 0.133690 0.483717
vt 0.133231 0.482713
vt 0.141783 0.475303
vt 0.121874 0.485416
vt 0.122031 0.484323
vt 0.111016 0.480457
vt 0.111739 0.479623
vt 0.104562 0.470415
vt 0.105622 0.470104
vt 0.104562 0.458478
vt 0.105622 0.458789
vt 0.111016 0.448436
vt 0.111739 0.449270
vt 0.121874 0.443477
vt 0.122031 0.444570
vt 0.133690 0.445176
vt 0.133231 0.446180
vt 0.142711 0.452993
vt 0.141783 0.453590
vt 0.146074 0.464446
vt 0.144970 0.464446
vt 0.183199 0.475836
vt 0.172424 0.475821
vt 0.175435 0.435451
vt 0.184976 0.435404
vt 0.161209 0.475826
vt 0.166248 0.435489
vt 0.276452 0.475293
vt 0.265501 0.475308
vt 0.262456 0.435950
vt 0.271415 0.435924
vt 0.254985 0.475319
vt 0.253167 0.435966
vt 0.244722 0.475360
vt 0.243672 0.435932
vt 0.234580 0.475439
vt 0.234033 0.435843
vt 0.224467 0.475550
vt 0.224285 0.435714
vt 0.214311 0.475670
vt 0.214455 0.435573
vt 0.204075 0.475769
vt 0.204582 0.435460
vt 0.193720 0.475826
vt 0.194728 0.435401
vt 0.762982 0.823553
vt 0.762853 0.819611
vt 0.763460 0.819202
vt 0.763671 0.823512
vt 0.759663 0.819564
vt 0.759556 0.823535
vt 0.758867 0.823501
vt 0.759063 0.819193
vt 0.761293 0.818609
vt 0.761268 0.817891
vt 0.764029 0.818826
vt 0.764277 0.823444
vt 0.758261 0.823440
vt 0.758488 0.818814
vt 0.761259 0.817208
vt 0.764629 0.818436
vt 0.764961 0.823393
vt 0.757578 0.823391
vt 0.757891 0.818442
vt 0.761247 0.816503
vt 0.757574 0.823383
vt 0.757890 0.818444
vt 0.758488 0.818816
vt 0.758257 0.823434
vt 0.764627 0.818437
vt 0.764966 0.823385
vt 0.764281 0.823439
vt 0.764028 0.818830
vt 0.761247 0.816504
vt 0.761260 0.817211
vt 0.759063 0.819196
vt 0.758864 0.823498
vt 0.763675 0.823510
vt 0.763459 0.819206
vt 0.761267 0.817892
vt 0.759664 0.819565
vt 0.759553 0.823533
vt 0.762985 0.823552
vt 0.762851 0.819613
vt 0.761292 0.818611
vt 0.427963 0.839927
vt 0.427963 0.835244
vt 0.428206 0.840150
vt 0.422899 0.840150
vt 0.428965 0.834577
vt 0.428965 0.840594
vt 0.425688 0.832131
vt 0.422899 0.835021
vt 0.428206 0.835021
vt 0.433589 0.839927
vt 0.433589 0.835244
vt 0.433832 0.835022
vt 0.433832 0.840149
vt 0.431314 0.841261
vt 0.431179 0.841705
vt 0.429040 0.839927
vt 0.428526 0.840149
vt 0.429040 0.835244
vt 0.428526 0.835022
vt 0.431314 0.833910
vt 0.431179 0.833466
vt 0.434591 0.834577
vt 0.434591 0.840594
vt 0.431179 0.842595
vt 0.427767 0.840594
vt 0.427767 0.834577
vt 0.431179 0.832577
vt 0.435105 0.834355
vt 0.435105 0.840816
vt 0.431314 0.843039
vt 0.427524 0.840816
vt 0.427524 0.834355
vt 0.431314 0.832132
vt 0.427523 0.834355
vt 0.428525 0.835022
vt 0.428525 0.840149
vt 0.925487 0.223717
vt 0.927410 0.223717
vt 0.927410 0.233144
vt 0.925487 0.233144
vt 0.929333 0.223717
vt 0.929333 0.233144
vt 0.931256 0.223717
vt 0.931256 0.233144
vt 0.933179 0.223717
vt 0.933179 0.233144
vt 0.935102 0.223717
vt 0.935102 0.233144
vt 0.933403 0.189686
vt 0.935232 0.189092
vt 0.934726 0.190582
vt 0.933403 0.191609
vt 0.935232 0.192203
vt 0.936362 0.190647
vt 0.934664 0.190627
vt 0.554369 0.849546
vt 0.556305 0.922623
vt 0.555526 0.922631
vt 0.553582 0.849532
vt 0.554356 0.848816
vt 0.831787 0.848611
vt 0.831787 0.849348
vt 0.279989 0.994494
vt 0.279981 0.940981
vt 0.280758 0.941319
vt 0.280751 0.994156
vt 0.831788 0.926121
vt 0.831786 0.926857
vt 0.556307 0.923343
vt 0.319311 0.853510
vt 0.041913 0.853322
vt 0.041913 0.852587
vt 0.319340 0.852779
vt 0.317370 0.927308
vt 0.041914 0.930812
vt 0.041912 0.930076
vt 0.317363 0.926581
vt 0.595536 0.994477
vt 0.595535 0.940987
vt 0.868725 0.940981
vt 0.868724 0.994484
vt 0.008701 0.994484
vt 0.008702 0.940981
vt 0.555515 0.923146
vt 0.318151 0.926556
vt 0.318167 0.927074
vt 0.320086 0.853532
vt 0.594774 0.994139
vt 0.594778 0.941319
vt 0.346151 0.943156
vt 0.346121 0.943667
vt 0.346602 0.943348
vt 0.359540 0.943456
vt 0.359783 0.943867
vt 0.346554 0.943819
vt 0.348040 0.838404
vt 0.348497 0.838231
vt 0.313813 0.941318
vt 0.313808 0.994157
vt 0.313332 0.994157
vt 0.313336 0.941318
vt 0.320117 0.853015
vt 0.348030 0.837892
vt 0.348468 0.837758
vt 0.361712 0.838194
vt 0.361456 0.838598
vt 0.562922 0.941316
vt 0.562928 0.994139
vt 0.562450 0.994139
vt 0.562446 0.941318
vt 0.527264 0.939782
vt 0.527237 0.939271
vt 0.526833 0.939937
vt 0.514041 0.940054
vt 0.514278 0.939637
vt 0.526786 0.939462
vt 0.524869 0.834219
vt 0.525328 0.834393
vt 0.525337 0.833882
vt 0.553563 0.849017
vt 0.512196 0.834495
vt 0.511937 0.834090
vt 0.524900 0.833744
vt 0.361883 0.838907
vt 0.359976 0.943161
vt 0.547786 0.941319
vt 0.547789 0.994138
vt 0.547311 0.993964
vt 0.547308 0.941494
vt 0.328474 0.941319
vt 0.328466 0.994156
vt 0.362046 0.838570
vt 0.368180 0.854992
vt 0.366619 0.927304
vt 0.344247 0.950022
vt 0.344245 0.985450
vt 0.328944 0.993981
vt 0.328952 0.941494
vt 0.507016 0.923259
vt 0.505954 0.851131
vt 0.511774 0.834806
vt 0.513840 0.939346
vt 0.532011 0.985436
vt 0.532011 0.950023
vt 0.429230 0.919827
vt 0.429399 0.920466
vt 0.366961 0.928009
vt 0.411421 0.950023
vt 0.411434 0.985450
vt 0.410744 0.985451
vt 0.410731 0.950023
vt 0.429341 0.865177
vt 0.430050 0.864985
vt 0.429937 0.920038
vt 0.368546 0.854300
vt 0.429534 0.864545
vt 0.466595 0.950023
vt 0.466590 0.985436
vt 0.465908 0.985436
vt 0.465913 0.950023
vt 0.506677 0.923964
vt 0.444275 0.916602
vt 0.444442 0.915963
vt 0.443737 0.916175
vt 0.443631 0.860925
vt 0.444343 0.861113
vt 0.444145 0.860483
vt 0.505580 0.850444
vt 0.360131 0.943502
vt 0.513691 0.939691
vt 0.511605 0.834469
vt 0.844527 0.275762
vt 0.844527 0.253470
vt 0.848075 0.253470
vt 0.848075 0.275762
vt 0.844527 0.251092
vt 0.848075 0.251092
vt 0.844527 0.250464
vt 0.848075 0.250465
vt 0.844527 0.249836
vt 0.848075 0.249837
vt 0.844527 0.249209
vt 0.848075 0.249210
vt 0.844527 0.248581
vt 0.848075 0.248581
vt 0.844527 0.246203
vt 0.848075 0.246203
vt 0.844527 0.223911
vt 0.848075 0.223911
vt 0.844527 0.173781
vt 0.848075 0.173781
vt 0.848075 0.195556
vt 0.844527 0.195556
vt 0.848075 0.197334
vt 0.844527 0.197334
vt 0.848075 0.197927
vt 0.844527 0.197927
vt 0.848075 0.198520
vt 0.844527 0.198520
vt 0.848075 0.199113
vt 0.844527 0.199113
vt 0.848075 0.199706
vt 0.844527 0.199706
vt 0.848075 0.201484
vt 0.844527 0.201484
vt 0.848075 0.223260
vt 0.844527 0.223260
vt 0.884257 0.177942
vt 0.884111 0.199718
vt 0.883457 0.200229
vt 0.883606 0.177938
vt 0.889974 0.199718
vt 0.889829 0.177942
vt 0.890479 0.177938
vt 0.890629 0.200229
vt 0.844527 0.173130
vt 0.848075 0.173130
vt 0.885858 0.200044
vt 0.885790 0.200691
vt 0.888296 0.200691
vt 0.888227 0.200044
vt 0.886450 0.200091
vt 0.886416 0.200741
vt 0.887635 0.200091
vt 0.887670 0.200741
vt 0.887043 0.200106
vt 0.887043 0.200757
vt 0.887636 0.200091
vt 0.887671 0.200741
vt 0.885859 0.200044
vt 0.890480 0.177938
vt 0.018465 0.620018
vt 0.018465 0.609911
vt 0.019364 0.609911
vt 0.019364 0.620018
vt 0.018465 0.599804
vt 0.019364 0.599804
vt 0.018465 0.589697
vt 0.019364 0.589697
vt 0.018465 0.579590
vt 0.019364 0.579590
vt 0.018465 0.569310
vt 0.019364 0.569458
vt 0.018465 0.670727
vt 0.018465 0.660447
vt 0.019364 0.660447
vt 0.019364 0.670579
vt 0.018465 0.650340
vt 0.019364 0.650340
vt 0.018465 0.640232
vt 0.019364 0.640232
vt 0.018465 0.630125
vt 0.019364 0.630125
vt 0.018091 0.689294
vt 0.023172 0.682301
vt 0.031393 0.693616
vt 0.023172 0.704931
vt 0.018091 0.697938
vt 0.039614 0.704931
vt 0.031393 0.707602
vt 0.044694 0.689294
vt 0.044694 0.697938
vt 0.031393 0.679630
vt 0.039614 0.682301
vt 0.021547 0.609911
vt 0.021547 0.599804
vt 0.022446 0.599804
vt 0.022446 0.609911
vt 0.021547 0.620018
vt 0.022446 0.620018
vt 0.021547 0.630125
vt 0.022446 0.630126
vt 0.021547 0.640233
vt 0.022446 0.640233
vt 0.021547 0.650340
vt 0.022446 0.650340
vt 0.021547 0.660447
vt 0.022446 0.660447
vt 0.021547 0.670579
vt 0.022446 0.670727
vt 0.021547 0.579590
vt 0.021547 0.569458
vt 0.022446 0.569310
vt 0.022446 0.579591
vt 0.021547 0.589697
vt 0.022446 0.589697
vt 0.015372 0.688411
vt 0.021492 0.679988
vt 0.015372 0.698821
vt 0.021492 0.707244
vt 0.031393 0.710461
vt 0.041294 0.707244
vt 0.047413 0.698821
vt 0.047413 0.688411
vt 0.041294 0.679988
vt 0.031393 0.676771
vt 0.047413 0.688410
vt 0.102758 0.701266
vt 0.115012 0.701266
vt 0.115012 0.704925
vt 0.102758 0.704925
vt 0.093269 0.701266
vt 0.093269 0.704925
vt 0.102759 0.701266
vt 0.102759 0.704925
vt 0.102756 0.701266
vt 0.102756 0.704925
vt 0.077914 0.701266
vt 0.093268 0.701266
vt 0.093268 0.704925
vt 0.077914 0.704925
vt 0.077915 0.701266
vt 0.077915 0.704925
vt 0.102757 0.701266
vt 0.102757 0.704925
vt 0.321373 0.517954
vt 0.319940 0.517840
vt 0.326620 0.472128
vt 0.328005 0.472128
vt 0.296980 0.567615
vt 0.295863 0.566804
vt 0.264618 0.600768
vt 0.263770 0.599775
vt 0.215753 0.626630
vt 0.215365 0.625193
vt 0.170021 0.634409
vt 0.169918 0.633094
vt 0.115352 0.626630
vt 0.115763 0.625383
vt 0.073717 0.606023
vt 0.074402 0.604910
vt 0.034126 0.567615
vt 0.035204 0.566566
vt 0.011051 0.522329
vt 0.012365 0.521902
vt 0.003161 0.476484
vt 0.004563 0.476169
vt 0.011051 0.421928
vt 0.012369 0.422356
vt 0.034126 0.376641
vt 0.035247 0.377455
vt 0.066488 0.343267
vt 0.067578 0.344204
vt 0.115352 0.317626
vt 0.115778 0.318938
vt 0.161081 0.309629
vt 0.161002 0.311295
vt 0.211481 0.316195
vt 0.211176 0.317463
vt 0.260129 0.341798
vt 0.261040 0.340701
vt 0.294300 0.372952
vt 0.293153 0.373648
vt 0.320054 0.421928
vt 0.318743 0.422366
vt 0.284752 0.516264
vt 0.281881 0.516138
vt 0.289533 0.472128
vt 0.292406 0.472128
vt 0.268186 0.546695
vt 0.265857 0.545003
vt 0.238578 0.572411
vt 0.240595 0.574597
vt 0.199119 0.594526
vt 0.198220 0.591934
vt 0.166019 0.599067
vt 0.165683 0.596159
vt 0.126804 0.591891
vt 0.127722 0.589105
vt 0.091273 0.575161
vt 0.092740 0.572569
vt 0.060372 0.542059
vt 0.062347 0.540136
vt 0.044868 0.511341
vt 0.047629 0.510444
vt 0.039448 0.467106
vt 0.042218 0.466385
vt 0.044890 0.432922
vt 0.047635 0.433814
vt 0.062923 0.397564
vt 0.065250 0.399254
vt 0.095772 0.366899
vt 0.098007 0.368695
vt 0.126347 0.351466
vt 0.127239 0.354210
vt 0.165549 0.345146
vt 0.165632 0.348076
vt 0.204334 0.351260
vt 0.203756 0.354130
vt 0.244931 0.374487
vt 0.243328 0.376808
vt 0.268284 0.397481
vt 0.265961 0.399277
vt 0.286195 0.432926
vt 0.283465 0.433814
vt 0.749838 0.002734
vt 0.799336 0.002734
vt 0.799343 0.152920
vt 0.745444 0.151009
vt 0.848835 0.002734
vt 0.844486 0.151178
vt 0.898338 0.002734
vt 0.898343 0.152797
vt 0.947841 0.002734
vt 0.943535 0.151178
vt 0.997361 0.002734
vt 0.997329 0.153000
vt 0.006925 0.002734
vt 0.056451 0.002734
vt 0.052198 0.151178
vt 0.006919 0.153000
vt 0.105986 0.002734
vt 0.105971 0.152758
vt 0.155523 0.002734
vt 0.155521 0.152916
vt 0.205061 0.002734
vt 0.200861 0.151016
vt 0.254606 0.002734
vt 0.254593 0.152917
vt 0.304154 0.002734
vt 0.304126 0.152917
vt 0.353701 0.002734
vt 0.349429 0.151011
vt 0.403245 0.002734
vt 0.403203 0.152919
vt 0.502242 0.002734
vt 0.551770 0.002734
vt 0.551798 0.152882
vt 0.497942 0.151182
vt 0.601297 0.002734
vt 0.596928 0.151177
vt 0.650817 0.002734
vt 0.650826 0.152917
vt 0.700332 0.002734
vt 0.700336 0.152917
vt 0.317315 0.517692
vt 0.293802 0.565306
vt 0.262103 0.597922
vt 0.214429 0.622759
vt 0.169660 0.630599
vt 0.116543 0.623018
vt 0.075655 0.602756
vt 0.037101 0.564719
vt 0.014790 0.521114
vt 0.007111 0.475536
vt 0.014799 0.423145
vt 0.037314 0.378957
vt 0.069606 0.345874
vt 0.116566 0.321361
vt 0.161092 0.313464
vt 0.210655 0.319898
vt 0.258747 0.343955
vt 0.291169 0.375192
vt 0.316319 0.423166
vt 0.324064 0.472128
vt 0.151644 0.303631
vt 0.120069 0.306256
vt 0.120061 0.156091
vt 0.151638 0.156091
vt 0.082611 0.306144
vt 0.082603 0.156091
vt 0.039539 0.303752
vt 0.039528 0.156091
vt 0.007625 0.306166
vt 0.007614 0.156091
vt 0.756218 0.306166
vt 0.719065 0.307908
vt 0.719044 0.156091
vt 0.756197 0.156091
vt 0.681569 0.306144
vt 0.681547 0.156091
vt 0.638565 0.303744
vt 0.638539 0.156091
vt 0.606716 0.306236
vt 0.606689 0.156091
vt 0.563513 0.303633
vt 0.563488 0.156091
vt 0.531908 0.306254
vt 0.531886 0.156091
vt 0.494436 0.306256
vt 0.494412 0.156091
vt 0.450828 0.303630
vt 0.450812 0.156091
vt 0.419625 0.306254
vt 0.419608 0.156091
vt 0.382153 0.306175
vt 0.382140 0.156091
vt 0.344681 0.306154
vt 0.344672 0.156091
vt 0.300846 0.305407
vt 0.300847 0.156091
vt 0.270036 0.306178
vt 0.270036 0.156091
vt 0.232570 0.306270
vt 0.232571 0.156091
vt 0.195109 0.306257
vt 0.195107 0.156091
vt 0.280825 0.516092
vt 0.264987 0.544371
vt 0.288460 0.472128
vt 0.282444 0.434148
vt 0.264987 0.399885
vt 0.242578 0.377571
vt 0.203533 0.355237
vt 0.165553 0.349221
vt 0.127572 0.355237
vt 0.098828 0.369354
vt 0.066119 0.399885
vt 0.048661 0.434148
vt 0.043235 0.466119
vt 0.048661 0.510109
vt 0.063052 0.539450
vt 0.093310 0.571562
vt 0.128076 0.588030
vt 0.165553 0.595035
vt 0.198051 0.590941
vt 0.237796 0.571562
vt 0.448429 0.151188
vt 0.451953 0.002734
vt 0.011635 0.733494
vt 0.011636 0.732611
vt 0.313855 0.732611
vt 0.313856 0.733494
vt 0.011335 0.762913
vt 0.011350 0.762028
vt 0.314142 0.762028
vt 0.314157 0.762913
vt 0.011130 0.787580
vt 0.011131 0.786695
vt 0.314361 0.786695
vt 0.314362 0.787580
vt 0.010906 0.817091
vt 0.010918 0.816204
vt 0.314573 0.816204
vt 0.314586 0.817091
vt 0.314745 0.840936
vt 0.010746 0.840936
vt 0.000000 0.000000
vt 0.729425 0.794130
vt 0.729350 0.795993
vt 0.336667 0.795980
vt 0.336667 0.794069
vt 0.507421 0.316646
vt 0.509781 0.316663
vt 0.509769 0.782978
vt 0.507409 0.782961
vt 0.336668 0.795984
vt 0.336668 0.794073
vt 0.729424 0.794141
vt 0.729349 0.796003
vt 0.729235 0.801486
vt 0.729235 0.803560
vt 0.336782 0.803547
vt 0.336782 0.801474
vt 0.509751 0.782999
vt 0.507428 0.782965
vt 0.507428 0.316625
vt 0.509776 0.316625
vt 0.336783 0.803551
vt 0.336783 0.801477
vt 0.729234 0.801496
vt 0.729254 0.803555
vt 0.679628 0.782883
vt 0.679628 0.316707
vt 0.337575 0.782883
vt 0.337563 0.316684
vt 0.678581 0.316503
vt 0.678465 0.783032
vt 0.338609 0.783121
vt 0.338726 0.316592
s 1
usemtl lambert5SG
f 1/1/1 3/2/2 19/3/3 21/4/4
f 2/5/5 1/6/1 6/7/6 5/8/7
f 3/2/2 2/9/5 8/10/8 7/11/9
f 4/11/10 6/12/6 22/13/11 24/14/12
f 5/10/7 4/11/10 12/2/13 11/9/14
f 7/11/9 9/12/15 14/15/16 13/14/17
f 9/16/15 8/17/8 11/18/14 10/19/18
f 10/1/18 12/2/13 18/3/19 17/4/20
f 13/14/17 15/20/21 20/21/22 19/3/3
f 15/22/21 14/23/16 17/24/20 16/25/23
f 16/26/23 18/3/19 24/14/12 23/20/24
f 21/27/4 20/28/22 23/29/24 22/30/11
f 2/5/5 5/8/7 11/18/14 8/17/8
f 9/16/15 10/19/18 17/24/20 14/23/16
f 15/22/21 16/25/23 23/29/24 20/28/22
f 21/27/4 22/30/11 6/31/6 1/32/1
f 4/11/10 24/14/12 18/3/19 12/2/13
f 19/3/3 3/2/2 7/11/9 13/14/17
f 1/1/1 2/9/5 3/2/2
f 4/11/10 5/10/7 6/12/6
f 7/11/9 8/10/8 9/12/15
f 10/1/18 11/9/14 12/2/13
f 13/14/17 14/15/16 15/20/21
f 16/26/23 17/4/20 18/3/19
f 19/3/3 20/21/22 21/4/4
f 22/13/11 23/20/24 24/14/12
f 25/1/1 27/2/2 43/3/3 45/4/4
f 26/5/5 25/6/1 30/7/6 29/8/7
f 27/2/2 26/9/5 32/10/8 31/11/9
f 28/11/10 30/12/6 46/13/11 48/14/12
f 29/10/7 28/11/10 36/2/13 35/9/14
f 31/11/9 33/12/15 38/15/16 37/14/17
f 33/16/15 32/17/8 35/18/14 34/19/18
f 34/1/18 36/2/13 42/3/19 41/4/20
f 37/14/17 39/20/21 44/21/22 43/3/3
f 39/22/21 38/23/16 41/24/20 40/25/23
f 40/26/23 42/3/19 48/14/12 47/20/24
f 45/27/4 44/28/22 47/29/24 46/30/11
f 26/5/5 29/8/7 35/18/14 32/17/8
f 33/16/15 34/19/18 41/24/20 38/23/16
f 39/22/21 40/25/23 47/29/24 44/28/22
f 45/27/4 46/30/11 30/31/6 25/32/1
f 28/11/10 48/14/12 42/3/19 36/2/13
f 43/3/3 27/2/2 31/11/9 37/14/17
f 25/1/1 26/9/5 27/2/2
f 28/11/10 29/10/7 30/12/6
f 31/11/9 32/10/8 33/12/15
f 34/1/18 35/9/14 36/2/13
f 37/14/17 38/15/16 39/20/21
f 40/26/23 41/4/20 42/3/19
f 43/3/3 44/21/22 45/4/4
f 46/13/11 47/20/24 48/14/12
f 49/1/25 51/2/26 67/3/27 69/4/28
f 50/5/29 49/6/25 54/7/30 53/8/31
f 51/2/26 50/9/29 56/10/32 55/11/33
f 52/11/34 54/12/30 70/13/35 72/14/36
f 53/10/31 52/11/34 60/2/37 59/9/38
f 55/11/33 57/12/39 62/15/40 61/14/41
f 57/16/39 56/17/32 59/18/38 58/19/42
f 58/1/42 60/2/37 66/3/43 65/4/44
f 61/14/41 63/20/45 68/21/46 67/3/27
f 63/22/45 62/23/40 65/24/44 64/25/47
f 64/26/47 66/3/43 72/14/36 71/20/48
f 69/27/28 68/28/46 71/29/48 70/30/35
f 50/5/29 53/8/31 59/18/38 56/17/32
f 57/16/39 58/19/42 65/24/44 62/23/40
f 63/22/45 64/25/47 71/29/48 68/28/46
f 69/27/28 70/30/35 54/31/30 49/32/25
f 52/11/34 72/14/36 66/3/43 60/2/37
f 67/3/27 51/2/26 55/11/33 61/14/41
f 49/1/25 50/9/29 51/2/26
f 52/11/34 53/10/31 54/12/30
f 55/11/33 56/10/32 57/12/39
f 58/1/42 59/9/38 60/2/37
f 61/14/41 62/15/40 63/20/45
f 64/26/47 65/4/44 66/3/43
f 67/3/27 68/21/46 69/4/28
f 70/13/35 71/20/48 72/14/36
f 121/1/25 123/2/26 139/3/27 141/4/28
f 122/5/29 121/6/25 126/7/30 125/8/31
f 123/2/26 122/9/29 128/10/32 127/11/33
f 124/11/34 126/12/30 142/13/35 144/14/36
f 125/10/31 124/11/34 132/2/78 131/9/79
f 127/11/33 129/12/39 134/15/40 133/14/41
f 129/16/39 128/17/32 131/18/79 130/19/42
f 130/1/42 132/2/78 138/3/43 137/4/44
f 133/14/41 135/20/45 140/21/46 139/3/27
f 135/22/45 134/23/40 137/24/44 136/25/47
f 136/26/47 138/3/43 144/14/36 143/20/48
f 141/27/28 140/28/46 143/29/48 142/30/35
f 122/5/29 125/8/31 131/18/79 128/17/32
f 129/16/39 130/19/42 137/24/44 134/23/40
f 135/22/45 136/25/47 143/29/48 140/28/46
f 141/27/28 142/30/35 126/31/30 121/32/25
f 124/11/34 144/14/36 138/3/43 132/2/78
f 139/3/27 123/2/26 127/11/33 133/14/41
f 121/1/25 122/9/29 123/2/26
f 124/11/34 125/10/31 126/12/30
f 127/11/33 128/10/32 129/12/39
f 130/1/42 131/9/79 132/2/78
f 133/14/41 134/15/40 135/20/45
f 136/26/47 137/4/44 138/3/43
f 139/3/27 140/21/46 141/4/28
f 142/13/35 143/20/48 144/14/36
f 145/75/80 165/76/81 163/77/82 147/78/83
f 146/75/84 149/79/85 150/79/86 145/75/80
f 147/80/83 151/81/87 152/82/88 146/75/84
f 148/83/89 168/84/90 166/85/91 150/79/86
f 149/79/85 155/86/92 156/87/93 148/88/89
f 151/89/87 157/90/94 158/91/95 153/82/96
f 153/82/96 154/86/97 155/86/92 152/82/88
f 154/86/97 161/92/98 162/93/99 156/94/93
f 157/95/94 163/96/82 164/76/100 159/97/101
f 159/91/101 160/92/102 161/92/98 158/91/95
f 160/98/102 167/85/103 168/99/90 162/100/99
f 165/76/81 166/85/91 167/85/103 164/76/100
f 146/75/84 152/82/88 155/86/92 149/79/85
f 153/82/96 158/91/95 161/92/98 154/86/97
f 159/97/101 164/76/100 167/85/103 160/98/102
f 165/76/81 145/75/80 150/79/86 166/85/91
f 145/75/80 147/80/83 146/75/84
f 148/83/89 150/79/86 149/79/85
f 151/89/87 153/82/96 152/82/88
f 154/86/97 156/94/93 155/101/92
f 157/90/94 159/91/101 158/91/95
f 160/102/102 162/93/99 161/92/98
f 163/96/82 165/76/81 164/76/100
f 166/85/91 168/84/90 167/85/103
f 169/75/104 189/76/105 187/77/106 171/78/107
f 170/75/108 173/79/109 174/79/110 169/75/104
f 171/80/107 175/81/111 176/82/112 170/75/108
f 172/83/113 192/84/114 190/85/115 174/79/110
f 173/79/109 179/86/116 180/87/99 172/88/113
f 175/89/111 181/90/117 182/91/118 177/82/119
f 177/82/119 178/86/120 179/86/116 176/82/112
f 178/86/120 185/92/121 186/93/93 180/94/99
f 181/95/117 187/96/106 188/76/122 183/97/123
f 183/91/123 184/92/124 185/92/121 182/91/118
f 184/98/124 191/85/125 192/99/114 186/100/93
f 189/76/105 190/85/115 191/85/125 188/76/122
f 170/75/108 176/82/112 179/86/116 173/79/109
f 177/82/119 182/91/118 185/92/121 178/86/120
f 183/97/123 188/76/122 191/85/125 184/98/124
f 189/76/105 169/75/104 174/79/110 190/85/115
f 169/75/104 171/80/107 170/75/108
f 172/83/113 174/79/110 173/79/109
f 175/89/111 177/82/119 176/82/112
f 178/86/120 180/94/99 179/101/116
f 181/90/117 183/91/123 182/91/118
f 184/102/124 186/93/93 185/92/121
f 187/96/106 189/76/105 188/76/122
f 190/85/115 192/84/114 191/85/125
f 653/75/104 673/76/582 671/77/106 655/78/107
f 654/75/108 657/79/109 658/79/110 653/75/104
f 655/80/107 659/81/111 660/82/112 654/75/108
f 656/83/113 676/84/114 674/85/115 658/79/110
f 657/79/109 663/86/116 664/87/99 656/88/113
f 659/89/111 665/90/117 666/91/118 661/82/119
f 661/82/119 662/86/120 663/86/116 660/82/112
f 662/86/120 669/92/121 670/93/93 664/94/99
f 665/95/117 671/96/106 672/76/122 667/97/123
f 667/91/123 668/92/124 669/92/121 666/91/118
f 668/98/124 675/85/125 676/99/114 670/100/93
f 673/76/582 674/85/115 675/85/125 672/76/122
f 654/75/108 660/82/112 663/86/116 657/79/109
f 661/82/119 666/91/118 669/92/121 662/86/120
f 667/97/123 672/76/122 675/85/125 668/98/124
f 673/76/582 653/75/104 658/79/110 674/85/115
f 653/75/104 655/80/107 654/75/108
f 656/83/113 658/79/110 657/79/109
f 659/89/111 661/82/119 660/82/112
f 662/86/120 664/94/99 663/101/116
f 665/90/117 667/91/123 666/91/118
f 668/102/124 670/93/93 669/92/121
f 671/96/106 673/76/582 672/76/122
f 674/85/115 676/84/114 675/85/125
f 677/75/583 697/76/81 695/77/82 679/78/83
f 678/75/84 681/79/85 682/79/86 677/75/583
f 679/80/83 683/81/87 684/82/88 678/75/84
f 680/83/89 700/84/90 698/85/91 682/79/86
f 681/79/85 687/86/92 688/87/93 680/88/89
f 683/89/87 689/90/94 690/91/584 685/82/96
f 685/82/96 686/86/97 687/86/92 684/82/88
f 686/86/97 693/92/98 694/93/99 688/94/93
f 689/95/94 695/96/82 696/76/100 691/97/101
f 691/91/101 692/92/102 693/92/98 690/91/584
f 692/98/102 699/85/103 700/99/90 694/100/99
f 697/76/81 698/85/91 699/85/103 696/76/100
f 678/75/84 684/82/88 687/86/92 681/79/85
f 685/82/96 690/91/584 693/92/98 686/86/97
f 691/97/101 696/76/100 699/85/103 692/98/102
f 697/76/81 677/75/583 682/79/86 698/85/91
f 677/75/583 679/80/83 678/75/84
f 680/83/89 682/79/86 681/79/85
f 683/89/87 685/82/96 684/82/88
f 686/86/97 688/94/93 687/101/92
f 689/90/94 691/91/101 690/91/584
f 692/102/102 694/93/99 693/92/98
f 695/96/82 697/76/81 696/76/100
f 698/85/91 700/84/90 699/85/103
usemtl lambert4SG
f 73/33/49 75/34/50 91/35/51 93/36/52
f 74/37/53 73/38/49 78/39/54 77/40/55
f 75/34/50 74/41/53 80/42/56 79/43/57
f 76/44/58 78/45/54 94/46/59 96/47/60
f 77/48/55 76/44/58 84/49/61 83/50/62
f 79/43/57 81/51/63 86/52/64 85/53/65
f 81/54/63 80/55/56 83/56/62 82/57/66
f 82/58/66 84/49/61 90/59/67 89/60/68
f 85/53/65 87/61/69 92/62/70 91/35/51
f 87/63/69 86/64/64 89/65/68 88/66/71
f 88/67/71 90/59/67 96/47/60 95/68/72
f 93/69/52 92/70/70 95/71/72 94/72/59
f 74/37/53 77/40/55 83/56/62 80/55/56
f 81/54/63 82/57/66 89/65/68 86/64/64
f 87/63/69 88/66/71 95/73/72 92/74/70
f 93/69/52 94/72/59 78/39/54 73/38/49
f 76/44/58 96/47/60 90/59/67 84/49/61
f 91/35/51 75/34/50 79/43/57 85/53/65
f 73/33/49 74/41/53 75/34/50
f 76/44/58 77/48/55 78/45/54
f 79/43/57 80/42/56 81/51/63
f 82/58/66 83/50/62 84/49/61
f 85/53/65 86/52/64 87/61/69
f 88/67/71 89/60/68 90/59/67
f 91/35/51 92/62/70 93/36/52
f 94/46/59 95/68/72 96/47/60
f 97/33/49 99/34/50 115/35/51 117/36/52
f 98/37/73 97/38/49 102/39/54 101/40/55
f 99/34/50 98/41/73 104/42/56 103/43/57
f 100/44/58 102/45/54 118/46/59 120/47/60
f 101/48/55 100/44/58 108/49/74 107/50/75
f 103/43/57 105/51/63 110/52/64 109/53/65
f 105/54/63 104/55/56 107/56/75 106/57/66
f 106/58/66 108/49/74 114/59/67 113/60/68
f 109/53/65 111/61/76 116/62/70 115/35/51
f 111/63/76 110/64/64 113/65/68 112/66/71
f 112/67/71 114/59/67 120/47/60 119/68/77
f 117/69/52 116/70/70 119/71/77 118/72/59
f 98/37/73 101/40/55 107/56/75 104/55/56
f 105/54/63 106/57/66 113/65/68 110/64/64
f 111/63/76 112/66/71 119/73/77 116/74/70
f 117/69/52 118/72/59 102/39/54 97/38/49
f 100/44/58 120/47/60 114/59/67 108/49/74
f 115/35/51 99/34/50 103/43/57 109/53/65
f 97/33/49 98/41/73 99/34/50
f 100/44/58 101/48/55 102/45/54
f 103/43/57 104/42/56 105/51/63
f 106/58/66 107/50/75 108/49/74
f 109/53/65 110/52/64 111/61/76
f 112/67/71 113/60/68 114/59/67
f 115/35/51 116/62/70 117/36/52
f 118/46/59 119/68/77 120/47/60
f 1296/1309/1125 1295/1310/1126 1298/1311/1126 1297/1312/1125
f 1300/1313/1127 1299/1314/1128 1302/1315/1128 1301/1316/1127
f 1304/1317/1129 1303/1318/1130 1306/1319/1130 1305/1320/1129
f 1308/1321/1131 1307/1322/1132 1310/1323/1132 1309/1324/1131
f 1296/1309/1125 1297/1312/1125 1302/1315/1128 1299/1314/1128
f 1300/1313/1127 1301/1316/1127 1306/1319/1130 1303/1318/1130
f 1304/1317/1129 1305/1320/1129 1310/1323/1132 1307/1322/1132
f 1308/1321/1131 1309/1324/1131 1298/1325/1126 1295/1326/1126
usemtl lambert10SG
f 193/103/126 194/104/127 199/105/128 198/106/129
f 194/104/127 195/107/130 200/108/131 199/105/128
f 195/107/130 196/109/132 201/110/133 200/108/131
f 196/109/132 197/111/134 202/112/135 201/110/133
f 197/113/134 193/103/126 198/106/129 202/114/135
f 194/115/127 193/116/126 203/117/136
f 195/118/130 194/115/127 203/117/136
f 196/119/132 195/118/130 203/117/136
f 197/120/134 196/119/132 203/117/136
f 193/116/126 197/120/134 203/117/136
f 253/121/137 303/122/138 304/123/139
f 303/122/138 354/124/140 304/123/139
f 354/124/140 404/125/141 304/123/139
f 404/125/141 454/126/142 304/123/139
f 454/126/142 253/121/137 304/123/139
f 198/106/129 199/105/128 254/127/143 204/128/144
f 204/128/144 254/127/143 255/129/145 205/130/146
f 205/130/146 255/129/145 256/131/147 206/132/148
f 206/132/148 256/131/147 257/133/149 207/134/150
f 207/134/150 257/133/149 258/135/151 208/136/152
f 208/136/152 258/135/151 259/137/153 209/138/154
f 209/138/154 259/137/153 260/139/155 210/140/156
f 210/140/156 260/139/155 261/141/157 211/142/158
f 211/142/158 261/141/157 262/143/159 212/144/160
f 212/144/160 262/143/159 263/145/161 213/146/162
f 213/146/162 263/145/161 264/147/163 214/148/164
f 214/148/164 264/147/163 265/149/165 215/150/166
f 215/150/166 265/149/165 266/151/167 216/152/168
f 216/152/168 266/151/167 267/153/169 217/154/170
f 217/154/170 267/153/169 268/155/171 218/156/172
f 218/156/172 268/155/171 269/157/173 219/158/174
f 219/158/174 269/157/173 270/159/175 220/160/176
f 220/160/176 270/159/175 271/161/177 221/162/178
f 221/162/178 271/161/177 272/163/179 222/164/180
f 222/164/180 272/163/179 273/165/181 223/166/182
f 223/166/182 273/165/181 274/167/183 224/168/184
f 224/168/184 274/167/183 275/169/185 225/170/186
f 225/170/186 275/169/185 276/171/187 226/172/188
f 226/172/188 276/171/187 277/173/189 227/174/190
f 227/174/190 277/173/189 278/175/191 228/176/192
f 228/176/192 278/175/191 279/177/193 229/178/194
f 229/178/194 279/177/193 280/179/195 230/180/196
f 230/180/196 280/179/195 281/181/197 231/182/198
f 231/182/198 281/181/197 282/183/199 232/184/200
f 232/184/200 282/183/199 283/185/201 233/186/202
f 233/186/202 283/185/201 284/187/203 234/188/204
f 234/188/204 284/187/203 285/189/205 235/190/206
f 235/190/206 285/189/205 286/191/207 236/192/208
f 236/192/208 286/191/207 287/193/209 237/194/210
f 237/194/210 287/193/209 288/195/211 238/196/212
f 238/196/212 288/195/211 289/197/213 239/198/214
f 239/198/214 289/197/213 290/199/215 240/200/216
f 240/200/216 290/199/215 291/201/217 241/202/218
f 241/202/218 291/201/217 292/203/219 242/204/220
f 242/204/220 292/203/219 293/205/221 243/206/222
f 243/206/222 293/205/221 294/207/223 244/208/224
f 244/208/224 294/207/223 295/209/225 245/210/226
f 245/210/226 295/209/225 296/211/227 246/212/228
f 246/212/228 296/211/227 297/213/229 247/214/230
f 247/214/230 297/213/229 298/215/231 248/216/232
f 248/216/232 298/215/231 299/217/233 249/218/234
f 249/218/234 299/217/233 300/219/235 250/220/236
f 250/220/236 300/219/235 301/221/237 251/222/238
f 251/222/238 301/221/237 302/223/239 252/224/240
f 252/224/240 302/223/239 303/225/138 253/226/137
f 199/105/128 200/108/131 305/227/241 254/127/143
f 254/127/143 305/227/241 306/228/242 255/129/145
f 255/129/145 306/228/242 307/229/243 256/131/147
f 256/131/147 307/229/243 308/230/244 257/133/149
f 257/133/149 308/230/244 309/231/245 258/135/151
f 258/135/151 309/231/245 310/232/246 259/137/153
f 259/137/153 310/232/246 311/233/247 260/139/155
f 260/139/155 311/233/247 312/234/248 261/141/157
f 261/141/157 312/234/248 313/235/249 262/143/159
f 262/143/159 313/235/249 314/236/250 263/145/161
f 263/145/161 314/236/250 315/237/251 264/147/163
f 264/147/163 315/237/251 316/238/252 265/149/165
f 265/149/165 316/238/252 317/239/253 266/151/167
f 266/151/167 317/239/253 318/240/254 267/153/169
f 267/153/169 318/240/254 319/241/255 268/155/171
f 268/155/171 319/241/255 320/242/256 269/157/173
f 269/157/173 320/242/256 321/243/257 270/159/175
f 270/159/175 321/243/257 322/244/258 271/161/177
f 271/161/177 322/244/258 323/245/259 272/163/179
f 272/163/179 323/245/259 324/246/260 273/165/181
f 273/165/181 324/246/260 325/247/261 274/167/183
f 274/167/183 325/247/261 326/248/262 275/169/185
f 275/169/185 326/248/262 327/249/263 276/171/187
f 276/171/187 327/249/263 328/250/264 277/173/189
f 277/173/189 328/250/264 329/251/265 278/175/191
f 278/175/191 329/251/265 330/252/266 279/177/193
f 279/177/193 330/252/266 331/253/267 280/179/195
f 280/179/195 331/253/267 332/254/268 281/181/197
f 281/181/197 332/254/268 333/255/269 282/183/199
f 282/183/199 333/255/269 334/256/270 283/185/201
f 283/185/201 334/256/270 335/257/271 284/187/203
f 284/187/203 335/257/271 336/258/272 285/189/205
f 285/189/205 336/258/272 337/259/273 286/191/207
f 286/191/207 337/259/273 338/260/274 287/193/209
f 287/193/209 338/260/274 339/261/275 288/195/211
f 288/195/211 339/261/275 340/262/276 289/197/213
f 289/197/213 340/262/276 341/263/277 290/199/215
f 290/199/215 341/263/277 342/264/278 291/201/217
f 291/201/217 342/264/278 343/265/279 292/203/219
f 292/203/219 343/265/279 344/266/280 293/205/221
f 293/205/221 344/266/280 345/267/281 294/207/223
f 294/207/223 345/267/281 346/268/282 295/209/225
f 295/209/225 346/268/282 347/269/283 296/211/227
f 296/211/227 347/269/283 348/270/284 297/213/229
f 297/213/229 348/270/284 349/271/285 298/215/231
f 298/215/231 349/271/285 350/272/286 299/217/233
f 299/217/233 350/272/286 351/273/287 300/219/235
f 300/219/235 351/273/287 352/274/288 301/221/237
f 301/221/237 352/274/288 353/275/289 302/223/239
f 302/223/239 353/275/289 354/276/140 303/225/138
f 200/108/131 201/110/133 355/277/290 305/227/241
f 305/227/241 355/277/290 356/278/291 306/228/242
f 306/228/242 356/278/291 357/279/292 307/229/243
f 307/229/243 357/279/292 358/280/293 308/230/244
f 308/230/244 358/280/293 359/281/294 309/231/245
f 309/231/245 359/281/294 360/282/295 310/232/246
f 310/232/246 360/282/295 361/283/296 311/233/247
f 311/233/247 361/283/296 362/284/297 312/234/248
f 312/234/248 362/284/297 363/285/298 313/235/249
f 313/235/249 363/285/298 364/286/299 314/236/250
f 314/236/250 364/286/299 365/287/300 315/237/251
f 315/237/251 365/287/300 366/288/301 316/238/252
f 316/238/252 366/288/301 367/289/302 317/239/253
f 317/239/253 367/289/302 368/290/303 318/240/254
f 318/240/254 368/290/303 369/291/304 319/241/255
f 319/241/255 369/291/304 370/292/305 320/242/256
f 320/242/256 370/292/305 371/293/306 321/243/257
f 321/243/257 371/293/306 372/294/307 322/244/258
f 322/244/258 372/294/307 373/295/308 323/245/259
f 323/245/259 373/295/308 374/296/309 324/246/260
f 324/246/260 374/296/309 375/297/310 325/247/261
f 325/247/261 375/297/310 376/298/311 326/248/262
f 326/248/262 376/298/311 377/299/312 327/249/263
f 327/249/263 377/299/312 378/300/313 328/250/264
f 328/250/264 378/300/313 379/301/314 329/251/265
f 329/251/265 379/301/314 380/302/315 330/252/266
f 330/252/266 380/302/315 381/303/316 331/253/267
f 331/253/267 381/303/316 382/304/317 332/254/268
f 332/254/268 382/304/317 383/305/318 333/255/269
f 333/255/269 383/305/318 384/306/319 334/256/270
f 334/256/270 384/306/319 385/307/320 335/257/271
f 335/257/271 385/307/320 386/308/321 336/258/272
f 336/258/272 386/308/321 387/309/322 337/259/273
f 337/259/273 387/309/322 388/310/323 338/260/274
f 338/260/274 388/310/323 389/311/324 339/261/275
f 339/261/275 389/311/324 390/312/325 340/262/276
f 340/262/276 390/312/325 391/313/326 341/263/277
f 341/263/277 391/313/326 392/314/327 342/264/278
f 342/264/278 392/314/327 393/315/328 343/265/279
f 343/265/279 393/315/328 394/316/329 344/266/280
f 344/266/280 394/316/329 395/317/330 345/267/281
f 345/267/281 395/317/330 396/318/331 346/268/282
f 346/268/282 396/318/331 397/319/332 347/269/283
f 347/269/283 397/319/332 398/320/333 348/270/284
f 348/270/284 398/320/333 399/321/334 349/271/285
f 349/271/285 399/321/334 400/322/335 350/272/286
f 350/272/286 400/322/335 401/323/336 351/273/287
f 351/273/287 401/323/336 402/324/337 352/274/288
f 352/274/288 402/324/337 403/325/338 353/275/289
f 353/275/289 403/325/338 404/326/141 354/276/140
f 201/110/133 202/112/135 405/327/339 355/277/290
f 355/277/290 405/327/339 406/328/340 356/278/291
f 356/278/291 406/328/340 407/329/341 357/279/292
f 357/279/292 407/329/341 408/330/342 358/280/293
f 358/280/293 408/330/342 409/331/343 359/281/294
f 359/281/294 409/331/343 410/332/344 360/282/295
f 360/282/295 410/332/344 411/333/345 361/283/296
f 361/283/296 411/333/345 412/334/346 362/284/297
f 362/284/297 412/334/346 413/335/347 363/285/298
f 363/285/298 413/335/347 414/336/348 364/286/299
f 364/286/299 414/336/348 415/337/349 365/287/300
f 365/287/300 415/337/349 416/338/350 366/288/301
f 366/288/301 416/338/350 417/339/351 367/289/302
f 367/289/302 417/339/351 418/340/352 368/290/303
f 368/290/303 418/340/352 419/341/353 369/291/304
f 369/291/304 419/341/353 420/342/354 370/292/305
f 370/292/305 420/342/354 421/343/355 371/293/306
f 371/293/306 421/343/355 422/344/356 372/294/307
f 372/294/307 422/344/356 423/345/357 373/295/308
f 373/295/308 423/345/357 424/346/358 374/296/309
f 374/296/309 424/346/358 425/347/359 375/297/310
f 375/297/310 425/347/359 426/348/360 376/298/311
f 376/298/311 426/348/360 427/349/361 377/299/312
f 377/299/312 427/349/361 428/350/362 378/300/313
f 378/300/313 428/350/362 429/351/363 379/301/314
f 379/301/314 429/351/363 430/352/364 380/302/315
f 380/302/315 430/352/364 431/353/365 381/303/316
f 381/303/316 431/353/365 432/354/366 382/304/317
f 382/304/317 432/354/366 433/355/367 383/305/318
f 383/305/318 433/355/367 434/356/368 384/306/319
f 384/306/319 434/356/368 435/357/369 385/307/320
f 385/307/320 435/357/369 436/358/370 386/308/321
f 386/308/321 436/358/370 437/359/371 387/309/322
f 387/309/322 437/359/371 438/360/372 388/310/323
f 388/310/323 438/360/372 439/361/373 389/311/324
f 389/311/324 439/361/373 440/362/374 390/312/325
f 390/312/325 440/362/374 441/363/375 391/313/326
f 391/313/326 441/363/375 442/364/376 392/314/327
f 392/314/327 442/364/376 443/365/377 393/315/328
f 393/315/328 443/365/377 444/366/378 394/316/329
f 394/316/329 444/366/378 445/367/379 395/317/330
f 395/317/330 445/367/379 446/368/380 396/318/331
f 396/318/331 446/368/380 447/369/381 397/319/332
f 397/319/332 447/369/381 448/370/382 398/320/333
f 398/320/333 448/370/382 449/371/383 399/321/334
f 399/321/334 449/371/383 450/372/384 400/322/335
f 400/322/335 450/372/384 451/373/385 401/323/336
f 401/323/336 451/373/385 452/374/386 402/324/337
f 402/324/337 452/374/386 453/375/387 403/325/338
f 403/325/338 453/375/387 454/376/142 404/326/141
f 202/114/135 198/106/129 204/128/144 405/377/339
f 405/377/339 204/128/144 205/130/146 406/378/340
f 406/378/340 205/130/146 206/132/148 407/379/341
f 407/379/341 206/132/148 207/134/150 408/380/342
f 408/380/342 207/134/150 208/136/152 409/381/343
f 409/381/343 208/136/152 209/138/154 410/382/344
f 410/382/344 209/138/154 210/140/156 411/383/345
f 411/383/345 210/140/156 211/142/158 412/384/346
f 412/384/346 211/142/158 212/144/160 413/385/347
f 413/385/347 212/144/160 213/146/162 414/386/348
f 414/386/348 213/146/162 214/148/164 415/387/349
f 415/387/349 214/148/164 215/150/166 416/388/350
f 416/388/350 215/150/166 216/152/168 417/389/351
f 417/389/351 216/152/168 217/154/170 418/390/352
f 418/390/352 217/154/170 218/156/172 419/391/353
f 419/391/353 218/156/172 219/158/174 420/392/354
f 420/392/354 219/158/174 220/160/176 421/393/355
f 421/393/355 220/160/176 221/162/178 422/394/356
f 422/394/356 221/162/178 222/164/180 423/395/357
f 423/395/357 222/164/180 223/166/182 424/396/358
f 424/396/358 223/166/182 224/168/184 425/397/359
f 425/397/359 224/168/184 225/170/186 426/398/360
f 426/398/360 225/170/186 226/172/188 427/399/361
f 427/399/361 226/172/188 227/174/190 428/400/362
f 428/400/362 227/174/190 228/176/192 429/401/363
f 429/401/363 228/176/192 229/178/194 430/402/364
f 430/402/364 229/178/194 230/180/196 431/403/365
f 431/403/365 230/180/196 231/182/198 432/404/366
f 432/404/366 231/182/198 232/184/200 433/405/367
f 433/405/367 232/184/200 233/186/202 434/406/368
f 434/406/368 233/186/202 234/188/204 435/407/369
f 435/407/369 234/188/204 235/190/206 436/408/370
f 436/408/370 235/190/206 236/192/208 437/409/371
f 437/409/371 236/192/208 237/194/210 438/410/372
f 438/410/372 237/194/210 238/196/212 439/411/373
f 439/411/373 238/196/212 239/198/214 440/412/374
f 440/412/374 239/198/214 240/200/216 441/413/375
f 441/413/375 240/200/216 241/202/218 442/414/376
f 442/414/376 241/202/218 242/204/220 443/415/377
f 443/415/377 242/204/220 243/206/222 444/416/378
f 444/416/378 243/206/222 244/208/224 445/417/379
f 445/417/379 244/208/224 245/210/226 446/418/380
f 446/418/380 245/210/226 246/212/228 447/419/381
f 447/419/381 246/212/228 247/214/230 448/420/382
f 448/420/382 247/214/230 248/216/232 449/421/383
f 449/421/383 248/216/232 249/218/234 450/422/384
f 450/422/384 249/218/234 250/220/236 451/423/385
f 451/423/385 250/220/236 251/222/238 452/424/386
f 452/424/386 251/222/238 252/224/240 453/425/387
f 453/425/387 252/224/240 253/226/137 454/426/142
usemtl blinn1SG
f 456/427/388 455/428/389 461/429/390 462/430/391
f 457/431/136 456/427/388 462/430/391 463/432/392
f 458/433/393 457/431/136 463/432/392 464/434/394
f 459/435/395 458/433/393 464/434/394 465/436/396
f 460/437/397 459/435/395 465/436/396 466/438/398
f 455/428/389 460/437/397 466/438/398 461/429/390
f 462/430/391 461/429/390 467/439/399 468/440/400
f 463/432/392 462/430/391 468/440/400 469/441/401
f 464/434/394 463/432/392 469/441/401 470/442/402
f 465/436/396 464/434/394 470/442/402 471/443/403
f 466/438/398 465/436/396 471/443/403 472/444/404
f 461/429/390 466/438/398 472/444/404 467/439/399
f 468/440/400 467/439/399 473/445/405 474/446/406
f 469/441/401 468/440/400 474/446/406 475/447/397
f 470/442/402 469/441/401 475/447/397 476/448/407
f 471/443/403 470/442/402 476/448/407 477/449/408
f 472/444/404 471/443/403 477/449/408 478/450/136
f 467/439/399 472/444/404 478/450/136 473/445/405
f 474/448/406 473/449/405 479/443/409 480/442/410
f 475/447/397 474/448/406 480/442/410 481/441/411
f 476/446/407 475/447/397 481/441/411 482/440/412
f 477/445/408 476/446/407 482/440/412 483/439/413
f 478/450/136 477/445/408 483/439/413 484/444/414
f 473/449/405 478/450/136 484/444/414 479/443/409
f 480/442/410 479/443/409 485/436/415 486/434/416
f 481/441/411 480/442/410 486/434/416 487/432/417
f 482/440/412 481/441/411 487/432/417 488/430/418
f 483/439/413 482/440/412 488/430/418 489/429/419
f 484/444/414 483/439/413 489/429/419 490/451/420
f 479/443/409 484/444/414 490/451/420 485/436/415
f 486/434/416 485/436/415 455/435/389 456/433/388
f 487/432/417 486/434/416 456/433/388 457/431/136
f 488/430/418 487/432/417 457/431/136 458/427/393
f 489/429/419 488/430/418 458/427/393 459/428/395
f 490/451/420 489/429/419 459/428/395 460/437/397
f 485/436/415 490/451/420 460/437/397 455/435/389
f 748/750/629 747/751/630 752/752/631 753/753/632
f 750/754/633 749/755/634 754/756/635 755/757/636
f 751/758/397 750/754/633 755/757/636 756/759/637
f 747/751/630 751/758/397 756/759/637 752/752/631
f 753/753/632 752/752/631 757/760/638 758/761/639
f 755/757/636 754/756/635 759/762/640 760/763/641
f 756/759/637 755/757/636 760/763/641 761/764/642
f 752/752/631 756/759/637 761/764/642 757/760/638
f 758/761/639 757/760/638 762/765/643 763/766/634
f 760/763/641 759/762/640 764/767/629 765/768/644
f 761/764/642 760/763/641 765/768/644 766/769/136
f 757/760/638 761/764/642 766/769/136 762/765/643
f 763/770/634 762/771/643 767/772/645 768/773/646
f 765/774/644 764/775/629 769/776/647 770/777/648
f 766/778/136 765/774/644 770/777/648 771/779/649
f 762/771/643 766/778/136 771/779/649 767/772/645
f 768/773/646 767/772/645 772/780/650 773/781/651
f 770/777/648 769/776/647 774/782/652 775/783/653
f 771/779/649 770/777/648 775/783/653 776/784/654
f 767/772/645 771/779/649 776/784/654 772/780/650
f 773/781/651 772/780/650 747/785/630 748/786/629
f 775/783/653 774/782/652 749/787/634 750/788/633
f 776/784/654 775/783/653 750/788/633 751/789/397
f 772/780/650 776/784/654 751/789/397 747/785/630
f 778/790/655 777/791/656 783/429/657 784/792/658
f 779/431/136 778/790/655 784/792/658 785/432/659
f 780/433/660 779/431/136 785/432/659 786/793/661
f 781/435/662 780/433/660 786/793/661 787/436/663
f 782/437/397 781/435/662 787/436/663 788/451/664
f 777/791/656 782/437/397 788/451/664 783/429/657
f 784/792/658 783/429/657 789/794/665 790/795/666
f 785/432/659 784/792/658 790/795/666 791/441/667
f 786/793/661 785/432/659 791/441/667 792/442/668
f 787/436/663 786/793/661 792/442/668 793/443/669
f 788/451/664 787/436/663 793/443/669 794/444/670
f 783/429/657 788/451/664 794/444/670 789/794/665
f 790/795/666 789/794/665 795/445/671 796/446/672
f 791/441/667 790/795/666 796/446/672 797/447/397
f 792/442/668 791/441/667 797/447/397 798/448/673
f 793/443/669 792/442/668 798/448/673 799/449/674
f 794/444/670 793/443/669 799/449/674 800/796/136
f 789/794/665 794/444/670 800/796/136 795/445/671
f 796/448/672 795/449/671 801/443/675 802/442/676
f 797/447/397 796/448/672 802/442/676 803/441/677
f 798/446/673 797/447/397 803/441/677 804/795/678
f 799/445/674 798/446/673 804/795/678 805/794/679
f 800/796/136 799/445/674 805/794/679 806/444/680
f 795/449/671 800/796/136 806/444/680 801/443/675
f 802/442/676 801/443/675 807/797/681 808/793/682
f 803/441/677 802/442/676 808/793/682 809/432/683
f 804/795/678 803/441/677 809/432/683 810/792/684
f 805/794/679 804/795/678 810/792/684 811/798/685
f 806/444/680 805/794/679 811/798/685 812/451/686
f 801/443/675 806/444/680 812/451/686 807/797/681
f 808/793/682 807/797/681 777/435/656 778/433/655
f 809/432/683 808/793/682 778/433/655 779/431/136
f 810/792/684 809/432/683 779/431/136 780/790/660
f 811/798/685 810/792/684 780/790/660 781/791/662
f 812/451/686 811/798/685 781/791/662 782/437/397
f 807/797/681 812/451/686 782/437/397 777/435/656
f 814/790/687 813/791/688 819/429/689 820/792/690
f 815/431/136 814/790/687 820/792/690 821/432/691
f 816/433/692 815/431/136 821/432/691 822/793/693
f 817/435/694 816/433/692 822/793/693 823/436/695
f 818/437/397 817/435/694 823/436/695 824/451/696
f 813/791/688 818/437/397 824/451/696 819/429/689
f 820/792/690 819/429/689 825/794/697 826/795/698
f 821/432/691 820/792/690 826/795/698 827/441/699
f 822/793/693 821/432/691 827/441/699 828/442/700
f 823/436/695 822/793/693 828/442/700 829/443/701
f 824/451/696 823/436/695 829/443/701 830/444/702
f 819/429/689 824/451/696 830/444/702 825/794/697
f 826/795/698 825/794/697 831/445/703 832/446/704
f 827/441/699 826/795/698 832/446/704 833/447/397
f 828/442/700 827/441/699 833/447/397 834/448/705
f 829/443/701 828/442/700 834/448/705 835/449/706
f 830/444/702 829/443/701 835/449/706 836/796/136
f 825/794/697 830/444/702 836/796/136 831/445/703
f 832/448/704 831/449/703 837/443/707 838/442/708
f 833/447/397 832/448/704 838/442/708 839/441/709
f 834/446/705 833/447/397 839/441/709 840/795/710
f 835/445/706 834/446/705 840/795/710 841/794/711
f 836/796/136 835/445/706 841/794/711 842/444/712
f 831/449/703 836/796/136 842/444/712 837/443/707
f 838/442/708 837/443/707 843/797/713 844/793/714
f 839/441/709 838/442/708 844/793/714 845/432/715
f 840/795/710 839/441/709 845/432/715 846/792/716
f 841/794/711 840/795/710 846/792/716 847/798/717
f 842/444/712 841/794/711 847/798/717 848/451/718
f 837/443/707 842/444/712 848/451/718 843/797/713
f 844/793/714 843/797/713 813/435/688 814/433/687
f 845/432/715 844/793/714 814/433/687 815/431/136
f 846/792/716 845/432/715 815/431/136 816/790/692
f 847/798/717 846/792/716 816/790/692 817/791/694
f 848/451/718 847/798/717 817/791/694 818/437/397
f 843/797/713 848/451/718 818/437/397 813/435/688
f 850/799/719 849/800/720 855/801/721 856/802/722
f 851/803/136 850/799/719 856/802/722 857/804/723
f 852/805/724 851/803/136 857/804/723 858/806/725
f 853/807/726 852/805/724 858/806/725 859/808/727
f 854/809/397 853/807/726 859/808/727 860/810/728
f 849/800/720 854/809/397 860/810/728 855/801/721
f 856/802/722 855/801/721 861/811/729 862/812/730
f 857/804/723 856/802/722 862/812/730 863/813/731
f 858/806/725 857/804/723 863/813/731 864/814/732
f 859/808/727 858/806/725 864/814/732 865/815/733
f 860/810/728 859/808/727 865/815/733 866/816/734
f 855/801/721 860/810/728 866/816/734 861/811/729
f 862/812/730 861/811/729 867/817/735 868/818/736
f 863/813/731 862/812/730 868/818/736 869/819/397
f 864/814/732 863/813/731 869/819/397 870/820/737
f 865/815/733 864/814/732 870/820/737 871/821/738
f 866/816/734 865/815/733 871/821/738 872/822/136
f 861/811/729 866/816/734 872/822/136 867/817/735
f 868/820/736 867/823/735 873/815/739 874/814/740
f 869/819/397 868/820/736 874/814/740 875/813/741
f 870/818/737 869/819/397 875/813/741 876/812/742
f 871/817/738 870/818/737 876/812/742 877/811/743
f 872/822/136 871/817/738 877/811/743 878/816/744
f 867/823/735 872/822/136 878/816/744 873/815/739
f 874/814/740 873/815/739 879/824/745 880/825/746
f 875/813/741 874/814/740 880/825/746 881/804/747
f 876/812/742 875/813/741 881/804/747 882/802/748
f 877/811/743 876/812/742 882/802/748 883/801/749
f 878/816/744 877/811/743 883/801/749 884/810/750
f 873/815/739 878/816/744 884/810/750 879/824/745
f 880/825/746 879/824/745 849/807/720 850/805/719
f 881/804/747 880/825/746 850/805/719 851/803/136
f 882/802/748 881/804/747 851/803/136 852/799/724
f 883/801/749 882/802/748 852/799/724 853/800/726
f 884/810/750 883/801/749 853/800/726 854/809/397
f 879/824/745 884/810/750 854/809/397 849/807/720
f 886/427/751 885/428/752 891/429/753 892/430/754
f 887/431/136 886/427/751 892/430/754 893/432/755
f 888/433/756 887/431/136 893/432/755 894/434/757
f 889/435/758 888/433/756 894/434/757 895/436/759
f 890/437/397 889/435/758 895/436/759 896/438/760
f 885/428/752 890/437/397 896/438/760 891/429/753
f 892/430/754 891/429/753 897/439/761 898/440/762
f 893/432/755 892/430/754 898/440/762 899/441/763
f 894/434/757 893/432/755 899/441/763 900/442/764
f 895/436/759 894/434/757 900/442/764 901/443/765
f 896/438/760 895/436/759 901/443/765 902/444/766
f 891/429/753 896/438/760 902/444/766 897/439/761
f 898/440/762 897/439/761 903/445/767 904/446/768
f 899/441/763 898/440/762 904/446/768 905/447/397
f 900/442/764 899/441/763 905/447/397 906/448/769
f 901/443/765 900/442/764 906/448/769 907/449/770
f 902/444/766 901/443/765 907/449/770 908/450/136
f 897/439/761 902/444/766 908/450/136 903/445/767
f 904/448/768 903/449/767 909/443/771 910/442/772
f 905/447/397 904/448/768 910/442/772 911/441/773
f 906/446/769 905/447/397 911/441/773 912/440/774
f 907/445/770 906/446/769 912/440/774 913/439/775
f 908/450/136 907/445/770 913/439/775 914/444/776
f 903/449/767 908/450/136 914/444/776 909/443/771
f 910/442/772 909/443/771 915/436/777 916/434/778
f 911/441/773 910/442/772 916/434/778 917/432/779
f 912/440/774 911/441/773 917/432/779 918/430/780
f 913/439/775 912/440/774 918/430/780 919/429/781
f 914/444/776 913/439/775 919/429/781 920/451/782
f 909/443/771 914/444/776 920/451/782 915/436/777
f 916/434/778 915/436/777 885/435/752 886/433/751
f 917/432/779 916/434/778 886/433/751 887/431/136
f 918/430/780 917/432/779 887/431/136 888/427/756
f 919/429/781 918/430/780 888/427/756 889/428/758
f 920/451/782 919/429/781 889/428/758 890/437/397
f 915/436/777 920/451/782 890/437/397 885/435/752
usemtl lambert9SG
f 491/452/421 492/453/422 497/454/423 496/455/424
f 492/453/422 493/456/425 498/457/426 497/454/423
f 493/456/425 494/458/427 499/459/428 498/457/426
f 494/458/427 495/460/429 500/461/430 499/459/428
f 495/462/429 491/452/421 496/455/424 500/463/430
f 561/464/431 531/465/432 562/466/433
f 592/467/434 561/464/431 562/466/433
f 622/468/435 592/467/434 562/466/433
f 652/469/436 622/468/435 562/466/433
f 531/465/432 652/469/436 562/466/433
f 496/470/424 497/471/423 501/472/397
f 497/471/423 498/473/426 501/472/397
f 498/473/426 499/474/428 501/472/397
f 499/474/428 500/475/430 501/472/397
f 500/475/430 496/470/424 501/472/397
f 492/453/422 491/452/421 502/476/437 532/477/438
f 532/477/438 502/476/437 503/478/439 533/479/440
f 533/479/440 503/478/439 504/480/441 534/481/442
f 534/481/442 504/480/441 505/482/443 535/483/444
f 535/483/444 505/482/443 506/484/445 536/485/446
f 536/485/446 506/484/445 507/486/447 537/487/448
f 537/487/448 507/486/447 508/488/449 538/489/450
f 538/489/450 508/488/449 509/490/451 539/491/452
f 539/491/452 509/490/451 510/492/453 540/493/454
f 540/493/454 510/492/453 511/494/455 541/495/456
f 541/495/456 511/494/455 512/496/457 542/497/458
f 542/497/458 512/496/457 513/498/459 543/499/460
f 543/499/460 513/498/459 514/500/461 544/501/462
f 544/501/462 514/500/461 515/502/463 545/503/464
f 545/503/464 515/502/463 516/504/465 546/505/466
f 546/505/466 516/504/465 517/506/467 547/507/468
f 547/507/468 517/506/467 518/508/469 548/509/470
f 548/509/470 518/508/469 519/510/471 549/511/472
f 549/511/472 519/510/471 520/512/473 550/513/474
f 550/513/474 520/512/473 521/514/475 551/515/476
f 551/515/476 521/514/475 522/516/477 552/517/478
f 552/517/478 522/516/477 523/518/479 553/519/480
f 553/519/480 523/518/479 524/520/481 554/521/482
f 554/521/482 524/520/481 525/522/483 555/523/484
f 555/523/484 525/522/483 526/524/485 556/525/486
f 556/525/486 526/524/485 527/526/487 557/527/488
f 557/527/488 527/526/487 528/528/489 558/529/490
f 558/529/490 528/528/489 529/530/491 559/531/492
f 559/531/492 529/530/491 530/532/493 560/533/494
f 560/533/494 530/532/493 531/534/432 561/535/431
f 493/456/425 492/453/422 532/477/438 563/536/495
f 563/536/495 532/477/438 533/479/440 564/537/496
f 564/537/496 533/479/440 534/481/442 565/538/497
f 565/538/497 534/481/442 535/483/444 566/539/498
f 566/539/498 535/483/444 536/485/446 567/540/499
f 567/540/499 536/485/446 537/487/448 568/541/500
f 568/541/500 537/487/448 538/489/450 569/542/501
f 569/542/501 538/489/450 539/491/452 570/543/502
f 570/543/502 539/491/452 540/493/454 571/544/503
f 571/544/503 540/493/454 541/495/456 572/545/504
f 572/545/504 541/495/456 542/497/458 573/546/505
f 573/546/505 542/497/458 543/499/460 574/547/506
f 574/547/506 543/499/460 544/501/462 575/548/507
f 575/548/507 544/501/462 545/503/464 576/549/508
f 576/549/508 545/503/464 546/505/466 577/550/509
f 577/550/509 546/505/466 547/507/468 578/551/510
f 578/551/510 547/507/468 548/509/470 579/552/511
f 579/552/511 548/509/470 549/511/472 580/553/512
f 580/553/512 549/511/472 550/513/474 581/554/513
f 581/554/513 550/513/474 551/515/476 582/555/514
f 582/555/514 551/515/476 552/517/478 583/556/515
f 583/556/515 552/517/478 553/519/480 584/557/516
f 584/557/516 553/519/480 554/521/482 585/558/517
f 585/558/517 554/521/482 555/523/484 586/559/518
f 586/559/518 555/523/484 556/525/486 587/560/519
f 587/560/519 556/525/486 557/527/488 588/561/520
f 588/561/520 557/527/488 558/529/490 589/562/521
f 589/562/521 558/529/490 559/531/492 590/563/522
f 590/563/522 559/531/492 560/533/494 591/564/523
f 591/564/523 560/533/494 561/535/431 592/565/434
f 494/458/427 493/456/425 563/536/495 593/566/524
f 593/566/524 563/536/495 564/537/496 594/567/525
f 594/567/525 564/537/496 565/538/497 595/568/526
f 595/568/526 565/538/497 566/539/498 596/569/527
f 596/569/527 566/539/498 567/540/499 597/570/528
f 597/570/528 567/540/499 568/541/500 598/571/529
f 598/571/529 568/541/500 569/542/501 599/572/530
f 599/572/530 569/542/501 570/543/502 600/573/531
f 600/573/531 570/543/502 571/544/503 601/574/532
f 601/574/532 571/544/503 572/545/504 602/575/533
f 602/575/533 572/545/504 573/546/505 603/576/534
f 603/576/534 573/546/505 574/547/506 604/577/535
f 604/577/535 574/547/506 575/548/507 605/578/536
f 605/578/536 575/548/507 576/549/508 606/579/537
f 606/579/537 576/549/508 577/550/509 607/580/538
f 607/580/538 577/550/509 578/551/510 608/581/539
f 608/581/539 578/551/510 579/552/511 609/582/540
f 609/582/540 579/552/511 580/553/512 610/583/541
f 610/583/541 580/553/512 581/554/513 611/584/542
f 611/584/542 581/554/513 582/555/514 612/585/543
f 612/585/543 582/555/514 583/556/515 613/586/544
f 613/586/544 583/556/515 584/557/516 614/587/545
f 614/587/545 584/557/516 585/558/517 615/588/546
f 615/588/546 585/558/517 586/559/518 616/589/547
f 616/589/547 586/559/518 587/560/519 617/590/548
f 617/590/548 587/560/519 588/561/520 618/591/549
f 618/591/549 588/561/520 589/562/521 619/592/550
f 619/592/550 589/562/521 590/563/522 620/593/551
f 620/593/551 590/563/522 591/564/523 621/594/552
f 621/594/552 591/564/523 592/565/434 622/595/435
f 495/460/429 494/458/427 593/566/524 623/596/553
f 623/596/553 593/566/524 594/567/525 624/597/554
f 624/597/554 594/567/525 595/568/526 625/598/555
f 625/598/555 595/568/526 596/569/527 626/599/556
f 626/599/556 596/569/527 597/570/528 627/600/557
f 627/600/557 597/570/528 598/571/529 628/601/558
f 628/601/558 598/571/529 599/572/530 629/602/559
f 629/602/559 599/572/530 600/573/531 630/603/560
f 630/603/560 600/573/531 601/574/532 631/604/561
f 631/604/561 601/574/532 602/575/533 632/605/562
f 632/605/562 602/575/533 603/576/534 633/606/563
f 633/606/563 603/576/534 604/577/535 634/607/564
f 634/607/564 604/577/535 605/578/536 635/608/565
f 635/608/565 605/578/536 606/579/537 636/609/566
f 636/609/566 606/579/537 607/580/538 637/610/567
f 637/610/567 607/580/538 608/581/539 638/611/568
f 638/611/568 608/581/539 609/582/540 639/612/569
f 639/612/569 609/582/540 610/583/541 640/613/570
f 640/613/570 610/583/541 611/584/542 641/614/571
f 641/614/571 611/584/542 612/585/543 642/615/572
f 642/615/572 612/585/543 613/586/544 643/616/573
f 643/616/573 613/586/544 614/587/545 644/617/574
f 644/617/574 614/587/545 615/588/546 645/618/575
f 645/618/575 615/588/546 616/589/547 646/619/576
f 646/619/576 616/589/547 617/590/548 647/620/577
f 647/620/577 617/590/548 618/591/549 648/621/578
f 648/621/578 618/591/549 619/592/550 649/622/579
f 649/622/579 619/592/550 620/593/551 650/623/580
f 650/623/580 620/593/551 621/594/552 651/624/581
f 651/624/581 621/594/552 622/595/435 652/625/436
f 491/452/421 495/462/429 623/626/553 502/476/437
f 502/476/437 623/626/553 624/627/554 503/478/439
f 503/478/439 624/627/554 625/628/555 504/480/441
f 504/480/441 625/628/555 626/629/556 505/482/443
f 505/482/443 626/629/556 627/630/557 506/484/445
f 506/484/445 627/630/557 628/631/558 507/486/447
f 507/486/447 628/631/558 629/632/559 508/488/449
f 508/488/449 629/632/559 630/633/560 509/490/451
f 509/490/451 630/633/560 631/634/561 510/492/453
f 510/492/453 631/634/561 632/635/562 511/494/455
f 511/494/455 632/635/562 633/636/563 512/496/457
f 512/496/457 633/636/563 634/637/564 513/498/459
f 513/498/459 634/637/564 635/638/565 514/500/461
f 514/500/461 635/638/565 636/639/566 515/502/463
f 515/502/463 636/639/566 637/640/567 516/504/465
f 516/504/465 637/640/567 638/641/568 517/506/467
f 517/506/467 638/641/568 639/642/569 518/508/469
f 518/508/469 639/642/569 640/643/570 519/510/471
f 519/510/471 640/643/570 641/644/571 520/512/473
f 520/512/473 641/644/571 642/645/572 521/514/475
f 521/514/475 642/645/572 643/646/573 522/516/477
f 522/516/477 643/646/573 644/647/574 523/518/479
f 523/518/479 644/647/574 645/648/575 524/520/481
f 524/520/481 645/648/575 646/649/576 525/522/483
f 525/522/483 646/649/576 647/650/577 526/524/485
f 526/524/485 647/650/577 648/651/578 527/526/487
f 527/526/487 648/651/578 649/652/579 528/528/489
f 528/528/489 649/652/579 650/653/580 529/530/491
f 529/530/491 650/653/580 651/654/581 530/532/493
f 530/532/493 651/654/581 652/655/436 531/534/432
usemtl lambert8SG
f 701/656/585 702/657/586 713/658/587 712/659/588
f 702/657/586 703/660/589 714/661/590 713/658/587
f 703/662/589 704/663/591 715/664/592 714/665/590
f 704/663/591 705/666/593 716/667/594 715/664/592
f 705/666/593 706/668/595 717/669/596 716/667/594
f 706/668/595 707/670/597 718/671/598 717/669/596
f 707/670/597 708/672/599 719/673/600 718/671/598
f 708/672/599 709/674/601 720/675/602 719/673/600
f 709/674/601 710/676/603 721/677/604 720/675/602
f 710/676/603 711/678/605 722/679/606 721/677/604
f 711/678/605 701/656/585 712/659/588 722/679/606
f 702/680/586 701/681/585 723/682/136
f 703/683/589 702/680/586 723/682/136
f 704/684/591 703/683/589 723/682/136
f 705/685/593 704/684/591 723/682/136
f 706/686/595 705/685/593 723/682/136
f 707/687/597 706/686/595 723/682/136
f 708/688/599 707/687/597 723/682/136
f 709/689/601 708/688/599 723/682/136
f 710/690/603 709/689/601 723/682/136
f 711/691/605 710/690/603 723/682/136
f 701/681/585 711/691/605 723/682/136
f 735/692/607 736/693/608 737/694/397
f 736/693/608 738/695/609 737/694/397
f 738/695/609 739/696/610 737/694/397
f 739/696/610 740/697/611 737/694/397
f 740/697/611 741/698/612 737/694/397
f 741/698/612 742/699/613 737/694/397
f 742/699/613 743/700/614 737/694/397
f 743/700/614 744/701/615 737/694/397
f 744/701/615 745/702/616 737/694/397
f 745/702/616 746/703/617 737/694/397
f 746/703/617 735/692/607 737/694/397
f 712/704/588 713/705/587 725/706/618 724/707/619
f 713/705/587 714/708/590 726/709/620 725/706/618
f 714/708/590 715/710/592 727/711/621 726/709/620
f 715/710/592 716/712/594 728/713/622 727/711/621
f 716/712/594 717/714/596 729/715/623 728/713/622
f 717/714/596 718/716/598 730/717/624 729/715/623
f 718/716/598 719/718/600 731/719/625 730/717/624
f 719/718/600 720/720/602 732/721/626 731/719/625
f 720/720/602 721/722/604 733/723/627 732/721/626
f 721/722/604 722/724/606 734/725/628 733/723/627
f 722/724/606 712/704/588 724/707/619 734/725/628
f 724/726/619 725/727/618 736/728/608 735/729/607
f 725/727/618 726/730/620 738/731/609 736/728/608
f 726/732/620 727/733/621 739/734/610 738/735/609
f 727/733/621 728/736/622 740/737/611 739/734/610
f 728/736/622 729/738/623 741/739/612 740/737/611
f 729/738/623 730/740/624 742/741/613 741/739/612
f 730/740/624 731/742/625 743/743/614 742/741/613
f 731/742/625 732/744/626 744/745/615 743/743/614
f 732/744/626 733/746/627 745/747/616 744/745/615
f 733/746/627 734/748/628 746/749/617 745/747/616
f 734/748/628 724/726/619 735/729/607 746/749/617
usemtl blinn3SG
f 921/826/783 922/827/784 927/828/785 926/829/786
f 922/827/784 923/830/787 928/831/788 927/828/785
f 923/830/787 924/832/789 929/833/790 928/831/788
f 924/832/789 925/834/791 930/835/792 929/833/790
f 925/834/791 921/836/783 926/837/786 930/835/792
f 922/838/784 921/839/783 931/840/793
f 923/841/787 922/838/784 931/840/793
f 924/842/789 923/841/787 931/840/793
f 925/843/791 924/842/789 931/840/793
f 921/839/783 925/843/791 931/840/793
f 926/843/786 927/842/785 932/844/794
f 927/842/785 928/841/788 932/844/794
f 928/841/788 929/838/790 932/844/794
f 929/838/790 930/839/792 932/844/794
f 930/839/792 926/843/786 932/844/794
f 1027/961/871 1028/962/872 1029/963/873 1030/964/874
f 1029/963/873 1028/962/872 1031/965/875 1032/966/876
f 1031/965/875 1033/967/877 1034/968/878 1032/966/876
f 1033/967/877 1035/969/879 1036/970/880 1034/968/878
f 1035/969/879 1037/971/881 1038/972/882 1036/970/880
f 1037/971/881 1039/973/883 1040/974/884 1038/972/882
f 1040/974/884 1039/973/883 1041/975/885 1042/976/886
f 1041/975/885 1043/977/887 1044/978/888 1042/976/886
f 1009/979/889 1018/980/890 1019/981/891 1010/982/892
f 1020/983/893 1011/984/894 1010/982/892 1019/981/891
f 1011/984/894 1020/983/893 1021/985/895 1012/986/896
f 1012/986/896 1021/985/895 1022/987/897 1013/988/898
f 1013/988/898 1022/987/897 1023/989/899 1014/990/900
f 1014/990/900 1023/989/899 1024/991/901 1015/992/902
f 1025/993/903 1016/994/904 1015/992/902 1024/991/901
f 1016/994/904 1025/993/903 1026/995/905 1017/996/906
f 1009/997/889 1010/998/892 1028/999/872 1027/1000/871
f 1019/1001/891 1018/1002/890 1030/1003/874 1029/1004/873
f 1018/980/890 1009/979/889 1027/1005/871 1030/1006/874
f 1028/999/872 1010/998/892 1011/1007/894 1031/1008/875
f 1029/1004/873 1032/1009/876 1020/1010/893 1019/1001/891
f 1011/1007/894 1012/1011/896 1033/1012/877 1031/1008/875
f 1021/1013/895 1020/1010/893 1032/1009/876 1034/1014/878
f 1012/1011/896 1013/1015/898 1035/1016/879 1033/1012/877
f 1022/1015/897 1021/1013/895 1034/1014/878 1036/1016/880
f 1013/1015/898 1014/1017/900 1037/1018/881 1035/1016/879
f 1023/1011/899 1022/1015/897 1036/1016/880 1038/1012/882
f 1014/1017/900 1015/1010/902 1039/1009/883 1037/1018/881
f 1024/1019/901 1023/1011/899 1038/1012/882 1040/1008/884
f 1039/1009/883 1015/1010/902 1016/1001/904 1041/1004/885
f 1040/1008/884 1042/999/886 1025/998/903 1024/1019/901
f 1016/1001/904 1017/1002/906 1043/1020/887 1041/1004/885
f 1017/996/906 1026/995/905 1044/978/888 1043/977/887
f 1026/997/905 1025/998/903 1042/999/886 1044/1000/888
usemtl lambert6SG
f 933/845/795 936/846/796 962/847/797 967/848/798
f 934/849/799 937/850/800 938/851/801 933/845/795
f 935/852/802 946/853/803 950/854/804 961/855/805
f 936/846/796 939/856/806 940/857/807 935/858/802
f 942/859/808 943/860/809 944/861/810 941/862/811
f 946/863/803 947/864/812 948/865/813 945/866/814
f 942/859/808 945/866/814 948/865/813 943/860/809
f 936/846/796 933/845/795 938/851/801 939/856/806
f 934/867/799 941/868/811 944/869/810 937/870/800
f 940/871/807 947/872/812 946/853/803 935/852/802
f 961/873/805 962/847/797 936/846/796 935/858/802
f 949/874/815 950/875/804 946/863/803 945/866/814
f 956/876/816 949/874/815 945/866/814 942/859/808
f 968/877/817 955/878/818 941/868/811 934/867/799
f 949/874/815 952/879/819 953/880/820 950/875/804
f 951/881/821 973/882/822 974/883/823 954/884/824
f 952/879/819 959/885/825 960/886/826 951/881/821
f 954/887/824 963/888/827 964/889/828 953/890/820
f 955/891/818 958/892/829 959/885/825 956/876/816
f 957/893/830 975/894/831 976/895/832 960/886/826
f 958/896/829 971/897/833 972/898/834 957/899/830
f 961/873/805 964/900/828 965/901/835 962/847/797
f 963/902/827 977/903/836 978/904/837 966/905/838
f 966/905/838 969/906/839 970/907/840 965/901/835
f 967/848/798 970/907/840 971/908/833 968/909/817
f 969/906/839 979/910/841 980/911/842 972/912/834
f 973/882/822 976/895/832 1005/913/843 1001/914/844
f 975/915/831 980/916/842 1008/917/845 1006/918/846
f 959/885/825 952/879/819 949/874/815 956/876/816
f 953/890/820 964/889/828 961/855/805 950/854/804
f 965/901/835 970/907/840 967/848/798 962/847/797
f 971/897/833 958/896/829 955/878/818 968/877/817
f 960/886/826 976/895/832 973/882/822 951/881/821
f 954/887/824 974/919/823 977/920/836 963/888/827
f 966/905/838 978/904/837 979/910/841 969/906/839
f 972/898/834 980/916/842 975/915/831 957/899/830
f 951/881/821 954/884/824 953/880/820 952/879/819
f 942/859/808 941/862/811 955/891/818 956/876/816
f 957/893/830 960/886/826 959/885/825 958/892/829
f 963/902/827 966/905/838 965/901/835 964/900/828
f 934/849/799 933/845/795 967/848/798 968/909/817
f 969/906/839 972/912/834 971/908/833 970/907/840
f 1006/921/846 1005/913/843 976/895/832 975/894/831
f 987/922/847 981/923/848 1001/914/844 1005/913/843
f 982/924/849 991/925/850 1003/926/851 1002/927/852
f 992/928/853 996/929/854 1007/930/855 1004/931/856
f 997/932/857 986/933/858 1006/918/846 1008/917/845
f 981/923/848 984/934/859 985/935/860 982/936/849
f 983/937/861 993/938/862 994/939/863 985/940/860
f 984/934/859 989/941/864 990/942/865 983/943/861
f 986/944/858 988/945/866 989/941/864 987/922/847
f 988/946/866 1000/947/867 998/948/868 990/949/865
f 991/950/850 994/951/863 995/952/869 992/928/853
f 993/953/862 998/954/868 999/955/870 995/952/869
f 996/929/854 999/955/870 1000/956/867 997/957/857
f 990/949/865 998/948/868 993/938/862 983/937/861
f 989/941/864 984/934/859 981/923/848 987/922/847
f 985/940/860 994/939/863 991/925/850 982/924/849
f 995/952/869 999/955/870 996/929/854 992/928/853
f 1000/947/867 988/946/866 986/933/858 997/932/857
f 982/936/849 1002/958/852 1001/914/844 981/923/848
f 983/943/861 985/935/860 984/934/859
f 987/922/847 1005/913/843 1006/921/846 986/944/858
f 988/945/866 990/942/865 989/941/864
f 992/928/853 1004/931/856 1003/959/851 991/950/850
f 993/953/862 995/952/869 994/951/863
f 997/957/857 1008/960/845 1007/930/855 996/929/854
f 998/954/868 1000/956/867 999/955/870
f 1002/927/852 1003/926/851 977/920/836 974/919/823
f 1004/931/856 1007/930/855 979/910/841 978/904/837
f 974/883/823 973/882/822 1001/914/844 1002/958/852
f 978/904/837 977/903/836 1003/959/851 1004/931/856
f 980/911/842 979/910/841 1007/930/855 1008/960/845
f 1311/845/1133 1314/846/796 1340/847/797 1345/848/798
f 1312/849/799 1315/850/800 1316/851/801 1311/845/1133
f 1313/852/1134 1324/853/803 1328/854/804 1339/855/805
f 1314/846/796 1317/856/806 1318/857/807 1313/858/1134
f 1320/859/808 1321/860/1135 1322/861/810 1319/862/811
f 1324/863/803 1325/864/1136 1326/865/813 1323/866/814
f 1320/859/808 1323/866/814 1326/865/813 1321/860/1135
f 1314/846/796 1311/845/1133 1316/851/801 1317/856/806
f 1312/867/799 1319/868/811 1322/869/810 1315/870/800
f 1318/871/807 1325/872/1136 1324/853/803 1313/852/1134
f 1339/873/805 1340/847/797 1314/846/796 1313/858/1134
f 1327/874/815 1328/875/804 1324/863/803 1323/866/814
f 1334/876/816 1327/874/815 1323/866/814 1320/859/808
f 1346/877/817 1333/878/818 1319/868/811 1312/867/799
f 1327/874/815 1330/879/819 1331/880/820 1328/875/804
f 1329/881/821 1351/882/822 1352/883/823 1332/884/1137
f 1330/879/819 1337/885/825 1338/886/826 1329/881/821
f 1332/887/1137 1341/888/827 1342/889/828 1331/890/820
f 1333/891/818 1336/892/1138 1337/885/825 1334/876/816
f 1335/893/830 1353/894/831 1354/895/832 1338/886/826
f 1336/896/1138 1349/897/833 1350/898/834 1335/899/830
f 1339/873/805 1342/900/828 1343/901/835 1340/847/797
f 1341/902/827 1355/903/836 1356/904/837 1344/905/838
f 1344/905/838 1347/906/839 1348/907/840 1343/901/835
f 1345/848/798 1348/907/840 1349/908/833 1346/909/817
f 1347/906/839 1357/910/841 1358/911/1139 1350/912/834
f 1351/882/822 1354/895/832 1383/913/843 1379/914/844
f 1353/915/831 1358/916/1139 1386/917/845 1384/918/846
f 1337/885/825 1330/879/819 1327/874/815 1334/876/816
f 1331/890/820 1342/889/828 1339/855/805 1328/854/804
f 1343/901/835 1348/907/840 1345/848/798 1340/847/797
f 1349/897/833 1336/896/1138 1333/878/818 1346/877/817
f 1338/886/826 1354/895/832 1351/882/822 1329/881/821
f 1332/887/1137 1352/919/823 1355/920/836 1341/888/827
f 1344/905/838 1356/904/837 1357/910/841 1347/906/839
f 1350/898/834 1358/916/1139 1353/915/831 1335/899/830
f 1329/881/821 1332/884/1137 1331/880/820 1330/879/819
f 1320/859/808 1319/862/811 1333/891/818 1334/876/816
f 1335/893/830 1338/886/826 1337/885/825 1336/892/1138
f 1341/902/827 1344/905/838 1343/901/835 1342/900/828
f 1312/849/799 1311/845/1133 1345/848/798 1346/909/817
f 1347/906/839 1350/912/834 1349/908/833 1348/907/840
f 1384/921/846 1383/913/843 1354/895/832 1353/894/831
f 1365/922/847 1359/923/848 1379/914/844 1383/913/843
f 1360/924/849 1369/925/850 1381/926/851 1380/927/852
f 1370/928/853 1374/929/854 1385/930/855 1382/931/856
f 1375/932/857 1364/933/858 1384/918/846 1386/917/845
f 1359/923/848 1362/934/859 1363/935/860 1360/936/849
f 1361/937/861 1371/938/862 1372/939/863 1363/940/860
f 1362/934/859 1367/941/864 1368/942/865 1361/943/861
f 1364/944/858 1366/945/866 1367/941/864 1365/922/847
f 1366/946/866 1378/947/867 1376/948/868 1368/949/865
f 1369/950/850 1372/951/863 1373/952/869 1370/928/853
f 1371/953/862 1376/954/868 1377/955/870 1373/952/869
f 1374/929/854 1377/955/870 1378/956/867 1375/957/857
f 1368/949/865 1376/948/868 1371/938/862 1361/937/861
f 1367/941/864 1362/934/859 1359/923/848 1365/922/847
f 1363/940/860 1372/939/863 1369/925/850 1360/924/849
f 1373/952/869 1377/955/870 1374/929/854 1370/928/853
f 1378/947/867 1366/946/866 1364/933/858 1375/932/857
f 1360/936/849 1380/958/852 1379/914/844 1359/923/848
f 1361/943/861 1363/935/860 1362/934/859
f 1365/922/847 1383/913/843 1384/921/846 1364/944/858
f 1366/945/866 1368/942/865 1367/941/864
f 1370/928/853 1382/931/856 1381/959/851 1369/950/850
f 1371/953/862 1373/952/869 1372/951/863
f 1375/957/857 1386/960/845 1385/930/855 1374/929/854
f 1376/954/868 1378/956/867 1377/955/870
f 1380/927/852 1381/926/851 1355/920/836 1352/919/823
f 1382/931/856 1385/930/855 1357/910/841 1356/904/837
f 1352/883/823 1351/882/822 1379/914/844 1380/958/852
f 1356/904/837 1355/903/836 1381/959/851 1382/931/856
f 1358/911/1139 1357/910/841 1385/930/855 1386/960/845
usemtl blinn2SG
f 1045/1021/907 1046/1022/908 1076/1023/909 1077/1024/910
f 1046/1022/908 1047/1025/911 1075/1026/912 1076/1023/909
f 1047/1025/911 1048/1027/913 1084/1028/914 1075/1026/912
f 1048/1027/913 1049/1029/915 1083/1030/916 1084/1028/914
f 1049/1029/915 1050/1031/917 1082/1032/918 1083/1030/916
f 1050/1033/917 1051/1034/919 1081/1035/920 1082/1036/918
f 1051/1034/919 1052/1037/921 1080/1038/922 1081/1035/920
f 1052/1037/921 1053/1039/923 1079/1040/924 1080/1038/922
f 1053/1039/923 1054/1041/925 1078/1042/926 1079/1040/924
f 1054/1041/925 1045/1021/907 1077/1024/910 1078/1042/926
f 1086/1043/927 1085/1044/928 1120/1045/794
f 1089/1046/928 1088/1047/929 1119/1045/794
f 1091/1048/930 1090/1049/931 1118/1045/794
f 1093/1050/931 1092/1051/932 1117/1045/794
f 1095/1052/933 1094/1053/934 1116/1045/794
f 1096/1052/935 1097/1053/936 1134/1045/793
f 1099/1050/937 1100/1051/935 1133/1045/793
f 1101/1048/938 1102/1049/939 1132/1045/793
f 1103/1046/940 1104/1047/941 1131/1045/793
f 1105/1043/936 1106/1044/942 1130/1045/793
f 1066/1054/943 1065/1055/944 1057/1056/945 1056/1057/946
f 1067/1058/947 1066/1054/943 1056/1057/946 1055/1059/948
f 1068/1060/949 1067/1058/947 1055/1059/948 1064/1061/950
f 1069/1062/951 1068/1060/949 1064/1061/950 1063/1063/952
f 1070/1064/953 1069/1062/951 1063/1063/952 1062/1065/954
f 1071/1066/955 1070/1064/953 1062/1065/954 1061/1067/956
f 1072/1068/957 1071/1066/955 1061/1067/956 1060/1069/958
f 1073/1070/959 1072/1071/957 1060/1072/958 1059/1073/960
f 1074/1074/961 1073/1070/959 1059/1073/960 1058/1075/962
f 1065/1055/944 1074/1074/961 1058/1075/962 1057/1056/945
f 1066/1054/943 1076/1023/909 1075/1026/912 1065/1055/944
f 1067/1058/947 1077/1024/910 1076/1023/909 1066/1054/943
f 1068/1060/949 1078/1042/926 1077/1024/910 1067/1058/947
f 1069/1062/951 1079/1040/924 1078/1042/926 1068/1060/949
f 1070/1064/953 1080/1038/922 1079/1040/924 1069/1062/951
f 1071/1066/955 1081/1035/920 1080/1038/922 1070/1064/953
f 1072/1068/957 1082/1036/918 1081/1035/920 1071/1066/955
f 1073/1070/959 1083/1030/916 1082/1032/918 1072/1071/957
f 1074/1074/961 1084/1028/914 1083/1030/916 1073/1070/959
f 1065/1055/944 1075/1026/912 1084/1028/914 1074/1074/961
f 1046/1076/908 1045/1077/907 1085/1044/928 1086/1043/927
f 1047/1078/911 1046/1076/908 1086/1043/927 1088/1047/929
f 1048/1079/913 1047/1078/911 1088/1047/929 1089/1046/928
f 1049/1080/915 1048/1079/913 1089/1046/928 1090/1049/931
f 1050/1081/917 1049/1080/915 1090/1049/931 1091/1048/930
f 1051/1082/919 1050/1081/917 1091/1048/930 1092/1051/932
f 1052/1083/921 1051/1082/919 1092/1051/932 1093/1050/931
f 1053/1084/923 1052/1083/921 1093/1050/931 1094/1053/934
f 1054/1085/925 1053/1084/923 1094/1053/934 1095/1052/933
f 1045/1077/907 1054/1085/925 1095/1052/933 1085/1044/928
f 1055/1085/948 1056/1084/946 1097/1053/936 1096/1052/935
f 1056/1084/946 1057/1086/945 1099/1050/937 1097/1053/936
f 1057/1086/945 1058/1082/962 1100/1051/935 1099/1050/937
f 1058/1082/962 1059/1081/960 1101/1048/938 1100/1051/935
f 1059/1081/960 1060/1080/958 1102/1049/939 1101/1048/938
f 1060/1080/958 1061/1079/956 1103/1046/940 1102/1049/939
f 1061/1079/956 1062/1078/954 1104/1047/941 1103/1046/940
f 1062/1078/954 1063/1076/952 1105/1043/936 1104/1047/941
f 1063/1076/952 1064/1077/950 1106/1044/942 1105/1043/936
f 1064/1077/950 1055/1085/948 1096/1052/935 1106/1044/942
f 1086/1087/927 1115/1088/963 1129/1089/963 1097/1090/936
f 1088/1091/929 1086/1087/927 1097/1090/936 1099/1092/937
f 1085/1091/928 1095/1093/933 1106/1094/942 1096/1092/935
f 1089/1095/928 1114/1088/964 1128/1089/964 1100/1096/935
f 1113/1097/963 1092/1098/932 1103/1099/940 1127/1100/963
f 1112/1101/964 1094/1098/934 1105/1099/936 1126/1102/964
f 1094/1098/934 1093/1103/931 1104/1104/941 1105/1099/936
f 1111/1097/965 1088/1091/929 1099/1092/937 1125/1100/965
f 1090/1098/931 1089/1095/928 1100/1096/935 1101/1099/938
f 1110/1101/634 1090/1098/931 1101/1099/938 1124/1102/634
f 1091/1087/930 1109/1088/966 1123/1089/966 1102/1090/939
f 1108/1097/966 1085/1091/928 1096/1092/935 1122/1100/966
f 1095/1093/933 1107/1088/634 1121/1089/634 1106/1094/942
f 1093/1103/931 1087/1088/965 1098/1089/965 1104/1104/941
f 1092/1098/932 1091/1087/930 1102/1090/939 1103/1099/940
usemtl lambert7SG
f 1174/1105/967 1269/1106/968 1270/1107/969 1212/1108/970
f 1269/1106/968 1174/1105/967 1176/1109/971 1268/1110/972
f 1268/1110/972 1176/1109/971 1178/1111/973 1267/1112/974
f 1267/1112/974 1178/1111/973 1180/1113/975 1266/1114/976
f 1266/1114/976 1180/1113/975 1182/1115/977 1265/1116/978
f 1265/1116/978 1182/1115/977 1184/1117/979 1264/1118/980
f 1264/1118/980 1184/1117/979 1186/1119/981 1263/1120/982
f 1263/1120/982 1186/1119/981 1188/1121/983 1262/1122/984
f 1262/1122/984 1188/1121/983 1190/1123/985 1261/1124/986
f 1261/1124/986 1190/1123/985 1192/1125/987 1260/1126/988
f 1260/1126/988 1192/1125/987 1194/1127/989 1259/1128/990
f 1259/1128/990 1194/1127/989 1196/1129/991 1258/1130/992
f 1258/1130/992 1196/1129/991 1198/1131/993 1257/1132/994
f 1257/1132/994 1198/1131/993 1200/1133/995 1256/1134/996
f 1256/1134/996 1200/1133/995 1202/1135/997 1255/1136/998
f 1255/1136/998 1202/1135/997 1204/1137/999 1254/1138/1000
f 1273/1139/1001 1254/1138/1000 1204/1137/999 1206/1140/1002
f 1273/1139/1001 1206/1140/1002 1208/1141/1003 1272/1142/1004
f 1272/1142/1004 1208/1141/1003 1210/1143/1005 1271/1144/1006
f 1271/1144/1006 1210/1143/1005 1212/1108/970 1270/1107/969
f 1214/1145/1007 1275/1146/1008 1276/1147/1009 1252/1148/1010
f 1275/1146/1008 1214/1145/1007 1216/1149/1011 1274/1150/1012
f 1293/1151/1013 1274/1150/1012 1216/1149/1011 1218/1152/1014
f 1293/1151/1013 1218/1152/1014 1220/1153/1015 1292/1154/1016
f 1292/1154/1016 1220/1153/1015 1222/1155/1017 1291/1156/1018
f 1291/1156/1018 1222/1155/1017 1224/1157/1019 1290/1158/1020
f 1290/1158/1020 1224/1157/1019 1226/1159/1021 1289/1160/1022
f 1289/1160/1022 1226/1159/1021 1228/1161/1023 1288/1162/1024
f 1288/1162/1024 1228/1161/1023 1230/1163/1025 1287/1164/1026
f 1287/1164/1026 1230/1163/1025 1232/1165/1027 1286/1166/1028
f 1286/1166/1028 1232/1165/1027 1234/1167/1029 1285/1168/1030
f 1285/1168/1030 1234/1167/1029 1236/1169/1031 1284/1170/1032
f 1284/1170/1032 1236/1169/1031 1238/1171/1033 1283/1172/1034
f 1283/1172/1034 1238/1171/1033 1240/1173/1035 1282/1174/1036
f 1282/1174/1036 1240/1173/1035 1242/1175/1037 1281/1176/1038
f 1281/1176/1038 1242/1175/1037 1244/1177/1039 1280/1178/1040
f 1280/1178/1040 1244/1177/1039 1246/1179/1041 1279/1180/1042
f 1279/1180/1042 1246/1179/1041 1248/1181/1043 1278/1182/1044
f 1278/1182/1044 1248/1181/1043 1250/1183/1045 1277/1184/1046
f 1277/1184/1046 1250/1183/1045 1252/1148/1010 1276/1147/1009
f 1135/1185/1047 1136/1186/1048 1176/1187/971 1174/1188/967
f 1136/1186/1048 1137/1189/1049 1178/1190/973 1176/1187/971
f 1137/1189/1049 1138/1191/1050 1180/1192/975 1178/1190/973
f 1138/1191/1050 1139/1193/1051 1182/1194/977 1180/1192/975
f 1139/1193/1051 1140/1195/1052 1184/1196/979 1182/1194/977
f 1140/1197/1052 1141/1198/1053 1186/1199/981 1184/1200/979
f 1141/1198/1053 1142/1201/1054 1188/1202/983 1186/1199/981
f 1142/1201/1054 1143/1203/1055 1190/1204/985 1188/1202/983
f 1190/1204/985 1143/1203/1055 1144/1205/1056 1192/1206/987
f 1144/1205/1056 1145/1207/1057 1194/1208/989 1192/1206/987
f 1145/1207/1057 1146/1209/1058 1196/1210/991 1194/1208/989
f 1146/1209/1058 1147/1211/1059 1198/1212/993 1196/1210/991
f 1147/1211/1059 1148/1213/1060 1200/1214/995 1198/1212/993
f 1149/1215/1061 1150/1216/1062 1206/1217/1002 1204/1218/999
f 1150/1216/1062 1151/1219/1063 1208/1220/1003 1206/1217/1002
f 1151/1219/1063 1152/1221/1064 1210/1222/1005 1208/1220/1003
f 1152/1221/1064 1153/1223/1065 1212/1224/970 1210/1222/1005
f 1153/1223/1065 1135/1185/1047 1174/1188/967 1212/1224/970
f 1175/1225/1066 1177/1226/1067 1216/1149/1011 1214/1145/1007
f 1177/1226/1067 1179/1227/1068 1218/1152/1014 1216/1149/1011
f 1179/1227/1068 1181/1228/1069 1220/1153/1015 1218/1152/1014
f 1181/1228/1069 1183/1229/1070 1222/1155/1017 1220/1153/1015
f 1183/1229/1070 1185/1230/1071 1224/1157/1019 1222/1155/1017
f 1185/1230/1071 1187/1231/1072 1226/1159/1021 1224/1157/1019
f 1187/1231/1072 1189/1232/1073 1228/1161/1023 1226/1159/1021
f 1189/1232/1073 1191/1233/1074 1230/1163/1025 1228/1161/1023
f 1191/1233/1074 1193/1234/1075 1232/1165/1027 1230/1163/1025
f 1193/1234/1075 1195/1235/1076 1234/1167/1029 1232/1165/1027
f 1195/1235/1076 1197/1236/1077 1236/1169/1031 1234/1167/1029
f 1197/1236/1077 1199/1237/1078 1238/1171/1033 1236/1169/1031
f 1199/1237/1078 1201/1238/1079 1240/1173/1035 1238/1171/1033
f 1201/1238/1079 1203/1239/1080 1242/1175/1037 1240/1173/1035
f 1203/1239/1080 1205/1240/1081 1244/1177/1039 1242/1175/1037
f 1205/1240/1081 1207/1241/1082 1246/1179/1041 1244/1177/1039
f 1207/1241/1082 1209/1242/1083 1248/1181/1043 1246/1179/1041
f 1209/1242/1083 1211/1243/1084 1250/1183/1045 1248/1181/1043
f 1211/1243/1084 1213/1244/1085 1252/1148/1010 1250/1183/1045
f 1213/1244/1085 1175/1225/1066 1214/1145/1007 1252/1148/1010
f 1215/1245/1086 1217/1246/1087 1155/1247/1088 1154/1248/1089
f 1217/1246/1087 1219/1249/1090 1156/1250/1091 1155/1247/1088
f 1219/1249/1090 1221/1251/1092 1157/1252/1093 1156/1250/1091
f 1221/1251/1092 1223/1253/1094 1158/1254/1095 1157/1252/1093
f 1223/1255/1094 1225/1256/1096 1159/1257/1097 1158/1258/1095
f 1225/1256/1096 1227/1259/1098 1160/1260/1099 1159/1257/1097
f 1227/1259/1098 1229/1261/1100 1161/1262/1101 1160/1260/1099
f 1229/1261/1100 1231/1263/1102 1162/1264/1103 1161/1262/1101
f 1231/1263/1102 1233/1265/1104 1163/1266/793 1162/1264/1103
f 1233/1265/1104 1235/1267/1105 1164/1268/1106 1163/1266/793
f 1235/1267/1105 1237/1269/1107 1165/1270/1108 1164/1268/1106
f 1237/1269/1107 1239/1271/1109 1166/1272/1110 1165/1270/1108
f 1239/1271/1109 1241/1273/1111 1167/1274/1112 1166/1272/1110
f 1241/1273/1111 1243/1275/1113 1168/1276/634 1167/1274/1112
f 1243/1275/1113 1245/1277/1114 1169/1278/1115 1168/1276/634
f 1245/1277/1114 1247/1279/1116 1170/1280/1117 1169/1278/1115
f 1247/1279/1116 1249/1281/1118 1171/1282/1119 1170/1280/1117
f 1249/1281/1118 1251/1283/1120 1172/1284/1121 1171/1282/1119
f 1251/1283/1120 1253/1285/1122 1173/1286/1123 1172/1284/1121
f 1253/1285/1122 1215/1245/1086 1154/1248/1089 1173/1286/1123
f 1203/1239/1080 1255/1136/998 1254/1138/1000 1205/1240/1081
f 1201/1238/1079 1256/1134/996 1255/1136/998 1203/1239/1080
f 1199/1237/1078 1257/1132/994 1256/1134/996 1201/1238/1079
f 1197/1236/1077 1258/1130/992 1257/1132/994 1199/1237/1078
f 1195/1235/1076 1259/1128/990 1258/1130/992 1197/1236/1077
f 1193/1234/1075 1260/1126/988 1259/1128/990 1195/1235/1076
f 1191/1233/1074 1261/1124/986 1260/1126/988 1193/1234/1075
f 1189/1232/1073 1262/1122/984 1261/1124/986 1191/1233/1074
f 1187/1231/1072 1263/1120/982 1262/1122/984 1189/1232/1073
f 1185/1230/1071 1264/1118/980 1263/1120/982 1187/1231/1072
f 1183/1229/1070 1265/1116/978 1264/1118/980 1185/1230/1071
f 1181/1228/1069 1266/1114/976 1265/1116/978 1183/1229/1070
f 1179/1227/1068 1267/1112/974 1266/1114/976 1181/1228/1069
f 1177/1226/1067 1268/1110/972 1267/1112/974 1179/1227/1068
f 1175/1225/1066 1269/1106/968 1268/1110/972 1177/1226/1067
f 1270/1107/969 1269/1106/968 1175/1225/1066 1213/1244/1085
f 1211/1243/1084 1271/1144/1006 1270/1107/969 1213/1244/1085
f 1209/1242/1083 1272/1142/1004 1271/1144/1006 1211/1243/1084
f 1207/1241/1082 1273/1139/1001 1272/1142/1004 1209/1242/1083
f 1205/1240/1081 1254/1138/1000 1273/1139/1001 1207/1241/1082
f 1215/1287/1086 1275/1146/1008 1274/1150/1012 1217/1288/1087
f 1276/1147/1009 1275/1146/1008 1215/1287/1086 1253/1289/1122
f 1251/1290/1120 1277/1184/1046 1276/1147/1009 1253/1289/1122
f 1249/1291/1118 1278/1182/1044 1277/1184/1046 1251/1290/1120
f 1247/1292/1116 1279/1180/1042 1278/1182/1044 1249/1291/1118
f 1245/1293/1114 1280/1178/1040 1279/1180/1042 1247/1292/1116
f 1243/1294/1113 1281/1176/1038 1280/1178/1040 1245/1293/1114
f 1241/1295/1111 1282/1174/1036 1281/1176/1038 1243/1294/1113
f 1239/1296/1109 1283/1172/1034 1282/1174/1036 1241/1295/1111
f 1237/1297/1107 1284/1170/1032 1283/1172/1034 1239/1296/1109
f 1235/1298/1105 1285/1168/1030 1284/1170/1032 1237/1297/1107
f 1233/1299/1104 1286/1166/1028 1285/1168/1030 1235/1298/1105
f 1231/1300/1102 1287/1164/1026 1286/1166/1028 1233/1299/1104
f 1229/1301/1100 1288/1162/1024 1287/1164/1026 1231/1300/1102
f 1227/1302/1098 1289/1160/1022 1288/1162/1024 1229/1301/1100
f 1225/1303/1096 1290/1158/1020 1289/1160/1022 1227/1302/1098
f 1223/1304/1094 1291/1156/1018 1290/1158/1020 1225/1303/1096
f 1221/1305/1092 1292/1154/1016 1291/1156/1018 1223/1304/1094
f 1219/1306/1090 1293/1151/1013 1292/1154/1016 1221/1305/1092
f 1217/1288/1087 1274/1150/1012 1293/1151/1013 1219/1306/1090
f 1149/1215/1061 1204/1218/999 1202/1307/997 1294/1308/1124
f 1294/1308/1124 1202/1307/997 1200/1214/995 1148/1213/1060
usemtl lambert3SG
f 1387/1327/1140 1389/1327/1141 1408/1327/1142 1407/1327/1143
f 1388/1328/1144 1387/1329/1140 1396/1330/1145 1395/1331/1146
f 1389/1327/1141 1388/1327/1144 1391/1327/1147 1390/1327/1148
f 1390/1327/1148 1393/1327/1149 1413/1327/1150 1412/1327/1151
f 1392/1332/1152 1391/1333/1147 1405/1334/1153 1404/1335/1154
f 1393/1327/1149 1392/1327/1152 1398/1327/1155 1397/1327/1156
f 1394/1327/1157 1396/1327/1145 1420/1327/1158 1419/1327/1159
f 1395/1327/1146 1394/1327/1157 1406/1327/1160 1405/1327/1153
f 1397/1327/1156 1399/1327/1161 1423/1327/1162 1422/1327/1163
f 1399/1336/1161 1398/1337/1155 1401/1338/1164 1400/1339/1165
f 1400/1327/1165 1402/1327/1166 1426/1327/1167 1425/1327/1168
f 1402/1327/1166 1401/1327/1164 1404/1327/1154 1403/1327/1169
f 1403/1327/1169 1406/1327/1160 1415/1327/1170 1414/1327/1171
f 1388/1356/1144 1395/1357/1146 1405/1334/1153 1391/1333/1147
f 1392/1332/1152 1404/1335/1154 1401/1358/1164 1398/1359/1155
f 1389/1327/1141 1390/1327/1148 1412/1327/1151 1408/1327/1142
f 1406/1327/1160 1394/1327/1157 1419/1327/1159 1415/1327/1170
f 1396/1330/1145 1387/1329/1140 1407/1340/1143 1420/1343/1158
f 1393/1327/1149 1397/1327/1156 1422/1327/1163 1413/1327/1150
f 1399/1336/1161 1400/1339/1165 1425/1350/1168 1423/1349/1162
f 1402/1327/1166 1403/1327/1169 1414/1327/1171 1426/1327/1167
f 1387/1327/1140 1388/1327/1144 1389/1327/1141
f 1390/1327/1148 1391/1327/1147 1392/1327/1152 1393/1327/1149
f 1394/1327/1157 1395/1327/1146 1396/1327/1145
f 1397/1327/1156 1398/1327/1155 1399/1327/1161
f 1400/1327/1165 1401/1327/1164 1402/1327/1166
f 1403/1327/1169 1404/1327/1154 1405/1327/1153 1406/1327/1160
usemtl lambert2SG
f 1407/1340/1143 1409/1341/1172 1418/1342/1173 1420/1343/1158
f 1409/1327/1172 1408/1327/1142 1412/1327/1151 1411/1327/1174
f 1410/1327/1175 1413/1327/1150 1422/1327/1163 1421/1327/1176
f 1411/1344/1174 1410/1345/1175 1417/1346/1177 1416/1347/1178
f 1414/1327/1171 1417/1327/1177 1424/1327/1179 1426/1327/1167
f 1416/1327/1178 1415/1327/1170 1419/1327/1159 1418/1327/1173
f 1421/1348/1176 1423/1349/1162 1425/1350/1168 1424/1351/1179
f 1409/1352/1172 1411/1344/1174 1416/1347/1178 1418/1353/1173
f 1410/1345/1175 1421/1354/1176 1424/1355/1179 1417/1346/1177
f 1407/1327/1143 1408/1327/1142 1409/1327/1172
f 1410/1327/1175 1411/1327/1174 1412/1327/1151 1413/1327/1150
f 1414/1327/1171 1415/1327/1170 1416/1327/1178 1417/1327/1177
f 1418/1327/1173 1419/1327/1159 1420/1327/1158
f 1421/1327/1176 1422/1327/1163 1423/1327/1162
f 1424/1327/1179 1425/1327/1168 1426/1327/1167
