# Blender 4.0.2
# www.blender.org
mtllib street_lamp.mtl
o Old_English_Street_Lamp_Cylinder.006
v 0.046915 6.568843 -0.113258
v 0.120236 6.568843 -0.023916
v 0.068109 6.568843 0.101929
v 0.022837 6.593562 -0.114798
v 0.044794 6.593562 -0.108137
v 0.065030 6.593562 -0.097322
v 0.082767 6.593562 -0.082764
v 0.097323 6.593562 -0.065028
v 0.108139 6.593562 -0.044792
v 0.114800 6.593562 -0.022835
v 0.117049 6.593562 -0.000000
v 0.114800 6.593562 0.022835
v 0.108139 6.593562 0.044792
v 0.097323 6.593562 0.065026
v 0.082767 6.593562 0.082764
v 0.065030 6.593562 0.097319
v 0.044794 6.593562 0.108136
v 0.022837 6.593562 0.114797
v 0.044794 6.606296 -0.108137
v 0.082767 6.606296 -0.082764
v 0.108139 6.606296 -0.044792
v 0.114800 6.606296 -0.022835
v 0.117049 6.606296 -0.000000
v 0.097323 6.606296 0.065026
v 0.082767 6.606296 0.082764
v 0.044794 6.606296 0.108136
v -0.086686 6.568843 -0.086685
v -0.101932 6.568843 -0.068108
v -0.113260 6.568843 -0.046913
v -0.086686 6.568843 0.086684
v -0.068109 6.568843 0.101929
v -0.046915 6.568843 0.113257
v 0.000000 6.568843 0.122589
v -0.022837 6.593562 -0.114798
v 0.000000 6.593562 -0.117046
v -0.044794 6.593562 -0.108137
v -0.065030 6.593562 -0.097322
v -0.082767 6.593562 -0.082764
v -0.097323 6.593562 -0.065028
v -0.108139 6.593562 -0.044792
v -0.114800 6.593562 -0.022835
v -0.117049 6.593562 -0.000000
v -0.114800 6.593562 0.022835
v -0.108139 6.593562 0.044792
v -0.097323 6.593562 0.065026
v -0.082767 6.593562 0.082764
v -0.065030 6.593562 0.097319
v -0.044794 6.593562 0.108136
v -0.022837 6.593562 0.114797
v 0.000000 6.593562 0.117045
v -0.044794 6.606296 -0.108137
v -0.065030 6.606296 -0.097322
v -0.117049 6.606296 -0.000000
v -0.114800 6.606296 0.022835
v -0.108139 6.606296 0.044792
v -0.097323 6.606296 0.065026
v 0.043682 6.472198 -0.105451
v 0.063415 6.472198 -0.094904
v 0.105454 6.472198 -0.043679
v 0.111949 6.472198 -0.022268
v 0.114142 6.472198 -0.000000
v 0.105454 6.472198 0.043679
v 0.094906 6.472198 0.063413
v 0.080711 6.472198 0.080709
v 0.022270 6.472198 0.111947
v 0.023918 6.568843 -0.120234
v 0.068109 6.568843 -0.101930
v 0.086686 6.568843 -0.086685
v 0.101932 6.568843 -0.068108
v 0.113260 6.568843 -0.046913
v 0.122592 6.568843 -0.000000
v 0.120236 6.568843 0.023916
v 0.113260 6.568843 0.046913
v 0.101932 6.568843 0.068107
v 0.086686 6.568843 0.086684
v 0.046915 6.568843 0.113257
v 0.023918 6.568843 0.120233
v -0.022270 6.472198 -0.111947
v -0.080711 6.472198 -0.080709
v -0.094906 6.472198 -0.063413
v -0.114142 6.472198 -0.000000
v -0.111949 6.472198 0.022268
v -0.094906 6.472198 0.063413
v -0.063415 6.472198 0.094904
v -0.043682 6.472198 0.105451
v 0.000000 6.472198 0.114140
v -0.023918 6.568843 -0.120234
v 0.000000 6.568843 -0.122589
v -0.046915 6.568843 -0.113258
v -0.068109 6.568843 -0.101930
v -0.120236 6.568843 -0.023916
v -0.122592 6.568843 -0.000000
v -0.120236 6.568843 0.023916
v -0.113260 6.568843 0.046913
v -0.101932 6.568843 0.068107
v -0.023918 6.568843 0.120233
v 0.022837 6.606295 -0.114798
v 0.065030 6.606295 -0.097322
v 0.097323 6.606295 -0.065028
v 0.114800 6.606295 0.022835
v 0.108139 6.606295 0.044792
v 0.065030 6.606295 0.097319
v 0.022837 6.606295 0.114797
v -0.022837 6.606295 -0.114798
v 0.000000 6.606295 -0.117046
v -0.082767 6.606295 -0.082764
v -0.097323 6.606295 -0.065028
v -0.108139 6.606295 -0.044792
v -0.114800 6.606295 -0.022835
v -0.082767 6.606295 0.082764
v -0.065030 6.606295 0.097319
v -0.044794 6.606295 0.108136
v -0.022837 6.606295 0.114797
v 0.000000 6.606295 0.117045
v 0.020857 6.732133 -0.104843
v 0.040910 6.732133 -0.098760
v 0.088883 6.732133 -0.059389
v 0.098762 6.732133 -0.040908
v 0.104845 6.732133 0.020853
v 0.059391 6.732133 0.088880
v 0.040910 6.732133 0.098758
v 0.020857 6.732133 0.104841
v -0.020857 6.732133 -0.104843
v 0.000000 6.732133 -0.106897
v -0.040910 6.732133 -0.098760
v -0.059391 6.732133 -0.088882
v -0.075589 6.732133 -0.075588
v -0.088883 6.732133 -0.059389
v -0.104845 6.732133 -0.020855
v -0.106899 6.732133 -0.000001
v -0.104845 6.732133 0.020853
v -0.098762 6.732133 0.040906
v -0.088883 6.732133 0.059387
v -0.075589 6.732133 0.075586
v -0.059391 6.732133 0.088880
v -0.040910 6.732133 0.098758
v -0.020857 6.732133 0.104841
v 0.000000 6.732133 0.106895
v 0.044544 0.326003 -0.223937
v 0.086750 -0.000000 -0.209433
v 0.087376 0.326003 -0.210944
v 0.125942 -0.000000 -0.188485
v 0.126850 0.326003 -0.189844
v 0.160293 -0.000000 -0.160293
v 0.161449 0.326003 -0.161449
v 0.189844 0.326003 -0.126850
v 0.209433 -0.000000 -0.086750
v 0.210944 0.326003 -0.087376
v 0.223937 0.326003 -0.044544
v 0.228324 0.326003 -0.000000
v 0.222333 0.000000 0.044225
v 0.223937 0.326003 0.044544
v 0.209433 0.000000 0.086750
v 0.210944 0.326003 0.087376
v 0.188485 0.000000 0.125942
v 0.189844 0.326003 0.126850
v 0.160293 0.000000 0.160293
v 0.161449 0.326003 0.161449
v 0.125942 0.000000 0.188485
v 0.126850 0.326003 0.189844
v 0.086750 0.000000 0.209433
v 0.087376 0.326003 0.210944
v 0.044225 0.000000 0.222333
v 0.044544 0.326003 0.223937
v -0.086750 0.000000 0.209433
v -0.188485 0.000000 0.125942
v -0.222333 0.000000 0.044225
v 0.048699 0.358415 -0.244827
v 0.095527 0.358415 -0.230622
v 0.138683 0.358415 -0.207554
v 0.176510 0.358415 -0.176510
v 0.207554 0.358415 -0.138683
v 0.230622 0.358415 -0.095527
v 0.244827 0.358415 -0.048699
v 0.249623 0.358415 -0.000000
v 0.244827 0.358415 0.048699
v 0.230622 0.358415 0.095527
v 0.207554 0.358415 0.138683
v 0.176510 0.358415 0.176510
v 0.138683 0.358415 0.207554
v 0.095527 0.358415 0.230622
v 0.048699 0.358415 0.244827
v 0.051689 0.393507 -0.259858
v 0.101392 0.393507 -0.244781
v 0.147198 0.393507 -0.220297
v 0.187347 0.393507 -0.187347
v 0.220297 0.393507 -0.147198
v 0.244781 0.393507 -0.101392
v 0.259858 0.393507 -0.051689
v 0.264949 0.393507 -0.000000
v 0.259858 0.393507 0.051689
v 0.244781 0.393507 0.101392
v 0.220297 0.393507 0.147198
v 0.187347 0.393507 0.187347
v 0.147198 0.393507 0.220297
v 0.101392 0.393507 0.244781
v 0.051689 0.393507 0.259858
v 0.052655 0.413196 -0.264714
v 0.103286 0.413196 -0.249355
v 0.149949 0.413196 -0.224414
v 0.190848 0.413196 -0.190848
v 0.224414 0.413196 -0.149949
v 0.249355 0.413196 -0.103286
v 0.264714 0.413196 -0.052655
v 0.269900 0.413196 -0.000000
v 0.264714 0.413196 0.052655
v 0.249355 0.413196 0.103286
v 0.224414 0.413196 0.149949
v 0.190848 0.413196 0.190848
v 0.149949 0.413196 0.224414
v 0.103286 0.413196 0.249356
v 0.052655 0.413196 0.264714
v 0.052655 0.438962 -0.264714
v 0.103286 0.438962 -0.249355
v 0.149949 0.438962 -0.224414
v 0.190848 0.438962 -0.190848
v 0.224414 0.438962 -0.149949
v 0.249355 0.438962 -0.103286
v 0.264714 0.438962 -0.052655
v 0.269900 0.438962 -0.000000
v 0.264714 0.438962 0.052655
v 0.249355 0.438962 0.103286
v 0.224414 0.438962 0.149949
v 0.190848 0.438962 0.190848
v 0.149949 0.438962 0.224414
v 0.103286 0.438962 0.249356
v 0.052655 0.438962 0.264714
v 0.046258 0.477794 -0.232555
v 0.090738 0.477794 -0.219062
v 0.131732 0.477794 -0.197150
v 0.167663 0.477794 -0.167663
v 0.197150 0.477794 -0.131732
v 0.219062 0.477794 -0.090738
v 0.232555 0.477794 -0.046258
v 0.237111 0.477794 -0.000000
v 0.232555 0.477794 0.046258
v 0.219062 0.477794 0.090738
v 0.197150 0.477794 0.131732
v 0.167663 0.477794 0.167663
v 0.131732 0.477794 0.197151
v 0.090738 0.477794 0.219062
v 0.046258 0.477794 0.232555
v 0.042853 0.509819 -0.215437
v 0.084059 0.509819 -0.202937
v 0.122035 0.509819 -0.182639
v 0.155321 0.509819 -0.155321
v 0.182639 0.509819 -0.122035
v 0.202937 0.509819 -0.084059
v 0.215437 0.509819 -0.042853
v 0.219658 0.509819 -0.000000
v 0.215437 0.509819 0.042853
v 0.202937 0.509819 0.084059
v 0.182639 0.509819 0.122035
v 0.155321 0.509819 0.155321
v 0.122035 0.509819 0.182639
v 0.084059 0.509819 0.202937
v 0.042853 0.509819 0.215437
v 0.042853 1.334979 -0.215437
v 0.084059 1.334979 -0.202937
v 0.122035 1.334979 -0.182639
v 0.155321 1.334979 -0.155321
v 0.182639 1.334979 -0.122035
v 0.202937 1.334979 -0.084059
v 0.215437 1.334979 -0.042853
v 0.219658 1.334979 -0.000000
v 0.215437 1.334979 0.042853
v 0.202937 1.334979 0.084059
v 0.182639 1.334979 0.122035
v 0.155321 1.334979 0.155321
v 0.122035 1.334979 0.182639
v 0.084059 1.334979 0.202937
v 0.042853 1.334979 0.215437
v 0.049114 1.361819 -0.246913
v 0.096341 1.361819 -0.232587
v 0.139865 1.361819 -0.209323
v 0.178015 1.361819 -0.178015
v 0.209323 1.361819 -0.139865
v 0.232587 1.361819 -0.096341
v 0.246913 1.361819 -0.049114
v 0.251751 1.361819 -0.000000
v 0.246913 1.361819 0.049114
v 0.232587 1.361819 0.096341
v 0.209323 1.361819 0.139865
v 0.178015 1.361819 0.178015
v 0.139865 1.361819 0.209323
v 0.096341 1.361819 0.232587
v 0.049114 1.361819 0.246913
v 0.054580 1.408784 -0.274395
v 0.107064 1.408784 -0.258474
v 0.155432 1.408784 -0.232621
v 0.197828 1.408784 -0.197828
v 0.232621 1.408784 -0.155432
v 0.258474 1.408784 -0.107063
v 0.274395 1.408784 -0.054580
v 0.279770 1.408784 -0.000000
v 0.274395 1.408784 0.054580
v 0.258474 1.408784 0.107063
v 0.232621 1.408784 0.155432
v 0.197828 1.408784 0.197828
v 0.155432 1.408784 0.232621
v 0.107063 1.408784 0.258474
v 0.054580 1.408784 0.274395
v 0.054645 1.440104 -0.274719
v 0.107190 1.440104 -0.258780
v 0.155616 1.440104 -0.232896
v 0.198062 1.440104 -0.198062
v 0.232896 1.440104 -0.155616
v 0.258780 1.440104 -0.107190
v 0.274719 1.440104 -0.054645
v 0.280102 1.440104 -0.000000
v 0.274719 1.440104 0.054645
v 0.258780 1.440104 0.107190
v 0.232896 1.440104 0.155616
v 0.198062 1.440104 0.198062
v 0.155616 1.440104 0.232896
v 0.107190 1.440104 0.258780
v 0.054645 1.440104 0.274719
v 0.048686 1.478124 -0.244759
v 0.095500 1.478124 -0.230558
v 0.138645 1.478124 -0.207497
v 0.176462 1.478124 -0.176462
v 0.207497 1.478124 -0.138645
v 0.230558 1.478124 -0.095500
v 0.244759 1.478124 -0.048686
v 0.249555 1.478124 -0.000000
v 0.244759 1.478124 0.048686
v 0.230558 1.478124 0.095500
v 0.207497 1.478124 0.138645
v 0.176462 1.478124 0.176462
v 0.138645 1.478124 0.207497
v 0.095500 1.478124 0.230558
v 0.048686 1.478124 0.244759
v 0.041020 1.518573 -0.206220
v 0.080463 1.518573 -0.194255
v 0.116814 1.518573 -0.174825
v 0.148677 1.518573 -0.148677
v 0.174825 1.518573 -0.116814
v 0.194255 1.518573 -0.080463
v 0.206220 1.518573 -0.041020
v 0.210260 1.518573 -0.000000
v 0.206220 1.518573 0.041020
v 0.194255 1.518573 0.080463
v 0.174825 1.518573 0.116814
v 0.148677 1.518573 0.148677
v 0.116814 1.518573 0.174825
v 0.080463 1.518573 0.194255
v 0.041020 1.518573 0.206220
v 0.036170 1.551934 -0.181838
v 0.070950 1.551934 -0.171288
v 0.103003 1.551934 -0.154155
v 0.131098 1.551934 -0.131098
v 0.154155 1.551934 -0.103003
v 0.171288 1.551934 -0.070950
v 0.181838 1.551934 -0.036170
v 0.185401 1.551934 -0.000000
v 0.181838 1.551934 0.036170
v 0.171288 1.551934 0.070950
v 0.154155 1.551934 0.103003
v 0.131098 1.551934 0.131098
v 0.103003 1.551934 0.154155
v 0.070950 1.551934 0.171288
v 0.036170 1.551934 0.181838
v 0.036170 1.574300 -0.181838
v 0.070950 1.574300 -0.171288
v 0.103003 1.574300 -0.154155
v 0.131098 1.574300 -0.131098
v 0.154155 1.574300 -0.103003
v 0.171288 1.574300 -0.070950
v 0.181838 1.574300 -0.036170
v 0.185401 1.574300 -0.000000
v 0.181838 1.574300 0.036170
v 0.171288 1.574300 0.070950
v 0.154155 1.574300 0.103003
v 0.131098 1.574300 0.131098
v 0.103003 1.574300 0.154155
v 0.070950 1.574300 0.171288
v 0.036170 1.574300 0.181838
v 0.040020 1.600301 -0.201194
v 0.078502 1.600301 -0.189520
v 0.113967 1.600301 -0.170564
v 0.145052 1.600301 -0.145052
v 0.170564 1.600301 -0.113967
v 0.189520 1.600301 -0.078502
v 0.201194 1.600301 -0.040020
v 0.205135 1.600301 -0.000000
v 0.201194 1.600301 0.040020
v 0.189520 1.600301 0.078502
v 0.170564 1.600301 0.113967
v 0.145052 1.600301 0.145052
v 0.113967 1.600301 0.170564
v 0.078502 1.600301 0.189520
v 0.040020 1.600301 0.201194
v 0.045628 1.635808 -0.229388
v 0.089503 1.635808 -0.216079
v 0.129938 1.635808 -0.194466
v 0.165379 1.635808 -0.165379
v 0.194466 1.635808 -0.129938
v 0.216079 1.635808 -0.089503
v 0.229388 1.635808 -0.045628
v 0.233882 1.635808 -0.000000
v 0.229388 1.635808 0.045628
v 0.216079 1.635808 0.089503
v 0.194466 1.635808 0.129938
v 0.165379 1.635808 0.165379
v 0.129938 1.635808 0.194466
v 0.089503 1.635808 0.216079
v 0.045628 1.635808 0.229388
v 0.048721 1.682403 -0.244936
v 0.095569 1.682403 -0.230725
v 0.138745 1.682403 -0.207647
v 0.176589 1.682403 -0.176589
v 0.207647 1.682403 -0.138745
v 0.230725 1.682403 -0.095569
v 0.244936 1.682403 -0.048721
v 0.249735 1.682403 -0.000000
v 0.244936 1.682403 0.048721
v 0.230725 1.682403 0.095569
v 0.207647 1.682403 0.138745
v 0.176589 1.682403 0.176589
v 0.138745 1.682403 0.207647
v 0.095569 1.682403 0.230725
v 0.048721 1.682403 0.244936
v 0.048721 1.783052 -0.244936
v 0.095570 1.783052 -0.230725
v 0.138745 1.783052 -0.207647
v 0.176589 1.783052 -0.176589
v 0.207647 1.783052 -0.138745
v 0.230725 1.783052 -0.095569
v 0.244936 1.783052 -0.048721
v 0.249735 1.783052 -0.000000
v 0.244936 1.783052 0.048721
v 0.230725 1.783052 0.095569
v 0.207647 1.783052 0.138745
v 0.176589 1.783052 0.176589
v 0.138745 1.783052 0.207647
v 0.095569 1.783052 0.230725
v 0.048721 1.783052 0.244936
v 0.044028 1.887429 -0.221345
v 0.086364 1.887429 -0.208502
v 0.125382 1.887429 -0.187647
v 0.159581 1.887429 -0.159581
v 0.187647 1.887429 -0.125382
v 0.208502 1.887429 -0.086364
v 0.221345 1.887429 -0.044028
v 0.225681 1.887429 -0.000000
v 0.221345 1.887429 0.044028
v 0.208502 1.887429 0.086364
v 0.187647 1.887429 0.125382
v 0.159581 1.887429 0.159581
v 0.125382 1.887429 0.187647
v 0.086364 1.887429 0.208502
v 0.044028 1.887429 0.221345
v 0.038947 1.993669 -0.195800
v 0.076398 1.993669 -0.184440
v 0.110912 1.993669 -0.165992
v 0.141164 1.993669 -0.141164
v 0.165992 1.993669 -0.110912
v 0.184440 1.993669 -0.076398
v 0.195800 1.993669 -0.038947
v 0.199636 1.993669 -0.000000
v 0.195800 1.993669 0.038947
v 0.184440 1.993669 0.076397
v 0.165992 1.993669 0.110912
v 0.141164 1.993669 0.141164
v 0.110912 1.993669 0.165992
v 0.076398 1.993669 0.184440
v 0.038947 1.993669 0.195800
v 0.035001 2.124140 -0.175964
v 0.068658 2.124140 -0.165754
v 0.099676 2.124140 -0.149175
v 0.126863 2.124140 -0.126863
v 0.149175 2.124140 -0.099676
v 0.165754 2.124140 -0.068658
v 0.175964 2.124140 -0.035001
v 0.179411 2.124140 -0.000000
v 0.175964 2.124140 0.035001
v 0.165754 2.124140 0.068658
v 0.149175 2.124140 0.099676
v 0.126863 2.124140 0.126863
v 0.099676 2.124140 0.149175
v 0.068658 2.124140 0.165754
v 0.035001 2.124140 0.175964
v 0.031997 2.230381 -0.160858
v 0.062764 2.230381 -0.151525
v 0.091119 2.230381 -0.136368
v 0.115972 2.230381 -0.115972
v 0.136369 2.230381 -0.091119
v 0.151525 2.230381 -0.062764
v 0.160858 2.230381 -0.031997
v 0.164009 2.230381 -0.000000
v 0.160858 2.230381 0.031997
v 0.151525 2.230381 0.062763
v 0.136369 2.230381 0.091118
v 0.115972 2.230381 0.115972
v 0.091119 2.230381 0.136368
v 0.062764 2.230381 0.151525
v 0.031997 2.230381 0.160858
v 0.032094 2.349609 -0.161346
v 0.062954 2.349609 -0.151985
v 0.091395 2.349609 -0.136783
v 0.116324 2.349609 -0.116324
v 0.136783 2.349609 -0.091395
v 0.151985 2.349609 -0.062954
v 0.161346 2.349609 -0.032094
v 0.164507 2.349609 -0.000000
v 0.161346 2.349609 0.032094
v 0.151985 2.349609 0.062954
v 0.136783 2.349609 0.091395
v 0.116324 2.349609 0.116324
v 0.091395 2.349609 0.136783
v 0.062954 2.349609 0.151985
v 0.032094 2.349609 0.161346
v 0.035233 2.368986 -0.177128
v 0.069112 2.368986 -0.166851
v 0.100335 2.368986 -0.150162
v 0.127702 2.368986 -0.127702
v 0.150162 2.368986 -0.100335
v 0.166851 2.368986 -0.069112
v 0.177128 2.368986 -0.035233
v 0.180598 2.368986 -0.000000
v 0.177128 2.368986 0.035233
v 0.166851 2.368986 0.069112
v 0.150162 2.368986 0.100335
v 0.127702 2.368986 0.127702
v 0.100335 2.368986 0.150162
v 0.069112 2.368986 0.166851
v 0.035233 2.368986 0.177128
v 0.036586 2.385910 -0.183929
v 0.071766 2.385910 -0.173257
v 0.104187 2.385910 -0.155927
v 0.132606 2.385910 -0.132605
v 0.155928 2.385910 -0.104187
v 0.173257 2.385910 -0.071765
v 0.183929 2.385910 -0.036586
v 0.187532 2.385910 -0.000000
v 0.183929 2.385910 0.036586
v 0.173257 2.385910 0.071765
v 0.155928 2.385910 0.104187
v 0.132606 2.385910 0.132605
v 0.104187 2.385910 0.155927
v 0.071766 2.385910 0.173257
v 0.036586 2.385910 0.183929
v 0.035799 2.393983 -0.179970
v 0.070221 2.393983 -0.169528
v 0.101945 2.393983 -0.152572
v 0.129752 2.393983 -0.129751
v 0.152572 2.393983 -0.101945
v 0.169529 2.393983 -0.070221
v 0.179971 2.393983 -0.035798
v 0.183496 2.393983 -0.000000
v 0.179971 2.393983 0.035798
v 0.169529 2.393983 0.070221
v 0.152572 2.393983 0.101945
v 0.129752 2.393983 0.129751
v 0.101945 2.393983 0.152572
v 0.070221 2.393983 0.169528
v 0.035798 2.393983 0.179970
v 0.032278 2.408359 -0.162271
v 0.063315 2.408359 -0.152856
v 0.091919 2.408359 -0.137566
v 0.116991 2.408359 -0.116991
v 0.137567 2.408359 -0.091919
v 0.152856 2.408359 -0.063315
v 0.162271 2.408359 -0.032278
v 0.165450 2.408359 -0.000000
v 0.162271 2.408359 0.032278
v 0.152856 2.408359 0.063315
v 0.137567 2.408359 0.091919
v 0.116991 2.408359 0.116991
v 0.091919 2.408359 0.137566
v 0.063315 2.408359 0.152856
v 0.032278 2.408359 0.162271
v 0.031022 2.418269 -0.155960
v 0.060853 2.418269 -0.146911
v 0.088344 2.418269 -0.132216
v 0.112441 2.418269 -0.112441
v 0.132216 2.418269 -0.088344
v 0.146911 2.418269 -0.060852
v 0.155960 2.418269 -0.031022
v 0.159015 2.418269 -0.000000
v 0.155960 2.418269 0.031022
v 0.146911 2.418269 0.060852
v 0.132216 2.418269 0.088344
v 0.112441 2.418269 0.112441
v 0.088344 2.418269 0.132216
v 0.060853 2.418269 0.146911
v 0.031022 2.418269 0.155960
v 0.030492 2.454755 -0.153295
v 0.059813 2.454755 -0.144400
v 0.086834 2.454755 -0.129957
v 0.110519 2.454755 -0.110519
v 0.129957 2.454755 -0.086834
v 0.144400 2.454755 -0.059813
v 0.153295 2.454755 -0.030492
v 0.156298 2.454755 -0.000000
v 0.153295 2.454755 0.030492
v 0.144400 2.454755 0.059812
v 0.129957 2.454755 0.086834
v 0.110519 2.454755 0.110519
v 0.086834 2.454755 0.129957
v 0.059813 2.454755 0.144400
v 0.030492 2.454755 0.153294
v 0.027983 2.468895 -0.140680
v 0.054891 2.468895 -0.132517
v 0.079689 2.468895 -0.119263
v 0.101425 2.468895 -0.101424
v 0.119263 2.468895 -0.079689
v 0.132518 2.468895 -0.054891
v 0.140680 2.468895 -0.027983
v 0.143436 2.468895 -0.000000
v 0.140680 2.468895 0.027983
v 0.132518 2.468895 0.054890
v 0.119263 2.468895 0.079689
v 0.101425 2.468895 0.101424
v 0.079689 2.468895 0.119262
v 0.054891 2.468895 0.132517
v 0.027983 2.468895 0.140680
v 0.026002 2.484281 -0.130718
v 0.051004 2.484281 -0.123134
v 0.074046 2.484281 -0.110817
v 0.094242 2.484281 -0.094242
v 0.110817 2.484281 -0.074046
v 0.123134 2.484281 -0.051004
v 0.130718 2.484281 -0.026001
v 0.133279 2.484281 -0.000000
v 0.130718 2.484281 0.026001
v 0.123134 2.484281 0.051004
v 0.110817 2.484281 0.074046
v 0.094242 2.484281 0.094242
v 0.074046 2.484281 0.110817
v 0.051004 2.484281 0.123134
v 0.026002 2.484281 0.130718
v 0.026002 2.510168 -0.130718
v 0.051004 2.510168 -0.123134
v 0.074046 2.510168 -0.110817
v 0.094242 2.510168 -0.094242
v 0.110817 2.510168 -0.074046
v 0.123134 2.510168 -0.051004
v 0.130718 2.510168 -0.026001
v 0.133279 2.510168 -0.000000
v 0.130718 2.510168 0.026001
v 0.123134 2.510168 0.051004
v 0.110817 2.510168 0.074046
v 0.094242 2.510168 0.094242
v 0.074046 2.510168 0.110817
v 0.051004 2.510168 0.123134
v 0.026002 2.510168 0.130718
v 0.066313 2.537350 -0.099245
v 0.084401 2.537350 -0.084401
v 0.099245 2.537350 -0.066313
v 0.110275 2.537350 -0.045677
v 0.117067 2.537350 -0.023286
v 0.119361 2.537350 -0.000000
v 0.117067 2.537350 0.023286
v 0.110275 2.537350 0.045677
v 0.099245 2.537350 0.066313
v 0.084401 2.537350 0.084401
v 0.066313 2.537350 0.099245
v 0.023286 2.537350 0.117067
v 0.104844 6.885551 -0.020855
v 0.037579 7.175770 -0.263043
v 0.112734 7.175770 -0.263043
v 0.187889 7.175770 -0.263043
v 0.187889 7.175770 0.263041
v 0.112734 7.175770 0.263041
v 0.037579 7.175770 0.263041
v 0.263043 7.175770 -0.187888
v 0.263043 7.175770 -0.112733
v 0.263043 7.175770 -0.037578
v 0.263043 7.175770 0.037576
v 0.263043 7.175770 0.112731
v 0.263043 7.175770 0.187886
v 0.187889 7.175770 -0.187888
v 0.187889 7.175770 0.187886
v 0.037579 7.050116 -0.187888
v 0.037579 7.050116 -0.112733
v 0.037579 7.050116 -0.037578
v 0.037579 7.050116 0.037576
v 0.037579 7.050116 0.112731
v 0.037579 7.050116 0.187886
v 0.112734 7.050116 -0.187888
v 0.112734 7.050116 -0.112733
v 0.112734 7.050116 -0.037578
v 0.112734 7.050116 0.037576
v 0.112734 7.050116 0.112731
v 0.112734 7.050116 0.187886
v 0.187889 7.050116 -0.187888
v 0.187889 7.050116 -0.112733
v 0.187889 7.050116 -0.037578
v 0.187889 7.050116 0.037576
v 0.187889 7.050116 0.112731
v 0.187889 7.050116 0.187886
v 0.414342 8.163646 -0.508616
v 0.508616 8.163646 0.414339
v 0.414342 8.163646 0.508614
v 0.414342 8.163646 0.414339
v 0.508616 8.163646 -0.414341
v 0.414342 8.163646 -0.414341
v 0.236689 8.351524 -0.236689
v 0.236689 8.351524 0.192816
v 0.236689 8.351524 0.236687
v 0.209869 8.437263 -0.209869
v 0.236689 8.351524 -0.192818
v 0.236689 8.401850 -0.236689
v 0.236689 8.401850 0.192816
v 0.236689 8.401850 0.236687
v 0.159406 8.508090 -0.159406
v 0.236689 8.401850 -0.192818
v 0.209869 8.437263 0.170967
v 0.209869 8.437263 0.209867
v 0.124572 8.571514 -0.124572
v 0.209869 8.437263 -0.170969
v 0.159406 8.508090 0.129857
v 0.159406 8.508090 0.159404
v 0.124572 8.603873 -0.124572
v 0.101482 8.603873 -0.124572
v 0.159406 8.508090 -0.129859
v 0.124572 8.571514 0.101480
v 0.124572 8.571514 0.124570
v 0.163593 8.621131 -0.163593
v 0.133270 8.621131 -0.163593
v 0.124572 8.571514 -0.101482
v 0.124572 8.603873 0.101480
v 0.124572 8.603873 0.124570
v 0.167563 8.643783 -0.167563
v 0.124572 8.603873 -0.101482
v 0.163593 8.621131 0.133268
v 0.163593 8.621131 0.163591
v 0.167563 8.690164 -0.167563
v 0.163593 8.621131 -0.133270
v 0.167563 8.643783 0.136502
v 0.167563 8.643783 0.167561
v 0.124506 8.719287 -0.124506
v 0.167563 8.643783 -0.136504
v 0.167563 8.690164 0.136502
v 0.167563 8.690164 0.167561
v 0.079954 8.748410 -0.079954
v 0.167563 8.690164 -0.136504
v 0.124506 8.719287 0.101426
v 0.124506 8.719287 0.124504
v 0.046868 8.782927 -0.046868
v 0.124506 8.719287 -0.101428
v 0.079954 8.748410 0.065132
v 0.079954 8.748410 0.079952
v 0.046868 8.808814 -0.046868
v 0.079954 8.748410 -0.065134
v 0.046868 8.782927 0.038179
v 0.046868 8.782927 0.046866
v 0.065073 8.827150 -0.065073
v 0.046868 8.782927 -0.038181
v 0.046868 8.808814 0.038179
v 0.046868 8.808814 0.046866
v 0.075686 8.844408 -0.075686
v 0.046868 8.808814 -0.038181
v 0.065073 8.827150 0.053009
v 0.065073 8.827150 0.065071
v 0.084095 8.880003 -0.084095
v 0.065073 8.827150 -0.053011
v 0.075686 8.844408 0.061655
v 0.075686 8.844408 0.075684
v 0.084095 8.968450 -0.084095
v 0.075686 8.844408 -0.061657
v 0.084095 8.880003 0.068506
v 0.084095 8.880003 0.084093
v 0.075121 8.998652 -0.075120
v 0.084095 8.880003 -0.068508
v 0.084095 8.968450 0.068506
v 0.084095 8.968450 0.084093
v 0.057000 9.026695 -0.057000
v 0.084095 8.968450 -0.068508
v 0.075121 8.998652 0.061195
v 0.075121 8.998652 0.075118
v 0.030268 9.050426 -0.030268
v 0.075121 8.998652 -0.061197
v 0.057000 9.026695 0.046433
v 0.057000 9.026695 0.056998
v 0.057000 9.026695 -0.046435
v 0.030268 9.050426 0.024655
v 0.030268 9.050426 0.030266
v 0.030268 9.050426 -0.024657
v 0.104955 6.143193 -0.039325
v 0.104955 6.088485 0.015383
v 0.104955 6.112799 0.060871
v 0.104955 6.153865 0.069039
v 0.104955 6.164129 0.065926
v 0.104955 6.188681 0.045777
v 0.104955 6.193737 0.036319
v 0.104955 6.196849 0.004710
v 0.104955 6.193737 -0.005553
v 0.000000 -0.000000 -0.226689
v 0.000000 0.326003 -0.228324
v -0.044225 -0.000000 -0.222333
v -0.044544 0.326003 -0.223937
v -0.086750 -0.000000 -0.209433
v -0.087376 0.326003 -0.210944
v -0.125942 -0.000000 -0.188485
v -0.126850 0.326003 -0.189844
v -0.160293 -0.000000 -0.160293
v -0.161449 0.326003 -0.161449
v -0.188485 -0.000000 -0.125942
v -0.189844 0.326003 -0.126850
v -0.209433 -0.000000 -0.086750
v -0.210944 0.326003 -0.087376
v -0.222333 -0.000000 -0.044225
v -0.223937 0.326003 -0.044544
v -0.226689 0.000000 0.000000
v -0.228324 0.326003 -0.000000
v -0.223937 0.326003 0.044544
v -0.209433 0.000000 0.086750
v -0.210944 0.326003 0.087376
v -0.189844 0.326003 0.126850
v -0.160293 0.000000 0.160293
v -0.161449 0.326003 0.161449
v -0.125942 0.000000 0.188485
v -0.126850 0.326003 0.189844
v -0.087376 0.326003 0.210944
v -0.044225 0.000000 0.222333
v -0.044544 0.326003 0.223937
v 0.000000 0.000000 0.226689
v 0.000000 0.326003 0.228324
v 0.226689 0.000000 0.000000
v 0.222333 -0.000000 -0.044225
v 0.188485 -0.000000 -0.125942
v 0.044224 -0.000000 -0.222333
v -0.048699 0.358415 -0.244827
v 0.000000 0.358415 -0.249623
v -0.095527 0.358415 -0.230622
v -0.138683 0.358415 -0.207554
v -0.176510 0.358415 -0.176510
v -0.207554 0.358415 -0.138683
v -0.230622 0.358415 -0.095527
v -0.244827 0.358415 -0.048699
v -0.249623 0.358415 -0.000000
v -0.244827 0.358415 0.048699
v -0.230622 0.358415 0.095527
v -0.207554 0.358415 0.138683
v -0.176510 0.358415 0.176510
v -0.138683 0.358415 0.207554
v -0.095527 0.358415 0.230622
v -0.048699 0.358415 0.244827
v 0.000000 0.358415 0.249623
v -0.051689 0.393507 -0.259858
v 0.000000 0.393507 -0.264949
v -0.101392 0.393507 -0.244781
v -0.147198 0.393507 -0.220297
v -0.187347 0.393507 -0.187347
v -0.220297 0.393507 -0.147198
v -0.244781 0.393507 -0.101392
v -0.259858 0.393507 -0.051689
v -0.264949 0.393507 -0.000000
v -0.259858 0.393507 0.051689
v -0.244781 0.393507 0.101392
v -0.220297 0.393507 0.147198
v -0.187347 0.393507 0.187347
v -0.147198 0.393507 0.220297
v -0.101392 0.393507 0.244781
v -0.051689 0.393507 0.259858
v 0.000000 0.393507 0.264949
v -0.052655 0.413196 -0.264714
v 0.000000 0.413196 -0.269900
v -0.103286 0.413196 -0.249355
v -0.149949 0.413196 -0.224414
v -0.190848 0.413196 -0.190848
v -0.224414 0.413196 -0.149949
v -0.249355 0.413196 -0.103286
v -0.264714 0.413196 -0.052655
v -0.269900 0.413196 -0.000000
v -0.264714 0.413196 0.052655
v -0.249355 0.413196 0.103286
v -0.224414 0.413196 0.149949
v -0.190848 0.413196 0.190848
v -0.149949 0.413196 0.224414
v -0.103286 0.413196 0.249356
v -0.052655 0.413196 0.264714
v 0.000000 0.413196 0.269900
v -0.052655 0.438962 -0.264714
v 0.000000 0.438962 -0.269900
v -0.103286 0.438962 -0.249355
v -0.149949 0.438962 -0.224414
v -0.190848 0.438962 -0.190848
v -0.224414 0.438962 -0.149949
v -0.249355 0.438962 -0.103286
v -0.264714 0.438962 -0.052655
v -0.269900 0.438962 -0.000000
v -0.264714 0.438962 0.052655
v -0.249355 0.438962 0.103286
v -0.224414 0.438962 0.149949
v -0.190848 0.438962 0.190848
v -0.149949 0.438962 0.224414
v -0.103286 0.438962 0.249356
v -0.052655 0.438962 0.264714
v 0.000000 0.438962 0.269900
v -0.046258 0.477794 -0.232555
v 0.000000 0.477794 -0.237111
v -0.090738 0.477794 -0.219062
v -0.131732 0.477794 -0.197150
v -0.167663 0.477794 -0.167663
v -0.197150 0.477794 -0.131732
v -0.219062 0.477794 -0.090738
v -0.232555 0.477794 -0.046258
v -0.237111 0.477794 -0.000000
v -0.232555 0.477794 0.046258
v -0.219062 0.477794 0.090738
v -0.197150 0.477794 0.131732
v -0.167663 0.477794 0.167663
v -0.131732 0.477794 0.197151
v -0.090738 0.477794 0.219062
v -0.046258 0.477794 0.232555
v 0.000000 0.477794 0.237111
v -0.042853 0.509819 -0.215437
v 0.000000 0.509819 -0.219658
v -0.084059 0.509819 -0.202937
v -0.122035 0.509819 -0.182639
v -0.155321 0.509819 -0.155321
v -0.182639 0.509819 -0.122035
v -0.202937 0.509819 -0.084059
v -0.215437 0.509819 -0.042853
v -0.219658 0.509819 -0.000000
v -0.215437 0.509819 0.042853
v -0.202937 0.509819 0.084059
v -0.182639 0.509819 0.122035
v -0.155321 0.509819 0.155321
v -0.122035 0.509819 0.182639
v -0.084059 0.509819 0.202937
v -0.042853 0.509819 0.215437
v 0.000000 0.509819 0.219658
v -0.042853 1.334979 -0.215437
v 0.000000 1.334979 -0.219658
v -0.084059 1.334979 -0.202937
v -0.122035 1.334979 -0.182639
v -0.155321 1.334979 -0.155321
v -0.182639 1.334979 -0.122035
v -0.202937 1.334979 -0.084059
v -0.215437 1.334979 -0.042853
v -0.219658 1.334979 -0.000000
v -0.215437 1.334979 0.042853
v -0.202937 1.334979 0.084059
v -0.182639 1.334979 0.122035
v -0.155321 1.334979 0.155321
v -0.122035 1.334979 0.182639
v -0.084059 1.334979 0.202937
v -0.042853 1.334979 0.215437
v 0.000000 1.334979 0.219658
v -0.049114 1.361819 -0.246913
v 0.000000 1.361819 -0.251751
v -0.096341 1.361819 -0.232587
v -0.139865 1.361819 -0.209323
v -0.178015 1.361819 -0.178015
v -0.209323 1.361819 -0.139865
v -0.232587 1.361819 -0.096341
v -0.246913 1.361819 -0.049114
v -0.251751 1.361819 -0.000000
v -0.246913 1.361819 0.049114
v -0.232587 1.361819 0.096341
v -0.209323 1.361819 0.139865
v -0.178015 1.361819 0.178015
v -0.139865 1.361819 0.209323
v -0.096341 1.361819 0.232587
v -0.049114 1.361819 0.246913
v 0.000000 1.361819 0.251751
v -0.054580 1.408784 -0.274395
v 0.000000 1.408784 -0.279770
v -0.107064 1.408784 -0.258474
v -0.155432 1.408784 -0.232621
v -0.197828 1.408784 -0.197828
v -0.232621 1.408784 -0.155432
v -0.258474 1.408784 -0.107063
v -0.274395 1.408784 -0.054580
v -0.279770 1.408784 -0.000000
v -0.274395 1.408784 0.054580
v -0.258474 1.408784 0.107063
v -0.232621 1.408784 0.155432
v -0.197828 1.408784 0.197828
v -0.155432 1.408784 0.232621
v -0.107063 1.408784 0.258474
v -0.054580 1.408784 0.274395
v 0.000000 1.408784 0.279770
v -0.054645 1.440104 -0.274719
v 0.000000 1.440104 -0.280102
v -0.107190 1.440104 -0.258780
v -0.155616 1.440104 -0.232896
v -0.198062 1.440104 -0.198062
v -0.232896 1.440104 -0.155616
v -0.258780 1.440104 -0.107190
v -0.274719 1.440104 -0.054645
v -0.280102 1.440104 -0.000000
v -0.274719 1.440104 0.054645
v -0.258780 1.440104 0.107190
v -0.232896 1.440104 0.155616
v -0.198062 1.440104 0.198062
v -0.155616 1.440104 0.232896
v -0.107190 1.440104 0.258780
v -0.054645 1.440104 0.274719
v 0.000000 1.440104 0.280102
v -0.048686 1.478124 -0.244759
v 0.000000 1.478124 -0.249555
v -0.095500 1.478124 -0.230558
v -0.138645 1.478124 -0.207497
v -0.176462 1.478124 -0.176462
v -0.207497 1.478124 -0.138645
v -0.230558 1.478124 -0.095500
v -0.244759 1.478124 -0.048686
v -0.249555 1.478124 -0.000000
v -0.244759 1.478124 0.048686
v -0.230558 1.478124 0.095500
v -0.207497 1.478124 0.138645
v -0.176462 1.478124 0.176462
v -0.138645 1.478124 0.207497
v -0.095500 1.478124 0.230558
v -0.048686 1.478124 0.244759
v 0.000000 1.478124 0.249555
v -0.041020 1.518573 -0.206220
v 0.000000 1.518573 -0.210260
v -0.080463 1.518573 -0.194255
v -0.116814 1.518573 -0.174825
v -0.148677 1.518573 -0.148677
v -0.174825 1.518573 -0.116814
v -0.194255 1.518573 -0.080463
v -0.206220 1.518573 -0.041020
v -0.210260 1.518573 -0.000000
v -0.206220 1.518573 0.041020
v -0.194255 1.518573 0.080463
v -0.174825 1.518573 0.116814
v -0.148677 1.518573 0.148677
v -0.116814 1.518573 0.174825
v -0.080463 1.518573 0.194255
v -0.041020 1.518573 0.206220
v 0.000000 1.518573 0.210260
v -0.036170 1.551934 -0.181838
v 0.000000 1.551934 -0.185401
v -0.070950 1.551934 -0.171288
v -0.103003 1.551934 -0.154155
v -0.131098 1.551934 -0.131098
v -0.154155 1.551934 -0.103003
v -0.171288 1.551934 -0.070950
v -0.181838 1.551934 -0.036170
v -0.185401 1.551934 -0.000000
v -0.181838 1.551934 0.036170
v -0.171288 1.551934 0.070950
v -0.154155 1.551934 0.103003
v -0.131098 1.551934 0.131098
v -0.103003 1.551934 0.154155
v -0.070950 1.551934 0.171288
v -0.036170 1.551934 0.181838
v 0.000000 1.551934 0.185400
v -0.036170 1.574300 -0.181838
v 0.000000 1.574300 -0.185401
v -0.070950 1.574300 -0.171288
v -0.103003 1.574300 -0.154155
v -0.131098 1.574300 -0.131098
v -0.154155 1.574300 -0.103003
v -0.171288 1.574300 -0.070950
v -0.181838 1.574300 -0.036170
v -0.185401 1.574300 -0.000000
v -0.181838 1.574300 0.036170
v -0.171288 1.574300 0.070950
v -0.154155 1.574300 0.103003
v -0.131098 1.574300 0.131098
v -0.103003 1.574300 0.154155
v -0.070950 1.574300 0.171288
v -0.036170 1.574300 0.181838
v 0.000000 1.574300 0.185400
v -0.040020 1.600301 -0.201194
v 0.000000 1.600301 -0.205135
v -0.078502 1.600301 -0.189520
v -0.113967 1.600301 -0.170564
v -0.145052 1.600301 -0.145052
v -0.170564 1.600301 -0.113967
v -0.189520 1.600301 -0.078502
v -0.201194 1.600301 -0.040020
v -0.205135 1.600301 -0.000000
v -0.201194 1.600301 0.040020
v -0.189520 1.600301 0.078502
v -0.170564 1.600301 0.113967
v -0.145052 1.600301 0.145052
v -0.113967 1.600301 0.170564
v -0.078502 1.600301 0.189520
v -0.040020 1.600301 0.201194
v 0.000000 1.600301 0.205135
v -0.045628 1.635808 -0.229388
v 0.000000 1.635808 -0.233882
v -0.089503 1.635808 -0.216079
v -0.129938 1.635808 -0.194466
v -0.165379 1.635808 -0.165379
v -0.194466 1.635808 -0.129938
v -0.216079 1.635808 -0.089503
v -0.229388 1.635808 -0.045628
v -0.233882 1.635808 -0.000000
v -0.229388 1.635808 0.045628
v -0.216079 1.635808 0.089503
v -0.194466 1.635808 0.129938
v -0.165379 1.635808 0.165379
v -0.129938 1.635808 0.194466
v -0.089503 1.635808 0.216079
v -0.045628 1.635808 0.229388
v 0.000000 1.635808 0.233882
v -0.048721 1.682403 -0.244936
v 0.000000 1.682403 -0.249735
v -0.095570 1.682403 -0.230725
v -0.138745 1.682403 -0.207647
v -0.176589 1.682403 -0.176589
v -0.207647 1.682403 -0.138745
v -0.230725 1.682403 -0.095569
v -0.244936 1.682403 -0.048721
v -0.249735 1.682403 -0.000000
v -0.244936 1.682403 0.048721
v -0.230725 1.682403 0.095569
v -0.207647 1.682403 0.138745
v -0.176589 1.682403 0.176589
v -0.138745 1.682403 0.207647
v -0.095569 1.682403 0.230725
v -0.048721 1.682403 0.244936
v 0.000000 1.682403 0.249735
v -0.048721 1.783052 -0.244936
v 0.000000 1.783052 -0.249735
v -0.095570 1.783052 -0.230725
v -0.138745 1.783052 -0.207647
v -0.176589 1.783052 -0.176589
v -0.207647 1.783052 -0.138745
v -0.230725 1.783052 -0.095569
v -0.244936 1.783052 -0.048721
v -0.249735 1.783052 -0.000000
v -0.244936 1.783052 0.048721
v -0.230725 1.783052 0.095569
v -0.207647 1.783052 0.138745
v -0.176589 1.783052 0.176589
v -0.138745 1.783052 0.207647
v -0.095569 1.783052 0.230725
v -0.048721 1.783052 0.244936
v 0.000000 1.783052 0.249735
v -0.044028 1.887429 -0.221345
v 0.000000 1.887429 -0.225681
v -0.086364 1.887429 -0.208502
v -0.125382 1.887429 -0.187647
v -0.159581 1.887429 -0.159581
v -0.187647 1.887429 -0.125382
v -0.208502 1.887429 -0.086364
v -0.221345 1.887429 -0.044028
v -0.225681 1.887429 -0.000000
v -0.221345 1.887429 0.044028
v -0.208502 1.887429 0.086364
v -0.187647 1.887429 0.125382
v -0.159581 1.887429 0.159581
v -0.125382 1.887429 0.187647
v -0.086364 1.887429 0.208502
v -0.044028 1.887429 0.221345
v 0.000000 1.887429 0.225681
v -0.038947 1.993669 -0.195800
v 0.000000 1.993669 -0.199636
v -0.076398 1.993669 -0.184440
v -0.110912 1.993669 -0.165992
v -0.141164 1.993669 -0.141164
v -0.165992 1.993669 -0.110912
v -0.184440 1.993669 -0.076398
v -0.195800 1.993669 -0.038947
v -0.199636 1.993669 -0.000000
v -0.195800 1.993669 0.038947
v -0.184440 1.993669 0.076397
v -0.165992 1.993669 0.110912
v -0.141164 1.993669 0.141164
v -0.110912 1.993669 0.165992
v -0.076398 1.993669 0.184440
v -0.038947 1.993669 0.195800
v 0.000000 1.993669 0.199636
v -0.035001 2.124140 -0.175964
v 0.000000 2.124140 -0.179411
v -0.068658 2.124140 -0.165754
v -0.099676 2.124140 -0.149175
v -0.126863 2.124140 -0.126863
v -0.149175 2.124140 -0.099676
v -0.165754 2.124140 -0.068658
v -0.175964 2.124140 -0.035001
v -0.179411 2.124140 -0.000000
v -0.175964 2.124140 0.035001
v -0.165754 2.124140 0.068658
v -0.149175 2.124140 0.099676
v -0.126863 2.124140 0.126863
v -0.099676 2.124140 0.149175
v -0.068658 2.124140 0.165754
v -0.035001 2.124140 0.175964
v 0.000000 2.124140 0.179411
v -0.031997 2.230381 -0.160858
v 0.000000 2.230381 -0.164009
v -0.062764 2.230381 -0.151525
v -0.091119 2.230381 -0.136368
v -0.115972 2.230381 -0.115972
v -0.136369 2.230381 -0.091119
v -0.151525 2.230381 -0.062764
v -0.160858 2.230381 -0.031997
v -0.164009 2.230381 -0.000000
v -0.160858 2.230381 0.031997
v -0.151525 2.230381 0.062763
v -0.136369 2.230381 0.091118
v -0.115972 2.230381 0.115972
v -0.091119 2.230381 0.136368
v -0.062764 2.230381 0.151525
v -0.031997 2.230381 0.160858
v 0.000000 2.230381 0.164009
v -0.032094 2.349609 -0.161346
v 0.000000 2.349609 -0.164507
v -0.062954 2.349609 -0.151985
v -0.091395 2.349609 -0.136783
v -0.116324 2.349609 -0.116324
v -0.136783 2.349609 -0.091395
v -0.151985 2.349609 -0.062954
v -0.161346 2.349609 -0.032094
v -0.164507 2.349609 -0.000000
v -0.161346 2.349609 0.032094
v -0.151985 2.349609 0.062954
v -0.136783 2.349609 0.091395
v -0.116324 2.349609 0.116324
v -0.091395 2.349609 0.136783
v -0.062954 2.349609 0.151985
v -0.032094 2.349609 0.161346
v 0.000000 2.349609 0.164507
v -0.035233 2.368986 -0.177128
v 0.000000 2.368986 -0.180598
v -0.069112 2.368986 -0.166851
v -0.100335 2.368986 -0.150162
v -0.127702 2.368986 -0.127702
v -0.150162 2.368986 -0.100335
v -0.166851 2.368986 -0.069112
v -0.177128 2.368986 -0.035233
v -0.180598 2.368986 -0.000000
v -0.177128 2.368986 0.035233
v -0.166851 2.368986 0.069112
v -0.150162 2.368986 0.100335
v -0.127702 2.368986 0.127702
v -0.100335 2.368986 0.150162
v -0.069112 2.368986 0.166851
v -0.035233 2.368986 0.177128
v 0.000000 2.368986 0.180598
v -0.036586 2.385910 -0.183929
v 0.000000 2.385910 -0.187532
v -0.071766 2.385910 -0.173257
v -0.104187 2.385910 -0.155927
v -0.132606 2.385910 -0.132605
v -0.155928 2.385910 -0.104187
v -0.173257 2.385910 -0.071765
v -0.183929 2.385910 -0.036586
v -0.187532 2.385910 -0.000000
v -0.183929 2.385910 0.036586
v -0.173257 2.385910 0.071765
v -0.155928 2.385910 0.104187
v -0.132606 2.385910 0.132605
v -0.104187 2.385910 0.155927
v -0.071766 2.385910 0.173257
v -0.036586 2.385910 0.183929
v 0.000000 2.385910 0.187532
v -0.035799 2.393983 -0.179970
v 0.000000 2.393983 -0.183496
v -0.070221 2.393983 -0.169528
v -0.101945 2.393983 -0.152572
v -0.129752 2.393983 -0.129751
v -0.152572 2.393983 -0.101945
v -0.169529 2.393983 -0.070221
v -0.179971 2.393983 -0.035798
v -0.183496 2.393983 -0.000000
v -0.179971 2.393983 0.035798
v -0.169529 2.393983 0.070221
v -0.152572 2.393983 0.101945
v -0.129752 2.393983 0.129751
v -0.101945 2.393983 0.152572
v -0.070221 2.393983 0.169528
v -0.035798 2.393983 0.179970
v 0.000000 2.393983 0.183496
v -0.032278 2.408359 -0.162271
v 0.000000 2.408359 -0.165450
v -0.063315 2.408359 -0.152856
v -0.091919 2.408359 -0.137566
v -0.116991 2.408359 -0.116991
v -0.137567 2.408359 -0.091919
v -0.152856 2.408359 -0.063315
v -0.162271 2.408359 -0.032278
v -0.165450 2.408359 -0.000000
v -0.162271 2.408359 0.032278
v -0.152856 2.408359 0.063315
v -0.137567 2.408359 0.091919
v -0.116991 2.408359 0.116991
v -0.091919 2.408359 0.137566
v -0.063315 2.408359 0.152856
v -0.032278 2.408359 0.162271
v 0.000000 2.408359 0.165450
v -0.031022 2.418269 -0.155960
v 0.000000 2.418269 -0.159015
v -0.060853 2.418269 -0.146911
v -0.088344 2.418269 -0.132216
v -0.112441 2.418269 -0.112441
v -0.132216 2.418269 -0.088344
v -0.146911 2.418269 -0.060852
v -0.155960 2.418269 -0.031022
v -0.159015 2.418269 -0.000000
v -0.155960 2.418269 0.031022
v -0.146911 2.418269 0.060852
v -0.132216 2.418269 0.088344
v -0.112441 2.418269 0.112441
v -0.088344 2.418269 0.132216
v -0.060853 2.418269 0.146911
v -0.031022 2.418269 0.155960
v 0.000000 2.418269 0.159015
v -0.030492 2.454755 -0.153295
v 0.000000 2.454755 -0.156298
v -0.059813 2.454755 -0.144400
v -0.086835 2.454755 -0.129957
v -0.110519 2.454755 -0.110519
v -0.129957 2.454755 -0.086834
v -0.144400 2.454755 -0.059813
v -0.153295 2.454755 -0.030492
v -0.156298 2.454755 -0.000000
v -0.153295 2.454755 0.030492
v -0.144400 2.454755 0.059812
v -0.129957 2.454755 0.086834
v -0.110519 2.454755 0.110519
v -0.086835 2.454755 0.129957
v -0.059813 2.454755 0.144400
v -0.030492 2.454755 0.153294
v 0.000000 2.454755 0.156298
v -0.027983 2.468895 -0.140680
v 0.000000 2.468895 -0.143436
v -0.054891 2.468895 -0.132517
v -0.079689 2.468895 -0.119263
v -0.101425 2.468895 -0.101424
v -0.119263 2.468895 -0.079689
v -0.132518 2.468895 -0.054891
v -0.140680 2.468895 -0.027983
v -0.143436 2.468895 -0.000000
v -0.140680 2.468895 0.027983
v -0.132518 2.468895 0.054890
v -0.119263 2.468895 0.079689
v -0.101425 2.468895 0.101424
v -0.079689 2.468895 0.119262
v -0.054891 2.468895 0.132517
v -0.027983 2.468895 0.140680
v 0.000000 2.468895 0.143436
v -0.026002 2.484281 -0.130718
v 0.000000 2.484281 -0.133279
v -0.051004 2.484281 -0.123134
v -0.074046 2.484281 -0.110817
v -0.094243 2.484281 -0.094242
v -0.110817 2.484281 -0.074046
v -0.123134 2.484281 -0.051004
v -0.130718 2.484281 -0.026001
v -0.133279 2.484281 -0.000000
v -0.130718 2.484281 0.026001
v -0.123134 2.484281 0.051004
v -0.110817 2.484281 0.074046
v -0.094243 2.484281 0.094242
v -0.074046 2.484281 0.110817
v -0.051004 2.484281 0.123134
v -0.026002 2.484281 0.130718
v 0.000000 2.484281 0.133279
v -0.026002 2.510168 -0.130718
v 0.000000 2.510168 -0.133279
v -0.051004 2.510168 -0.123134
v -0.074046 2.510168 -0.110817
v -0.094242 2.510168 -0.094242
v -0.110817 2.510168 -0.074046
v -0.123134 2.510168 -0.051004
v -0.130718 2.510168 -0.026001
v -0.133279 2.510168 -0.000000
v -0.130718 2.510168 0.026001
v -0.123134 2.510168 0.051004
v -0.110817 2.510168 0.074046
v -0.094242 2.510168 0.094242
v -0.074046 2.510168 0.110817
v -0.051004 2.510168 0.123134
v -0.026002 2.510168 0.130718
v 0.000000 2.510168 0.133279
v -0.023286 2.537350 -0.117067
v 0.000000 2.537350 -0.119360
v -0.045677 2.537350 -0.110275
v -0.066313 2.537350 -0.099245
v -0.117067 2.537350 -0.023286
v -0.117067 2.537350 0.023286
v -0.110275 2.537350 0.045677
v -0.099245 2.537350 0.066313
v -0.066313 2.537350 0.099245
v -0.023286 2.537350 0.117067
v 0.000000 2.537350 0.119360
v -0.059390 6.885551 0.088880
v -0.037579 7.175770 -0.263043
v -0.112734 7.175770 -0.263043
v -0.187889 7.175770 -0.263043
v -0.187889 7.175770 0.263041
v -0.112734 7.175770 0.263041
v -0.037579 7.175770 0.263041
v -0.263043 7.175770 -0.187888
v -0.263043 7.175770 -0.112733
v -0.263043 7.175770 -0.037578
v -0.263043 7.175770 0.037576
v -0.263043 7.175770 0.112731
v -0.263043 7.175770 0.187886
v -0.187889 7.175770 -0.187888
v -0.187889 7.175770 0.187886
v -0.037579 7.050116 -0.187888
v -0.037579 7.050116 -0.112733
v -0.037579 7.050116 -0.037578
v -0.037579 7.050116 0.037576
v -0.037579 7.050116 0.112731
v -0.037579 7.050116 0.187886
v -0.112734 7.050116 -0.187888
v -0.112734 7.050116 -0.112733
v -0.112734 7.050116 -0.037578
v -0.112734 7.050116 0.037576
v -0.112734 7.050116 0.112731
v -0.112734 7.050116 0.187886
v -0.187889 7.050116 -0.187888
v -0.187889 7.050116 -0.112733
v -0.187889 7.050116 -0.037578
v -0.187889 7.050116 0.037576
v -0.187889 7.050116 0.112731
v -0.187889 7.050116 0.187886
v -0.414342 8.163646 -0.508616
v -0.508616 8.163646 0.414339
v -0.414342 8.163646 0.508614
v -0.414342 8.163646 0.414339
v -0.508616 8.163646 -0.414341
v -0.414342 8.163646 -0.414341
v -0.236689 8.351524 -0.236689
v -0.236689 8.351524 0.192816
v -0.236689 8.351524 0.236687
v -0.209869 8.437263 -0.209869
v -0.236689 8.351524 -0.192818
v -0.236689 8.401850 -0.236689
v -0.236689 8.401850 0.192816
v -0.236689 8.401850 0.236687
v -0.159406 8.508090 -0.159406
v -0.236689 8.401850 -0.192818
v -0.209869 8.437263 0.170967
v -0.209869 8.437263 0.209867
v -0.124572 8.571514 -0.124572
v -0.209869 8.437263 -0.170969
v -0.159406 8.508090 0.129857
v -0.159406 8.508090 0.159404
v -0.124572 8.603873 -0.124572
v -0.159406 8.508090 -0.129859
v -0.124572 8.571514 0.101480
v -0.124572 8.571514 0.124570
v -0.163593 8.621131 -0.163593
v -0.124572 8.571514 -0.101482
v -0.124572 8.603873 0.101480
v -0.124572 8.603873 0.124570
v -0.167563 8.643783 -0.167563
v -0.124572 8.603873 -0.101482
v -0.163593 8.621131 0.133268
v -0.163593 8.621131 0.163591
v -0.167563 8.690164 -0.167563
v -0.163593 8.621131 -0.133270
v -0.167563 8.643783 0.136502
v -0.167563 8.643783 0.167561
v -0.124506 8.719287 -0.124506
v -0.167563 8.643783 -0.136504
v -0.167563 8.690164 0.136502
v -0.167563 8.690164 0.167561
v -0.079954 8.748410 -0.079954
v -0.167563 8.690164 -0.136504
v -0.124506 8.719287 0.101426
v -0.124506 8.719287 0.124504
v -0.046868 8.782927 -0.046868
v -0.124506 8.719287 -0.101428
v -0.079954 8.748410 0.065132
v -0.079954 8.748410 0.079952
v -0.046868 8.808814 -0.046868
v -0.079954 8.748410 -0.065134
v -0.046868 8.782927 0.038179
v -0.046868 8.782927 0.046866
v -0.065073 8.827150 -0.065073
v -0.046868 8.782927 -0.038181
v -0.046868 8.808814 0.038179
v -0.046868 8.808814 0.046866
v -0.075686 8.844408 -0.075686
v -0.046868 8.808814 -0.038181
v -0.065073 8.827150 0.053009
v -0.065073 8.827150 0.065071
v -0.084095 8.880003 -0.084095
v -0.065073 8.827150 -0.053011
v -0.075686 8.844408 0.061655
v -0.075686 8.844408 0.075684
v -0.084095 8.968450 -0.084095
v -0.075686 8.844408 -0.061657
v -0.084095 8.880003 0.068506
v -0.084095 8.880003 0.084093
v -0.075121 8.998652 -0.075120
v -0.084095 8.880003 -0.068508
v -0.084095 8.968450 0.068506
v -0.084095 8.968450 0.084093
v -0.057000 9.026695 -0.057000
v -0.084095 8.968450 -0.068508
v -0.075121 8.998652 0.061195
v -0.075121 8.998652 0.075118
v -0.030268 9.050426 -0.030268
v -0.075121 8.998652 -0.061197
v -0.057000 9.026695 0.046433
v -0.057000 9.026695 0.056998
v -0.057000 9.026695 -0.046435
v -0.030268 9.050426 0.024655
v -0.030268 9.050426 0.030266
v -0.030268 9.050426 -0.024657
v 0.000000 7.175770 -0.263043
v 0.000000 7.175770 0.263041
v 0.000000 7.050116 -0.187888
v 0.000000 7.050116 -0.112733
v 0.000000 7.050116 -0.037578
v 0.000000 7.050116 0.037576
v 0.000000 7.050116 0.112731
v 0.000000 7.050116 0.187886
v 0.000000 8.163646 0.508614
v 0.000000 8.163646 -0.508616
v -0.104955 6.143193 -0.039325
v -0.104955 6.132520 -0.038273
v -0.104955 6.122257 -0.035160
v -0.104955 6.104508 -0.023301
v -0.104955 6.097705 -0.015011
v -0.104955 6.092649 -0.005553
v -0.104955 6.088485 0.015383
v -0.104955 6.092649 0.036319
v -0.104955 6.112799 0.060871
v -0.104955 6.132520 0.069039
v -0.104955 6.164129 0.065926
v -0.104955 6.196849 0.026056
v -0.104955 6.193737 -0.005553
v -0.104955 6.188681 -0.015011
v -0.104955 6.173587 -0.030105
v -0.104955 6.164129 -0.035160
v 0.263043 7.065252 0.241847
v 0.241849 7.065252 0.263041
v 0.242009 7.050116 0.242006
v 0.260183 7.065252 0.252401
v 0.260262 7.057693 0.241897
v 0.257483 7.058013 0.252003
v 0.241900 7.057693 0.260260
v 0.252403 7.065252 0.260181
v 0.252006 7.058013 0.257480
v 0.252541 7.052138 0.241956
v 0.241958 7.052138 0.252539
v 0.252047 7.054101 0.252045
v 0.263043 7.175770 0.241847
v 0.241849 7.175770 0.263041
v 0.260204 7.175770 0.252444
v 0.252446 7.175770 0.260202
v 0.241849 7.065252 -0.263043
v 0.263043 7.065252 -0.241849
v 0.242009 7.050116 -0.242008
v 0.252403 7.065252 -0.260183
v 0.241900 7.057693 -0.260262
v 0.252006 7.058013 -0.257482
v 0.260262 7.057693 -0.241899
v 0.260183 7.065252 -0.252403
v 0.257483 7.058013 -0.252005
v 0.241958 7.052138 -0.252541
v 0.252541 7.052138 -0.241958
v 0.252047 7.054101 -0.252046
v 0.241849 7.175770 -0.263043
v 0.263043 7.175770 -0.241849
v 0.252446 7.175770 -0.260204
v 0.260204 7.175770 -0.252446
v 0.187889 7.050116 -0.242008
v 0.187889 7.065252 -0.263043
v 0.187889 7.052144 -0.252526
v 0.187889 7.057684 -0.260225
v 0.112734 7.050116 -0.242008
v 0.112734 7.065252 -0.263043
v 0.112734 7.052144 -0.252526
v 0.112734 7.057684 -0.260225
v 0.037579 7.050116 -0.242008
v 0.037579 7.065252 -0.263043
v 0.037579 7.052144 -0.252526
v 0.037579 7.057684 -0.260225
v 0.037579 7.050116 0.242006
v 0.037579 7.065252 0.263041
v 0.037579 7.052144 0.252524
v 0.037579 7.057684 0.260223
v 0.112734 7.050116 0.242006
v 0.112734 7.065252 0.263041
v 0.112734 7.052144 0.252524
v 0.112734 7.057684 0.260223
v 0.187889 7.065252 0.263041
v 0.187889 7.050116 0.242006
v 0.187889 7.057684 0.260223
v 0.187889 7.052144 0.252524
v 0.242009 7.050116 0.187886
v 0.263043 7.065252 0.187886
v 0.252526 7.052144 0.187886
v 0.260225 7.057684 0.187886
v 0.242009 7.050116 0.112731
v 0.263043 7.065252 0.112731
v 0.252526 7.052144 0.112731
v 0.260225 7.057684 0.112731
v 0.242009 7.050116 0.037576
v 0.263043 7.065252 0.037576
v 0.252526 7.052144 0.037576
v 0.260225 7.057684 0.037576
v 0.242009 7.050116 -0.037578
v 0.263043 7.065252 -0.037578
v 0.252526 7.052144 -0.037578
v 0.260225 7.057684 -0.037578
v 0.242009 7.050116 -0.112733
v 0.263043 7.065252 -0.112733
v 0.252526 7.052144 -0.112733
v 0.260225 7.057684 -0.112733
v 0.263043 7.065252 -0.187888
v 0.242009 7.050116 -0.187888
v 0.260225 7.057684 -0.187888
v 0.252526 7.052144 -0.187888
v 0.508616 8.163646 -0.487422
v 0.487422 8.163646 -0.508616
v 0.496311 8.172149 -0.496310
v 0.505777 8.163646 -0.498019
v 0.498019 8.163646 -0.505776
v 0.487422 8.163646 0.508614
v 0.508616 8.163646 0.487420
v 0.496311 8.172149 0.496308
v 0.498019 8.163646 0.505774
v 0.505777 8.163646 0.498017
v -0.263043 7.065252 0.242006
v -0.242009 7.050116 0.242006
v -0.242009 7.065252 0.263041
v -0.260233 7.057693 0.242006
v -0.260233 7.065252 0.252510
v -0.257504 7.058013 0.252065
v -0.242009 7.052138 0.252510
v -0.252512 7.052138 0.242006
v -0.252068 7.054101 0.252065
v -0.252512 7.065252 0.260231
v -0.242009 7.057693 0.260231
v -0.252068 7.058013 0.257501
v -0.242009 7.175770 0.263041
v -0.263043 7.175770 0.242006
v -0.252526 7.175770 0.260223
v -0.260225 7.175770 0.252524
v -0.242009 7.065252 -0.263043
v -0.242009 7.050116 -0.242008
v -0.263043 7.065252 -0.242008
v -0.242009 7.057693 -0.260233
v -0.252512 7.065252 -0.260233
v -0.252068 7.058013 -0.257503
v -0.252512 7.052138 -0.242008
v -0.242009 7.052138 -0.252512
v -0.252068 7.054101 -0.252067
v -0.260233 7.065252 -0.252512
v -0.260233 7.057693 -0.242008
v -0.257504 7.058013 -0.252067
v -0.263043 7.175770 -0.242008
v -0.242009 7.175770 -0.263043
v -0.260225 7.175770 -0.252526
v -0.252526 7.175770 -0.260225
v -0.187889 7.065252 -0.263043
v -0.187889 7.050116 -0.242008
v -0.187889 7.057684 -0.260225
v -0.187889 7.052144 -0.252526
v -0.112734 7.065252 -0.263043
v -0.112734 7.050116 -0.242008
v -0.112734 7.057684 -0.260225
v -0.112734 7.052144 -0.252526
v -0.037579 7.065252 -0.263043
v -0.037579 7.050116 -0.242008
v -0.037579 7.057684 -0.260225
v -0.037579 7.052144 -0.252526
v -0.037579 7.065252 0.263041
v -0.037579 7.050116 0.242006
v -0.037579 7.057684 0.260223
v -0.037579 7.052144 0.252524
v -0.112734 7.065252 0.263041
v -0.112734 7.050116 0.242006
v -0.112734 7.057684 0.260223
v -0.112734 7.052144 0.252524
v -0.187889 7.050116 0.242006
v -0.187889 7.065252 0.263041
v -0.187889 7.052144 0.252524
v -0.187889 7.057684 0.260223
v -0.263043 7.065252 0.187886
v -0.242009 7.050116 0.187886
v -0.260225 7.057684 0.187886
v -0.252526 7.052144 0.187886
v -0.263043 7.065252 0.112731
v -0.242009 7.050116 0.112731
v -0.260225 7.057684 0.112731
v -0.252526 7.052144 0.112731
v -0.263043 7.065252 0.037576
v -0.242009 7.050116 0.037576
v -0.260225 7.057684 0.037576
v -0.252526 7.052144 0.037576
v -0.263043 7.065252 -0.037578
v -0.242009 7.050116 -0.037578
v -0.260225 7.057684 -0.037578
v -0.252526 7.052144 -0.037578
v -0.263043 7.065252 -0.112733
v -0.242009 7.050116 -0.112733
v -0.260225 7.057684 -0.112733
v -0.252526 7.052144 -0.112733
v -0.242009 7.050116 -0.187888
v -0.263043 7.065252 -0.187888
v -0.252526 7.052144 -0.187888
v -0.260225 7.057684 -0.187888
v -0.487581 8.163646 -0.508616
v -0.508616 8.163646 -0.487581
v -0.496311 8.172149 -0.496310
v -0.498099 8.163646 -0.505798
v -0.505798 8.163646 -0.498099
v -0.508616 8.163646 0.487579
v -0.487581 8.163646 0.508614
v -0.496311 8.172149 0.496308
v -0.505798 8.163646 0.498097
v -0.498099 8.163646 0.505796
v 0.000000 7.050116 -0.242008
v 0.000000 7.065252 -0.263043
v 0.000000 7.052144 -0.252526
v 0.000000 7.057684 -0.260225
v 0.000000 7.065252 0.263041
v 0.000000 7.050116 0.242006
v 0.000000 7.057684 0.260223
v 0.000000 7.052144 0.252524
v 0.023286 2.537349 -0.117067
v 0.045677 2.537349 -0.110275
v 0.045677 2.537349 0.110275
v 0.023287 5.987245 -0.117067
v 0.045678 5.987245 -0.110275
v 0.084401 5.987245 -0.084401
v 0.110276 5.987245 -0.045677
v 0.110276 5.987245 0.045677
v 0.066314 5.987245 0.099245
v 0.045678 5.987245 0.110275
v 0.023287 5.987245 0.117067
v -0.084401 2.537349 -0.084401
v -0.099245 2.537349 -0.066313
v -0.110275 2.537349 -0.045677
v -0.119361 2.537349 -0.000000
v -0.084401 2.537349 0.084401
v -0.045677 2.537349 0.110275
v 0.000000 5.987245 -0.119360
v -0.066314 5.987245 -0.099245
v -0.099246 5.987245 -0.066313
v -0.110276 5.987245 0.045677
v 0.000000 5.987245 0.119360
v -0.621155 6.128441 -0.006693
v -0.621155 6.124418 -0.003391
v -0.621155 6.118662 0.005223
v -0.621155 6.117152 0.010203
v -0.621155 6.116642 0.015383
v -0.621155 6.117152 0.020563
v -0.621155 6.121116 0.030134
v -0.621155 6.133031 0.039912
v -0.621155 6.143191 0.041933
v -0.621155 6.157942 0.037459
v -0.621155 6.161966 0.034157
v -0.621155 6.165267 0.030134
v -0.621155 6.167721 0.025543
v -0.621155 6.169232 0.020563
v -0.621155 6.169742 0.015383
v -0.621155 6.167721 0.005223
v -0.621155 6.161966 -0.003391
v -0.621155 6.153352 -0.009146
v -0.621155 6.148372 -0.010657
v -0.706044 6.138343 -0.008989
v -0.706044 6.143191 -0.009466
v -0.706044 6.133683 -0.007574
v -0.706044 6.129387 -0.005278
v -0.706044 6.125621 -0.002188
v -0.706044 6.122531 0.001578
v -0.706044 6.120234 0.005874
v -0.706044 6.118821 0.010535
v -0.706044 6.118343 0.015383
v -0.706044 6.118821 0.020231
v -0.706044 6.120234 0.024892
v -0.706044 6.122531 0.029188
v -0.706044 6.125621 0.032954
v -0.706044 6.129387 0.036044
v -0.706044 6.133683 0.038340
v -0.706044 6.138343 0.039754
v -0.706044 6.143191 0.040232
v -0.706044 6.148040 0.039754
v -0.706044 6.152701 0.038340
v -0.706044 6.156997 0.036044
v -0.706044 6.160763 0.032954
v -0.706044 6.163853 0.029188
v -0.706044 6.166149 0.024892
v -0.706044 6.167563 0.020231
v -0.706044 6.168041 0.015383
v -0.706044 6.167563 0.010535
v -0.706044 6.166149 0.005874
v -0.706044 6.163853 0.001578
v -0.706044 6.160763 -0.002188
v -0.706044 6.156997 -0.005278
v -0.706044 6.152701 -0.007574
v -0.706044 6.148040 -0.008989
v -0.174345 6.132519 -0.038273
v -0.174345 6.112798 -0.030105
v -0.174345 6.092649 -0.005553
v -0.174345 6.088484 0.015383
v -0.174345 6.112798 0.060871
v -0.174345 6.122256 0.065926
v -0.174345 6.143191 0.070091
v -0.174345 6.153864 0.069039
v -0.174345 6.164127 0.065926
v -0.174345 6.181876 0.054067
v -0.174345 6.188679 0.045777
v -0.174345 6.193735 0.036319
v -0.174345 6.196848 0.026056
v -0.174345 6.197899 0.015383
v -0.174345 6.196847 0.004710
v -0.174345 6.181876 -0.023301
v -0.174345 6.173585 -0.030105
v -0.174345 6.164127 -0.035160
v -0.262359 6.134653 -0.027542
v -0.262359 6.143191 -0.028383
v -0.262359 6.126443 -0.025052
v -0.262359 6.112244 -0.015564
v -0.262359 6.106802 -0.008932
v -0.262359 6.102757 -0.001366
v -0.262359 6.100266 0.006845
v -0.262359 6.099425 0.015383
v -0.262359 6.100266 0.023921
v -0.262359 6.102757 0.032132
v -0.262359 6.106802 0.039698
v -0.262359 6.112244 0.046330
v -0.262359 6.118876 0.051773
v -0.262359 6.126443 0.055818
v -0.262359 6.134653 0.058308
v -0.262359 6.151730 0.058308
v -0.262359 6.174139 0.046330
v -0.262359 6.179582 0.039698
v -0.262359 6.183627 0.032132
v -0.262359 6.186957 0.015383
v -0.262359 6.183627 -0.001366
v -0.262359 6.179582 -0.008932
v -0.262359 6.174139 -0.015564
v -0.262359 6.167507 -0.021007
v -0.262359 6.151730 -0.027542
v 0.621155 6.138012 -0.010657
v 0.621155 6.133031 -0.009146
v 0.621155 6.128441 -0.006693
v 0.621155 6.124418 -0.003391
v 0.621155 6.117152 0.010203
v 0.621155 6.117152 0.020563
v 0.621155 6.121116 0.030134
v 0.621155 6.124418 0.034157
v 0.621155 6.128441 0.037459
v 0.621155 6.133031 0.039912
v 0.621155 6.138012 0.041423
v 0.621155 6.143191 0.041933
v 0.621155 6.148372 0.041423
v 0.621155 6.153352 0.039912
v 0.621155 6.165267 0.030134
v 0.621155 6.157942 -0.006693
v 0.706044 6.138343 -0.008989
v 0.706044 6.143191 -0.009466
v 0.706044 6.133683 -0.007574
v 0.706044 6.129387 -0.005278
v 0.706044 6.125621 -0.002188
v 0.706044 6.122531 0.001578
v 0.706044 6.120234 0.005874
v 0.706044 6.118821 0.010535
v 0.706044 6.118343 0.015383
v 0.706044 6.118821 0.020231
v 0.706044 6.120234 0.024892
v 0.706044 6.122531 0.029188
v 0.706044 6.125621 0.032954
v 0.706044 6.129387 0.036044
v 0.706044 6.133683 0.038340
v 0.706044 6.138343 0.039754
v 0.706044 6.143191 0.040232
v 0.706044 6.148040 0.039754
v 0.706044 6.152701 0.038340
v 0.706044 6.156997 0.036044
v 0.706044 6.160763 0.032954
v 0.706044 6.163853 0.029188
v 0.706044 6.166149 0.024892
v 0.706044 6.167563 0.020231
v 0.706044 6.168041 0.015383
v 0.706044 6.167563 0.010535
v 0.706044 6.166149 0.005874
v 0.706044 6.163853 0.001578
v 0.706044 6.160763 -0.002188
v 0.706044 6.156997 -0.005278
v 0.706044 6.152701 -0.007574
v 0.706044 6.148040 -0.008989
v 0.174345 6.143191 -0.039325
v 0.174345 6.132519 -0.038273
v 0.174345 6.122256 -0.035160
v 0.174345 6.112798 -0.030105
v 0.174345 6.104507 -0.023301
v 0.174345 6.097704 -0.015011
v 0.174345 6.089535 0.004710
v 0.174345 6.089535 0.026056
v 0.174345 6.092649 0.036319
v 0.174345 6.097704 0.045777
v 0.174345 6.104507 0.054067
v 0.174345 6.122256 0.065926
v 0.174345 6.143191 0.070091
v 0.174345 6.164127 0.065926
v 0.174345 6.181876 0.054067
v 0.174345 6.193735 0.036319
v 0.174345 6.196847 0.004710
v 0.174345 6.193735 -0.005553
v 0.174345 6.188679 -0.015011
v 0.174345 6.173585 -0.030105
v 0.262359 6.134653 -0.027542
v 0.262359 6.118876 -0.021007
v 0.262359 6.106802 -0.008932
v 0.262359 6.099425 0.015383
v 0.262359 6.100266 0.023921
v 0.262359 6.102757 0.032132
v 0.262359 6.106802 0.039698
v 0.262359 6.118876 0.051773
v 0.262359 6.126443 0.055818
v 0.262359 6.134653 0.058308
v 0.262359 6.143191 0.059149
v 0.262359 6.151730 0.058308
v 0.262359 6.159940 0.055818
v 0.262359 6.174139 0.046330
v 0.262359 6.183627 0.032132
v 0.262359 6.186117 0.023921
v 0.262359 6.151730 -0.027542
v 0.262359 6.143191 -0.028383
v 0.262359 6.126443 -0.025052
v 0.262359 6.112244 -0.015564
v 0.262359 6.102757 -0.001366
v 0.262359 6.100266 0.006845
v 0.262359 6.112244 0.046330
v 0.262359 6.167507 0.051773
v 0.262359 6.179582 0.039698
v 0.262359 6.186957 0.015383
v 0.262359 6.186117 0.006845
v 0.262359 6.183627 -0.001366
v 0.262359 6.179582 -0.008932
v 0.262359 6.174139 -0.015564
v 0.262359 6.167507 -0.021007
v 0.262359 6.159940 -0.025052
v 0.621155 6.143191 -0.011167
v 0.621155 6.121116 0.000632
v 0.621155 6.118662 0.005223
v 0.621155 6.116642 0.015383
v 0.621155 6.118662 0.025543
v 0.621155 6.157942 0.037459
v 0.621155 6.161966 0.034157
v 0.621155 6.167721 0.025543
v 0.621155 6.169232 0.020563
v 0.621155 6.169742 0.015383
v 0.621155 6.169232 0.010203
v 0.621155 6.167721 0.005223
v 0.621155 6.165267 0.000632
v 0.621155 6.161966 -0.003391
v 0.621155 6.153352 -0.009146
v 0.621155 6.148372 -0.010657
v -0.262359 6.118876 -0.021007
v -0.262359 6.143191 0.059149
v -0.262359 6.159940 0.055818
v -0.262359 6.167507 0.051773
v -0.262359 6.186117 0.023921
v -0.262359 6.186117 0.006845
v -0.262359 6.159940 -0.025052
v -0.621155 6.138012 -0.010657
v -0.621155 6.143191 -0.011167
v -0.621155 6.133031 -0.009146
v -0.621155 6.121116 0.000632
v -0.621155 6.118662 0.025543
v -0.621155 6.124418 0.034157
v -0.621155 6.128441 0.037459
v -0.621155 6.138012 0.041423
v -0.621155 6.148372 0.041423
v -0.621155 6.153352 0.039912
v -0.621155 6.169232 0.010203
v -0.621155 6.165267 0.000632
v -0.621155 6.157942 -0.006693
v 0.066314 5.987245 -0.099245
v 0.099245 5.987245 -0.066313
v 0.117068 5.987245 -0.023286
v 0.119361 5.987245 -0.000000
v 0.117068 5.987245 0.023286
v 0.099245 5.987245 0.066313
v 0.084401 5.987245 0.084401
v -0.023287 5.987245 -0.117067
v -0.045678 5.987245 -0.110275
v -0.084402 5.987245 -0.084401
v -0.110276 5.987245 -0.045677
v -0.117068 5.987245 -0.023286
v -0.119361 5.987245 -0.000000
v -0.117068 5.987245 0.023286
v -0.099246 5.987245 0.066313
v -0.084402 5.987245 0.084401
v -0.066314 5.987245 0.099245
v -0.045678 5.987245 0.110275
v -0.023287 5.987245 0.117067
v 0.063415 6.307814 -0.094904
v 0.094906 6.307814 -0.063413
v 0.105454 6.307814 -0.043679
v 0.111949 6.307814 0.022268
v 0.105454 6.307814 0.043679
v 0.094906 6.307814 0.063413
v 0.080711 6.307814 0.080709
v 0.043682 6.307814 0.105451
v 0.022270 6.472197 -0.111947
v 0.080711 6.472197 -0.080709
v 0.094906 6.472197 -0.063413
v 0.111949 6.472197 0.022268
v 0.063415 6.472197 0.094904
v 0.043682 6.472197 0.105451
v 0.000000 6.307814 -0.114140
v -0.063415 6.307814 -0.094904
v -0.080711 6.307814 -0.080709
v -0.111949 6.307814 -0.022268
v -0.114142 6.307814 -0.000000
v -0.111949 6.307814 0.022268
v -0.063415 6.307814 0.094904
v -0.022270 6.307814 0.111947
v 0.000000 6.472197 -0.114140
v -0.043682 6.472197 -0.105451
v -0.063415 6.472197 -0.094904
v -0.105454 6.472197 -0.043679
v -0.111949 6.472197 -0.022268
v -0.105454 6.472197 0.043679
v -0.080711 6.472197 0.080709
v -0.022270 6.472197 0.111947
v 0.022270 6.307814 -0.111947
v 0.043682 6.307814 -0.105451
v 0.080711 6.307814 -0.080709
v 0.111949 6.307814 -0.022268
v 0.114142 6.307814 -0.000000
v 0.063415 6.307814 0.094904
v 0.022270 6.307814 0.111947
v -0.022270 6.307814 -0.111947
v -0.043682 6.307814 -0.105451
v -0.094906 6.307814 -0.063413
v -0.105454 6.307814 -0.043679
v -0.105454 6.307814 0.043679
v -0.094906 6.307814 0.063413
v -0.080711 6.307814 0.080709
v -0.043682 6.307814 0.105451
v 0.000000 6.307814 0.114140
v -0.174345 6.143191 -0.039325
v -0.174345 6.122256 -0.035160
v -0.104955 6.112798 -0.030105
v -0.174345 6.104507 -0.023301
v -0.174345 6.097704 -0.015011
v -0.104955 6.089535 0.004710
v -0.174345 6.089535 0.004710
v -0.104955 6.089535 0.026056
v -0.174345 6.089535 0.026056
v -0.174345 6.092649 0.036319
v -0.104955 6.097704 0.045777
v -0.174345 6.097704 0.045777
v -0.104955 6.104507 0.054067
v -0.174345 6.104507 0.054067
v -0.104955 6.122256 0.065926
v -0.174345 6.132519 0.069039
v -0.104955 6.143191 0.070091
v -0.104955 6.153864 0.069039
v -0.104955 6.173585 0.060871
v -0.174345 6.173585 0.060871
v -0.104955 6.181876 0.054067
v -0.104955 6.188679 0.045777
v -0.104955 6.193735 0.036319
v -0.104955 6.197899 0.015383
v -0.104955 6.196847 0.004710
v -0.174345 6.193735 -0.005553
v -0.174345 6.188679 -0.015011
v -0.104955 6.181876 -0.023301
v -0.104955 6.153864 -0.038273
v -0.174345 6.153864 -0.038273
v 0.104955 6.132519 -0.038273
v 0.104955 6.122256 -0.035160
v 0.104955 6.112798 -0.030105
v 0.104955 6.104507 -0.023301
v 0.104955 6.097704 -0.015011
v 0.104955 6.092649 -0.005553
v 0.174345 6.092649 -0.005553
v 0.104955 6.089535 0.004710
v 0.174345 6.088484 0.015383
v 0.104955 6.089535 0.026056
v 0.104955 6.092649 0.036319
v 0.104955 6.097704 0.045777
v 0.104955 6.104507 0.054067
v 0.174345 6.112798 0.060871
v 0.104955 6.122256 0.065926
v 0.104955 6.132519 0.069039
v 0.174345 6.132519 0.069039
v 0.104955 6.143191 0.070091
v 0.174345 6.153864 0.069039
v 0.104955 6.173585 0.060871
v 0.174345 6.173585 0.060871
v 0.104955 6.181876 0.054067
v 0.174345 6.188679 0.045777
v 0.104955 6.196848 0.026056
v 0.174345 6.196848 0.026056
v 0.104955 6.197899 0.015383
v 0.174345 6.197899 0.015383
v 0.104955 6.188679 -0.015011
v 0.104955 6.181876 -0.023301
v 0.174345 6.181876 -0.023301
v 0.104955 6.173585 -0.030105
v 0.104955 6.164127 -0.035160
v 0.174345 6.164127 -0.035160
v 0.104955 6.153864 -0.038273
v 0.174345 6.153864 -0.038273
v 0.059391 6.732134 -0.088882
v 0.075589 6.732134 -0.075588
v 0.104845 6.732134 -0.020855
v 0.106899 6.732134 -0.000001
v 0.098762 6.732134 0.040906
v 0.088883 6.732134 0.059387
v 0.075589 6.732134 0.075586
v 0.106898 6.885551 -0.000001
v 0.040909 6.885551 0.098758
v 0.106898 6.808843 -0.000001
v 0.104844 6.808843 -0.020855
v 0.104844 6.808843 0.020853
v 0.098761 6.808843 0.040906
v 0.088883 6.808843 0.059387
v 0.075589 6.808843 0.075586
v 0.059391 6.808843 0.088880
v 0.040910 6.808843 0.098758
v 0.020857 6.808843 -0.104843
v 0.020857 6.808843 0.104841
v 0.040910 6.808843 -0.098760
v 0.059391 6.808843 -0.088882
v 0.075589 6.808843 -0.075588
v 0.088883 6.808843 -0.059389
v 0.098761 6.808843 -0.040908
v -0.098762 6.732134 -0.040908
v -0.040909 6.885551 0.098758
v -0.106898 6.808843 -0.000001
v -0.104844 6.808843 -0.020855
v -0.104844 6.808843 0.020853
v -0.098761 6.808843 0.040906
v -0.088883 6.808843 0.059387
v -0.075589 6.808843 0.075586
v -0.059391 6.808843 0.088880
v -0.040910 6.808843 0.098758
v 0.000000 6.808843 -0.106897
v -0.020857 6.808843 -0.104843
v -0.020857 6.808843 0.104841
v -0.040910 6.808843 -0.098760
v 0.000000 6.808843 0.106895
v -0.059391 6.808843 -0.088882
v -0.075589 6.808843 -0.075588
v -0.088883 6.808843 -0.059389
v -0.098761 6.808843 -0.040908
v 0.146845 6.822465 0.125241
v 0.146315 6.824736 0.124443
v 0.086142 6.818218 0.060044
v 0.116364 6.815305 0.088430
v 0.085664 6.815079 0.060186
v 0.115742 6.812230 0.088368
v 0.084762 6.812057 0.060765
v 0.114819 6.809216 0.088825
v 0.083528 6.809242 0.061789
v 0.113459 6.806457 0.089721
v 0.081910 6.806787 0.063199
v 0.111716 6.804056 0.090971
v 0.079971 6.804784 0.064928
v 0.109675 6.802097 0.092535
v 0.077796 6.803307 0.066911
v 0.107420 6.800654 0.094357
v 0.075470 6.802410 0.069075
v 0.105035 6.799784 0.096416
v 0.073151 6.802100 0.071364
v 0.102655 6.799500 0.098689
v 0.071011 6.802351 0.073672
v 0.100577 6.799725 0.101008
v 0.068941 6.803239 0.075893
v 0.098661 6.800545 0.103281
v 0.067066 6.804707 0.077956
v 0.096879 6.801973 0.105390
v 0.065460 6.806700 0.079783
v 0.095383 6.803917 0.107316
v 0.064184 6.809140 0.081304
v 0.094232 6.806304 0.108981
v 0.063278 6.811940 0.082459
v 0.093470 6.809041 0.110312
v 0.062864 6.814952 0.083206
v 0.093107 6.812030 0.111248
v 0.062900 6.818086 0.083511
v 0.093307 6.815093 0.111764
v 0.063379 6.821222 0.083369
v 0.093962 6.818152 0.111822
v 0.064284 6.824244 0.082783
v 0.095034 6.821100 0.111436
v 0.065570 6.827036 0.081781
v 0.096482 6.823818 0.110612
v 0.067205 6.829484 0.080401
v 0.098241 6.826207 0.109405
v 0.069102 6.831505 0.078696
v 0.100276 6.828164 0.107862
v 0.071186 6.833023 0.076727
v 0.102475 6.829628 0.106043
v 0.073424 6.833957 0.074564
v 0.104750 6.830544 0.104013
v 0.075691 6.834290 0.072314
v 0.106998 6.830883 0.101820
v 0.077957 6.833983 0.070047
v 0.109083 6.830657 0.099555
v 0.080025 6.833098 0.067860
v 0.110964 6.829856 0.097252
v 0.081843 6.831654 0.065790
v 0.112838 6.828391 0.095024
v 0.083518 6.829630 0.063923
v 0.114375 6.826432 0.092886
v 0.084817 6.827180 0.062311
v 0.115550 6.824040 0.091021
v 0.085715 6.824384 0.061066
v 0.116283 6.821320 0.089786
v 0.086159 6.821360 0.060341
v 0.116559 6.818369 0.088912
v 0.147132 6.820239 0.126536
v 0.146920 6.818228 0.127908
v 0.146336 6.816478 0.129418
v 0.145411 6.815047 0.131014
v 0.144181 6.813986 0.132632
v 0.142614 6.813364 0.134315
v 0.140968 6.813122 0.136015
v 0.139465 6.813298 0.137645
v 0.137909 6.813893 0.139058
v 0.136379 6.814878 0.140237
v 0.134788 6.816287 0.141076
v 0.133312 6.818016 0.141648
v 0.132004 6.820005 0.141921
v 0.130914 6.822177 0.141864
v 0.130060 6.824450 0.141458
v 0.129667 6.826657 0.140746
v 0.129618 6.828771 0.139717
v 0.129903 6.830713 0.138442
v 0.130520 6.832405 0.136964
v 0.131423 6.833794 0.135365
v 0.132579 6.834833 0.133699
v 0.133882 6.835503 0.132009
v 0.135254 6.835795 0.130299
v 0.136626 6.835713 0.128608
v 0.138413 6.835070 0.127072
v 0.140175 6.834032 0.125622
v 0.141830 6.832646 0.124440
v 0.143311 6.830978 0.123986
v 0.144586 6.829054 0.123841
v 0.145597 6.826942 0.123992
v 0.181227 6.841043 0.164263
v 0.180302 6.842806 0.163050
v 0.181942 6.839295 0.165793
v 0.182445 6.837618 0.167569
v 0.182377 6.836173 0.169172
v 0.181955 6.834976 0.170759
v 0.181104 6.834102 0.172216
v 0.179989 6.833494 0.173738
v 0.178712 6.833156 0.175174
v 0.177404 6.833418 0.176436
v 0.176018 6.833977 0.177492
v 0.174548 6.834823 0.178227
v 0.173069 6.835925 0.178657
v 0.171479 6.837347 0.178696
v 0.169967 6.838948 0.178468
v 0.168471 6.840714 0.177939
v 0.167282 6.842491 0.177160
v 0.166420 6.844222 0.176139
v 0.165891 6.845850 0.174897
v 0.165689 6.847335 0.173459
v 0.165793 6.848625 0.171913
v 0.166172 6.849688 0.170301
v 0.166779 6.850500 0.168697
v 0.167556 6.851044 0.167070
v 0.168439 6.851310 0.165456
v 0.169545 6.851260 0.163943
v 0.171340 6.850703 0.162630
v 0.173104 6.849892 0.161566
v 0.174799 6.848876 0.161293
v 0.176398 6.847626 0.161313
v 0.177867 6.846149 0.161609
v 0.179176 6.844529 0.162188
v 0.207049 6.859401 0.191897
v 0.205763 6.860840 0.190292
v 0.208084 6.857971 0.193744
v 0.208855 6.856596 0.195785
v 0.209358 6.855319 0.197965
v 0.209055 6.854347 0.199677
v 0.208388 6.853585 0.201368
v 0.207386 6.853092 0.202994
v 0.206174 6.852817 0.204422
v 0.204765 6.853018 0.205619
v 0.203230 6.853496 0.206521
v 0.201599 6.854197 0.207111
v 0.199874 6.855133 0.207292
v 0.198145 6.856242 0.207099
v 0.196107 6.857624 0.206419
v 0.194293 6.859063 0.205475
v 0.192743 6.860513 0.204282
v 0.191493 6.861933 0.202863
v 0.190563 6.863276 0.201250
v 0.189962 6.864502 0.199487
v 0.189686 6.865586 0.197619
v 0.189714 6.866493 0.195693
v 0.190020 6.867198 0.193763
v 0.190558 6.867691 0.191877
v 0.191272 6.867975 0.190077
v 0.192542 6.867912 0.188480
v 0.194578 6.867385 0.187229
v 0.196640 6.866733 0.186967
v 0.198687 6.865869 0.186995
v 0.200669 6.864796 0.187330
v 0.202537 6.863581 0.187996
v 0.204248 6.862248 0.188988
v 0.225467 6.884076 0.211049
v 0.223960 6.885160 0.209268
v 0.226693 6.883002 0.213063
v 0.227615 6.881969 0.215236
v 0.228223 6.881007 0.217504
v 0.228518 6.880143 0.219802
v 0.227922 6.879612 0.221558
v 0.226992 6.879241 0.223198
v 0.225784 6.879062 0.224667
v 0.224350 6.879203 0.225834
v 0.222725 6.879537 0.226691
v 0.220984 6.880044 0.227175
v 0.219168 6.880694 0.227285
v 0.216858 6.881658 0.226767
v 0.214671 6.882693 0.225928
v 0.212668 6.883771 0.224780
v 0.210900 6.884860 0.223349
v 0.209412 6.885928 0.221669
v 0.208235 6.886944 0.219784
v 0.207389 6.887882 0.217750
v 0.206881 6.888715 0.215626
v 0.206703 6.889436 0.213470
v 0.206833 6.890017 0.211344
v 0.207241 6.890451 0.209312
v 0.207878 6.890735 0.207422
v 0.209250 6.890681 0.205775
v 0.211416 6.890256 0.205004
v 0.213656 6.889714 0.204900
v 0.215914 6.888997 0.205109
v 0.218130 6.888169 0.205654
v 0.220246 6.887236 0.206540
v 0.222205 6.886223 0.207753
v 0.242468 6.919317 0.228118
v 0.240802 6.919794 0.226212
v 0.243828 6.918839 0.230222
v 0.244850 6.918373 0.232470
v 0.245514 6.917926 0.234779
v 0.245815 6.917506 0.237077
v 0.245761 6.917122 0.239294
v 0.244889 6.916982 0.240976
v 0.243689 6.916895 0.242439
v 0.242222 6.916955 0.243638
v 0.240549 6.917080 0.244462
v 0.238707 6.917261 0.244908
v 0.236335 6.917677 0.244700
v 0.233973 6.918122 0.244120
v 0.231692 6.918588 0.243175
v 0.229558 6.919063 0.241885
v 0.227635 6.919540 0.240285
v 0.225977 6.920009 0.238419
v 0.224625 6.920458 0.236345
v 0.223609 6.920885 0.234126
v 0.222949 6.921278 0.231830
v 0.222645 6.921635 0.229531
v 0.222687 6.921964 0.227301
v 0.223047 6.922250 0.225204
v 0.223691 6.922497 0.223314
v 0.225133 6.922481 0.221681
v 0.227349 6.922221 0.221238
v 0.229684 6.921893 0.221196
v 0.232072 6.921535 0.221509
v 0.234445 6.921141 0.222180
v 0.236734 6.920714 0.223204
v 0.238873 6.920262 0.224559
v 0.252628 6.951576 0.238182
v 0.251031 6.951666 0.236352
v 0.253905 6.951482 0.240201
v 0.254828 6.951384 0.242345
v 0.255376 6.951278 0.244552
v 0.255543 6.951162 0.246739
v 0.255335 6.951032 0.248835
v 0.254773 6.950890 0.250770
v 0.253573 6.950893 0.252241
v 0.252102 6.950887 0.253435
v 0.250421 6.950871 0.254305
v 0.248269 6.950995 0.254584
v 0.246036 6.951107 0.254484
v 0.243794 6.951209 0.253996
v 0.241614 6.951302 0.253127
v 0.239568 6.951391 0.251900
v 0.237719 6.951477 0.250351
v 0.236124 6.951565 0.248527
v 0.234827 6.951659 0.246487
v 0.233863 6.951762 0.244297
v 0.233253 6.951876 0.242031
v 0.233002 6.952007 0.239762
v 0.233105 6.952156 0.237568
v 0.233538 6.952334 0.235524
v 0.234267 6.952537 0.233697
v 0.235739 6.952550 0.232201
v 0.237888 6.952368 0.231758
v 0.240166 6.952216 0.231653
v 0.242505 6.952081 0.231904
v 0.244831 6.951963 0.232515
v 0.247073 6.951857 0.233478
v 0.249162 6.951758 0.234769
v 0.256864 6.997174 0.242802
v 0.255535 6.997266 0.241219
v 0.257867 6.997087 0.244574
v 0.258510 6.997010 0.246474
v 0.258771 6.996945 0.248431
v 0.258642 6.996892 0.250373
v 0.258133 6.996850 0.252228
v 0.257262 6.996827 0.253926
v 0.256065 6.996819 0.255403
v 0.254595 6.996823 0.256609
v 0.252910 6.996843 0.257499
v 0.251065 6.996876 0.258029
v 0.249131 6.996922 0.258178
v 0.247180 6.996980 0.257939
v 0.245286 6.997048 0.257318
v 0.243518 6.997128 0.256337
v 0.241942 6.997213 0.255031
v 0.240614 6.997303 0.253447
v 0.239580 6.997401 0.251641
v 0.238875 6.997500 0.249679
v 0.238522 6.997601 0.247634
v 0.238525 6.997703 0.245577
v 0.238880 6.997805 0.243584
v 0.239565 6.997906 0.241727
v 0.240545 6.998005 0.240069
v 0.242015 6.998009 0.238751
v 0.243917 6.997901 0.238084
v 0.245948 6.997793 0.237746
v 0.248037 6.997684 0.237759
v 0.250111 6.997577 0.238125
v 0.252099 6.997470 0.238841
v 0.253929 6.997365 0.239884
v 0.253473 7.058069 0.240263
v 0.252145 7.058159 0.238681
v 0.254476 7.057984 0.242037
v 0.255119 7.057911 0.243937
v 0.255380 7.057849 0.245894
v 0.255251 7.057800 0.247837
v 0.254741 7.057764 0.249693
v 0.253871 7.057741 0.251392
v 0.252673 7.057733 0.252869
v 0.251203 7.057737 0.254075
v 0.249518 7.057752 0.254964
v 0.247673 7.057782 0.255493
v 0.245740 7.057824 0.255642
v 0.243790 7.057878 0.255402
v 0.241895 7.057945 0.254780
v 0.240128 7.058022 0.253799
v 0.238552 7.058106 0.252493
v 0.237224 7.058197 0.250908
v 0.236190 7.058295 0.249102
v 0.235485 7.058395 0.247141
v 0.235131 7.058497 0.245096
v 0.235135 7.058601 0.243039
v 0.235490 7.058705 0.241047
v 0.236174 7.058809 0.239190
v 0.237154 7.058911 0.237533
v 0.238624 7.058907 0.236214
v 0.240527 7.058797 0.235547
v 0.242557 7.058688 0.235208
v 0.244647 7.058577 0.235220
v 0.246721 7.058468 0.235587
v 0.248708 7.058362 0.236303
v 0.250538 7.058257 0.237346
v 0.125240 6.822465 -0.146849
v 0.124442 6.824736 -0.146318
v 0.060043 6.818218 -0.086145
v 0.088429 6.815305 -0.116367
v 0.060184 6.815079 -0.085667
v 0.088367 6.812230 -0.115745
v 0.060764 6.812057 -0.084765
v 0.088824 6.809216 -0.114822
v 0.061788 6.809242 -0.083532
v 0.089720 6.806457 -0.113462
v 0.063198 6.806787 -0.081913
v 0.090970 6.804056 -0.111719
v 0.064927 6.804784 -0.079974
v 0.092534 6.802097 -0.109678
v 0.066910 6.803307 -0.077799
v 0.094356 6.800654 -0.107424
v 0.069074 6.802410 -0.075473
v 0.096415 6.799784 -0.105038
v 0.071363 6.802100 -0.073154
v 0.098688 6.799500 -0.102658
v 0.073671 6.802351 -0.071014
v 0.101007 6.799725 -0.100580
v 0.075892 6.803239 -0.068944
v 0.103280 6.800545 -0.098664
v 0.077955 6.804707 -0.067070
v 0.105389 6.801973 -0.096882
v 0.079782 6.806700 -0.065463
v 0.107315 6.803917 -0.095386
v 0.081303 6.809140 -0.064188
v 0.108980 6.806304 -0.094235
v 0.082458 6.811940 -0.063281
v 0.110311 6.809041 -0.093473
v 0.083205 6.814952 -0.062867
v 0.111247 6.812030 -0.093111
v 0.083510 6.818086 -0.062903
v 0.111763 6.815093 -0.093310
v 0.083368 6.821222 -0.063383
v 0.111820 6.818152 -0.093965
v 0.082782 6.824244 -0.064288
v 0.111435 6.821100 -0.095037
v 0.081780 6.827036 -0.065573
v 0.110611 6.823818 -0.096485
v 0.080400 6.829484 -0.067208
v 0.109404 6.826207 -0.098244
v 0.078695 6.831505 -0.069105
v 0.107861 6.828164 -0.100280
v 0.076726 6.833023 -0.071189
v 0.106042 6.829628 -0.102478
v 0.074563 6.833957 -0.073427
v 0.104012 6.830544 -0.104754
v 0.072313 6.834290 -0.075694
v 0.101819 6.830883 -0.107001
v 0.070046 6.833983 -0.077960
v 0.099554 6.830657 -0.109086
v 0.067859 6.833098 -0.080028
v 0.097251 6.829856 -0.110967
v 0.065789 6.831654 -0.081846
v 0.095023 6.828391 -0.112841
v 0.063922 6.829630 -0.083521
v 0.092885 6.826432 -0.114378
v 0.062310 6.827180 -0.084820
v 0.091020 6.824040 -0.115553
v 0.061065 6.824384 -0.085718
v 0.089785 6.821320 -0.116286
v 0.060340 6.821360 -0.086162
v 0.088911 6.818369 -0.116562
v 0.126535 6.820239 -0.147135
v 0.127907 6.818228 -0.146923
v 0.129417 6.816478 -0.146339
v 0.131013 6.815047 -0.145414
v 0.132631 6.813986 -0.144184
v 0.134314 6.813364 -0.142617
v 0.136014 6.813122 -0.140971
v 0.137644 6.813298 -0.139468
v 0.139057 6.813893 -0.137912
v 0.140236 6.814878 -0.136382
v 0.141074 6.816287 -0.134792
v 0.141647 6.818016 -0.133315
v 0.141920 6.820005 -0.132007
v 0.141863 6.822177 -0.130917
v 0.141457 6.824450 -0.130063
v 0.140745 6.826657 -0.129670
v 0.139716 6.828771 -0.129621
v 0.138441 6.830713 -0.129906
v 0.136963 6.832405 -0.130523
v 0.135364 6.833794 -0.131426
v 0.133698 6.834833 -0.132582
v 0.132008 6.835503 -0.133886
v 0.130298 6.835795 -0.135257
v 0.128607 6.835713 -0.136629
v 0.127071 6.835070 -0.138416
v 0.125621 6.834032 -0.140179
v 0.124439 6.832646 -0.141833
v 0.123984 6.830978 -0.143314
v 0.123840 6.829054 -0.144589
v 0.123991 6.826942 -0.145600
v 0.164262 6.841043 -0.181230
v 0.163049 6.842806 -0.180305
v 0.165792 6.839295 -0.181945
v 0.167568 6.837618 -0.182448
v 0.169171 6.836173 -0.182381
v 0.170758 6.834976 -0.181958
v 0.172215 6.834102 -0.181107
v 0.173737 6.833494 -0.179992
v 0.175173 6.833156 -0.178715
v 0.176435 6.833418 -0.177407
v 0.177491 6.833977 -0.176021
v 0.178226 6.834823 -0.174551
v 0.178656 6.835925 -0.173072
v 0.178695 6.837347 -0.171482
v 0.178467 6.838948 -0.169970
v 0.177938 6.840714 -0.168474
v 0.177159 6.842491 -0.167286
v 0.176138 6.844222 -0.166423
v 0.174895 6.845850 -0.165894
v 0.173458 6.847335 -0.165692
v 0.171912 6.848625 -0.165796
v 0.170300 6.849688 -0.166175
v 0.168696 6.850500 -0.166782
v 0.167069 6.851044 -0.167559
v 0.165455 6.851310 -0.168443
v 0.163942 6.851260 -0.169548
v 0.162628 6.850703 -0.171344
v 0.161565 6.849892 -0.173107
v 0.161292 6.848876 -0.174802
v 0.161312 6.847626 -0.176401
v 0.161608 6.846149 -0.177870
v 0.162187 6.844529 -0.179179
v 0.191896 6.859401 -0.207052
v 0.190291 6.860840 -0.205766
v 0.193743 6.857971 -0.208087
v 0.195784 6.856596 -0.208859
v 0.197964 6.855319 -0.209361
v 0.199676 6.854347 -0.209058
v 0.201367 6.853585 -0.208391
v 0.202993 6.853092 -0.207389
v 0.204421 6.852817 -0.206177
v 0.205618 6.853018 -0.204768
v 0.206520 6.853496 -0.203233
v 0.207110 6.854197 -0.201602
v 0.207291 6.855133 -0.199877
v 0.207098 6.856242 -0.198148
v 0.206418 6.857624 -0.196111
v 0.205474 6.859063 -0.194296
v 0.204281 6.860513 -0.192746
v 0.202862 6.861933 -0.191496
v 0.201249 6.863276 -0.190566
v 0.199486 6.864502 -0.189965
v 0.197618 6.865586 -0.189689
v 0.195691 6.866493 -0.189717
v 0.193762 6.867198 -0.190023
v 0.191875 6.867691 -0.190561
v 0.190076 6.867975 -0.191275
v 0.188479 6.867912 -0.192545
v 0.187227 6.867385 -0.194581
v 0.186966 6.866733 -0.196643
v 0.186994 6.865869 -0.198691
v 0.187329 6.864796 -0.200672
v 0.187995 6.863581 -0.202540
v 0.188987 6.862248 -0.204251
v 0.211048 6.884076 -0.225470
v 0.209266 6.885160 -0.223963
v 0.213062 6.883002 -0.226696
v 0.215235 6.881969 -0.227618
v 0.217503 6.881007 -0.228227
v 0.219801 6.880143 -0.228521
v 0.221557 6.879612 -0.227925
v 0.223197 6.879241 -0.226995
v 0.224666 6.879062 -0.225788
v 0.225833 6.879203 -0.224353
v 0.226690 6.879537 -0.222728
v 0.227173 6.880044 -0.220987
v 0.227284 6.880694 -0.219171
v 0.226766 6.881658 -0.216861
v 0.225927 6.882693 -0.214674
v 0.224779 6.883771 -0.212671
v 0.223347 6.884860 -0.210903
v 0.221668 6.885928 -0.209415
v 0.219783 6.886944 -0.208238
v 0.217749 6.887882 -0.207392
v 0.215625 6.888715 -0.206884
v 0.213469 6.889436 -0.206706
v 0.211343 6.890017 -0.206837
v 0.209311 6.890451 -0.207244
v 0.207421 6.890735 -0.207881
v 0.205774 6.890681 -0.209253
v 0.205003 6.890256 -0.211419
v 0.204899 6.889714 -0.213659
v 0.205108 6.888997 -0.215917
v 0.205653 6.888169 -0.218133
v 0.206539 6.887236 -0.220249
v 0.207752 6.886223 -0.222209
v 0.228117 6.919317 -0.242471
v 0.226211 6.919794 -0.240805
v 0.230221 6.918839 -0.243831
v 0.232469 6.918373 -0.244853
v 0.234778 6.917926 -0.245517
v 0.237076 6.917506 -0.245818
v 0.239293 6.917122 -0.245764
v 0.240975 6.916982 -0.244892
v 0.242438 6.916895 -0.243692
v 0.243637 6.916955 -0.242225
v 0.244461 6.917080 -0.240552
v 0.244907 6.917261 -0.238710
v 0.244699 6.917677 -0.236339
v 0.244119 6.918122 -0.233977
v 0.243174 6.918588 -0.231695
v 0.241884 6.919063 -0.229561
v 0.240284 6.919540 -0.227638
v 0.238418 6.920009 -0.225980
v 0.236344 6.920458 -0.224628
v 0.234125 6.920885 -0.223612
v 0.231829 6.921278 -0.222952
v 0.229530 6.921635 -0.222648
v 0.227300 6.921964 -0.222690
v 0.225203 6.922250 -0.223050
v 0.223313 6.922497 -0.223694
v 0.221680 6.922481 -0.225136
v 0.221237 6.922221 -0.227352
v 0.221195 6.921893 -0.229687
v 0.221508 6.921535 -0.232075
v 0.222179 6.921141 -0.234448
v 0.223203 6.920714 -0.236737
v 0.224558 6.920262 -0.238876
v 0.238181 6.951576 -0.252631
v 0.236351 6.951666 -0.251034
v 0.240200 6.951482 -0.253908
v 0.242344 6.951384 -0.254831
v 0.244551 6.951278 -0.255380
v 0.246738 6.951162 -0.255546
v 0.248834 6.951032 -0.255339
v 0.250769 6.950890 -0.254776
v 0.252240 6.950893 -0.253576
v 0.253434 6.950887 -0.252105
v 0.254304 6.950871 -0.250424
v 0.254583 6.950995 -0.248272
v 0.254483 6.951107 -0.246039
v 0.253995 6.951209 -0.243797
v 0.253126 6.951302 -0.241618
v 0.251899 6.951391 -0.239571
v 0.250349 6.951477 -0.237723
v 0.248526 6.951565 -0.236127
v 0.246486 6.951659 -0.234830
v 0.244296 6.951762 -0.233866
v 0.242030 6.951876 -0.233256
v 0.239761 6.952007 -0.233005
v 0.237567 6.952156 -0.233108
v 0.235523 6.952334 -0.233541
v 0.233696 6.952537 -0.234270
v 0.232200 6.952550 -0.235742
v 0.231757 6.952368 -0.237891
v 0.231652 6.952216 -0.240169
v 0.231903 6.952081 -0.242509
v 0.232514 6.951963 -0.244834
v 0.233477 6.951857 -0.247076
v 0.234768 6.951758 -0.249165
v 0.242801 6.997174 -0.256867
v 0.241218 6.997266 -0.255539
v 0.244573 6.997087 -0.257870
v 0.246473 6.997010 -0.258513
v 0.248430 6.996945 -0.258774
v 0.250372 6.996892 -0.258646
v 0.252227 6.996850 -0.258136
v 0.253925 6.996827 -0.257266
v 0.255402 6.996819 -0.256068
v 0.256608 6.996823 -0.254598
v 0.257498 6.996843 -0.252913
v 0.258028 6.996876 -0.251068
v 0.258177 6.996922 -0.249134
v 0.257938 6.996980 -0.247184
v 0.257317 6.997048 -0.245289
v 0.256336 6.997128 -0.243521
v 0.255030 6.997213 -0.241945
v 0.253446 6.997303 -0.240617
v 0.251640 6.997401 -0.239583
v 0.249678 6.997500 -0.238878
v 0.247633 6.997601 -0.238525
v 0.245576 6.997703 -0.238528
v 0.243583 6.997805 -0.238883
v 0.241725 6.997906 -0.239568
v 0.240068 6.998005 -0.240549
v 0.238750 6.998009 -0.242018
v 0.238083 6.997901 -0.243920
v 0.237745 6.997793 -0.245951
v 0.237758 6.997684 -0.248040
v 0.238124 6.997577 -0.250114
v 0.238840 6.997470 -0.252102
v 0.239883 6.997365 -0.253932
v 0.240262 7.058069 -0.253477
v 0.238680 7.058159 -0.252148
v 0.242036 7.057984 -0.254479
v 0.243936 7.057911 -0.255122
v 0.245893 7.057849 -0.255383
v 0.247836 7.057800 -0.255254
v 0.249692 7.057764 -0.254745
v 0.251391 7.057741 -0.253874
v 0.252868 7.057733 -0.252676
v 0.254074 7.057737 -0.251207
v 0.254963 7.057752 -0.249521
v 0.255492 7.057782 -0.247676
v 0.255641 7.057824 -0.245743
v 0.255401 7.057878 -0.243793
v 0.254779 7.057945 -0.241899
v 0.253798 7.058022 -0.240131
v 0.252492 7.058106 -0.238555
v 0.250907 7.058197 -0.237227
v 0.249101 7.058295 -0.236193
v 0.247140 7.058395 -0.235488
v 0.245095 7.058497 -0.235134
v 0.243038 7.058601 -0.235138
v 0.241046 7.058705 -0.235493
v 0.239189 7.058809 -0.236177
v 0.237532 7.058911 -0.237157
v 0.236213 7.058907 -0.238627
v 0.235546 7.058797 -0.240530
v 0.235207 7.058688 -0.242560
v 0.235219 7.058577 -0.244650
v 0.235586 7.058468 -0.246724
v 0.236302 7.058362 -0.248711
v 0.237345 7.058257 -0.250541
v -0.146850 6.822465 -0.125243
v -0.146320 6.824736 -0.124445
v -0.086146 6.818218 -0.060046
v -0.116368 6.815305 -0.088432
v -0.085668 6.815079 -0.060188
v -0.115746 6.812230 -0.088370
v -0.084766 6.812057 -0.060767
v -0.114823 6.809216 -0.088827
v -0.083533 6.809242 -0.061791
v -0.113463 6.806457 -0.089723
v -0.081915 6.806787 -0.063201
v -0.111720 6.804056 -0.090973
v -0.079975 6.804784 -0.064930
v -0.109680 6.802097 -0.092537
v -0.077800 6.803307 -0.066914
v -0.107425 6.800654 -0.094359
v -0.075474 6.802410 -0.069077
v -0.105039 6.799784 -0.096418
v -0.073155 6.802100 -0.071366
v -0.102659 6.799500 -0.098691
v -0.071015 6.802351 -0.073674
v -0.100581 6.799725 -0.101010
v -0.068945 6.803239 -0.075895
v -0.098665 6.800545 -0.103283
v -0.067071 6.804707 -0.077958
v -0.096883 6.801973 -0.105392
v -0.065464 6.806700 -0.079785
v -0.095387 6.803917 -0.107318
v -0.064189 6.809140 -0.081306
v -0.094236 6.806304 -0.108983
v -0.063282 6.811940 -0.082461
v -0.093474 6.809041 -0.110314
v -0.062868 6.814952 -0.083208
v -0.093112 6.812030 -0.111250
v -0.062904 6.818086 -0.083513
v -0.093311 6.815093 -0.111766
v -0.063384 6.821222 -0.083371
v -0.093966 6.818152 -0.111824
v -0.064289 6.824244 -0.082785
v -0.095038 6.821100 -0.111438
v -0.065574 6.827036 -0.081783
v -0.096487 6.823818 -0.110614
v -0.067209 6.829484 -0.080403
v -0.098245 6.826207 -0.109407
v -0.069106 6.831505 -0.078698
v -0.100281 6.828164 -0.107864
v -0.071190 6.833023 -0.076729
v -0.102479 6.829628 -0.106045
v -0.073428 6.833957 -0.074566
v -0.104755 6.830544 -0.104015
v -0.075695 6.834290 -0.072316
v -0.107002 6.830883 -0.101823
v -0.077961 6.833983 -0.070049
v -0.109087 6.830657 -0.099557
v -0.080029 6.833098 -0.067862
v -0.110968 6.829856 -0.097254
v -0.081847 6.831654 -0.065792
v -0.112842 6.828391 -0.095026
v -0.083522 6.829630 -0.063925
v -0.114379 6.826432 -0.092888
v -0.084821 6.827180 -0.062313
v -0.115554 6.824040 -0.091023
v -0.085719 6.824384 -0.061068
v -0.116288 6.821320 -0.089788
v -0.086163 6.821360 -0.060343
v -0.116563 6.818369 -0.088914
v -0.147136 6.820239 -0.126538
v -0.146924 6.818228 -0.127910
v -0.146340 6.816478 -0.129420
v -0.145415 6.815047 -0.131016
v -0.144185 6.813986 -0.132634
v -0.142618 6.813364 -0.134317
v -0.140972 6.813122 -0.136018
v -0.139469 6.813298 -0.137647
v -0.137914 6.813893 -0.139060
v -0.136383 6.814878 -0.140239
v -0.134793 6.816287 -0.141078
v -0.133316 6.818016 -0.141650
v -0.132008 6.820005 -0.141923
v -0.130918 6.822177 -0.141866
v -0.130064 6.824450 -0.141460
v -0.129671 6.826657 -0.140748
v -0.129622 6.828771 -0.139719
v -0.129907 6.830713 -0.138444
v -0.130524 6.832405 -0.136966
v -0.131428 6.833794 -0.135367
v -0.132583 6.834833 -0.133701
v -0.133887 6.835503 -0.132011
v -0.135258 6.835795 -0.130301
v -0.136630 6.835713 -0.128610
v -0.138417 6.835070 -0.127074
v -0.140180 6.834032 -0.125625
v -0.141834 6.832646 -0.124442
v -0.143315 6.830978 -0.123988
v -0.144590 6.829054 -0.123843
v -0.145601 6.826942 -0.123995
v -0.181231 6.841043 -0.164265
v -0.180306 6.842806 -0.163052
v -0.181946 6.839295 -0.165795
v -0.182449 6.837618 -0.167571
v -0.182382 6.836173 -0.169174
v -0.181959 6.834976 -0.170761
v -0.181108 6.834102 -0.172218
v -0.179993 6.833494 -0.173740
v -0.178716 6.833156 -0.175176
v -0.177408 6.833418 -0.176438
v -0.176022 6.833977 -0.177494
v -0.174552 6.834823 -0.178229
v -0.173073 6.835925 -0.178659
v -0.171483 6.837347 -0.178698
v -0.169971 6.838948 -0.178470
v -0.168475 6.840714 -0.177941
v -0.167287 6.842491 -0.177162
v -0.166424 6.844222 -0.176141
v -0.165895 6.845850 -0.174899
v -0.165693 6.847335 -0.173461
v -0.165797 6.848625 -0.171915
v -0.166176 6.849688 -0.170303
v -0.166783 6.850500 -0.168699
v -0.167560 6.851044 -0.167072
v -0.168444 6.851310 -0.165458
v -0.169549 6.851260 -0.163945
v -0.171345 6.850703 -0.162632
v -0.173108 6.849892 -0.161568
v -0.174803 6.848876 -0.161295
v -0.176402 6.847626 -0.161315
v -0.177871 6.846149 -0.161611
v -0.179180 6.844529 -0.162190
v -0.207053 6.859401 -0.191899
v -0.205767 6.860840 -0.190294
v -0.208088 6.857971 -0.193747
v -0.208860 6.856596 -0.195787
v -0.209362 6.855319 -0.197967
v -0.209059 6.854347 -0.199680
v -0.208392 6.853585 -0.201370
v -0.207390 6.853092 -0.202996
v -0.206178 6.852817 -0.204424
v -0.204769 6.853018 -0.205621
v -0.203234 6.853496 -0.206523
v -0.201603 6.854197 -0.207113
v -0.199878 6.855133 -0.207294
v -0.198149 6.856242 -0.207101
v -0.196112 6.857624 -0.206421
v -0.194297 6.859063 -0.205477
v -0.192748 6.860513 -0.204284
v -0.191497 6.861933 -0.202865
v -0.190567 6.863276 -0.201252
v -0.189966 6.864502 -0.199489
v -0.189690 6.865586 -0.197621
v -0.189718 6.866493 -0.195695
v -0.190024 6.867198 -0.193765
v -0.190562 6.867691 -0.191879
v -0.191276 6.867975 -0.190079
v -0.192546 6.867912 -0.188482
v -0.194582 6.867385 -0.187231
v -0.196644 6.866733 -0.186969
v -0.198692 6.865869 -0.186997
v -0.200673 6.864796 -0.187332
v -0.202541 6.863581 -0.187998
v -0.204252 6.862248 -0.188990
v -0.225471 6.884076 -0.211051
v -0.223964 6.885160 -0.209270
v -0.226697 6.883002 -0.213065
v -0.227619 6.881969 -0.215238
v -0.228228 6.881007 -0.217506
v -0.228522 6.880143 -0.219804
v -0.227926 6.879612 -0.221560
v -0.226996 6.879241 -0.223200
v -0.225789 6.879062 -0.224669
v -0.224354 6.879203 -0.225837
v -0.222729 6.879537 -0.226693
v -0.220988 6.880044 -0.227177
v -0.219172 6.880694 -0.227287
v -0.216862 6.881658 -0.226769
v -0.214676 6.882693 -0.225930
v -0.212672 6.883771 -0.224782
v -0.210904 6.884860 -0.223351
v -0.209416 6.885928 -0.221671
v -0.208239 6.886944 -0.219786
v -0.207393 6.887882 -0.217752
v -0.206885 6.888715 -0.215628
v -0.206707 6.889436 -0.213472
v -0.206838 6.890017 -0.211346
v -0.207245 6.890451 -0.209314
v -0.207882 6.890735 -0.207424
v -0.209254 6.890681 -0.205777
v -0.211420 6.890256 -0.205006
v -0.213660 6.889714 -0.204902
v -0.215918 6.888997 -0.205111
v -0.218134 6.888169 -0.205657
v -0.220250 6.887236 -0.206542
v -0.222210 6.886223 -0.207755
v -0.242472 6.919317 -0.228120
v -0.240806 6.919794 -0.226214
v -0.243832 6.918839 -0.230224
v -0.244854 6.918373 -0.232472
v -0.245518 6.917926 -0.234781
v -0.245819 6.917506 -0.237079
v -0.245765 6.917122 -0.239296
v -0.244893 6.916982 -0.240978
v -0.243693 6.916895 -0.242442
v -0.242226 6.916955 -0.243640
v -0.240553 6.917080 -0.244464
v -0.238711 6.917261 -0.244910
v -0.236340 6.917677 -0.244702
v -0.233978 6.918122 -0.244122
v -0.231696 6.918588 -0.243177
v -0.229562 6.919063 -0.241887
v -0.227639 6.919540 -0.240287
v -0.225981 6.920009 -0.238421
v -0.224629 6.920458 -0.236347
v -0.223613 6.920885 -0.234128
v -0.222953 6.921278 -0.231832
v -0.222649 6.921635 -0.229534
v -0.222691 6.921964 -0.227303
v -0.223052 6.922250 -0.225206
v -0.223695 6.922497 -0.223316
v -0.225137 6.922481 -0.221683
v -0.227353 6.922221 -0.221240
v -0.229688 6.921893 -0.221198
v -0.232076 6.921535 -0.221511
v -0.234449 6.921141 -0.222182
v -0.236738 6.920714 -0.223206
v -0.238877 6.920262 -0.224561
v -0.252632 6.951576 -0.238184
v -0.251035 6.951666 -0.236354
v -0.253909 6.951482 -0.240203
v -0.254832 6.951384 -0.242347
v -0.255381 6.951278 -0.244554
v -0.255547 6.951162 -0.246741
v -0.255340 6.951032 -0.248838
v -0.254777 6.950890 -0.250773
v -0.253577 6.950893 -0.252243
v -0.252106 6.950887 -0.253437
v -0.250425 6.950871 -0.254307
v -0.248273 6.950995 -0.254586
v -0.246040 6.951107 -0.254486
v -0.243798 6.951209 -0.253998
v -0.241619 6.951302 -0.253129
v -0.239572 6.951391 -0.251902
v -0.237724 6.951477 -0.250353
v -0.236128 6.951565 -0.248529
v -0.234831 6.951659 -0.246489
v -0.233867 6.951762 -0.244299
v -0.233257 6.951876 -0.242033
v -0.233006 6.952007 -0.239764
v -0.233109 6.952156 -0.237570
v -0.233542 6.952334 -0.235526
v -0.234271 6.952537 -0.233699
v -0.235743 6.952550 -0.232203
v -0.237892 6.952368 -0.231760
v -0.240170 6.952216 -0.231655
v -0.242510 6.952081 -0.231907
v -0.244835 6.951963 -0.232517
v -0.247077 6.951857 -0.233480
v -0.249166 6.951758 -0.234771
v -0.256868 6.997174 -0.242804
v -0.255540 6.997266 -0.241221
v -0.257871 6.997087 -0.244577
v -0.258514 6.997010 -0.246476
v -0.258775 6.996945 -0.248433
v -0.258647 6.996892 -0.250375
v -0.258137 6.996850 -0.252230
v -0.257267 6.996827 -0.253928
v -0.256069 6.996819 -0.255405
v -0.254599 6.996823 -0.256611
v -0.252914 6.996843 -0.257501
v -0.251069 6.996876 -0.258031
v -0.249135 6.996922 -0.258180
v -0.247185 6.996980 -0.257941
v -0.245290 6.997048 -0.257320
v -0.243523 6.997128 -0.256339
v -0.241946 6.997213 -0.255033
v -0.240618 6.997303 -0.253449
v -0.239584 6.997401 -0.251643
v -0.238879 6.997500 -0.249681
v -0.238526 6.997601 -0.247636
v -0.238529 6.997703 -0.245579
v -0.238884 6.997805 -0.243587
v -0.239569 6.997906 -0.241729
v -0.240550 6.998005 -0.240071
v -0.242019 6.998009 -0.238753
v -0.243921 6.997901 -0.238087
v -0.245952 6.997793 -0.237749
v -0.248041 6.997684 -0.237761
v -0.250115 6.997577 -0.238127
v -0.252103 6.997470 -0.238843
v -0.253933 6.997365 -0.239887
v -0.253478 7.058069 -0.240265
v -0.252149 7.058159 -0.238683
v -0.254480 7.057984 -0.242039
v -0.255123 7.057911 -0.243939
v -0.255384 7.057849 -0.245897
v -0.255255 7.057800 -0.247839
v -0.254746 7.057764 -0.249695
v -0.253875 7.057741 -0.251394
v -0.252677 7.057733 -0.252871
v -0.251208 7.057737 -0.254077
v -0.249522 7.057752 -0.254966
v -0.247677 7.057782 -0.255495
v -0.245744 7.057824 -0.255644
v -0.243794 7.057878 -0.255404
v -0.241900 7.057945 -0.254783
v -0.240132 7.058022 -0.253801
v -0.238556 7.058106 -0.252495
v -0.237228 7.058197 -0.250910
v -0.236194 7.058295 -0.249104
v -0.235489 7.058395 -0.247143
v -0.235135 7.058497 -0.245098
v -0.235139 7.058601 -0.243041
v -0.235494 7.058705 -0.241049
v -0.236178 7.058809 -0.239192
v -0.237159 7.058911 -0.237535
v -0.238628 7.058907 -0.236216
v -0.240531 7.058797 -0.235549
v -0.242561 7.058688 -0.235210
v -0.244651 7.058577 -0.235222
v -0.246725 7.058468 -0.235589
v -0.248712 7.058362 -0.236305
v -0.250542 7.058257 -0.237348
v -0.125244 6.822465 0.146846
v -0.124446 6.824736 0.146316
v -0.060047 6.818218 0.086143
v -0.088433 6.815305 0.116365
v -0.060189 6.815079 0.085665
v -0.088371 6.812230 0.115743
v -0.060768 6.812057 0.084763
v -0.088828 6.809216 0.114820
v -0.061792 6.809242 0.083529
v -0.089724 6.806457 0.113460
v -0.063202 6.806787 0.081911
v -0.090974 6.804056 0.111717
v -0.064931 6.804784 0.079972
v -0.092538 6.802097 0.109676
v -0.066915 6.803307 0.077797
v -0.094360 6.800654 0.107422
v -0.069078 6.802410 0.075471
v -0.096419 6.799784 0.105036
v -0.071367 6.802100 0.073152
v -0.098692 6.799500 0.102656
v -0.073675 6.802351 0.071012
v -0.101011 6.799725 0.100578
v -0.075896 6.803239 0.068942
v -0.103284 6.800545 0.098662
v -0.077959 6.804707 0.067067
v -0.105393 6.801973 0.096880
v -0.079786 6.806700 0.065461
v -0.107319 6.803917 0.095384
v -0.081307 6.809140 0.064185
v -0.108984 6.806304 0.094233
v -0.082462 6.811940 0.063279
v -0.110315 6.809041 0.093471
v -0.083209 6.814952 0.062865
v -0.111251 6.812030 0.093109
v -0.083514 6.818086 0.062901
v -0.111767 6.815093 0.093308
v -0.083372 6.821222 0.063380
v -0.111825 6.818152 0.093963
v -0.082786 6.824244 0.064286
v -0.111439 6.821100 0.095035
v -0.081784 6.827036 0.065571
v -0.110615 6.823818 0.096483
v -0.080404 6.829484 0.067206
v -0.109408 6.826207 0.098242
v -0.078699 6.831505 0.069103
v -0.107865 6.828164 0.100277
v -0.076730 6.833023 0.071187
v -0.106046 6.829628 0.102476
v -0.074567 6.833957 0.073425
v -0.104016 6.830544 0.104752
v -0.072317 6.834290 0.075692
v -0.101824 6.830883 0.106999
v -0.070050 6.833983 0.077958
v -0.099558 6.830657 0.109084
v -0.067863 6.833098 0.080026
v -0.097255 6.829856 0.110965
v -0.065793 6.831654 0.081844
v -0.095027 6.828391 0.112839
v -0.063926 6.829630 0.083519
v -0.092889 6.826432 0.114376
v -0.062315 6.827180 0.084818
v -0.091024 6.824040 0.115551
v -0.061069 6.824384 0.085716
v -0.089789 6.821320 0.116284
v -0.060344 6.821360 0.086160
v -0.088915 6.818369 0.116560
v -0.126539 6.820239 0.147133
v -0.127911 6.818228 0.146921
v -0.129421 6.816478 0.146337
v -0.131017 6.815047 0.145412
v -0.132635 6.813986 0.144182
v -0.134318 6.813364 0.142615
v -0.136019 6.813122 0.140969
v -0.137648 6.813298 0.139466
v -0.139061 6.813893 0.137910
v -0.140240 6.814878 0.136380
v -0.141079 6.816287 0.134789
v -0.141651 6.818016 0.133313
v -0.141924 6.820005 0.132005
v -0.141867 6.822177 0.130915
v -0.141461 6.824450 0.130061
v -0.140749 6.826657 0.129668
v -0.139720 6.828771 0.129619
v -0.138445 6.830713 0.129904
v -0.136967 6.832405 0.130521
v -0.135368 6.833794 0.131424
v -0.133702 6.834833 0.132580
v -0.132012 6.835503 0.133884
v -0.130302 6.835795 0.135255
v -0.128611 6.835713 0.136627
v -0.127075 6.835070 0.138414
v -0.125626 6.834032 0.140176
v -0.124443 6.832646 0.141831
v -0.123989 6.830978 0.143312
v -0.123844 6.829054 0.144587
v -0.123996 6.826942 0.145598
v -0.164266 6.841043 0.181228
v -0.163053 6.842806 0.180303
v -0.165796 6.839295 0.181943
v -0.167572 6.837618 0.182446
v -0.169175 6.836173 0.182379
v -0.170763 6.834976 0.181956
v -0.172219 6.834102 0.181105
v -0.173741 6.833494 0.179990
v -0.175177 6.833156 0.178713
v -0.176439 6.833418 0.177405
v -0.177495 6.833977 0.176019
v -0.178230 6.834823 0.174549
v -0.178660 6.835925 0.173070
v -0.178699 6.837347 0.171480
v -0.178471 6.838948 0.169968
v -0.177942 6.840714 0.168472
v -0.177163 6.842491 0.167283
v -0.176142 6.844222 0.166421
v -0.174900 6.845850 0.165892
v -0.173462 6.847335 0.165690
v -0.171916 6.848625 0.165794
v -0.170304 6.849688 0.166173
v -0.168700 6.850500 0.166780
v -0.167073 6.851044 0.167557
v -0.165459 6.851310 0.168441
v -0.163946 6.851260 0.169546
v -0.162633 6.850703 0.171342
v -0.161569 6.849892 0.173105
v -0.161296 6.848876 0.174800
v -0.161316 6.847626 0.176399
v -0.161612 6.846149 0.177868
v -0.162191 6.844529 0.179177
v -0.191900 6.859401 0.207050
v -0.190295 6.860840 0.205764
v -0.193748 6.857971 0.208085
v -0.195789 6.856596 0.208856
v -0.197968 6.855319 0.209359
v -0.199681 6.854347 0.209056
v -0.201371 6.853585 0.208389
v -0.202997 6.853092 0.207387
v -0.204425 6.852817 0.206175
v -0.205622 6.853018 0.204766
v -0.206524 6.853496 0.203231
v -0.207114 6.854197 0.201600
v -0.207296 6.855133 0.199875
v -0.207102 6.856242 0.198146
v -0.206422 6.857624 0.196108
v -0.205478 6.859063 0.194294
v -0.204285 6.860513 0.192744
v -0.202866 6.861933 0.191494
v -0.201253 6.863276 0.190564
v -0.199490 6.864502 0.189963
v -0.197622 6.865586 0.189687
v -0.195696 6.866493 0.189715
v -0.193766 6.867198 0.190021
v -0.191880 6.867691 0.190559
v -0.190080 6.867975 0.191273
v -0.188483 6.867912 0.192543
v -0.187232 6.867385 0.194579
v -0.186970 6.866733 0.196641
v -0.186999 6.865869 0.198688
v -0.187333 6.864796 0.200670
v -0.187999 6.863581 0.202538
v -0.188991 6.862248 0.204249
v -0.211052 6.884076 0.225468
v -0.209271 6.885160 0.223961
v -0.213066 6.883002 0.226694
v -0.215239 6.881969 0.227616
v -0.217507 6.881007 0.228224
v -0.219805 6.880143 0.228519
v -0.221561 6.879612 0.227923
v -0.223201 6.879241 0.226993
v -0.224670 6.879062 0.225785
v -0.225838 6.879203 0.224351
v -0.226694 6.879537 0.222726
v -0.227178 6.880044 0.220985
v -0.227288 6.880694 0.219169
v -0.226770 6.881658 0.216859
v -0.225931 6.882693 0.214672
v -0.224783 6.883771 0.212669
v -0.223352 6.884860 0.210901
v -0.221672 6.885928 0.209413
v -0.219787 6.886944 0.208236
v -0.217753 6.887882 0.207390
v -0.215629 6.888715 0.206882
v -0.213473 6.889436 0.206704
v -0.211347 6.890017 0.206834
v -0.209315 6.890451 0.207242
v -0.207426 6.890735 0.207879
v -0.205778 6.890681 0.209251
v -0.205007 6.890256 0.211417
v -0.204903 6.889714 0.213657
v -0.205112 6.888997 0.215915
v -0.205658 6.888169 0.218131
v -0.206543 6.887236 0.220247
v -0.207756 6.886223 0.222206
v -0.228121 6.919317 0.242469
v -0.226215 6.919794 0.240803
v -0.230225 6.918839 0.243829
v -0.232473 6.918373 0.244851
v -0.234782 6.917926 0.245515
v -0.237080 6.917506 0.245816
v -0.239297 6.917122 0.245762
v -0.240979 6.916982 0.244890
v -0.242443 6.916895 0.243690
v -0.243641 6.916955 0.242223
v -0.244465 6.917080 0.240550
v -0.244911 6.917261 0.238708
v -0.244703 6.917677 0.236336
v -0.244123 6.918122 0.233974
v -0.243178 6.918588 0.231693
v -0.241888 6.919063 0.229559
v -0.240288 6.919540 0.227636
v -0.238422 6.920009 0.225978
v -0.236348 6.920458 0.224626
v -0.234129 6.920885 0.223610
v -0.231833 6.921278 0.222950
v -0.229535 6.921635 0.222646
v -0.227304 6.921964 0.222688
v -0.225207 6.922250 0.223048
v -0.223317 6.922497 0.223692
v -0.221684 6.922481 0.225134
v -0.221241 6.922221 0.227350
v -0.221199 6.921893 0.229685
v -0.221512 6.921535 0.232073
v -0.222183 6.921141 0.234446
v -0.223207 6.920714 0.236735
v -0.224562 6.920262 0.238874
v -0.238185 6.951576 0.252629
v -0.236355 6.951666 0.251032
v -0.240204 6.951482 0.253906
v -0.242348 6.951384 0.254829
v -0.244555 6.951278 0.255377
v -0.246742 6.951162 0.255544
v -0.248839 6.951032 0.255336
v -0.250774 6.950890 0.254774
v -0.252244 6.950893 0.253574
v -0.253438 6.950887 0.252103
v -0.254308 6.950871 0.250422
v -0.254587 6.950995 0.248270
v -0.254487 6.951107 0.246037
v -0.253999 6.951209 0.243795
v -0.253130 6.951302 0.241615
v -0.251903 6.951391 0.239569
v -0.250354 6.951477 0.237720
v -0.248530 6.951565 0.236125
v -0.246490 6.951659 0.234828
v -0.244300 6.951762 0.233864
v -0.242034 6.951876 0.233254
v -0.239765 6.952007 0.233003
v -0.237571 6.952156 0.233106
v -0.235527 6.952334 0.233539
v -0.233700 6.952537 0.234268
v -0.232204 6.952550 0.235740
v -0.231761 6.952368 0.237889
v -0.231656 6.952216 0.240167
v -0.231908 6.952081 0.242506
v -0.232518 6.951963 0.244832
v -0.233481 6.951857 0.247074
v -0.234772 6.951758 0.249163
v -0.242805 6.997174 0.256865
v -0.241223 6.997266 0.255536
v -0.244578 6.997087 0.257868
v -0.246477 6.997010 0.258511
v -0.248434 6.996945 0.258772
v -0.250376 6.996892 0.258644
v -0.252231 6.996850 0.258134
v -0.253929 6.996827 0.257264
v -0.255406 6.996819 0.256066
v -0.256612 6.996823 0.254596
v -0.257502 6.996843 0.252911
v -0.258032 6.996876 0.251066
v -0.258181 6.996922 0.249132
v -0.257942 6.996980 0.247181
v -0.257321 6.997048 0.245287
v -0.256341 6.997128 0.243519
v -0.255034 6.997213 0.241943
v -0.253450 6.997303 0.240615
v -0.251644 6.997401 0.239581
v -0.249682 6.997500 0.238876
v -0.247637 6.997601 0.238523
v -0.245580 6.997703 0.238526
v -0.243588 6.997805 0.238881
v -0.241730 6.997906 0.239566
v -0.240072 6.998005 0.240546
v -0.238754 6.998009 0.242016
v -0.238088 6.997901 0.243918
v -0.237750 6.997793 0.245949
v -0.237762 6.997684 0.248038
v -0.238129 6.997577 0.250112
v -0.238844 6.997470 0.252100
v -0.239888 6.997365 0.253930
v -0.240266 7.058069 0.253474
v -0.238684 7.058159 0.252146
v -0.242040 7.057984 0.254477
v -0.243940 7.057911 0.255120
v -0.245898 7.057849 0.255381
v -0.247840 7.057800 0.255252
v -0.249696 7.057764 0.254742
v -0.251395 7.057741 0.253872
v -0.252872 7.057733 0.252674
v -0.254078 7.057737 0.251204
v -0.254967 7.057752 0.249519
v -0.255496 7.057782 0.247674
v -0.255645 7.057824 0.245741
v -0.255405 7.057878 0.243791
v -0.254784 7.057945 0.241896
v -0.253802 7.058022 0.240129
v -0.252496 7.058106 0.238553
v -0.250911 7.058197 0.237225
v -0.249105 7.058295 0.236191
v -0.247144 7.058395 0.235486
v -0.245099 7.058497 0.235132
v -0.243042 7.058601 0.235136
v -0.241050 7.058705 0.235491
v -0.239193 7.058809 0.236175
v -0.237536 7.058911 0.237155
v -0.236217 7.058907 0.238625
v -0.235550 7.058797 0.240528
v -0.235211 7.058688 0.242558
v -0.235223 7.058577 0.244648
v -0.235590 7.058468 0.246722
v -0.236306 7.058362 0.248709
v -0.237349 7.058257 0.250539
v 0.023287 5.987245 -0.117067
v 0.045678 5.987245 -0.110275
v 0.084401 5.987245 -0.084401
v 0.110276 5.987245 -0.045677
v 0.110276 5.987245 0.045677
v 0.066314 5.987245 0.099245
v 0.045678 5.987245 0.110275
v 0.023287 5.987245 0.117067
v 0.000000 5.987245 -0.119360
v -0.066314 5.987245 -0.099245
v -0.099246 5.987245 -0.066313
v -0.110276 5.987245 0.045677
v 0.000000 5.987245 0.119360
v 0.131150 6.050616 -0.087631
v 0.145726 6.050616 -0.060361
v 0.145726 6.050616 0.060361
v 0.131150 6.050616 0.087631
v 0.111534 6.050616 0.111533
v 0.087632 6.050616 0.131149
v 0.060362 6.050616 0.145725
v 0.030773 6.050616 0.154700
v 0.060363 6.266825 -0.145725
v 0.087633 6.266825 -0.131149
v 0.111535 6.266825 -0.111533
v 0.131151 6.266825 -0.087631
v 0.145727 6.266825 -0.060361
v 0.154703 6.266825 0.030772
v 0.131151 6.266825 0.087631
v 0.111535 6.266825 0.111533
v 0.087633 6.266825 0.131149
v 0.060363 6.266825 0.145725
v 0.030774 6.266825 0.154700
v 0.000000 6.050616 -0.157731
v -0.060362 6.050616 -0.145725
v -0.111534 6.050616 -0.111533
v -0.131150 6.050616 -0.087631
v -0.154701 6.050616 -0.030772
v -0.145726 6.050616 0.060361
v -0.131150 6.050616 0.087631
v -0.111534 6.050616 0.111533
v -0.087632 6.050616 0.131149
v -0.060362 6.050616 0.145725
v 0.000000 6.266825 -0.157731
v -0.060363 6.266825 -0.145725
v -0.087633 6.266825 -0.131149
v -0.131151 6.266825 -0.087631
v -0.145727 6.266825 -0.060361
v -0.154703 6.266825 -0.030772
v -0.157734 6.266825 -0.000000
v -0.154703 6.266825 0.030772
v -0.145727 6.266825 0.060361
v -0.131151 6.266825 0.087631
v -0.111535 6.266825 0.111533
v -0.030774 6.266825 0.154700
v 0.000000 6.266825 0.157731
v 0.066314 5.987244 -0.099245
v 0.099245 5.987244 -0.066313
v 0.117068 5.987244 -0.023286
v 0.119361 5.987244 -0.000000
v 0.117068 5.987244 0.023286
v 0.099245 5.987244 0.066313
v 0.084401 5.987244 0.084401
v 0.026764 6.020793 -0.134550
v 0.052500 6.020793 -0.126743
v 0.076217 6.020793 -0.114066
v 0.097006 6.020793 -0.097005
v 0.114066 6.020793 -0.076216
v 0.126744 6.020793 -0.052499
v 0.134550 6.020793 -0.026764
v 0.137186 6.020793 -0.000000
v 0.134550 6.020793 0.026764
v 0.126744 6.020793 0.052499
v 0.114066 6.020793 0.076216
v 0.097006 6.020793 0.097005
v 0.076217 6.020793 0.114066
v 0.052499 6.020793 0.126743
v 0.026764 6.020793 0.134550
v 0.030773 6.050616 -0.154700
v 0.060362 6.050616 -0.145725
v 0.087632 6.050616 -0.131149
v 0.111534 6.050616 -0.111533
v 0.154701 6.050616 -0.030772
v 0.157732 6.050616 -0.000000
v 0.154701 6.050616 0.030772
v -0.023287 5.987244 -0.117067
v -0.045678 5.987244 -0.110275
v -0.084402 5.987244 -0.084401
v -0.110276 5.987244 -0.045677
v -0.117068 5.987244 -0.023286
v -0.119361 5.987244 -0.000000
v -0.117068 5.987244 0.023286
v -0.099246 5.987244 0.066313
v -0.084402 5.987244 0.084401
v -0.066314 5.987244 0.099245
v -0.045678 5.987244 0.110275
v -0.023287 5.987244 0.117067
v -0.026764 6.020793 -0.134550
v 0.000000 6.020793 -0.137186
v -0.052500 6.020793 -0.126743
v -0.076217 6.020793 -0.114066
v -0.097006 6.020793 -0.097005
v -0.114066 6.020793 -0.076216
v -0.126744 6.020793 -0.052499
v -0.134550 6.020793 -0.026764
v -0.137186 6.020793 -0.000000
v -0.134550 6.020793 0.026764
v -0.126744 6.020793 0.052499
v -0.114066 6.020793 0.076216
v -0.097006 6.020793 0.097005
v -0.076217 6.020793 0.114066
v -0.052499 6.020793 0.126743
v -0.026764 6.020793 0.134550
v 0.000000 6.020793 0.137185
v -0.030773 6.050616 -0.154700
v -0.087632 6.050616 -0.131149
v -0.145726 6.050616 -0.060361
v -0.157732 6.050616 -0.000000
v -0.154701 6.050616 0.030772
v -0.030773 6.050616 0.154700
v 0.000000 6.050616 0.157731
v 0.063415 6.307813 -0.094904
v 0.094906 6.307813 -0.063413
v 0.105454 6.307813 -0.043679
v 0.111949 6.307813 0.022268
v 0.105454 6.307813 0.043679
v 0.094906 6.307813 0.063413
v 0.080711 6.307813 0.080709
v 0.043682 6.307813 0.105451
v 0.000000 6.307813 -0.114140
v -0.063415 6.307813 -0.094904
v -0.080711 6.307813 -0.080709
v -0.111949 6.307813 -0.022268
v -0.114142 6.307813 -0.000000
v -0.111949 6.307813 0.022268
v -0.063415 6.307813 0.094904
v -0.022270 6.307813 0.111947
v 0.030774 6.266825 -0.154700
v 0.154703 6.266825 -0.030772
v 0.157734 6.266825 -0.000000
v 0.145727 6.266825 0.060361
v 0.027462 6.289476 -0.138051
v 0.053867 6.289476 -0.130041
v 0.078202 6.289476 -0.117034
v 0.099532 6.289476 -0.099529
v 0.117037 6.289476 -0.078200
v 0.130044 6.289476 -0.053865
v 0.138054 6.289476 -0.027460
v 0.140758 6.289476 -0.000000
v 0.138054 6.289476 0.027460
v 0.130044 6.289476 0.053865
v 0.117037 6.289476 0.078200
v 0.099532 6.289476 0.099529
v 0.078202 6.289476 0.117034
v 0.053867 6.289476 0.130041
v 0.027462 6.289476 0.138051
v 0.022270 6.307813 -0.111947
v 0.043682 6.307813 -0.105451
v 0.080711 6.307813 -0.080709
v 0.111949 6.307813 -0.022268
v 0.114142 6.307813 -0.000000
v 0.063415 6.307813 0.094904
v 0.022270 6.307813 0.111947
v -0.030774 6.266825 -0.154700
v -0.111535 6.266825 -0.111533
v -0.087633 6.266825 0.131149
v -0.060363 6.266825 0.145725
v -0.027462 6.289476 -0.138051
v 0.000000 6.289476 -0.140756
v -0.053867 6.289476 -0.130041
v -0.078202 6.289476 -0.117034
v -0.099532 6.289476 -0.099529
v -0.117037 6.289476 -0.078200
v -0.130044 6.289476 -0.053865
v -0.138054 6.289476 -0.027460
v -0.140758 6.289476 -0.000000
v -0.138054 6.289476 0.027460
v -0.130044 6.289476 0.053865
v -0.117037 6.289476 0.078200
v -0.099532 6.289476 0.099529
v -0.078202 6.289476 0.117034
v -0.053867 6.289476 0.130041
v -0.027462 6.289476 0.138051
v 0.000000 6.289476 0.140756
v -0.022270 6.307813 -0.111947
v -0.043682 6.307813 -0.105451
v -0.094906 6.307813 -0.063413
v -0.105454 6.307813 -0.043679
v -0.105454 6.307813 0.043679
v -0.094906 6.307813 0.063413
v -0.080711 6.307813 0.080709
v -0.043682 6.307813 0.105451
v 0.000000 6.307813 0.114140
v 0.131150 6.050616 -0.087631
v 0.145726 6.050616 -0.060361
v 0.145726 6.050616 0.060361
v 0.131150 6.050616 0.087631
v 0.111534 6.050616 0.111533
v 0.087632 6.050616 0.131149
v 0.060362 6.050616 0.145725
v 0.030773 6.050616 0.154700
v 0.060363 6.266825 -0.145725
v 0.087633 6.266825 -0.131149
v 0.111535 6.266825 -0.111533
v 0.131151 6.266825 -0.087631
v 0.145727 6.266825 -0.060361
v 0.154703 6.266825 0.030772
v 0.131151 6.266825 0.087631
v 0.111535 6.266825 0.111533
v 0.087633 6.266825 0.131149
v 0.060363 6.266825 0.145725
v 0.030774 6.266825 0.154700
v 0.000000 6.050616 -0.157731
v -0.060362 6.050616 -0.145725
v -0.111534 6.050616 -0.111533
v -0.131150 6.050616 -0.087631
v -0.154701 6.050616 -0.030772
v -0.145726 6.050616 0.060361
v -0.131150 6.050616 0.087631
v -0.111534 6.050616 0.111533
v -0.087632 6.050616 0.131149
v -0.060362 6.050616 0.145725
v 0.000000 6.266825 -0.157731
v -0.060363 6.266825 -0.145725
v -0.087633 6.266825 -0.131149
v -0.131151 6.266825 -0.087631
v -0.145727 6.266825 -0.060361
v -0.154703 6.266825 -0.030772
v -0.157734 6.266825 -0.000000
v -0.154703 6.266825 0.030772
v -0.145727 6.266825 0.060361
v -0.131151 6.266825 0.087631
v -0.111535 6.266825 0.111533
v -0.030774 6.266825 0.154700
v 0.000000 6.266825 0.157731
v 0.030773 6.050616 -0.154700
v 0.060362 6.050616 -0.145725
v 0.087632 6.050616 -0.131149
v 0.111534 6.050616 -0.111533
v 0.154701 6.050616 -0.030772
v 0.157732 6.050616 -0.000000
v 0.154701 6.050616 0.030772
v -0.030773 6.050616 -0.154700
v -0.087632 6.050616 -0.131149
v -0.145726 6.050616 -0.060361
v -0.157732 6.050616 -0.000000
v -0.154701 6.050616 0.030772
v -0.030773 6.050616 0.154700
v 0.000000 6.050616 0.157731
v 0.030774 6.266825 -0.154700
v 0.154703 6.266825 -0.030772
v 0.157734 6.266825 -0.000000
v 0.145727 6.266825 0.060361
v -0.030774 6.266825 -0.154700
v -0.111535 6.266825 -0.111533
v -0.087633 6.266825 0.131149
v -0.060363 6.266825 0.145725
v -0.621155 6.128440 -0.006693
v -0.621155 6.124417 -0.003391
v -0.621155 6.118661 0.005223
v -0.621155 6.117151 0.010203
v -0.621155 6.116641 0.015383
v -0.621155 6.117151 0.020563
v -0.621155 6.121115 0.030134
v -0.621155 6.133031 0.039912
v -0.621155 6.143191 0.041933
v -0.621155 6.157942 0.037459
v -0.621155 6.161965 0.034157
v -0.621155 6.165267 0.030134
v -0.621155 6.167720 0.025543
v -0.621155 6.169231 0.020563
v -0.621155 6.169741 0.015383
v -0.621155 6.167720 0.005223
v -0.621155 6.161965 -0.003391
v -0.621155 6.153351 -0.009146
v -0.621155 6.148371 -0.010657
v -0.636688 6.135294 -0.024317
v -0.636688 6.143191 -0.025095
v -0.636688 6.127701 -0.022014
v -0.636688 6.120703 -0.018273
v -0.636688 6.114569 -0.013239
v -0.636688 6.109535 -0.007105
v -0.636688 6.105794 -0.000107
v -0.636688 6.103491 0.007486
v -0.636688 6.102713 0.015383
v -0.636688 6.103491 0.023280
v -0.636688 6.105794 0.030873
v -0.636688 6.109535 0.037871
v -0.636688 6.114569 0.044005
v -0.636688 6.120703 0.049039
v -0.636688 6.127701 0.052780
v -0.636688 6.135294 0.055083
v -0.636688 6.143191 0.055861
v -0.636688 6.151088 0.055083
v -0.636688 6.158681 0.052780
v -0.636688 6.165680 0.049039
v -0.636688 6.171814 0.044005
v -0.636688 6.176847 0.037871
v -0.636688 6.180588 0.030873
v -0.636688 6.182891 0.023280
v -0.636688 6.183669 0.015383
v -0.636688 6.182891 0.007486
v -0.636688 6.180588 -0.000107
v -0.636688 6.176847 -0.007105
v -0.636688 6.171814 -0.013239
v -0.636688 6.165680 -0.018273
v -0.636688 6.158681 -0.022014
v -0.636688 6.151088 -0.024317
v -0.654388 6.134074 -0.030449
v -0.654388 6.143191 -0.031347
v -0.654388 6.125309 -0.027790
v -0.654388 6.117229 -0.023471
v -0.654388 6.110148 -0.017660
v -0.654388 6.104338 -0.010579
v -0.654388 6.100018 -0.002500
v -0.654388 6.097359 0.006266
v -0.654388 6.096461 0.015383
v -0.654388 6.097359 0.024499
v -0.654388 6.100018 0.033266
v -0.654388 6.104338 0.041345
v -0.654388 6.110148 0.048426
v -0.654388 6.117229 0.054237
v -0.654388 6.125309 0.058556
v -0.654388 6.134074 0.061215
v -0.654388 6.143191 0.062113
v -0.654388 6.152308 0.061215
v -0.654388 6.161074 0.058556
v -0.654388 6.169153 0.054237
v -0.654388 6.176234 0.048426
v -0.654388 6.182045 0.041345
v -0.654388 6.186363 0.033266
v -0.654388 6.189023 0.024499
v -0.654388 6.189921 0.015383
v -0.654388 6.189023 0.006266
v -0.654388 6.186363 -0.002500
v -0.654388 6.182045 -0.010579
v -0.654388 6.176234 -0.017660
v -0.654388 6.169153 -0.023471
v -0.654388 6.161074 -0.027790
v -0.654388 6.152308 -0.030449
v -0.678591 6.134074 -0.030449
v -0.678591 6.143191 -0.031347
v -0.678591 6.125309 -0.027790
v -0.678591 6.117229 -0.023471
v -0.678591 6.110148 -0.017660
v -0.678591 6.104338 -0.010579
v -0.678591 6.100018 -0.002500
v -0.678591 6.097359 0.006266
v -0.678591 6.096461 0.015383
v -0.678591 6.097359 0.024499
v -0.678591 6.100018 0.033266
v -0.678591 6.104338 0.041345
v -0.678591 6.110148 0.048426
v -0.678591 6.117229 0.054237
v -0.678591 6.125309 0.058556
v -0.678591 6.134074 0.061215
v -0.678591 6.143191 0.062113
v -0.678591 6.152308 0.061215
v -0.678591 6.161074 0.058556
v -0.678591 6.169153 0.054237
v -0.678591 6.176234 0.048426
v -0.678591 6.182045 0.041345
v -0.678591 6.186363 0.033266
v -0.678591 6.189023 0.024499
v -0.678591 6.189921 0.015383
v -0.678591 6.189023 0.006266
v -0.678591 6.186363 -0.002500
v -0.678591 6.182045 -0.010579
v -0.678591 6.176234 -0.017660
v -0.678591 6.169153 -0.023471
v -0.678591 6.161074 -0.027790
v -0.678591 6.152308 -0.030449
v -0.692318 6.135407 -0.023747
v -0.692318 6.143191 -0.024514
v -0.692318 6.127923 -0.021477
v -0.692318 6.121026 -0.017790
v -0.692318 6.114980 -0.012828
v -0.692318 6.110019 -0.006783
v -0.692318 6.106331 0.000115
v -0.692318 6.104061 0.007599
v -0.692318 6.103294 0.015383
v -0.692318 6.104061 0.023167
v -0.692318 6.106331 0.030651
v -0.692318 6.110019 0.037549
v -0.692318 6.114980 0.043594
v -0.692318 6.121026 0.048556
v -0.692318 6.127923 0.052243
v -0.692318 6.135407 0.054513
v -0.692318 6.143191 0.055280
v -0.692318 6.150975 0.054513
v -0.692318 6.158459 0.052243
v -0.692318 6.165357 0.048556
v -0.692318 6.171403 0.043594
v -0.692318 6.176364 0.037549
v -0.692318 6.180051 0.030651
v -0.692318 6.182321 0.023166
v -0.692318 6.183088 0.015383
v -0.692318 6.182321 0.007599
v -0.692318 6.180051 0.000115
v -0.692318 6.176364 -0.006783
v -0.692318 6.171403 -0.012829
v -0.692318 6.165357 -0.017790
v -0.692318 6.158459 -0.021477
v -0.692318 6.150975 -0.023747
v -0.706044 6.138343 -0.008989
v -0.706044 6.143191 -0.009466
v -0.706044 6.133682 -0.007574
v -0.706044 6.129386 -0.005278
v -0.706044 6.125620 -0.002188
v -0.706044 6.122530 0.001578
v -0.706044 6.120234 0.005874
v -0.706044 6.118820 0.010535
v -0.706044 6.118343 0.015383
v -0.706044 6.118820 0.020231
v -0.706044 6.120234 0.024892
v -0.706044 6.122530 0.029188
v -0.706044 6.125620 0.032954
v -0.706044 6.129386 0.036044
v -0.706044 6.133682 0.038340
v -0.706044 6.138343 0.039754
v -0.706044 6.143191 0.040232
v -0.706044 6.148039 0.039754
v -0.706044 6.152700 0.038340
v -0.706044 6.156997 0.036044
v -0.706044 6.160762 0.032954
v -0.706044 6.163852 0.029188
v -0.706044 6.166149 0.024892
v -0.706044 6.167562 0.020231
v -0.706044 6.168040 0.015383
v -0.706044 6.167562 0.010535
v -0.706044 6.166149 0.005874
v -0.706044 6.163852 0.001578
v -0.706044 6.160762 -0.002188
v -0.706044 6.156997 -0.005278
v -0.706044 6.152700 -0.007574
v -0.706044 6.148039 -0.008989
v -0.186205 6.130228 -0.049784
v -0.186205 6.143191 -0.051061
v -0.174345 6.132518 -0.038273
v -0.174345 6.112797 -0.030105
v -0.174345 6.092648 -0.005553
v -0.174345 6.088484 0.015383
v -0.174345 6.112797 0.060871
v -0.174345 6.122255 0.065926
v -0.174345 6.143191 0.070091
v -0.174345 6.153863 0.069039
v -0.174345 6.164127 0.065926
v -0.174345 6.181875 0.054067
v -0.174345 6.188679 0.045777
v -0.174345 6.193735 0.036319
v -0.174345 6.196847 0.026056
v -0.174345 6.197898 0.015383
v -0.174345 6.196847 0.004710
v -0.174345 6.181875 -0.023301
v -0.174345 6.173585 -0.030105
v -0.174345 6.164127 -0.035160
v -0.186205 6.117764 -0.046003
v -0.186205 6.106277 -0.039863
v -0.186205 6.096208 -0.031600
v -0.186205 6.087945 -0.021531
v -0.186205 6.081804 -0.010044
v -0.186205 6.078024 0.002420
v -0.186205 6.076747 0.015383
v -0.186205 6.078024 0.028346
v -0.186205 6.081804 0.040810
v -0.186205 6.087945 0.052297
v -0.186205 6.096208 0.062366
v -0.186205 6.106277 0.070629
v -0.186205 6.117764 0.076769
v -0.186205 6.130228 0.080550
v -0.186205 6.143191 0.081827
v -0.186205 6.156153 0.080550
v -0.186205 6.168618 0.076769
v -0.186205 6.180105 0.070629
v -0.186205 6.190174 0.062366
v -0.186205 6.198437 0.052297
v -0.186205 6.204578 0.040810
v -0.186205 6.208358 0.028346
v -0.186205 6.209635 0.015383
v -0.186205 6.208358 0.002420
v -0.186205 6.204578 -0.010044
v -0.186205 6.198437 -0.021531
v -0.186205 6.190174 -0.031600
v -0.186205 6.180105 -0.039863
v -0.186205 6.168618 -0.046003
v -0.186205 6.156153 -0.049784
v -0.203683 6.128600 -0.057970
v -0.203683 6.143191 -0.059407
v -0.203683 6.114570 -0.053714
v -0.203683 6.101640 -0.046803
v -0.203683 6.090306 -0.037502
v -0.203683 6.081005 -0.026168
v -0.203683 6.074094 -0.013238
v -0.203683 6.069838 0.000792
v -0.203683 6.068401 0.015383
v -0.203683 6.069838 0.029974
v -0.203683 6.074094 0.044004
v -0.203683 6.081005 0.056934
v -0.203683 6.090306 0.068268
v -0.203683 6.101640 0.077569
v -0.203683 6.114570 0.084480
v -0.203683 6.128600 0.088736
v -0.203683 6.143191 0.090173
v -0.203683 6.157781 0.088736
v -0.203683 6.171812 0.084480
v -0.203683 6.184742 0.077569
v -0.203683 6.196076 0.068268
v -0.203683 6.205377 0.056934
v -0.203683 6.212289 0.044004
v -0.203683 6.216545 0.029974
v -0.203683 6.217981 0.015383
v -0.203683 6.216544 0.000792
v -0.203683 6.212289 -0.013238
v -0.203683 6.205377 -0.026168
v -0.203683 6.196076 -0.037502
v -0.203683 6.184742 -0.046803
v -0.203683 6.171812 -0.053714
v -0.203683 6.157781 -0.057970
v -0.218664 6.128600 -0.057970
v -0.218664 6.143191 -0.059407
v -0.218664 6.114570 -0.053714
v -0.218664 6.101640 -0.046803
v -0.218664 6.090306 -0.037502
v -0.218664 6.081005 -0.026168
v -0.218664 6.074094 -0.013238
v -0.218664 6.069838 0.000792
v -0.218664 6.068401 0.015383
v -0.218664 6.069838 0.029974
v -0.218664 6.074094 0.044004
v -0.218664 6.081005 0.056934
v -0.218664 6.090306 0.068268
v -0.218664 6.101640 0.077569
v -0.218664 6.114570 0.084480
v -0.218664 6.128600 0.088736
v -0.218664 6.143191 0.090173
v -0.218664 6.157781 0.088736
v -0.218664 6.171812 0.084480
v -0.218664 6.184742 0.077569
v -0.218664 6.196076 0.068268
v -0.218664 6.205377 0.056934
v -0.218664 6.212289 0.044004
v -0.218664 6.216545 0.029974
v -0.218664 6.217981 0.015383
v -0.218664 6.216544 0.000792
v -0.218664 6.212289 -0.013238
v -0.218664 6.205377 -0.026168
v -0.218664 6.196076 -0.037502
v -0.218664 6.184742 -0.046803
v -0.218664 6.171812 -0.053714
v -0.218664 6.157781 -0.057970
v -0.234269 6.129224 -0.054831
v -0.234269 6.143191 -0.056206
v -0.234269 6.115795 -0.050757
v -0.234269 6.103418 -0.044141
v -0.234269 6.092569 -0.035238
v -0.234269 6.083666 -0.024390
v -0.234269 6.077051 -0.012013
v -0.234269 6.072978 0.001417
v -0.234269 6.071602 0.015383
v -0.234269 6.072978 0.029349
v -0.234269 6.077051 0.042779
v -0.234269 6.083666 0.055156
v -0.234269 6.092569 0.066004
v -0.234269 6.103418 0.074907
v -0.234269 6.115795 0.081523
v -0.234269 6.129224 0.085597
v -0.234269 6.143191 0.086972
v -0.234269 6.157157 0.085597
v -0.234269 6.170587 0.081523
v -0.234269 6.182964 0.074907
v -0.234269 6.193813 0.066004
v -0.234269 6.202716 0.055156
v -0.234269 6.209332 0.042779
v -0.234269 6.213406 0.029349
v -0.234269 6.214780 0.015383
v -0.234269 6.213405 0.001417
v -0.234269 6.209332 -0.012013
v -0.234269 6.202716 -0.024390
v -0.234269 6.193813 -0.035238
v -0.234269 6.182964 -0.044141
v -0.234269 6.170587 -0.050757
v -0.234269 6.157157 -0.054831
v -0.248002 6.131658 -0.042598
v -0.248002 6.143191 -0.043734
v -0.248002 6.120568 -0.039234
v -0.248002 6.110347 -0.033771
v -0.248002 6.101388 -0.026419
v -0.248002 6.094037 -0.017461
v -0.248002 6.088574 -0.007240
v -0.248002 6.085210 0.003850
v -0.248002 6.084074 0.015383
v -0.248002 6.085210 0.026916
v -0.248002 6.088574 0.038006
v -0.248002 6.094037 0.048227
v -0.248002 6.101388 0.057185
v -0.248002 6.110347 0.064537
v -0.248002 6.120568 0.070000
v -0.248002 6.131658 0.073364
v -0.248002 6.143191 0.074500
v -0.248002 6.154724 0.073364
v -0.248002 6.165814 0.070000
v -0.248002 6.176035 0.064537
v -0.248002 6.184994 0.057185
v -0.248002 6.192346 0.048227
v -0.248002 6.197809 0.038006
v -0.248002 6.201173 0.026916
v -0.248002 6.202308 0.015383
v -0.248002 6.201172 0.003850
v -0.248002 6.197809 -0.007240
v -0.248002 6.192346 -0.017461
v -0.248002 6.184994 -0.026419
v -0.248002 6.176035 -0.033771
v -0.248002 6.165814 -0.039234
v -0.248002 6.154724 -0.042598
v -0.262359 6.134652 -0.027542
v -0.262359 6.143191 -0.028383
v -0.262359 6.126442 -0.025052
v -0.262359 6.112244 -0.015564
v -0.262359 6.106801 -0.008932
v -0.262359 6.102756 -0.001366
v -0.262359 6.100266 0.006845
v -0.262359 6.099424 0.015383
v -0.262359 6.100266 0.023921
v -0.262359 6.102756 0.032132
v -0.262359 6.106801 0.039698
v -0.262359 6.112244 0.046330
v -0.262359 6.118876 0.051773
v -0.262359 6.126442 0.055818
v -0.262359 6.134652 0.058308
v -0.262359 6.151729 0.058308
v -0.262359 6.174139 0.046330
v -0.262359 6.179582 0.039698
v -0.262359 6.183626 0.032132
v -0.262359 6.186957 0.015383
v -0.262359 6.183626 -0.001366
v -0.262359 6.179582 -0.008932
v -0.262359 6.174139 -0.015564
v -0.262359 6.167506 -0.021007
v -0.262359 6.151729 -0.027542
v -0.262359 6.118876 -0.021007
v -0.262359 6.143191 0.059149
v -0.262359 6.159939 0.055818
v -0.262359 6.167506 0.051773
v -0.262359 6.186116 0.023921
v -0.262359 6.186116 0.006845
v -0.262359 6.159939 -0.025052
v -0.621155 6.138011 -0.010657
v -0.621155 6.143191 -0.011167
v -0.621155 6.133031 -0.009146
v -0.621155 6.121115 0.000632
v -0.621155 6.118661 0.025543
v -0.621155 6.124417 0.034157
v -0.621155 6.128440 0.037459
v -0.621155 6.138011 0.041423
v -0.621155 6.148371 0.041423
v -0.621155 6.153351 0.039912
v -0.621155 6.169231 0.010203
v -0.621155 6.165267 0.000632
v -0.621155 6.157942 -0.006693
v -0.174345 6.143191 -0.039325
v -0.174345 6.122255 -0.035160
v -0.174345 6.104506 -0.023301
v -0.174345 6.097703 -0.015011
v -0.174345 6.089535 0.004710
v -0.174345 6.089535 0.026056
v -0.174345 6.092648 0.036319
v -0.174345 6.097703 0.045777
v -0.174345 6.104506 0.054067
v -0.174345 6.132518 0.069039
v -0.174345 6.173585 0.060871
v -0.174345 6.193735 -0.005553
v -0.174345 6.188679 -0.015011
v -0.174345 6.153863 -0.038273
v 0.621155 6.138011 -0.010657
v 0.621155 6.133031 -0.009146
v 0.621155 6.128440 -0.006693
v 0.621155 6.124417 -0.003391
v 0.621155 6.117151 0.010203
v 0.621155 6.117151 0.020563
v 0.621155 6.121115 0.030134
v 0.621155 6.124417 0.034157
v 0.621155 6.128440 0.037459
v 0.621155 6.133031 0.039912
v 0.621155 6.138011 0.041423
v 0.621155 6.143191 0.041933
v 0.621155 6.148371 0.041423
v 0.621155 6.153351 0.039912
v 0.621155 6.165267 0.030134
v 0.621155 6.157942 -0.006693
v 0.636688 6.135294 -0.024317
v 0.636688 6.143191 -0.025095
v 0.636688 6.127701 -0.022014
v 0.636688 6.120703 -0.018273
v 0.636688 6.114569 -0.013239
v 0.636688 6.109535 -0.007105
v 0.636688 6.105794 -0.000107
v 0.636688 6.103491 0.007486
v 0.636688 6.102713 0.015383
v 0.636688 6.103491 0.023280
v 0.636688 6.105794 0.030873
v 0.636688 6.109535 0.037871
v 0.636688 6.114569 0.044005
v 0.636688 6.120703 0.049039
v 0.636688 6.127701 0.052780
v 0.636688 6.135294 0.055083
v 0.636688 6.143191 0.055861
v 0.636688 6.151088 0.055083
v 0.636688 6.158681 0.052780
v 0.636688 6.165680 0.049039
v 0.636688 6.171814 0.044005
v 0.636688 6.176847 0.037871
v 0.636688 6.180588 0.030873
v 0.636688 6.182891 0.023280
v 0.636688 6.183669 0.015383
v 0.636688 6.182891 0.007486
v 0.636688 6.180588 -0.000107
v 0.636688 6.176847 -0.007105
v 0.636688 6.171814 -0.013239
v 0.636688 6.165680 -0.018273
v 0.636688 6.158681 -0.022014
v 0.636688 6.151088 -0.024317
v 0.654388 6.134074 -0.030449
v 0.654388 6.143191 -0.031347
v 0.654388 6.125309 -0.027790
v 0.654388 6.117229 -0.023471
v 0.654388 6.110148 -0.017660
v 0.654388 6.104338 -0.010579
v 0.654388 6.100018 -0.002500
v 0.654388 6.097359 0.006266
v 0.654388 6.096461 0.015383
v 0.654388 6.097359 0.024499
v 0.654388 6.100018 0.033266
v 0.654388 6.104338 0.041345
v 0.654388 6.110148 0.048426
v 0.654388 6.117229 0.054237
v 0.654388 6.125309 0.058556
v 0.654388 6.134074 0.061215
v 0.654388 6.143191 0.062113
v 0.654388 6.152308 0.061215
v 0.654388 6.161074 0.058556
v 0.654388 6.169153 0.054237
v 0.654388 6.176234 0.048426
v 0.654388 6.182045 0.041345
v 0.654388 6.186363 0.033266
v 0.654388 6.189023 0.024499
v 0.654388 6.189921 0.015383
v 0.654388 6.189023 0.006266
v 0.654388 6.186363 -0.002500
v 0.654388 6.182045 -0.010579
v 0.654388 6.176234 -0.017660
v 0.654388 6.169153 -0.023471
v 0.654388 6.161074 -0.027790
v 0.654388 6.152308 -0.030449
v 0.678591 6.134074 -0.030449
v 0.678591 6.143191 -0.031347
v 0.678591 6.125309 -0.027790
v 0.678591 6.117229 -0.023471
v 0.678591 6.110148 -0.017660
v 0.678591 6.104338 -0.010579
v 0.678591 6.100018 -0.002500
v 0.678591 6.097359 0.006266
v 0.678591 6.096461 0.015383
v 0.678591 6.097359 0.024499
v 0.678591 6.100018 0.033266
v 0.678591 6.104338 0.041345
v 0.678591 6.110148 0.048426
v 0.678591 6.117229 0.054237
v 0.678591 6.125309 0.058556
v 0.678591 6.134074 0.061215
v 0.678591 6.143191 0.062113
v 0.678591 6.152308 0.061215
v 0.678591 6.161074 0.058556
v 0.678591 6.169153 0.054237
v 0.678591 6.176234 0.048426
v 0.678591 6.182045 0.041345
v 0.678591 6.186363 0.033266
v 0.678591 6.189023 0.024499
v 0.678591 6.189921 0.015383
v 0.678591 6.189023 0.006266
v 0.678591 6.186363 -0.002500
v 0.678591 6.182045 -0.010579
v 0.678591 6.176234 -0.017660
v 0.678591 6.169153 -0.023471
v 0.678591 6.161074 -0.027790
v 0.678591 6.152308 -0.030449
v 0.692318 6.135407 -0.023747
v 0.692318 6.143191 -0.024514
v 0.692318 6.127923 -0.021477
v 0.692318 6.121026 -0.017790
v 0.692318 6.114980 -0.012828
v 0.692318 6.110019 -0.006783
v 0.692318 6.106331 0.000115
v 0.692318 6.104061 0.007599
v 0.692318 6.103294 0.015383
v 0.692318 6.104061 0.023167
v 0.692318 6.106331 0.030651
v 0.692318 6.110019 0.037549
v 0.692318 6.114980 0.043594
v 0.692318 6.121026 0.048556
v 0.692318 6.127923 0.052243
v 0.692318 6.135407 0.054513
v 0.692318 6.143191 0.055280
v 0.692318 6.150975 0.054513
v 0.692318 6.158459 0.052243
v 0.692318 6.165357 0.048556
v 0.692318 6.171403 0.043594
v 0.692318 6.176364 0.037549
v 0.692318 6.180051 0.030651
v 0.692318 6.182321 0.023166
v 0.692318 6.183088 0.015383
v 0.692318 6.182321 0.007599
v 0.692318 6.180051 0.000115
v 0.692318 6.176364 -0.006783
v 0.692318 6.171403 -0.012829
v 0.692318 6.165357 -0.017790
v 0.692318 6.158459 -0.021477
v 0.692318 6.150975 -0.023747
v 0.706044 6.138343 -0.008989
v 0.706044 6.143191 -0.009466
v 0.706044 6.133682 -0.007574
v 0.706044 6.129386 -0.005278
v 0.706044 6.125620 -0.002188
v 0.706044 6.122530 0.001578
v 0.706044 6.120234 0.005874
v 0.706044 6.118820 0.010535
v 0.706044 6.118343 0.015383
v 0.706044 6.118820 0.020231
v 0.706044 6.120234 0.024892
v 0.706044 6.122530 0.029188
v 0.706044 6.125620 0.032954
v 0.706044 6.129386 0.036044
v 0.706044 6.133682 0.038340
v 0.706044 6.138343 0.039754
v 0.706044 6.143191 0.040232
v 0.706044 6.148039 0.039754
v 0.706044 6.152700 0.038340
v 0.706044 6.156997 0.036044
v 0.706044 6.160762 0.032954
v 0.706044 6.163852 0.029188
v 0.706044 6.166149 0.024892
v 0.706044 6.167562 0.020231
v 0.706044 6.168040 0.015383
v 0.706044 6.167562 0.010535
v 0.706044 6.166149 0.005874
v 0.706044 6.163852 0.001578
v 0.706044 6.160762 -0.002188
v 0.706044 6.156997 -0.005278
v 0.706044 6.152700 -0.007574
v 0.706044 6.148039 -0.008989
v 0.621155 6.143191 -0.011167
v 0.621155 6.121115 0.000632
v 0.621155 6.118661 0.005223
v 0.621155 6.116641 0.015383
v 0.621155 6.118661 0.025543
v 0.621155 6.157942 0.037459
v 0.621155 6.161965 0.034157
v 0.621155 6.167720 0.025543
v 0.621155 6.169231 0.020563
v 0.621155 6.169741 0.015383
v 0.621155 6.169231 0.010203
v 0.621155 6.167720 0.005223
v 0.621155 6.165267 0.000632
v 0.621155 6.161965 -0.003391
v 0.621155 6.153351 -0.009146
v 0.621155 6.148371 -0.010657
v 0.186205 6.130228 -0.049784
v 0.186205 6.143191 -0.051061
v 0.174345 6.143191 -0.039325
v 0.174345 6.132518 -0.038273
v 0.174345 6.122255 -0.035160
v 0.174345 6.112797 -0.030105
v 0.174345 6.104506 -0.023301
v 0.174345 6.097703 -0.015011
v 0.174345 6.089535 0.004710
v 0.174345 6.089535 0.026056
v 0.174345 6.092648 0.036319
v 0.174345 6.097703 0.045777
v 0.174345 6.104506 0.054067
v 0.174345 6.122255 0.065926
v 0.174345 6.143191 0.070091
v 0.174345 6.164127 0.065926
v 0.174345 6.181875 0.054067
v 0.174345 6.193735 0.036319
v 0.174345 6.196847 0.004710
v 0.174345 6.193735 -0.005553
v 0.174345 6.188679 -0.015011
v 0.174345 6.173585 -0.030105
v 0.186205 6.117764 -0.046003
v 0.186205 6.106277 -0.039863
v 0.186205 6.096208 -0.031600
v 0.186205 6.087945 -0.021531
v 0.186205 6.081804 -0.010044
v 0.186205 6.078024 0.002420
v 0.186205 6.076747 0.015383
v 0.186205 6.078024 0.028346
v 0.186205 6.081804 0.040810
v 0.186205 6.087945 0.052297
v 0.186205 6.096208 0.062366
v 0.186205 6.106277 0.070629
v 0.186205 6.117764 0.076769
v 0.186205 6.130228 0.080550
v 0.186205 6.143191 0.081827
v 0.186205 6.156153 0.080550
v 0.186205 6.168618 0.076769
v 0.186205 6.180105 0.070629
v 0.186205 6.190174 0.062366
v 0.186205 6.198437 0.052297
v 0.186205 6.204578 0.040810
v 0.186205 6.208358 0.028346
v 0.186205 6.209635 0.015383
v 0.186205 6.208358 0.002420
v 0.186205 6.204578 -0.010044
v 0.186205 6.198437 -0.021531
v 0.186205 6.190174 -0.031600
v 0.186205 6.180105 -0.039863
v 0.186205 6.168618 -0.046003
v 0.186205 6.156153 -0.049784
v 0.203683 6.128600 -0.057970
v 0.203683 6.143191 -0.059407
v 0.203683 6.114570 -0.053714
v 0.203683 6.101640 -0.046803
v 0.203683 6.090306 -0.037502
v 0.203683 6.081005 -0.026168
v 0.203683 6.074094 -0.013238
v 0.203683 6.069838 0.000792
v 0.203683 6.068401 0.015383
v 0.203683 6.069838 0.029974
v 0.203683 6.074094 0.044004
v 0.203683 6.081005 0.056934
v 0.203683 6.090306 0.068268
v 0.203683 6.101640 0.077569
v 0.203683 6.114570 0.084480
v 0.203683 6.128600 0.088736
v 0.203683 6.143191 0.090173
v 0.203683 6.157781 0.088736
v 0.203683 6.171812 0.084480
v 0.203683 6.184742 0.077569
v 0.203683 6.196076 0.068268
v 0.203683 6.205377 0.056934
v 0.203683 6.212289 0.044004
v 0.203683 6.216545 0.029974
v 0.203683 6.217981 0.015383
v 0.203683 6.216544 0.000792
v 0.203683 6.212289 -0.013238
v 0.203683 6.205377 -0.026168
v 0.203683 6.196076 -0.037502
v 0.203683 6.184742 -0.046803
v 0.203683 6.171812 -0.053714
v 0.203683 6.157781 -0.057970
v 0.218664 6.128600 -0.057970
v 0.218664 6.143191 -0.059407
v 0.218664 6.114570 -0.053714
v 0.218664 6.101640 -0.046803
v 0.218664 6.090306 -0.037502
v 0.218664 6.081005 -0.026168
v 0.218664 6.074094 -0.013238
v 0.218664 6.069838 0.000792
v 0.218664 6.068401 0.015383
v 0.218664 6.069838 0.029974
v 0.218664 6.074094 0.044004
v 0.218664 6.081005 0.056934
v 0.218664 6.090306 0.068268
v 0.218664 6.101640 0.077569
v 0.218664 6.114570 0.084480
v 0.218664 6.128600 0.088736
v 0.218664 6.143191 0.090173
v 0.218664 6.157781 0.088736
v 0.218664 6.171812 0.084480
v 0.218664 6.184742 0.077569
v 0.218664 6.196076 0.068268
v 0.218664 6.205377 0.056934
v 0.218664 6.212289 0.044004
v 0.218664 6.216545 0.029974
v 0.218664 6.217981 0.015383
v 0.218664 6.216544 0.000792
v 0.218664 6.212289 -0.013238
v 0.218664 6.205377 -0.026168
v 0.218664 6.196076 -0.037502
v 0.218664 6.184742 -0.046803
v 0.218664 6.171812 -0.053714
v 0.218664 6.157781 -0.057970
v 0.234269 6.129224 -0.054831
v 0.234269 6.143191 -0.056206
v 0.234269 6.115795 -0.050757
v 0.234269 6.103418 -0.044141
v 0.234269 6.092569 -0.035238
v 0.234269 6.083666 -0.024390
v 0.234269 6.077051 -0.012013
v 0.234269 6.072978 0.001417
v 0.234269 6.071602 0.015383
v 0.234269 6.072978 0.029349
v 0.234269 6.077051 0.042779
v 0.234269 6.083666 0.055156
v 0.234269 6.092569 0.066004
v 0.234269 6.103418 0.074907
v 0.234269 6.115795 0.081523
v 0.234269 6.129224 0.085597
v 0.234269 6.143191 0.086972
v 0.234269 6.157157 0.085597
v 0.234269 6.170587 0.081523
v 0.234269 6.182964 0.074907
v 0.234269 6.193813 0.066004
v 0.234269 6.202716 0.055156
v 0.234269 6.209332 0.042779
v 0.234269 6.213406 0.029349
v 0.234269 6.214780 0.015383
v 0.234269 6.213405 0.001417
v 0.234269 6.209332 -0.012013
v 0.234269 6.202716 -0.024390
v 0.234269 6.193813 -0.035238
v 0.234269 6.182964 -0.044141
v 0.234269 6.170587 -0.050757
v 0.234269 6.157157 -0.054831
v 0.248002 6.131658 -0.042598
v 0.248002 6.143191 -0.043734
v 0.248002 6.120568 -0.039234
v 0.248002 6.110347 -0.033771
v 0.248002 6.101388 -0.026419
v 0.248002 6.094037 -0.017461
v 0.248002 6.088574 -0.007240
v 0.248002 6.085210 0.003850
v 0.248002 6.084074 0.015383
v 0.248002 6.085210 0.026916
v 0.248002 6.088574 0.038006
v 0.248002 6.094037 0.048227
v 0.248002 6.101388 0.057185
v 0.248002 6.110347 0.064537
v 0.248002 6.120568 0.070000
v 0.248002 6.131658 0.073364
v 0.248002 6.143191 0.074500
v 0.248002 6.154724 0.073364
v 0.248002 6.165814 0.070000
v 0.248002 6.176035 0.064537
v 0.248002 6.184994 0.057185
v 0.248002 6.192346 0.048227
v 0.248002 6.197809 0.038006
v 0.248002 6.201173 0.026916
v 0.248002 6.202308 0.015383
v 0.248002 6.201172 0.003850
v 0.248002 6.197809 -0.007240
v 0.248002 6.192346 -0.017461
v 0.248002 6.184994 -0.026419
v 0.248002 6.176035 -0.033771
v 0.248002 6.165814 -0.039234
v 0.248002 6.154724 -0.042598
v 0.262359 6.134652 -0.027542
v 0.262359 6.118876 -0.021007
v 0.262359 6.106801 -0.008932
v 0.262359 6.099424 0.015383
v 0.262359 6.100266 0.023921
v 0.262359 6.102756 0.032132
v 0.262359 6.106801 0.039698
v 0.262359 6.118876 0.051773
v 0.262359 6.126442 0.055818
v 0.262359 6.134652 0.058308
v 0.262359 6.143191 0.059149
v 0.262359 6.151729 0.058308
v 0.262359 6.159939 0.055818
v 0.262359 6.174139 0.046330
v 0.262359 6.183626 0.032132
v 0.262359 6.186116 0.023921
v 0.262359 6.151729 -0.027542
v 0.262359 6.143191 -0.028383
v 0.262359 6.126442 -0.025052
v 0.262359 6.112244 -0.015564
v 0.262359 6.102756 -0.001366
v 0.262359 6.100266 0.006845
v 0.262359 6.112244 0.046330
v 0.262359 6.167506 0.051773
v 0.262359 6.179582 0.039698
v 0.262359 6.186957 0.015383
v 0.262359 6.186116 0.006845
v 0.262359 6.183626 -0.001366
v 0.262359 6.179582 -0.008932
v 0.262359 6.174139 -0.015564
v 0.262359 6.167506 -0.021007
v 0.262359 6.159939 -0.025052
v 0.174345 6.092648 -0.005553
v 0.174345 6.088484 0.015383
v 0.174345 6.112797 0.060871
v 0.174345 6.132518 0.069039
v 0.174345 6.153863 0.069039
v 0.174345 6.173585 0.060871
v 0.174345 6.188679 0.045777
v 0.174345 6.196847 0.026056
v 0.174345 6.197898 0.015383
v 0.174345 6.181875 -0.023301
v 0.174345 6.164127 -0.035160
v 0.174345 6.153863 -0.038273
v 0.046915 6.568843 -0.113258
v 0.120236 6.568843 -0.023916
v 0.068109 6.568843 0.101929
v -0.086686 6.568843 -0.086685
v -0.101932 6.568843 -0.068108
v -0.113260 6.568843 -0.046913
v -0.086686 6.568843 0.086684
v -0.068109 6.568843 0.101929
v -0.046915 6.568843 0.113257
v 0.000000 6.568843 0.122589
v 0.043682 6.472197 -0.105451
v 0.063415 6.472197 -0.094904
v 0.105454 6.472197 -0.043679
v 0.111949 6.472197 -0.022268
v 0.114142 6.472197 -0.000000
v 0.105454 6.472197 0.043679
v 0.094906 6.472197 0.063413
v 0.080711 6.472197 0.080709
v 0.022270 6.472197 0.111947
v 0.025381 6.493770 -0.127585
v 0.049784 6.493770 -0.120183
v 0.072274 6.493770 -0.108162
v 0.091986 6.493770 -0.091984
v 0.108164 6.493770 -0.072271
v 0.120185 6.493770 -0.049781
v 0.127588 6.493770 -0.025378
v 0.130087 6.493770 -0.000000
v 0.127588 6.493770 0.025378
v 0.120185 6.493770 0.049781
v 0.108164 6.493770 0.072271
v 0.091986 6.493770 0.091984
v 0.072274 6.493770 0.108162
v 0.049784 6.493770 0.120183
v 0.025381 6.493770 0.127585
v 0.027571 6.518363 -0.138600
v 0.054081 6.518363 -0.130558
v 0.078513 6.518363 -0.117499
v 0.099927 6.518363 -0.099925
v 0.117501 6.518363 -0.078510
v 0.130560 6.518363 -0.054079
v 0.138602 6.518363 -0.027569
v 0.141317 6.518363 -0.000000
v 0.138602 6.518363 0.027569
v 0.130560 6.518363 0.054079
v 0.117501 6.518363 0.078510
v 0.099927 6.518363 0.099925
v 0.078513 6.518363 0.117499
v 0.054081 6.518363 0.130558
v 0.027571 6.518363 0.138599
v 0.027571 6.539072 -0.138600
v 0.054081 6.539072 -0.130558
v 0.078513 6.539072 -0.117499
v 0.099927 6.539072 -0.099925
v 0.117501 6.539072 -0.078510
v 0.130560 6.539072 -0.054079
v 0.138602 6.539072 -0.027569
v 0.141317 6.539072 -0.000000
v 0.138602 6.539072 0.027569
v 0.130560 6.539072 0.054079
v 0.117501 6.539072 0.078510
v 0.099927 6.539072 0.099925
v 0.078513 6.539072 0.117499
v 0.054081 6.539072 0.130558
v 0.027571 6.539072 0.138599
v 0.023918 6.568842 -0.120234
v 0.068109 6.568842 -0.101930
v 0.086686 6.568842 -0.086685
v 0.101932 6.568842 -0.068108
v 0.113260 6.568842 -0.046913
v 0.122592 6.568842 -0.000000
v 0.120236 6.568842 0.023916
v 0.113260 6.568842 0.046913
v 0.101932 6.568842 0.068107
v 0.086686 6.568842 0.086684
v 0.046915 6.568842 0.113257
v 0.023918 6.568842 0.120233
v -0.022270 6.472197 -0.111947
v -0.080711 6.472197 -0.080709
v -0.094906 6.472197 -0.063413
v -0.114142 6.472197 -0.000000
v -0.111949 6.472197 0.022268
v -0.094906 6.472197 0.063413
v -0.063415 6.472197 0.094904
v -0.043682 6.472197 0.105451
v 0.000000 6.472197 0.114140
v -0.025381 6.493770 -0.127585
v 0.000000 6.493770 -0.130085
v -0.049784 6.493770 -0.120183
v -0.072274 6.493770 -0.108162
v -0.091986 6.493770 -0.091984
v -0.108164 6.493770 -0.072271
v -0.120185 6.493770 -0.049781
v -0.127588 6.493770 -0.025378
v -0.130087 6.493770 -0.000000
v -0.127588 6.493770 0.025378
v -0.120185 6.493770 0.049781
v -0.108164 6.493770 0.072271
v -0.091986 6.493770 0.091984
v -0.072274 6.493770 0.108162
v -0.049784 6.493770 0.120183
v -0.025381 6.493770 0.127585
v 0.000000 6.493770 0.130085
v -0.027571 6.518363 -0.138600
v 0.000000 6.518363 -0.141315
v -0.054081 6.518363 -0.130558
v -0.078513 6.518363 -0.117499
v -0.099927 6.518363 -0.099925
v -0.117501 6.518363 -0.078510
v -0.130560 6.518363 -0.054079
v -0.138602 6.518363 -0.027569
v -0.141317 6.518363 -0.000000
v -0.138602 6.518363 0.027569
v -0.130560 6.518363 0.054079
v -0.117501 6.518363 0.078510
v -0.099927 6.518363 0.099925
v -0.078513 6.518363 0.117499
v -0.054081 6.518363 0.130558
v -0.027571 6.518363 0.138599
v 0.000000 6.518363 0.141315
v -0.027571 6.539072 -0.138600
v 0.000000 6.539072 -0.141315
v -0.054081 6.539072 -0.130558
v -0.078513 6.539072 -0.117499
v -0.099927 6.539072 -0.099925
v -0.117501 6.539072 -0.078510
v -0.130560 6.539072 -0.054079
v -0.138602 6.539072 -0.027569
v -0.141317 6.539072 -0.000000
v -0.138602 6.539072 0.027569
v -0.130560 6.539072 0.054079
v -0.117501 6.539072 0.078510
v -0.099927 6.539072 0.099925
v -0.078513 6.539072 0.117499
v -0.054081 6.539072 0.130558
v -0.027571 6.539072 0.138599
v 0.000000 6.539072 0.141315
v -0.023918 6.568842 -0.120234
v 0.000000 6.568842 -0.122589
v -0.046915 6.568842 -0.113258
v -0.068109 6.568842 -0.101930
v -0.120236 6.568842 -0.023916
v -0.122592 6.568842 -0.000000
v -0.120236 6.568842 0.023916
v -0.113260 6.568842 0.046913
v -0.101932 6.568842 0.068107
v -0.023918 6.568842 0.120233
v 0.022270 6.472196 -0.111947
v 0.080711 6.472196 -0.080709
v 0.094906 6.472196 -0.063413
v 0.111949 6.472196 0.022268
v 0.063415 6.472196 0.094904
v 0.043682 6.472196 0.105451
v 0.000000 6.472196 -0.114140
v -0.043682 6.472196 -0.105451
v -0.063415 6.472196 -0.094904
v -0.105454 6.472196 -0.043679
v -0.111949 6.472196 -0.022268
v -0.105454 6.472196 0.043679
v -0.080711 6.472196 0.080709
v -0.022270 6.472196 0.111947
v 0.044794 6.606295 -0.108137
v 0.082767 6.606295 -0.082764
v 0.108139 6.606295 -0.044792
v 0.114800 6.606295 -0.022835
v 0.117049 6.606295 -0.000000
v 0.097323 6.606295 0.065026
v 0.082767 6.606295 0.082764
v 0.044794 6.606295 0.108136
v -0.044794 6.606295 -0.108137
v -0.065030 6.606295 -0.097322
v -0.117049 6.606295 -0.000000
v -0.114800 6.606295 0.022835
v -0.108139 6.606295 0.044792
v -0.097323 6.606295 0.065026
v 0.084664 6.650338 -0.126706
v 0.149462 6.650338 -0.029730
v 0.152390 6.650338 -0.000001
v 0.084664 6.650338 0.126704
v 0.029732 6.650338 0.149458
v 0.029761 6.667417 -0.149604
v 0.058375 6.667417 -0.140925
v 0.084746 6.667417 -0.126829
v 0.107861 6.667417 -0.107860
v 0.126831 6.667417 -0.084745
v 0.140926 6.667417 -0.058374
v 0.149607 6.667417 -0.029759
v 0.152537 6.667417 -0.000001
v 0.149607 6.667417 0.029757
v 0.140926 6.667417 0.058372
v 0.126831 6.667417 0.084743
v 0.107861 6.667417 0.107858
v 0.084746 6.667417 0.126827
v 0.058375 6.667417 0.140924
v 0.029761 6.667417 0.149603
v 0.084746 6.693483 -0.126829
v 0.149606 6.693483 -0.029759
v 0.058375 6.693483 0.140924
v -0.140790 6.650338 -0.058317
v -0.149462 6.650338 -0.029730
v -0.152390 6.650338 -0.000001
v -0.107757 6.650338 0.107754
v -0.084664 6.650338 0.126704
v -0.029761 6.667417 -0.149604
v 0.000000 6.667417 -0.152536
v -0.058375 6.667417 -0.140925
v -0.084746 6.667417 -0.126829
v -0.107861 6.667417 -0.107860
v -0.126831 6.667417 -0.084745
v -0.140926 6.667417 -0.058374
v -0.149607 6.667417 -0.029759
v -0.152537 6.667417 -0.000001
v -0.149607 6.667417 0.029757
v -0.140926 6.667417 0.058372
v -0.126831 6.667417 0.084743
v -0.107861 6.667417 0.107858
v -0.084746 6.667417 0.126827
v -0.058375 6.667417 0.140924
v -0.029761 6.667417 0.149603
v 0.000000 6.667417 0.152534
v -0.084746 6.693483 -0.126829
v -0.149606 6.693483 -0.029759
v -0.084746 6.693483 0.126827
v 0.022837 6.606294 -0.114798
v 0.065030 6.606294 -0.097322
v 0.097323 6.606294 -0.065028
v 0.114800 6.606294 0.022835
v 0.108139 6.606294 0.044792
v 0.065030 6.606294 0.097319
v 0.022837 6.606294 0.114797
v 0.026830 6.628765 -0.134872
v 0.052626 6.628765 -0.127047
v 0.076401 6.628765 -0.114339
v 0.097239 6.628765 -0.097236
v 0.114340 6.628765 -0.076398
v 0.127048 6.628765 -0.052624
v 0.134873 6.628765 -0.026829
v 0.137516 6.628765 -0.000001
v 0.134873 6.628765 0.026826
v 0.127048 6.628765 0.052623
v 0.114340 6.628765 0.076398
v 0.097239 6.628765 0.097236
v 0.076401 6.628765 0.114338
v 0.052626 6.628765 0.127045
v 0.026830 6.628765 0.134870
v 0.029732 6.650338 -0.149460
v 0.058319 6.650338 -0.140789
v 0.107757 6.650338 -0.107754
v 0.126708 6.650338 -0.084662
v 0.140790 6.650338 -0.058317
v 0.149462 6.650338 0.029728
v 0.140790 6.650338 0.058315
v 0.126708 6.650338 0.084661
v 0.107757 6.650338 0.107754
v 0.058318 6.650338 0.140787
v -0.022837 6.606294 -0.114798
v 0.000000 6.606294 -0.117046
v -0.082767 6.606294 -0.082764
v -0.097323 6.606294 -0.065028
v -0.108139 6.606294 -0.044792
v -0.114800 6.606294 -0.022835
v -0.082767 6.606294 0.082764
v -0.065030 6.606294 0.097319
v -0.044794 6.606294 0.108136
v -0.022837 6.606294 0.114797
v 0.000000 6.606294 0.117045
v -0.026830 6.628765 -0.134872
v 0.000000 6.628765 -0.137514
v -0.052626 6.628765 -0.127047
v -0.076401 6.628765 -0.114339
v -0.097239 6.628765 -0.097236
v -0.114340 6.628765 -0.076398
v -0.127048 6.628765 -0.052624
v -0.134873 6.628765 -0.026829
v -0.137516 6.628765 -0.000001
v -0.134873 6.628765 0.026826
v -0.127048 6.628765 0.052623
v -0.114340 6.628765 0.076398
v -0.097239 6.628765 0.097236
v -0.076401 6.628765 0.114338
v -0.052626 6.628765 0.127045
v -0.026830 6.628765 0.134870
v 0.000000 6.628765 0.137512
v -0.029732 6.650338 -0.149460
v 0.000000 6.650338 -0.152387
v -0.058319 6.650338 -0.140789
v -0.084664 6.650338 -0.126706
v -0.107757 6.650338 -0.107754
v -0.126708 6.650338 -0.084662
v -0.149462 6.650338 0.029728
v -0.140790 6.650338 0.058315
v -0.126708 6.650338 0.084661
v -0.058319 6.650338 0.140787
v -0.029732 6.650338 0.149458
v 0.000000 6.650338 0.152386
v 0.029760 6.693483 -0.149604
v 0.058375 6.693483 -0.140925
v 0.107861 6.693483 -0.107860
v 0.126831 6.693483 -0.084745
v 0.140926 6.693483 -0.058374
v 0.152537 6.693483 -0.000001
v 0.149607 6.693483 0.029757
v 0.140926 6.693483 0.058372
v 0.126831 6.693483 0.084743
v 0.107861 6.693483 0.107858
v 0.084746 6.693483 0.126827
v 0.029760 6.693483 0.149603
v 0.026892 6.712358 -0.135186
v 0.052749 6.712358 -0.127343
v 0.076579 6.712358 -0.114605
v 0.097465 6.712358 -0.097464
v 0.114607 6.712358 -0.076577
v 0.127344 6.712358 -0.052748
v 0.135187 6.712358 -0.026891
v 0.137836 6.712358 -0.000001
v 0.135187 6.712358 0.026889
v 0.127344 6.712358 0.052746
v 0.114607 6.712358 0.076575
v 0.097465 6.712358 0.097462
v 0.076579 6.712358 0.114603
v 0.052749 6.712358 0.127341
v 0.026892 6.712358 0.135184
v 0.020857 6.732133 -0.104843
v 0.040910 6.732133 -0.098760
v 0.088883 6.732133 -0.059389
v 0.098762 6.732133 -0.040908
v 0.104845 6.732133 0.020853
v 0.059391 6.732133 0.088880
v 0.040910 6.732133 0.098758
v 0.020857 6.732133 0.104841
v -0.029760 6.693483 -0.149604
v 0.000000 6.693483 -0.152536
v -0.058375 6.693483 -0.140925
v -0.107861 6.693483 -0.107860
v -0.126831 6.693483 -0.084745
v -0.140926 6.693483 -0.058374
v -0.152537 6.693483 -0.000001
v -0.149607 6.693483 0.029757
v -0.140926 6.693483 0.058372
v -0.126831 6.693483 0.084743
v -0.107861 6.693483 0.107858
v -0.058375 6.693483 0.140924
v -0.029760 6.693483 0.149603
v 0.000000 6.693483 0.152534
v -0.026892 6.712358 -0.135186
v 0.000000 6.712358 -0.137835
v -0.052749 6.712358 -0.127343
v -0.076579 6.712358 -0.114605
v -0.097465 6.712358 -0.097464
v -0.114607 6.712358 -0.076577
v -0.127344 6.712358 -0.052748
v -0.135187 6.712358 -0.026891
v -0.137836 6.712358 -0.000001
v -0.135187 6.712358 0.026889
v -0.127344 6.712358 0.052746
v -0.114607 6.712358 0.076575
v -0.097465 6.712358 0.097462
v -0.076579 6.712358 0.114603
v -0.052749 6.712358 0.127341
v -0.026892 6.712358 0.135184
v 0.000000 6.712358 0.137832
v -0.020857 6.732133 -0.104843
v 0.000000 6.732133 -0.106897
v -0.040910 6.732133 -0.098760
v -0.059391 6.732133 -0.088882
v -0.075589 6.732133 -0.075588
v -0.088883 6.732133 -0.059389
v -0.104845 6.732133 -0.020855
v -0.106899 6.732133 -0.000001
v -0.104845 6.732133 0.020853
v -0.098762 6.732133 0.040906
v -0.088883 6.732133 0.059387
v -0.075589 6.732133 0.075586
v -0.059391 6.732133 0.088880
v -0.040910 6.732133 0.098758
v -0.020857 6.732133 0.104841
v 0.000000 6.732133 0.106895
v 0.059391 6.732133 -0.088882
v 0.075589 6.732133 -0.075588
v 0.104845 6.732133 -0.020855
v 0.106899 6.732133 -0.000001
v 0.098762 6.732133 0.040906
v 0.088883 6.732133 0.059387
v 0.075589 6.732133 0.075586
v -0.098762 6.732133 -0.040908
v -0.508616 8.163646 0.414339
v -0.508616 8.163646 -0.414341
v -0.236689 8.351524 -0.236689
v -0.236689 8.351524 0.192816
v -0.236689 8.351524 0.236687
v -0.236689 8.351524 -0.192818
v -0.508616 8.163646 -0.487581
v -0.496311 8.172148 -0.496310
v -0.508616 8.163646 0.487579
v -0.496311 8.172148 0.496308
v 0.414342 8.163646 -0.508616
v 0.192818 8.351524 -0.236689
v 0.236689 8.351524 -0.236689
v -0.414342 8.163646 -0.508616
v -0.192818 8.351524 -0.236689
v -0.236689 8.351524 -0.236689
v 0.000000 8.163646 -0.508616
v 0.000000 8.351524 -0.236689
v 0.487422 8.163646 -0.508616
v 0.496311 8.172148 -0.496310
v -0.487581 8.163646 -0.508616
v -0.496311 8.172148 -0.496310
v 0.508616 8.163646 0.414339
v 0.508616 8.163646 -0.414341
v 0.236689 8.351524 -0.236689
v 0.236689 8.351524 0.192816
v 0.236689 8.351524 0.236687
v 0.236689 8.351524 -0.192818
v 0.508616 8.163646 -0.487422
v 0.496311 8.172148 -0.496310
v 0.508616 8.163646 0.487420
v 0.496311 8.172148 0.496308
v 0.414342 8.163646 0.508614
v 0.236689 8.351524 0.236687
v 0.192818 8.351524 0.236687
v -0.414342 8.163646 0.508614
v -0.236689 8.351524 0.236687
v -0.192818 8.351524 0.236687
v 0.000000 8.163646 0.508614
v 0.000000 8.351524 0.236687
v 0.487422 8.163646 0.508614
v 0.496311 8.172148 0.496308
v -0.487581 8.163646 0.508614
v -0.496311 8.172148 0.496308
v 0.192818 8.351524 -0.236689
v 0.236689 8.351524 -0.236689
v 0.209869 8.437263 -0.209869
v 0.170969 8.437263 -0.209869
v 0.192818 8.401849 -0.236689
v 0.236689 8.401849 -0.236689
v 0.159406 8.508089 -0.159406
v 0.129860 8.508089 -0.159406
v 0.124572 8.571513 -0.124572
v 0.101482 8.571513 -0.124572
v 0.124572 8.603872 -0.124572
v 0.101482 8.603872 -0.124572
v 0.163593 8.621130 -0.163593
v 0.133270 8.621130 -0.163593
v 0.167563 8.643782 -0.167563
v 0.136505 8.643782 -0.167563
v 0.167563 8.690163 -0.167563
v 0.136505 8.690163 -0.167563
v 0.124506 8.719286 -0.124506
v 0.101429 8.719286 -0.124506
v 0.079954 8.748409 -0.079954
v 0.065134 8.748409 -0.079954
v 0.046868 8.782927 -0.046868
v 0.038181 8.782927 -0.046868
v 0.046868 8.808813 -0.046868
v 0.038181 8.808813 -0.046868
v 0.065073 8.827149 -0.065073
v 0.053012 8.827149 -0.065073
v 0.075686 8.844408 -0.075686
v 0.061658 8.844408 -0.075686
v 0.084095 8.880002 -0.084095
v 0.068508 8.880002 -0.084095
v 0.084095 8.968450 -0.084095
v 0.068508 8.968450 -0.084095
v 0.075121 8.998651 -0.075120
v 0.061197 8.998651 -0.075120
v 0.057000 9.026695 -0.057000
v 0.046435 9.026695 -0.057000
v 0.030268 9.050425 -0.030268
v 0.024658 9.050425 -0.030268
v -0.192818 8.351524 -0.236689
v -0.236689 8.351524 -0.236689
v -0.209869 8.437263 -0.209869
v -0.170969 8.437263 -0.209869
v -0.192818 8.401849 -0.236689
v -0.236689 8.401849 -0.236689
v -0.159406 8.508089 -0.159406
v -0.129860 8.508089 -0.159406
v -0.124572 8.571513 -0.124572
v -0.101482 8.571513 -0.124572
v -0.124572 8.603872 -0.124572
v -0.101482 8.603872 -0.124572
v -0.163593 8.621130 -0.163593
v -0.133270 8.621130 -0.163593
v -0.167563 8.643782 -0.167563
v -0.136505 8.643782 -0.167563
v -0.167563 8.690163 -0.167563
v -0.136505 8.690163 -0.167563
v -0.124506 8.719286 -0.124506
v -0.101429 8.719286 -0.124506
v -0.079954 8.748409 -0.079954
v -0.065134 8.748409 -0.079954
v -0.046868 8.782927 -0.046868
v -0.038181 8.782927 -0.046868
v -0.046868 8.808813 -0.046868
v -0.038181 8.808813 -0.046868
v -0.065073 8.827149 -0.065073
v -0.053012 8.827149 -0.065073
v -0.075686 8.844408 -0.075686
v -0.061658 8.844408 -0.075686
v -0.084095 8.880002 -0.084095
v -0.068508 8.880002 -0.084095
v -0.084095 8.968450 -0.084095
v -0.068508 8.968450 -0.084095
v -0.075121 8.998651 -0.075120
v -0.061197 8.998651 -0.075120
v -0.057000 9.026695 -0.057000
v -0.046435 9.026695 -0.057000
v -0.030268 9.050425 -0.030268
v -0.024658 9.050425 -0.030268
v 0.000000 8.351524 -0.236689
v 0.000000 8.401849 -0.236689
v 0.000000 8.437263 -0.209869
v 0.000000 8.508089 -0.159406
v 0.000000 8.571513 -0.124572
v 0.000000 8.603872 -0.124572
v 0.000000 8.621130 -0.163593
v 0.000000 8.643782 -0.167563
v 0.000000 8.690163 -0.167563
v 0.000000 8.719286 -0.124506
v 0.000000 8.748409 -0.079954
v 0.000000 8.782927 -0.046868
v 0.000000 8.808813 -0.046868
v 0.000000 8.827149 -0.065073
v 0.000000 8.844408 -0.075686
v 0.000000 8.880002 -0.084095
v 0.000000 8.968450 -0.084095
v 0.000000 8.998651 -0.075120
v 0.000000 9.026695 -0.057000
v 0.000000 9.050425 -0.030268
v 0.236689 8.351524 0.236687
v 0.192818 8.351524 0.236687
v 0.236689 8.401849 0.236687
v 0.192818 8.401849 0.236687
v 0.209869 8.437263 0.209867
v 0.170969 8.437263 0.209867
v 0.159406 8.508089 0.159404
v 0.129860 8.508089 0.159404
v 0.124572 8.571513 0.124570
v 0.101482 8.571513 0.124570
v 0.124572 8.603872 0.124570
v 0.101482 8.603872 0.124570
v 0.163593 8.621130 0.163591
v 0.133270 8.621130 0.163591
v 0.167563 8.643782 0.167561
v 0.136505 8.643782 0.167561
v 0.167563 8.690163 0.167561
v 0.136505 8.690163 0.167561
v 0.124506 8.719286 0.124504
v 0.101429 8.719286 0.124504
v 0.079954 8.748409 0.079952
v 0.065134 8.748409 0.079952
v 0.046868 8.782927 0.046866
v 0.038181 8.782927 0.046866
v 0.046868 8.808813 0.046866
v 0.038181 8.808813 0.046866
v 0.065073 8.827149 0.065071
v 0.053012 8.827149 0.065071
v 0.075686 8.844408 0.075684
v 0.061658 8.844408 0.075684
v 0.084095 8.880002 0.084093
v 0.068508 8.880002 0.084093
v 0.084095 8.968450 0.084093
v 0.068508 8.968450 0.084093
v 0.075121 8.998651 0.075118
v 0.061197 8.998651 0.075118
v 0.057000 9.026695 0.056998
v 0.046435 9.026695 0.056998
v 0.030268 9.050425 0.030266
v 0.024658 9.050425 0.030266
v -0.236689 8.351524 0.236687
v -0.192818 8.351524 0.236687
v -0.236689 8.401849 0.236687
v -0.192818 8.401849 0.236687
v -0.209869 8.437263 0.209867
v -0.170969 8.437263 0.209867
v -0.159406 8.508089 0.159404
v -0.129860 8.508089 0.159404
v -0.124572 8.571513 0.124570
v -0.101482 8.571513 0.124570
v -0.124572 8.603872 0.124570
v -0.101482 8.603872 0.124570
v -0.163593 8.621130 0.163591
v -0.133270 8.621130 0.163591
v -0.167563 8.643782 0.167561
v -0.136505 8.643782 0.167561
v -0.167563 8.690163 0.167561
v -0.136505 8.690163 0.167561
v -0.124506 8.719286 0.124504
v -0.101429 8.719286 0.124504
v -0.079954 8.748409 0.079952
v -0.065134 8.748409 0.079952
v -0.046868 8.782927 0.046866
v -0.038181 8.782927 0.046866
v -0.046868 8.808813 0.046866
v -0.038181 8.808813 0.046866
v -0.065073 8.827149 0.065071
v -0.053012 8.827149 0.065071
v -0.075686 8.844408 0.075684
v -0.061658 8.844408 0.075684
v -0.084095 8.880002 0.084093
v -0.068508 8.880002 0.084093
v -0.084095 8.968450 0.084093
v -0.068508 8.968450 0.084093
v -0.075121 8.998651 0.075118
v -0.061197 8.998651 0.075118
v -0.057000 9.026695 0.056998
v -0.046435 9.026695 0.056998
v -0.030268 9.050425 0.030266
v -0.024658 9.050425 0.030266
v 0.000000 8.351524 0.236687
v 0.000000 8.401849 0.236687
v 0.000000 8.437263 0.209867
v 0.000000 8.508089 0.159404
v 0.000000 8.571513 0.124570
v 0.000000 8.603872 0.124570
v 0.000000 8.621130 0.163591
v 0.000000 8.643782 0.167561
v 0.000000 8.690163 0.167561
v 0.000000 8.719286 0.124504
v 0.000000 8.748409 0.079952
v 0.000000 8.782927 0.046866
v 0.000000 8.808813 0.046866
v 0.000000 8.827149 0.065071
v 0.000000 8.844408 0.075684
v 0.000000 8.880002 0.084093
v 0.000000 8.968450 0.084093
v 0.000000 8.998651 0.075118
v 0.000000 9.026695 0.056998
v 0.000000 9.050425 0.030266
v 0.088883 6.885550 -0.059389
v 0.098761 6.885550 -0.040908
v -0.106894 6.885550 -0.000001
v -0.088879 6.885550 -0.059390
v 0.000000 6.885550 -0.106897
v -0.040910 6.885550 -0.098760
v -0.075589 6.885550 -0.075588
v -0.098761 6.885550 -0.040908
v -0.098761 6.885550 0.040906
v -0.088883 6.885550 0.059387
v 0.000000 6.885550 0.106895
v 0.020852 6.885550 0.104841
v 0.098757 6.885550 0.040906
v 0.059386 6.885550 -0.088882
v 0.040905 6.885550 -0.098760
v 0.020852 6.885550 -0.104843
v 0.075589 6.885550 -0.075588
v 0.104844 6.885550 0.020853
v 0.088883 6.885550 0.059387
v 0.075589 6.885550 0.075586
v 0.059390 6.885550 0.088880
v -0.020857 6.885550 -0.104843
v -0.059390 6.885550 -0.088882
v -0.104844 6.885550 -0.020855
v -0.104844 6.885550 0.020853
v -0.075589 6.885550 0.075586
v -0.020856 6.885550 0.104841
v 0.015090 6.960543 -0.006252
v 0.013581 6.960543 -0.009076
v 0.016020 6.960543 -0.003188
v -0.013584 6.960543 0.009074
v -0.015094 6.960543 0.006250
v 0.003185 6.960543 0.016020
v -0.000002 6.960543 0.016334
v 0.006249 6.960543 -0.015093
v 0.009073 6.960543 -0.013583
v 0.003185 6.960543 -0.016022
v -0.000002 6.960543 -0.016336
v -0.013584 6.960543 -0.009076
v -0.015094 6.960543 -0.006252
v -0.011553 6.960543 -0.011552
v 0.016020 6.960543 0.003186
v 0.016334 6.960543 -0.000001
v 0.011549 6.960543 0.011550
v 0.013581 6.960543 0.009074
v 0.009074 6.960543 0.013581
v 0.006250 6.960543 0.015091
v -0.003189 6.960543 0.016020
v -0.006253 6.960543 0.015091
v 0.011549 6.960543 -0.011552
v -0.003189 6.960543 -0.016022
v -0.006253 6.960543 -0.015093
v -0.009077 6.960543 -0.013583
v -0.016023 6.960543 -0.003188
v -0.016023 6.960543 0.003186
v -0.011553 6.960543 0.011550
v -0.009077 6.960543 0.013581
v 0.015090 6.960543 0.006250
v -0.016337 6.960543 -0.000001
v 0.015090 7.275990 -0.006252
v 0.013580 7.275990 -0.009076
v 0.016019 7.275990 -0.003188
v -0.013585 7.275990 0.009074
v -0.015095 7.275990 0.006250
v 0.003184 7.275990 0.016020
v -0.000002 7.275990 0.016334
v 0.006248 7.275990 -0.015093
v 0.009073 7.275990 -0.013583
v 0.003184 7.275990 -0.016022
v -0.000002 7.275990 -0.016336
v -0.013584 7.275990 -0.009076
v -0.015095 7.275990 -0.006252
v -0.011553 7.275990 -0.011552
v 0.016019 7.275990 0.003186
v 0.016333 7.275990 -0.000001
v 0.011549 7.275990 0.011550
v 0.013580 7.275990 0.009074
v 0.009073 7.275990 0.013581
v 0.006249 7.275990 0.015091
v -0.003190 7.275990 0.016020
v -0.006254 7.275990 0.015091
v 0.011549 7.275990 -0.011552
v -0.003190 7.275990 -0.016022
v -0.006254 7.275990 -0.015093
v -0.009078 7.275990 -0.013583
v -0.016024 7.275990 -0.003188
v -0.016024 7.275990 0.003186
v -0.011554 7.275990 0.011550
v -0.009078 7.275990 0.013581
v 0.015089 7.275990 0.006250
v -0.016337 7.275990 -0.000001
v 0.076333 6.920526 -0.051004
v 0.063782 6.941663 -0.042618
v 0.051232 6.952809 -0.034233
v 0.038682 6.958686 -0.025847
v 0.026131 6.960543 -0.017462
v 0.029035 6.960543 -0.012028
v 0.042981 6.958687 -0.017804
v 0.056926 6.952809 -0.023580
v 0.070871 6.941663 -0.029356
v 0.084816 6.920526 -0.035132
v 0.030824 6.960543 -0.006132
v 0.045628 6.958687 -0.009077
v 0.060432 6.952809 -0.012022
v 0.075236 6.941663 -0.014966
v 0.090040 6.920526 -0.017911
v -0.076333 6.920530 0.051002
v -0.063783 6.941664 0.042616
v -0.051234 6.952809 0.034231
v -0.038684 6.958687 0.025845
v -0.026134 6.960543 0.017460
v -0.029038 6.960543 0.012026
v -0.042983 6.958687 0.017802
v -0.056928 6.952810 0.023578
v -0.070872 6.941665 0.029354
v -0.084817 6.920530 0.035130
v 0.017908 6.920530 0.090038
v 0.014963 6.941664 0.075234
v 0.012019 6.952809 0.060431
v 0.009074 6.958687 0.045627
v 0.006129 6.960543 0.030824
v -0.000001 6.960543 0.031428
v -0.000001 6.958687 0.046521
v -0.000001 6.952810 0.061615
v -0.000001 6.941665 0.076708
v 0.000000 6.920530 0.091802
v 0.035129 6.920530 -0.084816
v 0.029353 6.941664 -0.070871
v 0.023577 6.952809 -0.056927
v 0.017801 6.958687 -0.042982
v 0.012025 6.960543 -0.029037
v 0.017459 6.960543 -0.026133
v 0.025844 6.958687 -0.038683
v 0.034230 6.952810 -0.051233
v 0.042615 6.941665 -0.063782
v 0.051001 6.920530 -0.076332
v 0.017908 6.920530 -0.090040
v 0.014963 6.941664 -0.075236
v 0.012018 6.952809 -0.060433
v 0.009074 6.958687 -0.045629
v 0.006129 6.960543 -0.030826
v 0.000000 6.920530 -0.091804
v -0.000001 6.941664 -0.076710
v -0.000001 6.952809 -0.061617
v -0.000001 6.958687 -0.046523
v -0.000001 6.960543 -0.031430
v -0.084817 6.920530 -0.035132
v -0.070872 6.941664 -0.029356
v -0.056928 6.952809 -0.023580
v -0.042983 6.958687 -0.017804
v -0.029038 6.960543 -0.012028
v -0.026133 6.960543 -0.017462
v -0.038682 6.958687 -0.025847
v -0.051231 6.952811 -0.034233
v -0.063780 6.941666 -0.042618
v -0.076330 6.920534 -0.051004
v -0.022225 6.960543 -0.022224
v -0.032898 6.958687 -0.032897
v -0.043571 6.952810 -0.043570
v -0.054244 6.941665 -0.054243
v -0.064916 6.920530 -0.064915
v 0.091804 6.920526 -0.000001
v 0.076710 6.941662 -0.000001
v 0.061616 6.952809 -0.000001
v 0.046522 6.958686 -0.000001
v 0.031428 6.960543 -0.000001
v 0.030824 6.960543 0.006130
v 0.045628 6.958687 0.009075
v 0.060432 6.952809 0.012020
v 0.075236 6.941663 0.014964
v 0.090040 6.920526 0.017909
v 0.076333 6.920526 0.051002
v 0.063782 6.941663 0.042616
v 0.051232 6.952809 0.034231
v 0.038681 6.958686 0.025845
v 0.026131 6.960543 0.017460
v 0.022223 6.960543 0.022222
v 0.032896 6.958687 0.032895
v 0.043569 6.952810 0.043568
v 0.054243 6.941663 0.054241
v 0.064916 6.920527 0.064913
v 0.017460 6.960543 0.026131
v 0.025846 6.958687 0.038681
v 0.034232 6.952810 0.051231
v 0.042618 6.941663 0.063780
v 0.051004 6.920527 0.076330
v 0.012026 6.960543 0.029035
v 0.017803 6.958687 0.042980
v 0.023580 6.952810 0.056924
v 0.029356 6.941664 0.070869
v 0.035133 6.920529 0.084814
v -0.017912 6.920530 0.090038
v -0.014967 6.941664 0.075234
v -0.012023 6.952809 0.060431
v -0.009078 6.958687 0.045627
v -0.006134 6.960543 0.030824
v -0.012029 6.960543 0.029035
v -0.017805 6.958687 0.042980
v -0.023581 6.952810 0.056924
v -0.029357 6.941665 0.070869
v -0.035133 6.920530 0.084814
v 0.064916 6.920527 -0.064915
v 0.054243 6.941663 -0.054243
v 0.043569 6.952809 -0.043570
v 0.032896 6.958686 -0.032897
v 0.022223 6.960543 -0.022224
v -0.017912 6.920530 -0.090040
v -0.014967 6.941664 -0.075236
v -0.012023 6.952809 -0.060433
v -0.009078 6.958687 -0.045629
v -0.006134 6.960543 -0.030826
v -0.035133 6.920530 -0.084816
v -0.029357 6.941664 -0.070871
v -0.023581 6.952809 -0.056927
v -0.017805 6.958687 -0.042982
v -0.012029 6.960543 -0.029037
v -0.051005 6.920530 -0.076332
v -0.042619 6.941664 -0.063782
v -0.034234 6.952809 -0.051233
v -0.025848 6.958687 -0.038683
v -0.017463 6.960543 -0.026133
v -0.090041 6.920530 -0.017911
v -0.075237 6.941664 -0.014966
v -0.060434 6.952809 -0.012022
v -0.045630 6.958687 -0.009077
v -0.030827 6.960543 -0.006133
v -0.030827 6.960543 0.006130
v -0.045630 6.958687 0.009075
v -0.060434 6.952810 0.012020
v -0.075237 6.941665 0.014964
v -0.090041 6.920530 0.017909
v -0.064916 6.920530 0.064913
v -0.054244 6.941664 0.054241
v -0.043571 6.952809 0.043568
v -0.032898 6.958687 0.032895
v -0.022226 6.960543 0.022222
v -0.051005 6.920530 0.076330
v -0.042619 6.941664 0.063780
v -0.034234 6.952809 0.051231
v -0.025848 6.958687 0.038681
v -0.017463 6.960543 0.026131
v 0.029034 6.960543 0.012026
v 0.042979 6.958687 0.017802
v 0.056923 6.952810 0.023578
v 0.070868 6.941665 0.029354
v 0.084813 6.920530 0.035130
v -0.031430 6.960543 -0.000001
v -0.046522 6.958687 -0.000001
v -0.061615 6.952811 -0.000001
v -0.076708 6.941666 -0.000001
v -0.091801 6.920535 -0.000001
v 0.037579 7.175770 -0.263043
v 0.112734 7.175770 -0.263043
v 0.187889 7.175770 -0.263043
v 0.187889 7.175770 0.263041
v 0.112734 7.175770 0.263041
v 0.037579 7.175770 0.263041
v 0.263043 7.175770 -0.187888
v 0.263043 7.175770 -0.112733
v 0.263043 7.175770 -0.037578
v 0.263043 7.175770 0.037576
v 0.263043 7.175770 0.112731
v 0.263043 7.175770 0.187886
v 0.187889 7.175770 -0.187888
v 0.187889 7.175770 -0.112733
v 0.187889 7.175770 -0.037578
v 0.187889 7.175770 0.037576
v 0.187889 7.175770 0.112731
v 0.187889 7.175770 0.187886
v 0.112734 7.175770 -0.187888
v 0.112734 7.175770 -0.112733
v 0.112734 7.175770 -0.037578
v 0.112734 7.175770 0.037576
v 0.112734 7.175770 0.112731
v 0.112734 7.175770 0.187886
v 0.037579 7.175770 -0.187888
v 0.037579 7.175770 -0.112733
v 0.037579 7.175770 -0.037578
v 0.037579 7.175770 0.037576
v 0.037579 7.175770 0.112731
v 0.037579 7.175770 0.187886
v -0.037579 7.175770 -0.263043
v -0.112734 7.175770 -0.263043
v -0.187889 7.175770 -0.263043
v -0.187889 7.175770 0.263041
v -0.112734 7.175770 0.263041
v -0.037579 7.175770 0.263041
v -0.263043 7.175770 -0.187888
v -0.263043 7.175770 -0.112733
v -0.263043 7.175770 -0.037578
v -0.263043 7.175770 0.037576
v -0.263043 7.175770 0.112731
v -0.263043 7.175770 0.187886
v -0.187889 7.175770 -0.187888
v -0.187889 7.175770 -0.112733
v -0.187889 7.175770 -0.037578
v -0.187889 7.175770 0.037576
v -0.187889 7.175770 0.112731
v -0.187889 7.175770 0.187886
v -0.112734 7.175770 -0.187888
v -0.112734 7.175770 -0.112733
v -0.112734 7.175770 -0.037578
v -0.112734 7.175770 0.037576
v -0.112734 7.175770 0.112731
v -0.112734 7.175770 0.187886
v -0.037579 7.175770 -0.187888
v -0.037579 7.175770 -0.112733
v -0.037579 7.175770 -0.037578
v -0.037579 7.175770 0.037576
v -0.037579 7.175770 0.112731
v -0.037579 7.175770 0.187886
v 0.000000 7.175770 -0.263043
v 0.000000 7.175770 0.263041
v 0.000000 7.175770 -0.187888
v 0.000000 7.175770 -0.112733
v 0.000000 7.175770 -0.037578
v 0.000000 7.175770 0.037576
v 0.000000 7.175770 0.112731
v 0.000000 7.175770 0.187886
v 0.030268 9.050425 -0.030268
v 0.024658 9.050425 -0.030268
v 0.030268 9.050425 0.024655
v 0.030268 9.050425 0.030266
v 0.024658 9.050425 0.030266
v 0.024658 9.050425 0.024655
v 0.030268 9.050425 -0.024657
v 0.024658 9.050425 -0.024657
v -0.030268 9.050425 -0.030268
v -0.024658 9.050425 -0.030268
v -0.030268 9.050425 0.024655
v -0.024658 9.050425 0.030266
v -0.024658 9.050425 0.024655
v -0.030268 9.050425 -0.024657
v -0.024658 9.050425 -0.024657
v 0.000000 9.050425 0.030266
v 0.000000 9.050425 -0.030268
v 0.000000 9.050425 0.024655
v 0.000000 9.050425 -0.024657
v -0.030268 9.050425 0.024655
v -0.030268 9.050425 0.030266
v -0.024658 9.050425 0.030266
v -0.024658 9.050425 0.024655
v -0.000002 7.565522 -0.013726
v -0.000002 7.539604 -0.026923
v -0.000002 7.502778 -0.039086
v -0.000002 7.460363 -0.049746
v -0.000002 7.417769 -0.058495
v -0.000002 7.380475 -0.064996
v -0.000002 7.354021 -0.069000
v -0.000002 7.339390 -0.070351
v -0.000002 7.325665 -0.069000
v -0.000002 7.280896 -0.039086
v 0.002675 7.565522 -0.013462
v 0.005250 7.539604 -0.026406
v 0.007623 7.502778 -0.038335
v 0.009703 7.460363 -0.048790
v 0.011410 7.417769 -0.057371
v 0.012678 7.380475 -0.063747
v 0.013459 7.354021 -0.067674
v 0.013723 7.339390 -0.069000
v 0.013459 7.325665 -0.067674
v 0.012678 7.312468 -0.063747
v 0.011410 7.300306 -0.057371
v 0.009703 7.289645 -0.048790
v 0.007623 7.280896 -0.038335
v 0.005250 7.274395 -0.026406
v 0.002675 7.270391 -0.013462
v 0.005250 7.565522 -0.012681
v 0.010300 7.539604 -0.024874
v 0.014955 7.502778 -0.036110
v 0.019035 7.460363 -0.045960
v 0.022383 7.417769 -0.054043
v 0.024870 7.380475 -0.060049
v 0.026402 7.354021 -0.063747
v 0.026920 7.339390 -0.064996
v 0.026402 7.325665 -0.063747
v 0.024870 7.312468 -0.060049
v 0.022383 7.300306 -0.054043
v 0.019035 7.289645 -0.045960
v 0.014955 7.280896 -0.036110
v 0.010300 7.274395 -0.024874
v 0.005250 7.270391 -0.012681
v 0.007623 7.565522 -0.011413
v 0.014955 7.539604 -0.022386
v 0.021712 7.502778 -0.032499
v 0.027635 7.460363 -0.041363
v 0.032495 7.417769 -0.048637
v 0.036107 7.380475 -0.054043
v 0.038331 7.354021 -0.057371
v 0.039082 7.339390 -0.058495
v 0.038331 7.325665 -0.057371
v 0.036107 7.312468 -0.054043
v 0.032495 7.300306 -0.048637
v 0.027635 7.289645 -0.041363
v 0.021712 7.280896 -0.032499
v 0.014955 7.274395 -0.022386
v 0.007623 7.270391 -0.011413
v 0.009703 7.565522 -0.009706
v 0.019035 7.539604 -0.019038
v 0.027635 7.502778 -0.027638
v 0.035173 7.460363 -0.035176
v 0.041360 7.417769 -0.041363
v 0.045956 7.380475 -0.045960
v 0.048787 7.354021 -0.048790
v 0.049743 7.339390 -0.049746
v 0.048787 7.325665 -0.048790
v 0.045956 7.312468 -0.045960
v 0.041360 7.300306 -0.041363
v 0.035173 7.289645 -0.035176
v 0.027635 7.280896 -0.027638
v 0.019035 7.274395 -0.019038
v 0.009703 7.270391 -0.009706
v 0.011410 7.565522 -0.007626
v 0.022383 7.539604 -0.014958
v 0.032496 7.502778 -0.021715
v 0.041360 7.460363 -0.027638
v 0.048634 7.417769 -0.032499
v 0.054039 7.380475 -0.036110
v 0.057368 7.354021 -0.038335
v 0.058492 7.339390 -0.039086
v 0.057368 7.325665 -0.038335
v 0.054039 7.312468 -0.036110
v 0.048634 7.300306 -0.032499
v 0.041360 7.289645 -0.027638
v 0.032495 7.280896 -0.021715
v 0.022383 7.274395 -0.014958
v 0.011410 7.270391 -0.007626
v 0.012678 7.565522 -0.005253
v 0.024870 7.539604 -0.010304
v 0.036107 7.502778 -0.014958
v 0.045956 7.460363 -0.019038
v 0.054039 7.417769 -0.022386
v 0.060046 7.380475 -0.024874
v 0.063744 7.354021 -0.026406
v 0.064993 7.339390 -0.026923
v 0.063744 7.325665 -0.026406
v 0.060046 7.312468 -0.024874
v 0.054039 7.300306 -0.022386
v 0.045956 7.289645 -0.019038
v 0.036107 7.280896 -0.014958
v 0.024870 7.274395 -0.010304
v 0.012678 7.270391 -0.005253
v 0.013459 7.565522 -0.002679
v 0.026402 7.539604 -0.005253
v 0.038331 7.502778 -0.007626
v 0.048787 7.460363 -0.009706
v 0.057368 7.417769 -0.011413
v 0.063744 7.380475 -0.012681
v 0.067671 7.354021 -0.013462
v 0.068996 7.339390 -0.013726
v 0.067671 7.325665 -0.013462
v 0.063744 7.312468 -0.012681
v 0.057368 7.300306 -0.011413
v 0.048787 7.289645 -0.009706
v 0.038331 7.280896 -0.007626
v 0.026402 7.274395 -0.005253
v 0.013459 7.270391 -0.002679
v 0.013723 7.565522 -0.000001
v 0.026920 7.539604 -0.000001
v 0.039082 7.502778 -0.000001
v 0.049743 7.460363 -0.000001
v 0.058492 7.417769 -0.000001
v 0.064993 7.380475 -0.000001
v 0.068996 7.354021 -0.000001
v 0.070348 7.339390 -0.000001
v 0.068996 7.325665 -0.000001
v 0.064993 7.312468 -0.000001
v 0.058492 7.300306 -0.000001
v 0.049743 7.289645 -0.000001
v 0.039082 7.280896 -0.000001
v 0.026920 7.274395 -0.000001
v 0.013723 7.270391 -0.000001
v 0.013459 7.565522 0.002677
v 0.026402 7.539604 0.005251
v 0.038331 7.502778 0.007624
v 0.048787 7.460363 0.009704
v 0.057368 7.417769 0.011411
v 0.063744 7.380475 0.012679
v 0.067671 7.354021 0.013460
v 0.068996 7.339390 0.013724
v 0.067671 7.325665 0.013460
v 0.063744 7.312468 0.012679
v 0.057368 7.300306 0.011411
v 0.048787 7.289645 0.009704
v 0.038331 7.280896 0.007624
v 0.026402 7.274395 0.005251
v 0.013459 7.270391 0.002677
v 0.012678 7.565522 0.005251
v 0.024870 7.539604 0.010302
v 0.036107 7.502778 0.014956
v 0.045956 7.460363 0.019036
v 0.054039 7.417769 0.022384
v 0.060046 7.380475 0.024872
v 0.063744 7.354021 0.026404
v 0.064993 7.339390 0.026921
v 0.063744 7.325665 0.026404
v 0.060046 7.312468 0.024872
v 0.054039 7.300306 0.022384
v 0.045956 7.289645 0.019036
v 0.036107 7.280896 0.014956
v 0.024870 7.274395 0.010302
v 0.012678 7.270391 0.005251
v 0.011410 7.565522 0.007624
v 0.022383 7.539604 0.014956
v 0.032495 7.502778 0.021713
v 0.041360 7.460363 0.027636
v 0.048634 7.417769 0.032497
v 0.054039 7.380475 0.036108
v 0.057368 7.354021 0.038333
v 0.058492 7.339390 0.039084
v 0.057368 7.325665 0.038333
v 0.054039 7.312468 0.036108
v 0.048634 7.300306 0.032497
v 0.041360 7.289645 0.027636
v 0.032495 7.280896 0.021713
v 0.022383 7.274395 0.014956
v 0.011410 7.270391 0.007624
v 0.009703 7.565522 0.009704
v 0.019035 7.539604 0.019036
v 0.027635 7.502778 0.027636
v 0.035173 7.460363 0.035174
v 0.041359 7.417769 0.041361
v 0.045956 7.380475 0.045958
v 0.048787 7.354021 0.048788
v 0.049743 7.339390 0.049744
v 0.048787 7.325665 0.048788
v 0.045956 7.312468 0.045958
v 0.041359 7.300306 0.041361
v 0.035173 7.289645 0.035174
v 0.027635 7.280896 0.027636
v 0.019035 7.274395 0.019036
v 0.009703 7.270391 0.009704
v 0.007623 7.565522 0.011411
v 0.014955 7.539604 0.022384
v 0.021712 7.502778 0.032497
v 0.027635 7.460364 0.041361
v 0.032495 7.417769 0.048635
v 0.036107 7.380475 0.054041
v 0.038331 7.354021 0.057369
v 0.039082 7.339390 0.058493
v 0.038331 7.325665 0.057369
v 0.036107 7.312468 0.054041
v 0.032495 7.300306 0.048635
v 0.027635 7.289645 0.041361
v 0.021712 7.280896 0.032497
v 0.014955 7.274395 0.022384
v 0.007623 7.270391 0.011411
v -0.000002 7.269040 -0.000001
v 0.005250 7.565522 0.012679
v 0.010300 7.539604 0.024872
v 0.014955 7.502778 0.036108
v 0.019035 7.460363 0.045958
v 0.022383 7.417769 0.054041
v 0.024870 7.380475 0.060047
v 0.026402 7.354021 0.063745
v 0.026920 7.339390 0.064994
v 0.026402 7.325665 0.063745
v 0.024870 7.312468 0.060047
v 0.022383 7.300306 0.054041
v 0.019035 7.289645 0.045958
v 0.014955 7.280896 0.036108
v 0.010300 7.274395 0.024872
v 0.005250 7.270391 0.012679
v 0.002675 7.565522 0.013460
v 0.005250 7.539604 0.026404
v 0.007623 7.502778 0.038333
v 0.009703 7.460364 0.048788
v 0.011409 7.417769 0.057369
v 0.012678 7.380475 0.063745
v 0.013459 7.354021 0.067672
v 0.013723 7.339390 0.068998
v 0.013459 7.325665 0.067672
v 0.012678 7.312468 0.063745
v 0.011409 7.300306 0.057369
v 0.009703 7.289645 0.048788
v 0.007623 7.280896 0.038333
v 0.005250 7.274395 0.026404
v 0.002675 7.270391 0.013460
v -0.000002 7.565522 0.013724
v -0.000002 7.539604 0.026921
v -0.000002 7.502778 0.039084
v -0.000002 7.460364 0.049744
v -0.000002 7.417769 0.058493
v -0.000002 7.380475 0.064994
v -0.000002 7.354021 0.068998
v -0.000002 7.339390 0.070349
v -0.000002 7.325665 0.068998
v -0.000002 7.312468 0.064994
v -0.000002 7.300306 0.058493
v -0.000002 7.289645 0.049744
v -0.000002 7.280896 0.039084
v -0.000002 7.274395 0.026921
v -0.000002 7.270391 0.013724
v -0.002680 7.565522 0.013460
v -0.005254 7.539604 0.026404
v -0.007627 7.502778 0.038333
v -0.009707 7.460364 0.048788
v -0.011414 7.417769 0.057369
v -0.012682 7.380475 0.063745
v -0.013463 7.354021 0.067672
v -0.013727 7.339390 0.068998
v -0.013463 7.325665 0.067672
v -0.012682 7.312468 0.063745
v -0.011414 7.300306 0.057369
v -0.009707 7.289645 0.048788
v -0.007627 7.280896 0.038333
v -0.005254 7.274395 0.026404
v -0.002680 7.270391 0.013460
v -0.005254 7.565522 0.012679
v -0.010305 7.539604 0.024872
v -0.014959 7.502778 0.036108
v -0.019039 7.460364 0.045958
v -0.022387 7.417769 0.054041
v -0.024875 7.380475 0.060047
v -0.026407 7.354021 0.063745
v -0.026924 7.339390 0.064994
v -0.026407 7.325665 0.063745
v -0.024875 7.312468 0.060047
v -0.022387 7.300306 0.054041
v -0.019039 7.289645 0.045958
v -0.014959 7.280896 0.036108
v -0.010305 7.274395 0.024872
v -0.005254 7.270391 0.012679
v -0.007627 7.565522 0.011411
v -0.014959 7.539604 0.022384
v -0.021716 7.502778 0.032497
v -0.027639 7.460364 0.041361
v -0.032500 7.417769 0.048635
v -0.036112 7.380475 0.054041
v -0.038336 7.354021 0.057369
v -0.039087 7.339390 0.058493
v -0.038336 7.325665 0.057369
v -0.036112 7.312468 0.054041
v -0.032500 7.300306 0.048635
v -0.027639 7.289645 0.041361
v -0.021716 7.280896 0.032497
v -0.014959 7.274395 0.022384
v -0.007627 7.270391 0.011411
v -0.000002 7.575305 -0.000001
v -0.009707 7.565522 0.009704
v -0.019039 7.539604 0.019036
v -0.027639 7.502778 0.027636
v -0.035177 7.460364 0.035174
v -0.041364 7.417769 0.041361
v -0.045961 7.380475 0.045958
v -0.048792 7.354021 0.048788
v -0.049747 7.339390 0.049744
v -0.048792 7.325665 0.048788
v -0.045961 7.312468 0.045958
v -0.041364 7.300306 0.041361
v -0.035177 7.289645 0.035174
v -0.027639 7.280896 0.027636
v -0.019039 7.274395 0.019036
v -0.009707 7.270391 0.009704
v -0.011414 7.565522 0.007624
v -0.022387 7.539604 0.014956
v -0.032500 7.502778 0.021713
v -0.041364 7.460364 0.027636
v -0.048638 7.417769 0.032497
v -0.054044 7.380475 0.036108
v -0.057372 7.354021 0.038333
v -0.058496 7.339390 0.039084
v -0.057372 7.325665 0.038333
v -0.054044 7.312468 0.036108
v -0.048638 7.300306 0.032497
v -0.041364 7.289645 0.027636
v -0.032500 7.280896 0.021713
v -0.022387 7.274395 0.014956
v -0.011414 7.270391 0.007624
v -0.012682 7.565522 0.005251
v -0.024875 7.539604 0.010302
v -0.036112 7.502778 0.014956
v -0.045961 7.460364 0.019036
v -0.054044 7.417769 0.022384
v -0.060050 7.380475 0.024872
v -0.063749 7.354021 0.026404
v -0.064997 7.339390 0.026921
v -0.063749 7.325665 0.026404
v -0.060050 7.312468 0.024872
v -0.054044 7.300306 0.022384
v -0.045961 7.289645 0.019036
v -0.036112 7.280896 0.014956
v -0.024875 7.274395 0.010302
v -0.012682 7.270391 0.005251
v -0.013463 7.565522 0.002677
v -0.026407 7.539604 0.005251
v -0.038336 7.502778 0.007624
v -0.048792 7.460364 0.009704
v -0.057372 7.417769 0.011411
v -0.063749 7.380475 0.012679
v -0.067675 7.354021 0.013460
v -0.069001 7.339390 0.013724
v -0.067675 7.325665 0.013460
v -0.063749 7.312468 0.012679
v -0.057372 7.300306 0.011411
v -0.048792 7.289645 0.009704
v -0.038336 7.280896 0.007624
v -0.026407 7.274395 0.005251
v -0.013463 7.270391 0.002677
v -0.013727 7.565522 -0.000001
v -0.026924 7.539604 -0.000001
v -0.039087 7.502778 -0.000001
v -0.049747 7.460364 -0.000001
v -0.058496 7.417769 -0.000001
v -0.064997 7.380475 -0.000001
v -0.069001 7.354021 -0.000001
v -0.070353 7.339390 -0.000001
v -0.069001 7.325665 -0.000001
v -0.064997 7.312468 -0.000001
v -0.058496 7.300306 -0.000001
v -0.049747 7.289645 -0.000001
v -0.039087 7.280896 -0.000001
v -0.026924 7.274395 -0.000001
v -0.013727 7.270391 -0.000001
v -0.013463 7.565522 -0.002679
v -0.026407 7.539604 -0.005253
v -0.038336 7.502778 -0.007626
v -0.048792 7.460364 -0.009706
v -0.057372 7.417769 -0.011413
v -0.063749 7.380475 -0.012681
v -0.067675 7.354021 -0.013462
v -0.069001 7.339390 -0.013726
v -0.067675 7.325665 -0.013462
v -0.063749 7.312468 -0.012681
v -0.057372 7.300306 -0.011413
v -0.048792 7.289645 -0.009706
v -0.038336 7.280896 -0.007626
v -0.026407 7.274395 -0.005253
v -0.013463 7.270391 -0.002679
v -0.012682 7.565522 -0.005253
v -0.024875 7.539604 -0.010304
v -0.036112 7.502778 -0.014958
v -0.045961 7.460364 -0.019038
v -0.054044 7.417769 -0.022386
v -0.060050 7.380475 -0.024874
v -0.063749 7.354021 -0.026406
v -0.064997 7.339390 -0.026923
v -0.063749 7.325665 -0.026406
v -0.060050 7.312468 -0.024874
v -0.054044 7.300306 -0.022386
v -0.045961 7.289645 -0.019038
v -0.036112 7.280896 -0.014958
v -0.024875 7.274395 -0.010304
v -0.012682 7.270391 -0.005253
v -0.011414 7.565522 -0.007626
v -0.022387 7.539604 -0.014958
v -0.032500 7.502778 -0.021715
v -0.041364 7.460364 -0.027638
v -0.048638 7.417769 -0.032499
v -0.054044 7.380475 -0.036110
v -0.057372 7.354021 -0.038335
v -0.058496 7.339390 -0.039086
v -0.057372 7.325665 -0.038335
v -0.054044 7.312468 -0.036110
v -0.048638 7.300306 -0.032499
v -0.041364 7.289645 -0.027638
v -0.032500 7.280896 -0.021715
v -0.022387 7.274395 -0.014958
v -0.011414 7.270391 -0.007626
v -0.009707 7.565522 -0.009706
v -0.019039 7.539604 -0.019038
v -0.027639 7.502778 -0.027638
v -0.035177 7.460364 -0.035176
v -0.041364 7.417769 -0.041363
v -0.045961 7.380475 -0.045960
v -0.048791 7.354021 -0.048790
v -0.049747 7.339390 -0.049746
v -0.048791 7.325665 -0.048790
v -0.045961 7.312468 -0.045960
v -0.041364 7.300306 -0.041363
v -0.035177 7.289645 -0.035176
v -0.027639 7.280896 -0.027638
v -0.019039 7.274395 -0.019038
v -0.009707 7.270391 -0.009706
v -0.007627 7.565522 -0.011413
v -0.014959 7.539604 -0.022386
v -0.021716 7.502778 -0.032499
v -0.027639 7.460363 -0.041363
v -0.032500 7.417769 -0.048637
v -0.036112 7.380475 -0.054043
v -0.038336 7.354021 -0.057371
v -0.039087 7.339390 -0.058495
v -0.038336 7.325665 -0.057371
v -0.036112 7.312468 -0.054043
v -0.032500 7.300306 -0.048637
v -0.027639 7.289645 -0.041363
v -0.021716 7.280896 -0.032499
v -0.014959 7.274395 -0.022386
v -0.007627 7.270391 -0.011413
v -0.005254 7.565522 -0.012681
v -0.010305 7.539604 -0.024874
v -0.014959 7.502778 -0.036110
v -0.019039 7.460364 -0.045960
v -0.022387 7.417769 -0.054043
v -0.024875 7.380475 -0.060049
v -0.026407 7.354021 -0.063747
v -0.026924 7.339390 -0.064996
v -0.026407 7.325665 -0.063747
v -0.024875 7.312468 -0.060049
v -0.022387 7.300306 -0.054043
v -0.019039 7.289645 -0.045960
v -0.014959 7.280896 -0.036110
v -0.010305 7.274395 -0.024874
v -0.005254 7.270391 -0.012681
v -0.002680 7.565522 -0.013462
v -0.005254 7.539604 -0.026406
v -0.007627 7.502778 -0.038335
v -0.009707 7.460363 -0.048790
v -0.011414 7.417769 -0.057371
v -0.012682 7.380475 -0.063747
v -0.013463 7.354021 -0.067674
v -0.013727 7.339390 -0.069000
v -0.013463 7.325665 -0.067674
v -0.012682 7.312468 -0.063747
v -0.011414 7.300306 -0.057371
v -0.009707 7.289645 -0.048790
v -0.007627 7.280896 -0.038335
v -0.005254 7.274395 -0.026406
v -0.002680 7.270391 -0.013462
v -0.000002 7.312468 -0.064996
v -0.000002 7.300306 -0.058495
v -0.000002 7.289645 -0.049746
v -0.000002 7.274395 -0.026923
v -0.000002 7.270391 -0.013726
vn -0.9570 -0.0000 -0.2902
vn -0.0000 1.0000 -0.0000
vn 0.0981 -0.0000 -0.9952
vn -0.9570 -0.0000 0.2902
vn -0.8818 -0.0000 -0.4716
vn -0.7729 -0.0000 0.6346
vn -0.7732 -0.0000 -0.6342
vn -0.6348 -0.0000 0.7727
vn -0.6347 -0.0000 0.7727
vn 0.9952 -0.0000 0.0981
vn -0.4715 -0.0000 0.8819
vn 0.7731 -0.0000 0.6343
vn -0.0980 -0.0000 0.9952
vn 0.6343 -0.0000 0.7731
vn 0.2904 -0.0000 0.9569
vn 0.4715 -0.0000 0.8819
vn 0.9569 -0.0000 0.2904
vn -0.2902 -0.0000 0.9570
vn 0.8819 -0.0000 -0.4714
vn 0.6342 -0.0000 -0.7732
vn 0.7731 -0.0000 -0.6343
vn 0.9569 -0.0000 -0.2903
vn 0.9952 -0.0000 -0.0981
vn -0.0980 -0.0000 -0.9952
vn -0.8819 -0.0000 0.4715
vn 0.8820 -0.0000 0.4713
vn -0.2902 -0.0000 -0.9570
vn 0.0981 -0.0000 0.9952
vn -0.9952 -0.0000 0.0979
vn -0.4715 -0.0000 -0.8819
vn 0.4715 -0.0000 -0.8819
vn -0.9952 -0.0000 -0.0979
vn -0.6343 -0.0000 -0.7731
vn 0.2902 -0.0000 -0.9570
vn -0.0000 0.2188 0.9758
vn 0.1903 0.2188 0.9570
vn 0.1939 0.1108 0.9747
vn -0.0000 0.1108 0.9938
vn 0.5421 0.2188 -0.8113
vn 0.3734 0.2188 -0.9015
vn 0.3803 0.1108 -0.9182
vn 0.5522 0.1108 -0.8263
vn 0.6900 0.2188 -0.6900
vn 0.7028 0.1108 -0.7027
vn 0.8113 0.2188 -0.5421
vn 0.8263 0.1108 -0.5521
vn 0.9015 0.2188 -0.3734
vn 0.9182 0.1108 -0.3803
vn 0.9570 0.2188 -0.1904
vn 0.9747 0.1108 -0.1939
vn 0.9758 0.2188 -0.0000
vn 0.9938 0.1108 -0.0000
vn 0.9570 0.2188 0.1904
vn 0.9747 0.1108 0.1939
vn 0.9015 0.2188 0.3734
vn 0.9182 0.1108 0.3803
vn 0.8113 0.2188 0.5421
vn 0.8264 0.1108 0.5521
vn 0.6900 0.2188 0.6900
vn 0.7028 0.1108 0.7027
vn 0.5421 0.2188 0.8113
vn 0.5522 0.1108 0.8263
vn 0.3734 0.2188 0.9015
vn 0.3803 0.1108 0.9182
vn 0.1903 0.2188 -0.9570
vn -0.0000 0.2188 -0.9758
vn -0.0000 0.1108 -0.9938
vn 0.1939 0.1108 -0.9747
vn 0.8315 -0.0000 -0.5556
vn 0.9239 -0.0000 -0.3827
vn 0.9808 -0.0000 -0.1951
vn 1.0000 -0.0000 -0.0000
vn 0.9808 -0.0000 0.1951
vn 0.9239 -0.0000 0.3827
vn 0.8315 -0.0000 0.5556
vn 0.7071 -0.0000 0.7071
vn 0.5556 -0.0000 0.8315
vn 0.3827 -0.0000 0.9239
vn -0.0000 -0.0000 -1.0000
vn 0.1951 -0.0000 -0.9808
vn 0.1951 -0.0000 0.9808
vn 0.3827 -0.0000 -0.9239
vn -0.0000 -0.0000 1.0000
vn 0.5556 -0.0000 -0.8315
vn 0.7071 -0.0000 -0.7071
vn -0.1939 0.1108 0.9747
vn -0.1903 0.2188 0.9570
vn -0.5421 0.2188 -0.8113
vn -0.5522 0.1108 -0.8263
vn -0.3803 0.1108 -0.9182
vn -0.3734 0.2188 -0.9015
vn -0.6900 0.2188 -0.6900
vn -0.7028 0.1108 -0.7027
vn -0.8113 0.2188 -0.5421
vn -0.8264 0.1108 -0.5521
vn -0.9015 0.2188 -0.3734
vn -0.9182 0.1108 -0.3803
vn -0.9570 0.2188 -0.1904
vn -0.9747 0.1108 -0.1939
vn -0.9758 0.2188 -0.0000
vn -0.9938 0.1108 -0.0000
vn -0.9570 0.2188 0.1904
vn -0.9747 0.1108 0.1939
vn -0.9015 0.2188 0.3734
vn -0.9182 0.1108 0.3803
vn -0.8113 0.2188 0.5421
vn -0.8264 0.1108 0.5521
vn -0.6900 0.2188 0.6900
vn -0.7028 0.1108 0.7027
vn -0.5421 0.2188 0.8113
vn -0.5522 0.1108 0.8263
vn -0.3734 0.2188 0.9015
vn -0.3803 0.1108 0.9182
vn -0.1903 0.2188 -0.9570
vn -0.1939 0.1108 -0.9747
vn -0.9239 -0.0000 -0.3827
vn -0.8315 -0.0000 -0.5556
vn -0.9808 -0.0000 -0.1951
vn -1.0000 -0.0000 -0.0000
vn -0.9808 -0.0000 0.1951
vn -0.9239 -0.0000 0.3827
vn -0.8315 -0.0000 0.5556
vn -0.7071 -0.0000 0.7071
vn -0.5556 -0.0000 0.8315
vn -0.3827 -0.0000 0.9239
vn -0.1951 -0.0000 -0.9808
vn -0.1951 -0.0000 0.9808
vn -0.3827 -0.0000 -0.9239
vn -0.5556 -0.0000 -0.8315
vn -0.7071 -0.0000 -0.7071
vn -0.0000 -0.6875 -0.7262
vn -0.0000 -0.2940 -0.9558
vn 0.1865 -0.2940 -0.9374
vn 0.1417 -0.6875 -0.7122
vn 0.3658 -0.2940 -0.8830
vn 0.2779 -0.6875 -0.6709
vn 0.5310 -0.2940 -0.7947
vn 0.4034 -0.6875 -0.6038
vn 0.6758 -0.2940 -0.6758
vn 0.5135 -0.6875 -0.5135
vn 0.7947 -0.2940 -0.5310
vn 0.6038 -0.6875 -0.4034
vn 0.8830 -0.2940 -0.3658
vn 0.6709 -0.6875 -0.2779
vn 0.9374 -0.2940 -0.1865
vn 0.7122 -0.6875 -0.1417
vn 0.9558 -0.2940 -0.0000
vn 0.7262 -0.6875 -0.0000
vn 0.9374 -0.2940 0.1865
vn 0.7122 -0.6875 0.1417
vn 0.8830 -0.2940 0.3658
vn 0.6709 -0.6875 0.2779
vn 0.7947 -0.2940 0.5310
vn 0.6038 -0.6875 0.4034
vn 0.6758 -0.2940 0.6758
vn 0.5135 -0.6875 0.5135
vn 0.5310 -0.2940 0.7947
vn 0.4034 -0.6875 0.6038
vn 0.3658 -0.2940 0.8830
vn 0.2779 -0.6875 0.6709
vn 0.1865 -0.2940 0.9374
vn 0.1417 -0.6875 0.7122
vn -0.0000 -0.2940 0.9558
vn -0.0000 -0.6875 0.7262
vn -0.1417 -0.6875 0.7122
vn -0.2779 -0.6875 0.6709
vn -0.4034 -0.6875 0.6038
vn -0.5135 -0.6875 0.5135
vn -0.6038 -0.6875 0.4034
vn -0.6709 -0.6875 0.2779
vn -0.7122 -0.6875 0.1417
vn -0.7262 -0.6875 -0.0000
vn -0.7122 -0.6875 -0.1417
vn -0.6709 -0.6875 -0.2779
vn -0.6038 -0.6875 -0.4034
vn -0.5135 -0.6875 -0.5135
vn -0.4034 -0.6875 -0.6038
vn -0.2779 -0.6875 -0.6709
vn -0.1417 -0.6875 -0.7122
vn 0.8635 -0.4742 0.1718
vn 0.8804 -0.4742 -0.0000
vn 0.9469 -0.3216 -0.0000
vn 0.9287 -0.3216 0.1847
vn 0.4891 -0.4742 -0.7320
vn 0.6225 -0.4742 -0.6225
vn 0.6225 -0.4742 0.6225
vn 0.4891 -0.4742 0.7320
vn 0.7320 -0.4742 -0.4891
vn 0.3369 -0.4742 0.8134
vn -0.0000 -0.4742 -0.8804
vn 0.1718 -0.4742 -0.8635
vn 0.8134 -0.4742 0.3369
vn 0.8134 -0.4742 -0.3369
vn 0.1718 -0.4742 0.8635
vn 0.3369 -0.4742 -0.8134
vn 0.7320 -0.4742 0.4891
vn 0.8635 -0.4742 -0.1718
vn -0.0000 -0.4742 0.8804
vn 0.6695 -0.3216 0.6695
vn 0.7873 -0.3216 0.5261
vn 0.8253 -0.1219 0.5514
vn 0.7018 -0.1219 0.7018
vn 0.8748 -0.3216 0.3624
vn 0.5261 -0.3216 0.7873
vn 0.3624 -0.3216 0.8748
vn -0.0000 -0.3216 -0.9469
vn 0.1847 -0.3216 -0.9287
vn 0.1847 -0.3216 0.9287
vn 0.3624 -0.3216 -0.8748
vn -0.0000 -0.3216 0.9469
vn 0.5261 -0.3216 -0.7873
vn 0.6695 -0.3216 -0.6695
vn 0.7873 -0.3216 -0.5261
vn 0.8748 -0.3216 -0.3624
vn 0.9287 -0.3216 -0.1847
vn 0.1936 -0.1219 0.9735
vn 0.3798 -0.1220 0.9170
vn 0.3603 0.3368 0.8699
vn 0.1837 0.3367 0.9235
vn 0.5514 -0.1220 0.8253
vn -0.0000 -0.1219 -0.9925
vn 0.1936 -0.1219 -0.9735
vn 0.3798 -0.1219 -0.9170
vn -0.0000 -0.1219 0.9925
vn 0.5514 -0.1219 -0.8253
vn 0.7018 -0.1219 -0.7018
vn 0.8253 -0.1219 -0.5514
vn 0.9170 -0.1219 -0.3798
vn 0.9735 -0.1219 -0.1936
vn 0.9925 -0.1219 -0.0000
vn 0.9735 -0.1219 0.1936
vn 0.9170 -0.1219 0.3798
vn 0.1837 0.3367 -0.9235
vn 0.3603 0.3367 -0.8699
vn -0.0000 0.3367 0.9416
vn 0.5231 0.3367 -0.7829
vn 0.6658 0.3367 -0.6658
vn 0.7829 0.3367 -0.5231
vn 0.8699 0.3367 -0.3603
vn 0.9235 0.3367 -0.1837
vn 0.9416 0.3367 -0.0000
vn 0.9235 0.3367 0.1837
vn 0.8699 0.3367 0.3603
vn 0.7829 0.3367 0.5231
vn 0.6658 0.3367 0.6658
vn 0.5231 0.3367 0.7829
vn -0.0000 0.3367 -0.9416
vn 0.5821 0.5677 -0.5821
vn 0.6845 0.5677 -0.4574
vn 0.7606 0.5677 -0.3150
vn 0.8074 0.5677 -0.1606
vn 0.8232 0.5677 -0.0000
vn 0.8074 0.5677 0.1606
vn 0.7606 0.5677 0.3150
vn 0.6845 0.5677 0.4574
vn 0.5821 0.5677 0.5821
vn 0.4574 0.5677 0.6845
vn 0.3150 0.5677 0.7606
vn -0.0000 0.5677 -0.8232
vn 0.1606 0.5677 -0.8074
vn 0.1606 0.5677 0.8074
vn 0.3150 0.5677 -0.7606
vn -0.0000 0.5677 0.8232
vn 0.4574 0.5677 -0.6845
vn 0.9495 0.2507 -0.1889
vn 0.9681 0.2507 -0.0000
vn 0.9495 0.2507 0.1889
vn 0.8944 0.2507 0.3705
vn 0.8049 0.2507 0.5378
vn 0.6845 0.2507 0.6845
vn 0.5378 0.2507 0.8049
vn 0.3705 0.2507 0.8944
vn -0.0000 0.2507 -0.9681
vn 0.1889 0.2507 -0.9495
vn 0.1889 0.2507 0.9495
vn 0.3705 0.2507 -0.8944
vn -0.0000 0.2507 0.9681
vn 0.5378 0.2507 -0.8049
vn 0.6845 0.2507 -0.6845
vn 0.8049 0.2507 -0.5378
vn 0.8944 0.2507 -0.3705
vn 0.8324 -0.4338 0.3448
vn 0.7491 -0.4338 0.5006
vn 0.6371 -0.4338 0.6371
vn 0.5006 -0.4338 0.7491
vn 0.3448 -0.4338 0.8324
vn -0.0000 -0.4338 -0.9010
vn 0.1758 -0.4338 -0.8837
vn 0.1758 -0.4338 0.8837
vn 0.3448 -0.4338 -0.8324
vn -0.0000 -0.4338 0.9010
vn 0.5006 -0.4338 -0.7491
vn 0.6371 -0.4338 -0.6371
vn 0.7491 -0.4338 -0.5006
vn 0.8324 -0.4338 -0.3448
vn 0.8837 -0.4338 -0.1758
vn 0.9010 -0.4338 -0.0000
vn 0.8837 -0.4338 0.1758
vn 0.4251 -0.6438 -0.6363
vn 0.2928 -0.6438 -0.7070
vn 0.3688 -0.2667 -0.8904
vn 0.5354 -0.2667 -0.8014
vn 0.4251 -0.6438 0.6363
vn 0.2928 -0.6438 0.7070
vn -0.0000 -0.6438 -0.7652
vn 0.1493 -0.6438 -0.7505
vn 0.1493 -0.6438 0.7505
vn -0.0000 -0.6438 0.7652
vn 0.5411 -0.6438 -0.5411
vn 0.6363 -0.6438 -0.4251
vn 0.7070 -0.6438 -0.2928
vn 0.7505 -0.6438 -0.1493
vn 0.7652 -0.6438 -0.0000
vn 0.7505 -0.6438 0.1493
vn 0.7070 -0.6438 0.2928
vn 0.6363 -0.6438 0.4251
vn 0.5411 -0.6438 0.5411
vn 0.8904 -0.2667 -0.3688
vn 0.8014 -0.2667 -0.5354
vn 0.7876 0.3207 -0.5262
vn 0.8751 0.3207 -0.3625
vn 0.6815 -0.2667 -0.6815
vn 0.9453 -0.2667 -0.1880
vn 0.9638 -0.2667 -0.0000
vn 0.9453 -0.2667 0.1880
vn 0.8904 -0.2667 0.3688
vn 0.8014 -0.2667 0.5354
vn 0.6815 -0.2667 0.6815
vn 0.5354 -0.2667 0.8014
vn 0.3688 -0.2667 0.8904
vn -0.0000 -0.2667 -0.9638
vn 0.1880 -0.2667 -0.9453
vn 0.1880 -0.2667 0.9453
vn -0.0000 -0.2667 0.9638
vn 0.9290 0.3207 0.1848
vn 0.9472 0.3207 -0.0000
vn 0.7505 0.6608 -0.0000
vn 0.7361 0.6608 0.1464
vn 0.9290 0.3207 -0.1848
vn 0.8751 0.3207 0.3625
vn 0.7876 0.3207 0.5262
vn 0.6698 0.3207 0.6698
vn 0.5262 0.3207 0.7876
vn 0.3625 0.3207 0.8751
vn -0.0000 0.3207 -0.9472
vn 0.1848 0.3207 -0.9290
vn 0.1848 0.3207 0.9290
vn 0.3625 0.3207 -0.8751
vn -0.0000 0.3207 0.9472
vn 0.5262 0.3207 -0.7876
vn 0.6698 0.3207 -0.6698
vn 0.5307 0.6608 0.5307
vn 0.6240 0.6608 0.4170
vn 0.6315 0.6506 0.4219
vn 0.5370 0.6506 0.5370
vn 0.6934 0.6608 0.2872
vn 0.4170 0.6608 0.6240
vn 0.2872 0.6608 0.6934
vn -0.0000 0.6608 -0.7505
vn 0.1464 0.6608 -0.7361
vn 0.1464 0.6608 0.7361
vn 0.2872 0.6608 -0.6934
vn -0.0000 0.6608 0.7505
vn 0.4170 0.6608 -0.6240
vn 0.5307 0.6608 -0.5307
vn 0.6240 0.6608 -0.4170
vn 0.6934 0.6608 -0.2872
vn 0.7361 0.6608 -0.1464
vn 0.1482 0.6506 0.7449
vn 0.2906 0.6506 0.7017
vn 0.3625 0.3208 0.8751
vn 0.1848 0.3208 0.9290
vn 0.4219 0.6506 0.6315
vn -0.0000 0.6506 -0.7595
vn 0.1482 0.6506 -0.7449
vn 0.2906 0.6506 -0.7017
vn -0.0000 0.6506 0.7595
vn 0.4219 0.6506 -0.6315
vn 0.5370 0.6506 -0.5370
vn 0.6315 0.6506 -0.4219
vn 0.7017 0.6506 -0.2906
vn 0.7449 0.6506 -0.1482
vn 0.7595 0.6506 -0.0000
vn 0.7449 0.6506 0.1482
vn 0.7017 0.6506 0.2906
vn 0.1848 0.3208 -0.9290
vn 0.3625 0.3208 -0.8751
vn -0.0000 0.3208 0.9472
vn 0.5262 0.3208 -0.7875
vn 0.6697 0.3208 -0.6697
vn 0.7875 0.3208 -0.5262
vn 0.8751 0.3208 -0.3625
vn 0.9290 0.3208 -0.1848
vn 0.9472 0.3208 -0.0000
vn 0.9290 0.3208 0.1848
vn 0.8751 0.3208 0.3625
vn 0.7875 0.3208 0.5262
vn 0.6697 0.3208 0.6697
vn 0.5262 0.3208 0.7875
vn -0.0000 0.3208 -0.9472
vn 0.6687 -0.3251 -0.6687
vn 0.7863 -0.3251 -0.5254
vn 0.8737 -0.3251 -0.3619
vn 0.9275 -0.3251 -0.1845
vn 0.9457 -0.3251 -0.0000
vn 0.9275 -0.3251 0.1845
vn 0.8737 -0.3251 0.3619
vn 0.7863 -0.3251 0.5254
vn 0.6687 -0.3251 0.6687
vn 0.5254 -0.3251 0.7863
vn 0.3619 -0.3251 0.8737
vn -0.0000 -0.3251 -0.9457
vn 0.1845 -0.3251 -0.9275
vn 0.1845 -0.3251 0.9275
vn 0.3619 -0.3251 -0.8737
vn -0.0000 -0.3251 0.9457
vn 0.5254 -0.3251 -0.7863
vn 0.7715 -0.6175 -0.1535
vn 0.7866 -0.6175 -0.0000
vn 0.7715 -0.6175 0.1535
vn 0.7267 -0.6175 0.3010
vn 0.6540 -0.6175 0.4370
vn 0.5562 -0.6175 0.5562
vn 0.4370 -0.6175 0.6540
vn 0.3010 -0.6175 0.7267
vn -0.0000 -0.6175 -0.7866
vn 0.1535 -0.6175 -0.7715
vn 0.1535 -0.6175 0.7715
vn 0.3010 -0.6175 -0.7267
vn -0.0000 -0.6175 0.7866
vn 0.4370 -0.6175 -0.6540
vn 0.5562 -0.6175 -0.5562
vn 0.6540 -0.6175 -0.4370
vn 0.7267 -0.6175 -0.3010
vn 0.8112 -0.4786 0.3360
vn 0.7301 -0.4786 0.4878
vn 0.6209 -0.4786 0.6209
vn 0.4878 -0.4786 0.7301
vn 0.3360 -0.4786 0.8112
vn -0.0000 -0.4786 -0.8780
vn 0.1713 -0.4786 -0.8612
vn 0.1713 -0.4786 0.8612
vn 0.3360 -0.4786 -0.8112
vn -0.0000 -0.4786 0.8780
vn 0.4878 -0.4786 -0.7301
vn 0.6209 -0.4786 -0.6209
vn 0.7301 -0.4786 -0.4878
vn 0.8112 -0.4786 -0.3360
vn 0.8612 -0.4786 -0.1713
vn 0.8780 -0.4786 -0.0000
vn 0.8612 -0.4786 0.1713
vn 0.5483 -0.1616 0.8205
vn 0.3776 -0.1616 0.9117
vn -0.0000 -0.1616 -0.9869
vn 0.1925 -0.1616 -0.9679
vn 0.1925 -0.1616 0.9679
vn 0.3776 -0.1616 -0.9117
vn -0.0000 -0.1616 0.9869
vn 0.5483 -0.1616 -0.8205
vn 0.6978 -0.1616 -0.6978
vn 0.8205 -0.1616 -0.5483
vn 0.9117 -0.1616 -0.3776
vn 0.9679 -0.1616 -0.1925
vn 0.9869 -0.1616 -0.0000
vn 0.9679 -0.1616 0.1925
vn 0.9117 -0.1616 0.3777
vn 0.8205 -0.1616 0.5483
vn 0.6978 -0.1616 0.6978
vn 0.5521 0.1122 -0.8262
vn 0.7026 0.1122 -0.7026
vn 0.8262 0.1122 -0.5521
vn 0.9180 0.1122 -0.3803
vn 0.9746 0.1122 -0.1939
vn 0.9937 0.1122 -0.0000
vn 0.9746 0.1122 0.1939
vn 0.9180 0.1122 0.3803
vn 0.8262 0.1122 0.5521
vn 0.7026 0.1122 0.7026
vn 0.5521 0.1122 0.8262
vn 0.3803 0.1122 0.9180
vn -0.0000 0.1122 -0.9937
vn 0.1939 0.1122 -0.9746
vn 0.1939 0.1122 0.9746
vn 0.3803 0.1122 -0.9180
vn -0.0000 0.1122 0.9937
vn 0.8988 0.2312 -0.3723
vn 0.9542 0.2312 -0.1898
vn 0.9729 0.2312 -0.0000
vn 0.9542 0.2312 0.1898
vn 0.8988 0.2312 0.3723
vn 0.8089 0.2312 0.5405
vn 0.6879 0.2312 0.6879
vn 0.5405 0.2312 0.8089
vn 0.3723 0.2312 0.8988
vn -0.0000 0.2312 -0.9729
vn 0.1898 0.2312 -0.9542
vn 0.1898 0.2312 0.9542
vn 0.3723 0.2312 -0.8988
vn -0.0000 0.2312 0.9729
vn 0.5405 0.2312 -0.8089
vn 0.6879 0.2312 -0.6879
vn 0.8089 0.2312 -0.5405
vn 0.9617 0.1963 0.1913
vn 0.9059 0.1963 0.3752
vn 0.8153 0.1963 0.5448
vn 0.6933 0.1963 0.6933
vn 0.5448 0.1963 0.8153
vn 0.3752 0.1963 0.9059
vn -0.0000 0.1963 -0.9805
vn 0.1913 0.1963 -0.9617
vn 0.1913 0.1963 0.9617
vn 0.3752 0.1963 -0.9059
vn -0.0000 0.1963 0.9805
vn 0.5448 0.1963 -0.8153
vn 0.6933 0.1963 -0.6933
vn 0.8153 0.1963 -0.5448
vn 0.9059 0.1963 -0.3752
vn 0.9617 0.1963 -0.1913
vn 0.9805 0.1963 -0.0000
vn 0.3784 0.1484 -0.9137
vn 0.1929 0.1484 -0.9699
vn 0.1946 0.0702 -0.9784
vn 0.3817 0.0702 -0.9216
vn 0.6993 0.1484 0.6993
vn 0.5494 0.1484 0.8223
vn 0.3784 0.1484 0.9137
vn -0.0000 0.1484 -0.9889
vn 0.1929 0.1484 0.9699
vn -0.0000 0.1484 0.9889
vn 0.5494 0.1484 -0.8223
vn 0.6993 0.1484 -0.6993
vn 0.8223 0.1484 -0.5494
vn 0.9137 0.1484 -0.3784
vn 0.9699 0.1484 -0.1929
vn 0.9889 0.1484 -0.0000
vn 0.9699 0.1484 0.1929
vn 0.9137 0.1484 0.3784
vn 0.8223 0.1484 0.5494
vn 0.8294 0.0702 -0.5542
vn 0.7054 0.0702 -0.7054
vn 0.6628 -0.3485 -0.6628
vn 0.7793 -0.3485 -0.5207
vn 0.1946 0.0702 0.9784
vn -0.0000 0.0702 0.9975
vn 0.5542 0.0702 -0.8294
vn 0.9216 0.0702 -0.3817
vn 0.9784 0.0702 -0.1946
vn 0.9975 0.0702 -0.0000
vn 0.9784 0.0702 0.1946
vn 0.9216 0.0702 0.3817
vn 0.8294 0.0702 0.5542
vn 0.7054 0.0702 0.7054
vn 0.5542 0.0702 0.8294
vn 0.3817 0.0702 0.9216
vn -0.0000 0.0702 -0.9975
vn 0.9373 -0.3485 -0.0000
vn 0.9193 -0.3485 -0.1829
vn 0.8432 -0.5108 -0.1677
vn 0.8597 -0.5108 -0.0000
vn 0.8659 -0.3485 -0.3587
vn 0.9193 -0.3485 0.1829
vn 0.8659 -0.3485 0.3587
vn 0.7793 -0.3485 0.5207
vn 0.6628 -0.3485 0.6628
vn 0.5207 -0.3485 0.7793
vn 0.3587 -0.3485 0.8659
vn -0.0000 -0.3485 -0.9373
vn 0.1829 -0.3485 -0.9193
vn 0.1829 -0.3485 0.9193
vn 0.3587 -0.3485 -0.8659
vn -0.0000 -0.3485 0.9373
vn 0.5207 -0.3485 -0.7793
vn 0.7148 -0.5108 0.4776
vn 0.7943 -0.5108 0.3290
vn 0.9233 0.0364 0.3824
vn 0.8309 0.0364 0.5552
vn 0.8432 -0.5108 0.1677
vn 0.6079 -0.5108 0.6079
vn 0.4776 -0.5108 0.7148
vn 0.3290 -0.5108 0.7943
vn -0.0000 -0.5108 -0.8597
vn 0.1677 -0.5108 -0.8432
vn 0.1677 -0.5108 0.8432
vn 0.3290 -0.5108 -0.7943
vn -0.0000 -0.5108 0.8597
vn 0.4776 -0.5108 -0.7148
vn 0.6079 -0.5108 -0.6079
vn 0.7148 -0.5108 -0.4776
vn 0.7943 -0.5108 -0.3290
vn 0.7066 0.0364 0.7066
vn 0.5552 0.0364 0.8309
vn 0.3824 0.0364 0.9233
vn -0.0000 0.0364 -0.9993
vn 0.1950 0.0364 -0.9801
vn 0.1950 0.0365 0.9801
vn 0.3824 0.0364 -0.9233
vn -0.0000 0.0365 0.9993
vn 0.5552 0.0364 -0.8309
vn 0.7066 0.0364 -0.7066
vn 0.8309 0.0364 -0.5552
vn 0.9233 0.0364 -0.3824
vn 0.9801 0.0364 -0.1950
vn 0.9993 0.0364 -0.0000
vn 0.9801 0.0364 0.1950
vn 0.5531 0.6230 0.5531
vn 0.4346 0.6229 0.6504
vn -0.0000 0.6230 -0.7823
vn 0.1526 0.6230 -0.7672
vn 0.2994 0.6230 0.7227
vn 0.2994 0.6230 -0.7227
vn 0.1526 0.6230 0.7672
vn 0.4346 0.6229 -0.6504
vn -0.0000 0.6230 0.7823
vn 0.5531 0.6230 -0.5531
vn 0.6504 0.6229 -0.4346
vn 0.7227 0.6229 -0.2994
vn 0.7672 0.6229 -0.1526
vn 0.7823 0.6230 -0.0000
vn 0.7672 0.6229 0.1526
vn 0.7227 0.6229 0.2994
vn 0.6504 0.6230 0.4346
vn 0.1436 0.6771 0.7218
vn -0.0000 0.6771 0.7359
vn 0.2816 0.6771 -0.6799
vn 0.4088 0.6771 -0.6119
vn 0.5203 0.6771 -0.5204
vn 0.6119 0.6771 -0.4088
vn 0.6799 0.6771 -0.2816
vn 0.7217 0.6771 -0.1436
vn 0.7359 0.6771 -0.0000
vn 0.7217 0.6771 0.1436
vn 0.6799 0.6771 0.2816
vn 0.6119 0.6771 0.4088
vn 0.5203 0.6771 0.5204
vn 0.4088 0.6771 0.6119
vn 0.2816 0.6771 0.6799
vn -0.0000 0.6771 -0.7359
vn 0.1436 0.6771 -0.7218
vn 0.7866 0.3242 -0.5256
vn 0.8740 0.3242 -0.3620
vn 0.9278 0.3242 -0.1845
vn 0.9460 0.3242 -0.0000
vn 0.9278 0.3242 0.1846
vn 0.8740 0.3242 0.3620
vn 0.7866 0.3242 0.5256
vn 0.6689 0.3242 0.6689
vn 0.5256 0.3242 0.7866
vn 0.3620 0.3242 0.8740
vn -0.0000 0.3242 -0.9460
vn 0.1845 0.3242 -0.9278
vn 0.1845 0.3242 0.9278
vn 0.3620 0.3242 -0.8740
vn -0.0000 0.3242 0.9460
vn 0.5256 0.3242 -0.7866
vn 0.6689 0.3242 -0.6689
vn 0.9217 0.3879 -0.0000
vn 0.9040 0.3879 0.1798
vn 0.8515 0.3879 0.3527
vn 0.7664 0.3879 0.5121
vn 0.6517 0.3879 0.6517
vn 0.5121 0.3879 0.7663
vn 0.3527 0.3879 0.8515
vn -0.0000 0.3879 -0.9217
vn 0.1798 0.3879 -0.9040
vn 0.1798 0.3879 0.9040
vn 0.3527 0.3879 -0.8515
vn -0.0000 0.3879 0.9217
vn 0.5121 0.3879 -0.7664
vn 0.6517 0.3879 -0.6517
vn 0.7664 0.3879 -0.5121
vn 0.8515 0.3879 -0.3527
vn 0.9040 0.3879 -0.1798
vn 0.1537 0.6161 -0.7725
vn -0.0000 0.6161 -0.7877
vn -0.0000 0.2927 -0.9562
vn 0.1865 0.2927 -0.9378
vn 0.6549 0.6161 0.4376
vn 0.5570 0.6161 0.5570
vn 0.4376 0.6161 0.6549
vn 0.3014 0.6161 0.7277
vn 0.1537 0.6161 0.7725
vn 0.3014 0.6161 -0.7277
vn -0.0000 0.6161 0.7877
vn 0.4376 0.6161 -0.6549
vn 0.5570 0.6161 -0.5570
vn 0.6549 0.6161 -0.4376
vn 0.7277 0.6161 -0.3014
vn 0.7725 0.6161 -0.1537
vn 0.7877 0.6161 -0.0000
vn 0.7725 0.6161 0.1537
vn 0.7277 0.6161 0.3014
vn 0.6761 0.2927 -0.6761
vn 0.5313 0.2927 -0.7950
vn 0.5405 0.2311 -0.8089
vn 0.6880 0.2311 -0.6880
vn 0.3659 0.2927 0.8834
vn 0.1865 0.2927 0.9378
vn 0.3659 0.2927 -0.8834
vn -0.0000 0.2927 0.9562
vn 0.7950 0.2927 -0.5313
vn 0.8834 0.2927 -0.3659
vn 0.9378 0.2927 -0.1865
vn 0.9562 0.2927 -0.0000
vn 0.9378 0.2927 0.1865
vn 0.8834 0.2927 0.3659
vn 0.7950 0.2927 0.5313
vn 0.6761 0.2927 0.6761
vn 0.5313 0.2927 0.7951
vn 0.8989 0.2312 -0.3723
vn 0.8974 0.2378 -0.3717
vn 0.9526 0.2378 -0.1895
vn 0.8089 0.2311 -0.5405
vn 0.9729 0.2311 -0.0000
vn 0.8989 0.2312 0.3723
vn 0.8089 0.2311 0.5405
vn 0.6880 0.2311 0.6880
vn 0.5405 0.2311 0.8089
vn 0.3723 0.2312 0.8989
vn 0.3723 0.2312 -0.8989
vn 0.9713 0.2378 -0.0000
vn 0.9526 0.2378 0.1895
vn 0.8974 0.2378 0.3717
vn 0.8076 0.2378 0.5396
vn 0.6868 0.2378 0.6868
vn 0.5396 0.2378 0.8076
vn 0.3717 0.2378 0.8974
vn -0.0000 0.2378 -0.9713
vn 0.1895 0.2378 -0.9526
vn 0.1895 0.2378 0.9526
vn 0.3717 0.2378 -0.8974
vn -0.0000 0.2378 0.9713
vn 0.5396 0.2378 -0.8076
vn 0.6868 0.2378 -0.6868
vn 0.8076 0.2378 -0.5396
vn 0.1212 -0.1354 -0.9834
vn -0.3680 0.0163 -0.9297
vn -0.3504 0.8111 -0.4684
vn 0.1400 0.5254 -0.8393
vn 0.9834 -0.1354 0.1211
vn 0.9297 0.0163 -0.3680
vn 0.5593 0.7156 -0.4184
vn 0.9846 -0.0599 0.1642
vn 0.9842 -0.1768 -0.0001
vn 0.9763 -0.1738 0.1291
vn 0.9763 -0.1738 -0.1291
vn 0.9834 -0.1354 -0.1211
vn 0.9297 0.0163 0.3680
vn 0.9842 -0.1768 0.0001
vn -0.6726 0.3084 0.6726
vn 0.4684 0.8111 0.3504
vn -0.0000 -0.1773 0.9842
vn -0.0001 -0.1768 0.9842
vn -0.3680 0.0163 0.9297
vn 0.9842 -0.1773 -0.0000
vn -0.0000 -1.0000 -0.0000
vn 0.0950 -0.9955 -0.0000
vn 0.0955 -0.9908 0.0954
vn -0.0000 -0.9955 0.0950
vn -0.0000 -0.9955 0.0951
vn -0.0000 -0.9955 -0.0951
vn -0.0000 -0.1773 -0.9842
vn -0.0001 -0.1768 -0.9842
vn -0.6726 0.3084 -0.6726
vn -0.4184 0.7156 0.5593
vn 0.1291 -0.1739 -0.9763
vn 0.8393 0.5254 -0.1400
vn -0.0000 -0.9955 -0.0950
vn 0.0955 -0.9908 -0.0954
vn 0.0951 -0.9955 -0.0000
vn -0.1282 -0.1754 0.9761
vn -0.0000 -0.1772 0.9842
vn 0.3680 0.0163 0.9297
vn -0.1208 -0.1353 0.9834
vn 0.1211 -0.1354 0.9834
vn 0.1643 -0.0599 0.9846
vn 0.9479 0.3185 -0.0000
vn 0.9679 0.2513 -0.0000
vn 0.8059 0.5921 -0.0000
vn 0.8030 0.5960 -0.0000
vn 0.8469 0.5317 -0.0000
vn 0.8374 0.5466 -0.0000
vn 0.9686 0.2485 -0.0000
vn 0.8380 -0.5457 -0.0000
vn 0.9602 0.2794 -0.0000
vn 0.5009 -0.8451 -0.1869
vn -0.0000 -0.9145 -0.4045
vn 0.7427 -0.6585 -0.1215
vn 0.7876 -0.6162 -0.0000
vn 0.7643 -0.6448 -0.0000
vn 0.9962 -0.0866 -0.0000
vn 0.8884 -0.4590 -0.0000
vn 0.8833 0.4689 -0.0000
vn 0.9967 -0.0817 -0.0000
vn 0.9430 0.3328 -0.0000
vn 0.5537 0.8327 -0.0000
vn 0.5566 0.8308 -0.0000
vn 0.6387 0.7695 -0.0000
vn 0.6026 0.7980 -0.0000
vn 0.9279 0.3729 -0.0000
vn 0.9018 0.4322 -0.0000
vn 0.9246 -0.3810 -0.0000
vn 0.8969 -0.4423 -0.0000
vn 0.7859 -0.6183 -0.0000
vn 0.8113 -0.5847 -0.0000
vn 0.9386 -0.3449 -0.0000
vn 0.9243 -0.3817 -0.0000
vn 0.9943 -0.1068 -0.0000
vn 0.9933 -0.1157 -0.0000
vn 0.9915 0.1300 -0.0000
vn 0.9896 0.1439 -0.0000
vn 0.9237 0.3832 -0.0000
vn 0.9084 0.4180 -0.0000
vn 0.7916 0.6111 -0.0000
vn 0.7588 0.6513 -0.0000
vn 0.6639 0.7478 -0.0000
vn -0.6857 -0.0000 -0.7279
vn -0.6857 -0.1420 -0.7139
vn -0.6857 -0.2785 -0.6725
vn -0.6857 -0.4044 -0.6052
vn -0.6857 -0.5147 -0.5147
vn -0.6857 -0.6052 -0.4044
vn -0.6857 -0.6725 -0.2785
vn -0.6857 -0.7139 -0.1420
vn -0.6857 -0.7279 -0.0000
vn -0.6857 -0.7139 0.1420
vn -0.6857 -0.6725 0.2785
vn -0.6857 -0.6052 0.4044
vn -0.6857 -0.5147 0.5147
vn -0.6857 -0.4044 0.6052
vn -0.6857 -0.2785 0.6725
vn -0.6857 -0.1420 0.7139
vn -0.6857 -0.0000 0.7279
vn -0.6857 0.1420 0.7139
vn -0.6857 0.2785 0.6725
vn -0.6857 0.4044 0.6052
vn -0.6857 0.5147 0.5147
vn -0.6857 0.6052 0.4044
vn -0.6857 0.6725 0.2785
vn -0.6857 0.7139 0.1419
vn -0.6857 0.7279 -0.0000
vn -0.6857 0.7139 -0.1419
vn -0.6857 0.6725 -0.2786
vn -0.6857 0.6052 -0.4044
vn -0.6857 0.5147 -0.5147
vn -0.6857 0.4044 -0.6052
vn -0.6857 0.2785 -0.6725
vn -0.6857 0.1420 -0.7139
vn -0.1865 -0.2940 -0.9374
vn -0.3658 -0.2940 -0.8830
vn -0.5310 -0.2940 -0.7947
vn -0.6758 -0.2940 -0.6758
vn -0.7947 -0.2940 -0.5310
vn -0.8830 -0.2940 -0.3658
vn -0.9374 -0.2940 -0.1865
vn -0.9558 -0.2940 -0.0000
vn -0.9374 -0.2940 0.1865
vn -0.8830 -0.2940 0.3658
vn -0.7947 -0.2940 0.5310
vn -0.6758 -0.2940 0.6758
vn -0.5310 -0.2940 0.7947
vn -0.3658 -0.2940 0.8830
vn -0.1865 -0.2940 0.9374
vn -0.8635 -0.4742 0.1718
vn -0.9287 -0.3216 0.1847
vn -0.9469 -0.3216 -0.0000
vn -0.8804 -0.4742 -0.0000
vn -0.6225 -0.4742 -0.6225
vn -0.4891 -0.4742 -0.7320
vn -0.4891 -0.4742 0.7320
vn -0.6225 -0.4742 0.6225
vn -0.7320 -0.4742 -0.4891
vn -0.3369 -0.4742 0.8134
vn -0.1718 -0.4742 -0.8635
vn -0.8134 -0.4742 0.3369
vn -0.8134 -0.4742 -0.3369
vn -0.1718 -0.4742 0.8635
vn -0.3369 -0.4742 -0.8134
vn -0.7320 -0.4742 0.4891
vn -0.8635 -0.4742 -0.1718
vn -0.6695 -0.3216 0.6695
vn -0.7018 -0.1219 0.7018
vn -0.8253 -0.1219 0.5514
vn -0.7873 -0.3216 0.5261
vn -0.8748 -0.3216 0.3624
vn -0.5261 -0.3216 0.7873
vn -0.3624 -0.3216 0.8748
vn -0.1847 -0.3216 -0.9287
vn -0.1847 -0.3216 0.9287
vn -0.3624 -0.3216 -0.8748
vn -0.5261 -0.3216 -0.7873
vn -0.6695 -0.3216 -0.6695
vn -0.7873 -0.3216 -0.5261
vn -0.8748 -0.3216 -0.3624
vn -0.9287 -0.3216 -0.1847
vn -0.1936 -0.1219 0.9735
vn -0.1837 0.3367 0.9235
vn -0.3603 0.3368 0.8699
vn -0.3798 -0.1220 0.9170
vn -0.5514 -0.1220 0.8253
vn -0.1936 -0.1219 -0.9735
vn -0.3798 -0.1219 -0.9170
vn -0.5514 -0.1219 -0.8253
vn -0.7018 -0.1219 -0.7018
vn -0.8253 -0.1219 -0.5514
vn -0.9170 -0.1219 -0.3798
vn -0.9735 -0.1219 -0.1936
vn -0.9925 -0.1219 -0.0000
vn -0.9735 -0.1219 0.1936
vn -0.9170 -0.1219 0.3798
vn -0.3603 0.3367 -0.8699
vn -0.1837 0.3367 -0.9235
vn -0.5231 0.3367 -0.7829
vn -0.6658 0.3367 -0.6658
vn -0.7829 0.3367 -0.5231
vn -0.8699 0.3367 -0.3603
vn -0.9235 0.3367 -0.1837
vn -0.9416 0.3367 -0.0000
vn -0.9235 0.3367 0.1837
vn -0.8699 0.3367 0.3603
vn -0.7829 0.3367 0.5231
vn -0.6658 0.3367 0.6658
vn -0.5231 0.3367 0.7829
vn -0.6845 0.5677 -0.4574
vn -0.5821 0.5677 -0.5821
vn -0.7606 0.5677 -0.3150
vn -0.8074 0.5677 -0.1606
vn -0.8232 0.5677 -0.0000
vn -0.8074 0.5677 0.1606
vn -0.7606 0.5677 0.3150
vn -0.6845 0.5677 0.4574
vn -0.5821 0.5677 0.5821
vn -0.4574 0.5677 0.6845
vn -0.3150 0.5677 0.7606
vn -0.1606 0.5677 -0.8074
vn -0.1606 0.5677 0.8074
vn -0.3150 0.5677 -0.7606
vn -0.4574 0.5677 -0.6845
vn -0.9681 0.2507 -0.0000
vn -0.9495 0.2507 -0.1889
vn -0.9495 0.2507 0.1889
vn -0.8944 0.2507 0.3705
vn -0.8049 0.2507 0.5378
vn -0.6845 0.2507 0.6845
vn -0.5378 0.2507 0.8049
vn -0.3705 0.2507 0.8944
vn -0.1889 0.2507 -0.9495
vn -0.1889 0.2507 0.9495
vn -0.3705 0.2507 -0.8944
vn -0.5378 0.2507 -0.8049
vn -0.6845 0.2507 -0.6845
vn -0.8049 0.2507 -0.5378
vn -0.8944 0.2507 -0.3705
vn -0.7491 -0.4338 0.5006
vn -0.8324 -0.4338 0.3448
vn -0.6371 -0.4338 0.6371
vn -0.5006 -0.4338 0.7491
vn -0.3448 -0.4338 0.8324
vn -0.1758 -0.4338 -0.8837
vn -0.1758 -0.4338 0.8837
vn -0.3448 -0.4338 -0.8324
vn -0.5006 -0.4338 -0.7491
vn -0.6371 -0.4338 -0.6371
vn -0.7491 -0.4338 -0.5006
vn -0.8324 -0.4338 -0.3448
vn -0.8837 -0.4338 -0.1758
vn -0.9010 -0.4338 -0.0000
vn -0.8837 -0.4338 0.1758
vn -0.4251 -0.6438 -0.6363
vn -0.5354 -0.2667 -0.8014
vn -0.3688 -0.2667 -0.8904
vn -0.2928 -0.6438 -0.7070
vn -0.2928 -0.6438 0.7070
vn -0.4251 -0.6438 0.6363
vn -0.1493 -0.6438 -0.7505
vn -0.1493 -0.6438 0.7505
vn -0.5411 -0.6438 -0.5411
vn -0.6363 -0.6438 -0.4251
vn -0.7070 -0.6438 -0.2928
vn -0.7505 -0.6438 -0.1493
vn -0.7652 -0.6438 -0.0000
vn -0.7505 -0.6438 0.1493
vn -0.7070 -0.6438 0.2928
vn -0.6363 -0.6438 0.4251
vn -0.5411 -0.6438 0.5411
vn -0.8904 -0.2667 -0.3688
vn -0.8751 0.3207 -0.3625
vn -0.7876 0.3207 -0.5262
vn -0.8014 -0.2667 -0.5354
vn -0.6815 -0.2667 -0.6815
vn -0.9453 -0.2667 -0.1880
vn -0.9638 -0.2667 -0.0000
vn -0.9453 -0.2667 0.1880
vn -0.8904 -0.2667 0.3688
vn -0.8014 -0.2667 0.5354
vn -0.6815 -0.2667 0.6815
vn -0.5354 -0.2667 0.8014
vn -0.3688 -0.2667 0.8904
vn -0.1880 -0.2667 -0.9453
vn -0.1880 -0.2667 0.9453
vn -0.9290 0.3207 0.1848
vn -0.7361 0.6608 0.1464
vn -0.7505 0.6608 -0.0000
vn -0.9472 0.3207 -0.0000
vn -0.9290 0.3207 -0.1848
vn -0.8751 0.3207 0.3625
vn -0.7876 0.3207 0.5262
vn -0.6698 0.3207 0.6698
vn -0.5262 0.3207 0.7876
vn -0.3625 0.3207 0.8751
vn -0.1848 0.3207 -0.9290
vn -0.1848 0.3207 0.9290
vn -0.3625 0.3207 -0.8751
vn -0.5262 0.3207 -0.7876
vn -0.6698 0.3207 -0.6698
vn -0.5307 0.6608 0.5307
vn -0.5370 0.6506 0.5370
vn -0.6315 0.6506 0.4219
vn -0.6240 0.6608 0.4170
vn -0.6934 0.6608 0.2872
vn -0.4170 0.6608 0.6240
vn -0.2872 0.6608 0.6934
vn -0.1464 0.6608 -0.7361
vn -0.1464 0.6608 0.7361
vn -0.2872 0.6608 -0.6934
vn -0.4170 0.6608 -0.6240
vn -0.5307 0.6608 -0.5307
vn -0.6240 0.6608 -0.4170
vn -0.6934 0.6608 -0.2872
vn -0.7361 0.6608 -0.1464
vn -0.1482 0.6506 0.7449
vn -0.1848 0.3208 0.9290
vn -0.3625 0.3208 0.8751
vn -0.2906 0.6506 0.7017
vn -0.4219 0.6506 0.6315
vn -0.1482 0.6506 -0.7449
vn -0.2906 0.6506 -0.7017
vn -0.4219 0.6506 -0.6315
vn -0.5370 0.6506 -0.5370
vn -0.6315 0.6506 -0.4219
vn -0.7017 0.6506 -0.2906
vn -0.7449 0.6506 -0.1482
vn -0.7595 0.6506 -0.0000
vn -0.7449 0.6506 0.1482
vn -0.7017 0.6506 0.2906
vn -0.3625 0.3208 -0.8751
vn -0.1848 0.3208 -0.9290
vn -0.5262 0.3208 -0.7875
vn -0.6697 0.3208 -0.6697
vn -0.7875 0.3208 -0.5262
vn -0.8751 0.3208 -0.3625
vn -0.9290 0.3208 -0.1848
vn -0.9472 0.3208 -0.0000
vn -0.9290 0.3208 0.1848
vn -0.8751 0.3208 0.3625
vn -0.7875 0.3208 0.5262
vn -0.6697 0.3208 0.6697
vn -0.5262 0.3208 0.7875
vn -0.7863 -0.3251 -0.5254
vn -0.6687 -0.3251 -0.6687
vn -0.8737 -0.3251 -0.3619
vn -0.9275 -0.3251 -0.1845
vn -0.9457 -0.3251 -0.0000
vn -0.9275 -0.3251 0.1845
vn -0.8737 -0.3251 0.3619
vn -0.7863 -0.3251 0.5254
vn -0.6687 -0.3251 0.6687
vn -0.5254 -0.3251 0.7863
vn -0.3619 -0.3251 0.8737
vn -0.1845 -0.3251 -0.9275
vn -0.1845 -0.3251 0.9275
vn -0.3619 -0.3251 -0.8737
vn -0.5254 -0.3251 -0.7863
vn -0.7866 -0.6175 -0.0000
vn -0.7715 -0.6175 -0.1535
vn -0.7715 -0.6175 0.1535
vn -0.7267 -0.6175 0.3010
vn -0.6540 -0.6175 0.4370
vn -0.5562 -0.6175 0.5562
vn -0.4370 -0.6175 0.6540
vn -0.3010 -0.6175 0.7267
vn -0.1535 -0.6175 -0.7715
vn -0.1535 -0.6175 0.7715
vn -0.3010 -0.6175 -0.7267
vn -0.4370 -0.6175 -0.6540
vn -0.5562 -0.6175 -0.5562
vn -0.6540 -0.6175 -0.4370
vn -0.7267 -0.6175 -0.3010
vn -0.7301 -0.4786 0.4878
vn -0.8112 -0.4786 0.3360
vn -0.6209 -0.4786 0.6209
vn -0.4878 -0.4786 0.7301
vn -0.3360 -0.4786 0.8112
vn -0.1713 -0.4786 -0.8612
vn -0.1713 -0.4786 0.8612
vn -0.3360 -0.4786 -0.8112
vn -0.4878 -0.4786 -0.7301
vn -0.6209 -0.4786 -0.6209
vn -0.7301 -0.4786 -0.4878
vn -0.8112 -0.4786 -0.3360
vn -0.8612 -0.4786 -0.1713
vn -0.8780 -0.4786 -0.0000
vn -0.8612 -0.4786 0.1713
vn -0.3776 -0.1616 0.9117
vn -0.5483 -0.1616 0.8205
vn -0.1925 -0.1616 -0.9679
vn -0.1925 -0.1616 0.9679
vn -0.3777 -0.1616 -0.9117
vn -0.5483 -0.1616 -0.8205
vn -0.6978 -0.1616 -0.6978
vn -0.8205 -0.1616 -0.5483
vn -0.9117 -0.1616 -0.3776
vn -0.9679 -0.1616 -0.1925
vn -0.9869 -0.1616 -0.0000
vn -0.9679 -0.1616 0.1925
vn -0.9117 -0.1616 0.3776
vn -0.8205 -0.1616 0.5483
vn -0.6978 -0.1616 0.6978
vn -0.7026 0.1122 -0.7026
vn -0.5521 0.1122 -0.8262
vn -0.8262 0.1122 -0.5521
vn -0.9180 0.1122 -0.3803
vn -0.9746 0.1122 -0.1939
vn -0.9937 0.1122 -0.0000
vn -0.9746 0.1122 0.1939
vn -0.9180 0.1122 0.3803
vn -0.8262 0.1122 0.5521
vn -0.7026 0.1122 0.7026
vn -0.5521 0.1122 0.8262
vn -0.3803 0.1122 0.9180
vn -0.1939 0.1122 -0.9746
vn -0.1939 0.1122 0.9746
vn -0.3803 0.1122 -0.9180
vn -0.9542 0.2312 -0.1898
vn -0.8988 0.2312 -0.3723
vn -0.9729 0.2312 -0.0000
vn -0.9542 0.2312 0.1898
vn -0.8988 0.2312 0.3723
vn -0.8089 0.2312 0.5405
vn -0.6879 0.2312 0.6879
vn -0.5405 0.2312 0.8089
vn -0.3723 0.2312 0.8988
vn -0.1898 0.2312 -0.9542
vn -0.1898 0.2312 0.9542
vn -0.3723 0.2312 -0.8988
vn -0.5405 0.2312 -0.8089
vn -0.6879 0.2312 -0.6879
vn -0.8089 0.2312 -0.5405
vn -0.9059 0.1963 0.3752
vn -0.9617 0.1963 0.1913
vn -0.8153 0.1963 0.5448
vn -0.6933 0.1963 0.6933
vn -0.5448 0.1963 0.8153
vn -0.3752 0.1963 0.9059
vn -0.1913 0.1963 -0.9617
vn -0.1913 0.1963 0.9617
vn -0.3752 0.1963 -0.9059
vn -0.5448 0.1963 -0.8153
vn -0.6933 0.1963 -0.6933
vn -0.8153 0.1963 -0.5448
vn -0.9059 0.1963 -0.3752
vn -0.9617 0.1963 -0.1913
vn -0.9805 0.1963 -0.0000
vn -0.3784 0.1484 -0.9137
vn -0.3817 0.0702 -0.9216
vn -0.1946 0.0702 -0.9784
vn -0.1929 0.1484 -0.9699
vn -0.5494 0.1484 0.8223
vn -0.6993 0.1484 0.6993
vn -0.3784 0.1484 0.9137
vn -0.1929 0.1484 0.9699
vn -0.5494 0.1484 -0.8223
vn -0.6993 0.1484 -0.6993
vn -0.8223 0.1484 -0.5494
vn -0.9137 0.1484 -0.3784
vn -0.9699 0.1484 -0.1929
vn -0.9889 0.1484 -0.0000
vn -0.9699 0.1484 0.1929
vn -0.9137 0.1484 0.3784
vn -0.8223 0.1484 0.5494
vn -0.8294 0.0702 -0.5542
vn -0.7793 -0.3485 -0.5207
vn -0.6628 -0.3485 -0.6628
vn -0.7054 0.0702 -0.7054
vn -0.1946 0.0702 0.9784
vn -0.5542 0.0702 -0.8294
vn -0.9216 0.0702 -0.3817
vn -0.9784 0.0702 -0.1946
vn -0.9975 0.0702 -0.0000
vn -0.9784 0.0702 0.1946
vn -0.9216 0.0702 0.3817
vn -0.8294 0.0702 0.5542
vn -0.7054 0.0702 0.7054
vn -0.5542 0.0702 0.8294
vn -0.3817 0.0702 0.9216
vn -0.9373 -0.3485 -0.0000
vn -0.8597 -0.5108 -0.0000
vn -0.8432 -0.5108 -0.1677
vn -0.9193 -0.3485 -0.1829
vn -0.8659 -0.3485 -0.3587
vn -0.9193 -0.3485 0.1829
vn -0.8659 -0.3485 0.3587
vn -0.7793 -0.3485 0.5207
vn -0.6628 -0.3485 0.6628
vn -0.5207 -0.3485 0.7793
vn -0.3587 -0.3485 0.8659
vn -0.1829 -0.3485 -0.9193
vn -0.1829 -0.3485 0.9193
vn -0.3587 -0.3485 -0.8659
vn -0.5207 -0.3485 -0.7793
vn -0.7148 -0.5108 0.4776
vn -0.8309 0.0364 0.5552
vn -0.9233 0.0364 0.3824
vn -0.7943 -0.5108 0.3290
vn -0.8432 -0.5108 0.1677
vn -0.6079 -0.5108 0.6079
vn -0.4776 -0.5108 0.7148
vn -0.3290 -0.5108 0.7943
vn -0.1677 -0.5108 -0.8432
vn -0.1677 -0.5108 0.8432
vn -0.3290 -0.5108 -0.7943
vn -0.4776 -0.5108 -0.7148
vn -0.6079 -0.5108 -0.6079
vn -0.7148 -0.5108 -0.4776
vn -0.7943 -0.5108 -0.3290
vn -0.7066 0.0364 0.7066
vn -0.5552 0.0364 0.8309
vn -0.3824 0.0364 0.9233
vn -0.1950 0.0364 -0.9801
vn -0.1950 0.0365 0.9801
vn -0.3824 0.0364 -0.9233
vn -0.5552 0.0364 -0.8309
vn -0.7066 0.0364 -0.7066
vn -0.8309 0.0364 -0.5552
vn -0.9233 0.0364 -0.3824
vn -0.9801 0.0364 -0.1950
vn -0.9993 0.0364 -0.0000
vn -0.9801 0.0364 0.1950
vn -0.4346 0.6229 0.6504
vn -0.5531 0.6230 0.5531
vn -0.1526 0.6230 -0.7672
vn -0.2994 0.6230 0.7227
vn -0.2994 0.6230 -0.7227
vn -0.1526 0.6230 0.7672
vn -0.4346 0.6229 -0.6504
vn -0.5531 0.6230 -0.5531
vn -0.6504 0.6230 -0.4346
vn -0.7227 0.6229 -0.2994
vn -0.7672 0.6229 -0.1526
vn -0.7823 0.6230 -0.0000
vn -0.7672 0.6229 0.1526
vn -0.7227 0.6229 0.2994
vn -0.6504 0.6230 0.4346
vn -0.1436 0.6771 0.7218
vn -0.4088 0.6771 -0.6119
vn -0.2816 0.6771 -0.6799
vn -0.5203 0.6771 -0.5204
vn -0.6119 0.6771 -0.4088
vn -0.6799 0.6771 -0.2816
vn -0.7217 0.6771 -0.1436
vn -0.7359 0.6771 -0.0000
vn -0.7217 0.6771 0.1436
vn -0.6799 0.6771 0.2816
vn -0.6119 0.6771 0.4088
vn -0.5203 0.6771 0.5204
vn -0.4088 0.6771 0.6119
vn -0.2816 0.6771 0.6799
vn -0.1436 0.6771 -0.7218
vn -0.8740 0.3242 -0.3620
vn -0.7866 0.3242 -0.5256
vn -0.9278 0.3242 -0.1845
vn -0.9460 0.3242 -0.0000
vn -0.9278 0.3242 0.1846
vn -0.8740 0.3242 0.3620
vn -0.7866 0.3242 0.5256
vn -0.6689 0.3242 0.6689
vn -0.5256 0.3242 0.7866
vn -0.3620 0.3242 0.8740
vn -0.1845 0.3242 -0.9278
vn -0.1845 0.3242 0.9278
vn -0.3620 0.3242 -0.8740
vn -0.5256 0.3242 -0.7866
vn -0.6689 0.3242 -0.6689
vn -0.9040 0.3879 0.1798
vn -0.9217 0.3879 -0.0000
vn -0.8515 0.3879 0.3527
vn -0.7664 0.3879 0.5121
vn -0.6517 0.3879 0.6517
vn -0.5121 0.3879 0.7663
vn -0.3527 0.3879 0.8515
vn -0.1798 0.3879 -0.9040
vn -0.1798 0.3879 0.9040
vn -0.3527 0.3879 -0.8515
vn -0.5121 0.3879 -0.7664
vn -0.6517 0.3879 -0.6517
vn -0.7664 0.3879 -0.5121
vn -0.8515 0.3879 -0.3527
vn -0.9040 0.3879 -0.1798
vn -0.1537 0.6161 -0.7725
vn -0.1865 0.2927 -0.9378
vn -0.5570 0.6161 0.5570
vn -0.6549 0.6161 0.4376
vn -0.4376 0.6161 0.6549
vn -0.3014 0.6161 0.7277
vn -0.1537 0.6161 0.7725
vn -0.3014 0.6161 -0.7277
vn -0.4376 0.6161 -0.6549
vn -0.5570 0.6161 -0.5570
vn -0.6549 0.6161 -0.4376
vn -0.7277 0.6161 -0.3014
vn -0.7725 0.6161 -0.1537
vn -0.7877 0.6161 -0.0000
vn -0.7725 0.6161 0.1537
vn -0.7277 0.6161 0.3014
vn -0.6761 0.2927 -0.6761
vn -0.6880 0.2312 -0.6880
vn -0.5405 0.2311 -0.8089
vn -0.5313 0.2927 -0.7951
vn -0.1865 0.2927 0.9378
vn -0.3659 0.2927 0.8834
vn -0.3659 0.2927 -0.8834
vn -0.7950 0.2927 -0.5313
vn -0.8834 0.2927 -0.3659
vn -0.9378 0.2927 -0.1865
vn -0.9562 0.2927 -0.0000
vn -0.9378 0.2927 0.1865
vn -0.8834 0.2927 0.3659
vn -0.7951 0.2927 0.5312
vn -0.6761 0.2927 0.6761
vn -0.5313 0.2927 0.7951
vn -0.9526 0.2378 -0.1895
vn -0.8974 0.2378 -0.3717
vn -0.8989 0.2312 -0.3723
vn -0.8989 0.2312 0.3723
vn -0.6880 0.2312 0.6880
vn -0.3723 0.2312 0.8989
vn -0.3723 0.2312 -0.8989
vn -0.9713 0.2378 -0.0000
vn -0.9526 0.2378 0.1895
vn -0.8974 0.2378 0.3717
vn -0.8076 0.2378 0.5396
vn -0.6868 0.2378 0.6868
vn -0.5396 0.2378 0.8076
vn -0.3717 0.2378 0.8974
vn -0.1895 0.2378 -0.9526
vn -0.1895 0.2378 0.9526
vn -0.3717 0.2378 -0.8974
vn -0.5396 0.2378 -0.8076
vn -0.6868 0.2378 -0.6868
vn -0.8076 0.2378 -0.5396
vn -0.1208 -0.1353 -0.9834
vn -0.1400 0.5262 -0.8388
vn 0.3504 0.8111 -0.4684
vn 0.3680 0.0163 -0.9297
vn -0.9834 -0.1353 0.1207
vn -0.9847 -0.0578 0.1644
vn -0.5593 0.7156 -0.4184
vn -0.9297 0.0163 -0.3680
vn -0.9842 -0.1772 -0.0000
vn -0.9761 -0.1754 0.1282
vn -0.9761 -0.1754 -0.1282
vn -0.9297 0.0163 0.3680
vn -0.9834 -0.1353 -0.1207
vn 0.6726 0.3084 0.6726
vn -0.4684 0.8111 0.3504
vn -0.9842 -0.1773 -0.0000
vn -0.0953 -0.9909 0.0953
vn -0.0951 -0.9955 -0.0000
vn -0.0000 -0.1772 -0.9842
vn 0.6726 0.3084 -0.6726
vn 0.4184 0.7156 0.5593
vn -0.1282 -0.1754 -0.9761
vn -0.8388 0.5262 -0.1400
vn -0.0953 -0.9909 -0.0953
vn -0.1644 -0.0578 0.9847
vn -0.9479 0.3185 -0.0000
vn -0.9679 0.2513 -0.0000
vn -0.8030 0.5960 -0.0000
vn -0.8059 0.5921 -0.0000
vn -0.8374 0.5466 -0.0000
vn -0.8469 0.5317 -0.0000
vn -0.9686 0.2485 -0.0000
vn -0.8380 -0.5457 -0.0000
vn -0.9602 0.2794 -0.0000
vn -0.7876 -0.6162 -0.0000
vn -0.7643 -0.6448 -0.0000
vn -0.9962 -0.0866 -0.0000
vn -0.8884 -0.4590 -0.0000
vn -0.8833 0.4689 -0.0000
vn -0.9430 0.3328 -0.0000
vn -0.9967 -0.0817 -0.0000
vn -0.5537 0.8327 -0.0000
vn -0.5566 0.8308 -0.0000
vn -0.6387 0.7695 -0.0000
vn -0.6026 0.7980 -0.0000
vn -0.9279 0.3729 -0.0000
vn -0.9018 0.4322 -0.0000
vn -0.9246 -0.3810 -0.0000
vn -0.8969 -0.4423 -0.0000
vn -0.7859 -0.6183 -0.0000
vn -0.8113 -0.5847 -0.0000
vn -0.9243 -0.3817 -0.0000
vn -0.9386 -0.3449 -0.0000
vn -0.9933 -0.1157 -0.0000
vn -0.9943 -0.1068 -0.0000
vn -0.9896 0.1439 -0.0000
vn -0.9915 0.1300 -0.0000
vn -0.9084 0.4180 -0.0000
vn -0.9237 0.3832 -0.0000
vn -0.7588 0.6513 -0.0000
vn -0.7916 0.6111 -0.0000
vn -0.6639 0.7478 -0.0000
vn 0.6857 -0.0000 -0.7279
vn 0.6857 0.1420 -0.7139
vn 0.6857 0.2785 -0.6725
vn 0.6857 0.4044 -0.6052
vn 0.6857 0.5147 -0.5147
vn 0.6857 0.6052 -0.4044
vn 0.6857 0.6725 -0.2785
vn 0.6857 0.7139 -0.1419
vn 0.6857 0.7279 -0.0000
vn 0.6857 0.7139 0.1420
vn 0.6857 0.6725 0.2786
vn 0.6857 0.6052 0.4044
vn 0.6857 0.5147 0.5147
vn 0.6857 0.4044 0.6052
vn 0.6857 0.2785 0.6725
vn 0.6857 0.1420 0.7139
vn 0.6857 -0.0000 0.7279
vn 0.6857 -0.1420 0.7139
vn 0.6857 -0.2785 0.6725
vn 0.6857 -0.4044 0.6052
vn 0.6857 -0.5147 0.5147
vn 0.6857 -0.6052 0.4044
vn 0.6857 -0.6725 0.2785
vn 0.6857 -0.7139 0.1420
vn 0.6857 -0.7279 -0.0000
vn 0.6857 -0.7139 -0.1420
vn 0.6857 -0.6725 -0.2786
vn 0.6857 -0.6052 -0.4044
vn 0.6857 -0.5147 -0.5147
vn 0.6857 -0.4044 -0.6052
vn 0.6857 -0.2785 -0.6725
vn 0.6857 -0.1420 -0.7139
vn 0.8579 -0.1619 0.4876
vn 0.7220 -0.5484 0.4220
vn 0.7967 -0.5937 0.1135
vn 0.4876 -0.1619 0.8579
vn 0.4220 -0.5484 0.7219
vn 0.1291 -0.1739 0.9763
vn 0.1135 -0.5937 0.7967
vn 0.0949 -0.9143 0.3936
vn 0.3687 -0.8533 0.3687
vn 0.3937 -0.9143 0.0949
vn 0.4876 -0.1619 -0.8579
vn 0.4220 -0.5484 -0.7219
vn 0.1135 -0.5937 -0.7966
vn 0.8579 -0.1619 -0.4876
vn 0.7220 -0.5484 -0.4220
vn 0.7967 -0.5937 -0.1135
vn 0.3937 -0.9143 -0.0949
vn 0.3687 -0.8533 -0.3686
vn 0.0949 -0.9143 -0.3936
vn 0.8469 0.2258 -0.4814
vn 0.4679 0.7498 -0.4678
vn 0.4815 0.2259 -0.8469
vn 0.4814 0.2258 0.8469
vn 0.4679 0.7498 0.4679
vn 0.8469 0.2258 0.4814
vn -0.7955 -0.5954 0.1120
vn -0.7207 -0.5518 0.4196
vn -0.8580 -0.1645 0.4866
vn -0.3931 -0.9146 0.0944
vn -0.3675 -0.8544 0.3674
vn -0.0944 -0.9146 0.3931
vn -0.1121 -0.5955 0.7955
vn -0.4197 -0.5519 0.7206
vn -0.4866 -0.1646 0.8580
vn -0.1121 -0.5955 -0.7955
vn -0.4197 -0.5519 -0.7206
vn -0.4866 -0.1645 -0.8580
vn -0.0944 -0.9146 -0.3931
vn -0.3675 -0.8544 -0.3674
vn -0.3931 -0.9146 -0.0944
vn -0.7955 -0.5954 -0.1120
vn -0.7207 -0.5518 -0.4196
vn -0.8580 -0.1645 -0.4866
vn -0.4816 0.2271 -0.8465
vn -0.4661 0.7520 -0.4661
vn -0.8465 0.2271 -0.4816
vn -0.8465 0.2271 0.4816
vn -0.4661 0.7520 0.4661
vn -0.4816 0.2271 0.8465
vn 0.8575 -0.1669 -0.4867
vn 0.4867 -0.1669 -0.8575
vn 0.3958 -0.9183 0.0001
vn 0.7953 -0.6062 0.0001
vn 0.4867 -0.1669 0.8575
vn 0.8575 -0.1669 0.4867
vn -0.0001 -0.9183 0.3958
vn -0.0001 -0.6062 0.7953
vn -0.0001 -0.9183 -0.3958
vn -0.0001 -0.6062 -0.7953
vn -0.0000 -0.9183 -0.3960
vn -0.0000 -0.6066 -0.7950
vn -0.0000 -0.9183 0.3960
vn -0.0000 -0.6066 0.7950
vn 0.3958 -0.9183 -0.0001
vn 0.7953 -0.6062 -0.0001
vn 0.3960 -0.9183 -0.0000
vn 0.7950 -0.6066 -0.0000
vn -0.4864 -0.1668 -0.8577
vn -0.8577 -0.1668 -0.4864
vn -0.7950 -0.6066 -0.0000
vn -0.3959 -0.9183 -0.0000
vn -0.8577 -0.1668 0.4864
vn -0.4864 -0.1668 0.8577
vn -0.0000 -0.9183 0.3959
vn -0.0000 -0.9183 -0.3959
vn -0.3960 -0.9183 -0.0000
vn 0.0479 0.8305 -0.5549
vn 0.0479 0.9228 -0.3823
vn 0.0479 -0.5549 0.8305
vn 0.0479 -0.7063 0.7063
vn 0.0479 0.9797 -0.1948
vn 0.0479 -0.8305 0.5550
vn 0.0479 0.9989 -0.0000
vn 0.0479 -0.9228 0.3823
vn 0.0479 0.9797 0.1948
vn 0.0479 -0.9797 0.1948
vn 0.0479 0.9228 0.3823
vn 0.0479 -0.9989 -0.0000
vn 0.0479 0.8305 0.5549
vn 0.0479 -0.9797 -0.1948
vn 0.0479 0.7063 0.7063
vn 0.0479 -0.9228 -0.3823
vn 0.0479 0.5549 0.8305
vn 0.0479 -0.8305 -0.5550
vn 0.0479 0.3822 0.9228
vn 0.0479 -0.0000 -0.9989
vn 0.0479 0.1949 -0.9797
vn 0.0479 -0.7063 -0.7063
vn 0.0479 0.1949 0.9797
vn 0.0479 0.3822 -0.9228
vn 0.0479 -0.5549 -0.8305
vn 0.0479 -0.0000 0.9989
vn 0.0479 0.5549 -0.8305
vn 0.0479 -0.3822 -0.9228
vn 0.0479 -0.1949 0.9797
vn 0.0479 0.7063 -0.7063
vn 0.0479 -0.1949 -0.9797
vn 0.0479 -0.3822 0.9228
vn -0.0479 0.8305 -0.5549
vn -0.0479 0.9228 -0.3823
vn -0.0479 -0.5549 0.8305
vn -0.0479 -0.7063 0.7063
vn -0.0479 0.9797 -0.1948
vn -0.0479 -0.8305 0.5550
vn -0.0479 0.9989 -0.0000
vn -0.0479 -0.9228 0.3823
vn -0.0479 0.9797 0.1948
vn -0.0479 -0.9797 0.1948
vn -0.0479 0.9228 0.3823
vn -0.0479 -0.9989 -0.0000
vn -0.0479 0.8305 0.5549
vn -0.0479 -0.9797 -0.1948
vn -0.0479 0.7063 0.7063
vn -0.0479 -0.9228 -0.3823
vn -0.0479 0.5549 0.8305
vn -0.0479 -0.8305 -0.5550
vn -0.0479 0.3822 0.9228
vn -0.0479 -0.0000 -0.9989
vn -0.0479 0.1949 -0.9797
vn -0.0479 -0.7063 -0.7063
vn -0.0479 0.1949 0.9797
vn -0.0479 0.3822 -0.9228
vn -0.0479 -0.5549 -0.8305
vn -0.0479 -0.0000 0.9989
vn -0.0479 0.5549 -0.8305
vn -0.0479 -0.3822 -0.9228
vn -0.0479 -0.1949 0.9797
vn -0.0479 0.7063 -0.7063
vn -0.0479 -0.1949 -0.9797
vn -0.0479 -0.3822 0.9228
vn -0.0000 -0.1951 -0.9808
vn -0.0000 -0.3827 -0.9239
vn -0.0000 -0.5556 -0.8315
vn -0.0000 -0.7071 -0.7071
vn -0.0000 -0.8315 -0.5556
vn -0.0000 -0.9239 -0.3827
vn -0.0000 -0.9808 -0.1951
vn -0.0000 -0.9808 0.1951
vn -0.0000 -0.9239 0.3827
vn -0.0000 -0.8315 0.5555
vn -0.0000 -0.7071 0.7071
vn -0.0000 -0.5556 0.8315
vn -0.0000 -0.3827 0.9239
vn -0.0000 -0.1951 0.9808
vn -0.0000 0.1951 0.9808
vn -0.0000 0.3827 0.9239
vn -0.0000 0.5556 0.8315
vn -0.0000 0.7071 0.7071
vn -0.0000 0.8315 0.5556
vn -0.0000 0.9239 0.3827
vn -0.0000 0.9808 0.1950
vn -0.0000 1.0000 -0.0001
vn -0.0000 0.9808 -0.1950
vn -0.0000 0.9239 -0.3826
vn -0.0000 0.8314 -0.5556
vn -0.0000 0.7071 -0.7071
vn -0.0000 0.5556 -0.8315
vn -0.0000 0.3826 -0.9239
vn -0.0000 0.1951 -0.9808
vn -0.0000 -0.8315 -0.5555
vn -0.0000 0.8314 0.5556
vn -0.0000 0.9239 0.3826
vn -0.0000 0.9239 -0.3827
vn -0.0000 0.5555 -0.8315
vn -0.0000 0.3827 -0.9239
vn 0.9610 0.1998 -0.1912
vn 0.9798 0.1998 -0.0000
vn 0.9610 0.1998 0.1912
vn 0.9052 0.1998 0.3750
vn 0.8315 -0.0000 0.5555
vn 0.8147 0.1998 0.5443
vn 0.6928 0.1998 0.6928
vn 0.5444 0.1998 0.8147
vn 0.3750 0.1998 0.9053
vn -0.0000 0.1998 -0.9798
vn 0.1912 0.1998 -0.9610
vn 0.1911 0.1998 0.9610
vn 0.3750 0.1998 -0.9052
vn -0.0000 0.1998 0.9798
vn 0.5443 0.1998 -0.8147
vn 0.6928 0.1998 -0.6929
vn 0.8147 0.1998 -0.5444
vn 0.9052 0.1998 -0.3750
vn -0.9798 0.1998 -0.0000
vn -0.9610 0.1998 -0.1911
vn -0.9610 0.1998 0.1911
vn -0.9053 0.1998 0.3750
vn -0.8147 0.1998 0.5444
vn -0.6929 0.1998 0.6928
vn -0.5444 0.1998 0.8147
vn -0.3750 0.1998 0.9053
vn -0.1912 0.1998 -0.9610
vn -0.1911 0.1998 0.9610
vn -0.3750 0.1998 -0.9052
vn -0.5444 0.1998 -0.8147
vn -0.6929 0.1998 -0.6928
vn -0.8147 0.1998 -0.5444
vn -0.9052 0.1998 -0.3750
vn -0.6692 0.6619 0.3376
vn -0.7356 0.5852 0.3412
vn -0.7745 0.4298 0.4642
vn -0.7321 0.5116 0.4497
vn -0.6814 0.4020 0.6116
vn -0.7677 0.3433 0.5411
vn -0.7751 0.1686 0.6089
vn -0.7173 0.2156 0.6626
vn -0.0131 -0.0279 0.9995
vn 0.0085 0.1097 0.9939
vn -0.7288 0.0277 0.6842
vn 0.3457 0.6597 -0.6673
vn 0.3562 0.6080 -0.7095
vn 0.2065 0.7389 -0.6413
vn 0.2134 0.7867 -0.5792
vn 0.1866 0.9264 -0.3270
vn 0.0654 0.8838 -0.4633
vn -0.0828 0.9392 -0.3333
vn 0.0525 0.9812 -0.1860
vn 0.0504 0.2395 0.9696
vn 0.4228 -0.8934 -0.1520
vn 0.5716 -0.8153 -0.0928
vn 0.6496 -0.7275 -0.2209
vn 0.5162 -0.8087 -0.2821
vn 0.6474 -0.2190 -0.7300
vn 0.6861 -0.1969 -0.7003
vn 0.6591 0.0043 -0.7521
vn 0.6533 -0.0148 -0.7569
vn 0.0982 0.3660 0.9254
vn -0.6185 0.5754 0.5351
vn 0.6060 0.1984 -0.7703
vn 0.6336 0.2043 -0.7462
vn 0.5588 0.3449 -0.7542
vn 0.5366 0.3665 -0.7601
vn -0.1035 -0.9848 0.1393
vn 0.0408 -0.9673 0.2503
vn 0.2007 -0.9741 0.1047
vn 0.0323 -0.9995 0.0006
vn 0.1678 0.4741 0.8643
vn -0.5330 0.7235 0.4387
vn -0.3447 0.9360 -0.0711
vn -0.4413 0.8907 -0.1088
vn -0.5518 0.8335 0.0272
vn -0.4639 0.8837 0.0614
vn -0.1858 0.9803 0.0666
vn -0.3098 0.9301 0.1972
vn 0.2488 0.5606 0.7898
vn -0.4296 0.8422 0.3257
vn 0.1630 -0.9216 0.3524
vn 0.3562 -0.9181 0.1737
vn 0.5835 0.3852 -0.7150
vn 0.4520 0.5180 -0.7262
vn 0.5142 0.5572 -0.6520
vn 0.3382 0.6248 0.7037
vn 0.6824 -0.3831 -0.6226
vn 0.7602 -0.3133 -0.5692
vn 0.7433 -0.1394 -0.6542
vn 0.2765 -0.9240 -0.2643
vn 0.3855 -0.8371 -0.3881
vn 0.4334 0.6610 0.6126
vn 0.0439 0.8384 -0.5432
vn -0.1164 0.8987 -0.4229
vn -0.6677 -0.3598 0.6517
vn -0.6469 -0.3562 0.6743
vn -0.5481 -0.5316 0.6458
vn -0.5887 -0.5536 0.5890
vn 0.5231 0.6731 0.5229
vn -0.0695 0.9961 -0.0544
vn -0.7831 0.2847 0.5529
vn -0.7704 0.1378 0.6225
vn 0.6109 0.6717 0.4190
vn -0.4098 -0.7058 0.5779
vn -0.3681 -0.6328 0.6812
vn -0.1959 -0.7762 0.5993
vn -0.2520 -0.8374 0.4850
vn 0.4249 0.7071 -0.5653
vn 0.3150 0.8327 -0.4555
vn 0.7098 0.6302 0.3149
vn 0.5940 -0.6934 -0.4079
vn 0.7103 -0.6126 -0.3466
vn 0.7484 -0.4733 -0.4646
vn 0.6508 -0.5503 -0.5232
vn 0.5579 -0.5751 -0.5982
vn 0.6145 -0.4069 -0.6759
vn 0.7978 0.5629 0.2158
vn 0.4726 0.4730 -0.7436
vn -0.3611 -0.8468 0.3906
vn -0.1120 -0.9166 0.3838
vn -0.2415 -0.9314 0.2725
vn 0.8728 0.4710 0.1282
vn -0.5797 0.7881 0.2072
vn -0.6589 0.7290 0.1856
vn -0.2225 0.9549 -0.1965
vn 0.9322 0.3577 0.0545
vn 0.3181 -0.9478 -0.0233
vn 0.4818 -0.8758 0.0307
vn 0.6316 0.1920 -0.7511
vn 0.9741 0.2260 -0.0009
vn 0.6987 0.0395 -0.7144
vn 0.1573 -0.9786 -0.1330
vn 0.9961 0.0787 -0.0391
vn -0.2932 0.9191 -0.2633
vn -0.7574 -0.0059 0.6530
vn 0.9958 -0.0744 -0.0534
vn -0.7155 -0.1797 0.6751
vn -0.6778 -0.1767 0.7137
vn -0.5999 -0.3317 0.7281
vn 0.9744 -0.2201 -0.0460
vn -0.0263 -0.8648 0.5014
vn 0.4803 -0.7200 -0.5009
vn 0.9347 -0.3551 -0.0181
vn -0.7346 -0.0204 0.6782
vn -0.4788 -0.7240 0.4966
vn 0.8792 -0.4757 0.0268
vn -0.7133 -0.1638 0.6815
vn 0.8105 -0.5792 0.0872
vn 0.7313 -0.6631 0.1598
vn -0.4991 -0.4832 0.7193
vn 0.6433 -0.7257 0.2439
vn 0.5495 -0.7642 0.3376
vn 0.4534 -0.7775 0.4358
vn 0.3559 -0.7657 0.5358
vn 0.2615 -0.7258 0.6363
vn 0.1851 -0.6567 0.7311
vn 0.1109 -0.5741 0.8112
vn 0.0521 -0.4566 0.8882
vn 0.0060 -0.3158 0.9488
vn -0.0142 -0.1712 0.9851
vn 0.1308 0.6535 -0.7455
vn -0.0467 0.7448 -0.6656
vn 0.5346 -0.8054 0.2560
vn 0.6671 -0.7414 0.0729
vn -0.2198 0.8018 -0.5558
vn 0.7324 -0.6789 -0.0524
vn -0.4104 0.8239 -0.3909
vn 0.7830 -0.5946 -0.1825
vn -0.5666 0.7945 -0.2184
vn 0.8143 -0.4899 -0.3114
vn -0.6676 0.7414 -0.0681
vn 0.8226 -0.3680 -0.4335
vn -0.7610 0.6368 0.1240
vn 0.8064 -0.2317 -0.5441
vn -0.7232 -0.0025 0.6906
vn -0.6515 -0.1370 0.7462
vn -0.8150 0.4859 0.3157
vn 0.7657 -0.0889 -0.6370
vn -0.5617 -0.2689 0.7824
vn -0.8199 0.3535 0.4503
vn 0.7039 0.0520 -0.7084
vn -0.4534 -0.3977 0.7977
vn -0.8056 0.2405 0.5415
vn 0.6265 0.1837 -0.7574
vn -0.3286 -0.5173 0.7902
vn -0.7742 0.1257 0.6203
vn 0.5408 0.2994 -0.7861
vn -0.1821 -0.6290 0.7558
vn 0.4417 0.4075 -0.7993
vn 0.0212 -0.7461 0.6655
vn 0.3052 0.5320 -0.7898
vn 0.2869 -0.8185 0.4978
vn -0.5426 0.6479 -0.5346
vn -0.6855 0.6298 -0.3652
vn 0.8824 -0.4494 -0.1394
vn 0.8885 -0.3694 -0.2722
vn -0.7962 0.5803 -0.1712
vn 0.8729 -0.2780 -0.4010
vn -0.8763 0.4756 0.0764
vn 0.8347 -0.1784 -0.5210
vn -0.7146 0.0004 0.6995
vn -0.6268 -0.0999 0.7727
vn -0.8896 0.3598 0.2814
vn 0.7752 -0.0749 -0.6272
vn -0.5228 -0.2001 0.8286
vn -0.8712 0.2687 0.4109
vn 0.6969 0.0286 -0.7166
vn -0.4047 -0.2972 0.8648
vn -0.8366 0.1871 0.5149
vn 0.6038 0.1275 -0.7869
vn -0.2769 -0.3866 0.8797
vn -0.7847 0.0972 0.6122
vn 0.4999 0.2193 -0.8378
vn -0.1428 -0.4651 0.8737
vn 0.3850 0.3059 -0.8708
vn 0.0449 -0.5549 0.8307
vn 0.2305 0.4041 -0.8852
vn 0.3808 -0.6504 0.6572
vn 0.0275 0.5085 -0.8606
vn 0.6901 -0.6358 0.3459
vn -0.1790 0.5859 -0.7904
vn 0.8124 -0.5699 0.1236
vn -0.3626 0.6307 -0.6861
vn 0.8561 -0.5167 -0.0059
vn -0.7071 0.0017 0.7071
vn -0.6066 -0.0734 0.7916
vn -0.9420 0.3301 0.0604
vn -0.9355 0.2629 0.2359
vn 0.8546 -0.1411 -0.4997
vn 0.7848 -0.0643 -0.6163
vn -0.4925 -0.1485 0.8575
vn -0.9066 0.2066 0.3678
vn 0.6951 0.0129 -0.7188
vn -0.3673 -0.2215 0.9033
vn -0.8586 0.1437 0.4921
vn 0.5884 0.0876 -0.8038
vn -0.2352 -0.2896 0.9278
vn -0.7917 0.0748 0.6063
vn 0.4683 0.1577 -0.8694
vn -0.0997 -0.3509 0.9311
vn 0.3380 0.2215 -0.9147
vn 0.0575 -0.4107 0.9100
vn 0.1848 0.2867 -0.9400
vn 0.4093 -0.5012 0.7624
vn -0.0234 0.3614 -0.9321
vn 0.7622 -0.4970 0.4149
vn -0.2598 0.4236 -0.8678
vn 0.8799 -0.4423 0.1734
vn -0.4625 0.4572 -0.7596
vn 0.9166 -0.3981 0.0375
vn -0.6259 0.4688 -0.6233
vn 0.9332 -0.3452 -0.1000
vn -0.7729 0.4549 -0.4424
vn 0.9291 -0.2838 -0.2371
vn -0.8937 0.4059 -0.1912
vn 0.9030 -0.2151 -0.3718
vn -0.3275 -0.1349 0.9352
vn -0.1830 -0.1783 0.9668
vn -0.8859 0.0805 0.4569
vn -0.8060 0.0416 0.5905
vn 0.5743 0.0525 -0.8170
vn 0.4360 0.0913 -0.8953
vn -0.0348 -0.2188 0.9752
vn -0.7074 -0.0004 0.7068
vn 0.2836 0.1255 -0.9507
vn 0.1178 -0.2562 0.9594
vn 0.1206 0.1542 -0.9806
vn 0.4465 -0.3115 0.8388
vn -0.0731 0.1844 -0.9801
vn 0.7979 -0.3137 0.5146
vn -0.3157 0.2158 -0.9240
vn 0.9205 -0.2805 0.2722
vn -0.5316 0.2298 -0.8153
vn 0.9611 -0.2486 0.1200
vn -0.6884 0.2332 -0.6868
vn 0.9768 -0.2115 -0.0329
vn -0.8432 0.2263 -0.4876
vn 0.9679 -0.1706 -0.1845
vn -0.9520 0.1987 -0.2328
vn 0.9347 -0.1266 -0.3321
vn -0.9853 0.1696 -0.0201
vn 0.8775 -0.0809 -0.4727
vn -0.5928 -0.0446 0.8041
vn -0.9782 0.1451 0.1484
vn 0.7974 -0.0347 -0.6025
vn -0.4652 -0.0899 0.8806
vn -0.9442 0.1152 0.3084
vn 0.6957 0.0100 -0.7183
vn 0.2088 -0.0526 0.9765
vn 0.4942 -0.0601 0.8672
vn 0.0483 0.0169 -0.9987
vn -0.1433 0.0148 -0.9896
vn 0.7909 -0.0591 0.6090
vn -0.3554 0.0127 -0.9346
vn 0.9203 -0.0512 0.3878
vn -0.5529 0.0111 -0.8332
vn 0.9744 -0.0417 0.2209
vn -0.7084 0.0092 -0.7057
vn 0.9982 -0.0319 0.0512
vn -0.8503 0.0070 -0.5262
vn 0.9929 -0.0221 -0.1173
vn -0.9476 0.0060 -0.3193
vn 0.9595 -0.0129 -0.2815
vn -0.9918 0.0060 -0.1280
vn 0.8988 -0.0045 -0.4383
vn -0.7088 -0.0081 0.7054
vn -0.5795 -0.0141 0.8148
vn -0.9980 0.0053 0.0634
vn 0.8119 0.0028 -0.5838
vn -0.4361 -0.0209 0.8996
vn -0.9687 0.0036 0.2481
vn 0.6998 0.0088 -0.7143
vn -0.2821 -0.0284 0.9590
vn -0.9078 0.0008 0.4195
vn 0.5642 0.0133 -0.8255
vn -0.1213 -0.0364 0.9919
vn -0.8196 -0.0031 0.5729
vn 0.4079 0.0162 -0.9129
vn 0.0433 -0.0445 0.9981
vn 0.2343 0.0174 -0.9720
vn 0.8980 0.0681 0.4348
vn 0.9611 0.0647 0.2685
vn -0.5510 -0.0653 -0.8320
vn -0.7070 -0.0686 -0.7038
vn 0.9936 0.0593 0.0965
vn -0.8360 -0.0692 -0.5444
vn 0.9957 0.0522 -0.0767
vn -0.9304 -0.0668 -0.3605
vn 0.9679 0.0436 -0.2475
vn -0.9845 -0.0616 -0.1641
vn 0.9106 0.0335 -0.4120
vn -0.7010 -0.0093 0.7131
vn -0.5638 0.0030 0.8259
vn -0.9979 -0.0541 0.0360
vn 0.8243 0.0223 -0.5657
vn -0.4120 0.0150 0.9111
vn -0.9720 -0.0445 0.2309
vn 0.7099 0.0102 -0.7042
vn -0.2500 0.0264 0.9679
vn -0.9104 -0.0335 0.4123
vn 0.5693 -0.0026 -0.8221
vn -0.0824 0.0369 0.9959
vn -0.8183 -0.0216 0.5744
vn 0.4054 -0.0155 -0.9140
vn 0.0876 0.0463 0.9951
vn 0.2226 -0.0282 -0.9745
vn 0.2561 0.0545 0.9651
vn 0.0267 -0.0401 -0.9988
vn 0.5154 0.0643 0.8546
vn -0.1738 -0.0506 -0.9835
vn 0.7689 0.0693 0.6357
vn -0.3705 -0.0592 -0.9270
vn 0.3376 0.6619 0.6693
vn 0.3411 0.5852 0.7357
vn 0.4642 0.4297 0.7745
vn 0.4496 0.5116 0.7322
vn 0.6116 0.4020 0.6815
vn 0.5411 0.3434 0.7677
vn 0.6090 0.1686 0.7750
vn 0.6627 0.2156 0.7172
vn 0.9995 -0.0279 0.0130
vn 0.9939 0.1097 -0.0085
vn 0.6842 0.0276 0.7287
vn -0.6673 0.6597 -0.3457
vn -0.7095 0.6080 -0.3562
vn -0.6413 0.7389 -0.2066
vn -0.5792 0.7867 -0.2136
vn -0.3269 0.9264 -0.1866
vn -0.4632 0.8838 -0.0655
vn -0.3332 0.9392 0.0828
vn -0.1859 0.9812 -0.0526
vn 0.9696 0.2395 -0.0504
vn -0.1520 -0.8934 -0.4228
vn -0.0928 -0.8153 -0.5716
vn -0.2208 -0.7275 -0.6496
vn -0.2820 -0.8087 -0.5162
vn -0.7300 -0.2190 -0.6474
vn -0.7003 -0.1969 -0.6862
vn -0.7521 0.0043 -0.6591
vn -0.7569 -0.0148 -0.6534
vn 0.9254 0.3660 -0.0981
vn 0.5351 0.5754 0.6185
vn -0.7703 0.1984 -0.6061
vn -0.7461 0.2043 -0.6337
vn -0.7542 0.3449 -0.5588
vn -0.7601 0.3665 -0.5366
vn 0.1393 -0.9848 0.1034
vn 0.2503 -0.9673 -0.0408
vn 0.1047 -0.9740 -0.2007
vn 0.0006 -0.9995 -0.0324
vn 0.8643 0.4741 -0.1679
vn 0.4387 0.7235 0.5330
vn -0.0711 0.9360 0.3447
vn -0.1088 0.8907 0.4414
vn 0.0273 0.8336 0.5517
vn 0.0615 0.8837 0.4639
vn 0.0667 0.9803 0.1858
vn 0.1972 0.9301 0.3098
vn 0.7898 0.5606 -0.2488
vn 0.3257 0.8422 0.4297
vn 0.3523 -0.9216 -0.1631
vn 0.1737 -0.9181 -0.3562
vn -0.7150 0.3851 -0.5835
vn -0.7263 0.5180 -0.4519
vn -0.6520 0.5573 -0.5141
vn 0.7037 0.6248 -0.3382
vn -0.6226 -0.3830 -0.6824
vn -0.5692 -0.3134 -0.7601
vn -0.6542 -0.1394 -0.7433
vn -0.2643 -0.9239 -0.2765
vn -0.3881 -0.8371 -0.3855
vn 0.6126 0.6610 -0.4334
vn -0.5432 0.8384 -0.0440
vn -0.4229 0.8987 0.1164
vn 0.6517 -0.3598 0.6677
vn 0.6743 -0.3562 0.6469
vn 0.6457 -0.5316 0.5481
vn 0.5890 -0.5536 0.5888
vn 0.5229 0.6731 -0.5230
vn -0.0544 0.9961 0.0694
vn 0.5529 0.2847 0.7831
vn 0.6225 0.1378 0.7704
vn 0.4190 0.6717 -0.6110
vn 0.5779 -0.7058 0.4097
vn 0.6812 -0.6328 0.3682
vn 0.5993 -0.7762 0.1960
vn 0.4850 -0.8374 0.2519
vn -0.5653 0.7071 -0.4249
vn -0.4555 0.8326 -0.3151
vn 0.3149 0.6301 -0.7098
vn -0.4078 -0.6934 -0.5940
vn -0.3466 -0.6126 -0.7103
vn -0.4647 -0.4733 -0.7483
vn -0.5233 -0.5502 -0.6507
vn -0.5983 -0.5751 -0.5579
vn -0.6759 -0.4068 -0.6145
vn 0.2158 0.5630 -0.7978
vn -0.7437 0.4730 -0.4725
vn 0.3906 -0.8468 0.3611
vn 0.3837 -0.9166 0.1121
vn 0.2724 -0.9314 0.2415
vn 0.1282 0.4710 -0.8728
vn 0.2072 0.7881 0.5797
vn 0.1857 0.7291 0.6588
vn -0.1965 0.9549 0.2225
vn 0.0544 0.3578 -0.9322
vn -0.0233 -0.9478 -0.3180
vn 0.0308 -0.8758 -0.4817
vn -0.7511 0.1920 -0.6316
vn -0.0009 0.2260 -0.9741
vn -0.7144 0.0395 -0.6987
vn -0.1330 -0.9785 -0.1573
vn -0.0391 0.0787 -0.9961
vn -0.2633 0.9191 0.2933
vn 0.6530 -0.0060 0.7574
vn -0.0534 -0.0745 -0.9958
vn 0.6751 -0.1797 0.7155
vn 0.7137 -0.1767 0.6778
vn 0.7281 -0.3317 0.5999
vn -0.0460 -0.2202 -0.9744
vn 0.5014 -0.8648 0.0264
vn -0.5009 -0.7200 -0.4803
vn -0.0181 -0.3550 -0.9347
vn 0.6782 -0.0205 0.7346
vn 0.4967 -0.7240 0.4788
vn 0.0268 -0.4757 -0.8792
vn 0.6815 -0.1638 0.7133
vn 0.0872 -0.5792 -0.8105
vn 0.1598 -0.6631 -0.7313
vn 0.7193 -0.4832 0.4991
vn 0.2439 -0.7257 -0.6433
vn 0.3376 -0.7643 -0.5495
vn 0.4358 -0.7775 -0.4534
vn 0.5358 -0.7657 -0.3559
vn 0.6362 -0.7258 -0.2616
vn 0.7311 -0.6567 -0.1850
vn 0.8112 -0.5741 -0.1109
vn 0.8882 -0.4566 -0.0521
vn 0.9488 -0.3158 -0.0059
vn 0.9851 -0.1712 0.0141
vn -0.7455 0.6535 -0.1307
vn -0.6656 0.7448 0.0465
vn 0.2560 -0.8054 -0.5346
vn 0.0729 -0.7414 -0.6671
vn -0.5558 0.8018 0.2197
vn -0.0523 -0.6789 -0.7324
vn -0.3910 0.8238 0.4104
vn -0.1824 -0.5946 -0.7830
vn -0.2184 0.7945 0.5666
vn -0.3115 -0.4899 -0.8142
vn -0.0681 0.7414 0.6676
vn -0.4335 -0.3680 -0.8226
vn 0.1240 0.6369 0.7609
vn -0.5441 -0.2317 -0.8064
vn 0.6906 -0.0024 0.7233
vn 0.7461 -0.1367 0.6517
vn 0.3156 0.4860 0.8150
vn -0.6371 -0.0888 -0.7657
vn 0.7825 -0.2689 0.5616
vn 0.4504 0.3534 0.8199
vn -0.7083 0.0520 -0.7040
vn 0.7977 -0.3977 0.4534
vn 0.5416 0.2405 0.8055
vn -0.7574 0.1837 -0.6266
vn 0.7902 -0.5173 0.3287
vn 0.6201 0.1257 0.7743
vn -0.7861 0.2994 -0.5408
vn 0.7558 -0.6290 0.1823
vn -0.7993 0.4075 -0.4416
vn 0.6654 -0.7461 -0.0212
vn -0.7899 0.5320 -0.3049
vn 0.4977 -0.8185 -0.2870
vn -0.5346 0.6479 0.5426
vn -0.3652 0.6298 0.6856
vn -0.1393 -0.4494 -0.8824
vn -0.2722 -0.3694 -0.8885
vn -0.1711 0.5803 0.7962
vn -0.4010 -0.2780 -0.8729
vn 0.0764 0.4757 0.8763
vn -0.5210 -0.1784 -0.8347
vn 0.6995 0.0004 0.7146
vn 0.7728 -0.1000 0.6267
vn 0.2814 0.3599 0.8896
vn -0.6273 -0.0748 -0.7752
vn 0.8286 -0.2002 0.5228
vn 0.4110 0.2687 0.8711
vn -0.7166 0.0286 -0.6969
vn 0.8648 -0.2972 0.4046
vn 0.5150 0.1870 0.8365
vn -0.7869 0.1275 -0.6038
vn 0.8797 -0.3866 0.2769
vn 0.6122 0.0972 0.7847
vn -0.8378 0.2193 -0.4999
vn 0.8737 -0.4651 0.1428
vn -0.8708 0.3058 -0.3850
vn 0.8307 -0.5548 -0.0449
vn -0.8852 0.4041 -0.2303
vn 0.6572 -0.6504 -0.3809
vn -0.8606 0.5085 -0.0275
vn 0.3459 -0.6358 -0.6901
vn -0.7904 0.5859 0.1789
vn 0.1235 -0.5699 -0.8124
vn -0.6861 0.6307 0.3625
vn -0.0058 -0.5167 -0.8561
vn 0.7071 0.0017 0.7071
vn 0.7916 -0.0734 0.6066
vn 0.0604 0.3301 0.9420
vn 0.2359 0.2629 0.9355
vn -0.4997 -0.1411 -0.8547
vn -0.6164 -0.0643 -0.7848
vn 0.8575 -0.1486 0.4925
vn 0.3679 0.2066 0.9066
vn -0.7188 0.0128 -0.6951
vn 0.9033 -0.2215 0.3673
vn 0.4921 0.1437 0.8586
vn -0.8038 0.0876 -0.5885
vn 0.9278 -0.2896 0.2352
vn 0.6063 0.0748 0.7917
vn -0.8694 0.1577 -0.4682
vn 0.9311 -0.3509 0.0997
vn -0.9147 0.2215 -0.3380
vn 0.9100 -0.4106 -0.0576
vn -0.9400 0.2867 -0.1848
vn 0.7624 -0.5012 -0.4093
vn -0.9321 0.3614 0.0234
vn 0.4149 -0.4970 -0.7621
vn -0.8678 0.4236 0.2598
vn 0.1733 -0.4423 -0.8799
vn -0.7596 0.4572 0.4625
vn 0.0375 -0.3981 -0.9166
vn -0.6233 0.4688 0.6259
vn -0.0999 -0.3452 -0.9332
vn -0.4424 0.4550 0.7729
vn -0.2371 -0.2838 -0.9291
vn -0.1912 0.4059 0.8937
vn -0.3719 -0.2151 -0.9030
vn 0.9352 -0.1349 0.3275
vn 0.9668 -0.1783 0.1830
vn 0.4569 0.0805 0.8859
vn 0.5905 0.0416 0.8060
vn -0.8169 0.0525 -0.5744
vn -0.8953 0.0913 -0.4359
vn 0.9752 -0.2188 0.0348
vn 0.7068 -0.0004 0.7074
vn -0.9507 0.1255 -0.2836
vn 0.9594 -0.2562 -0.1178
vn -0.9806 0.1542 -0.1206
vn 0.8388 -0.3115 -0.4465
vn -0.9801 0.1844 0.0731
vn 0.5147 -0.3138 -0.7979
vn -0.9240 0.2158 0.3157
vn 0.2722 -0.2805 -0.9205
vn -0.8153 0.2298 0.5316
vn 0.1200 -0.2486 -0.9612
vn -0.6868 0.2332 0.6884
vn -0.0329 -0.2115 -0.9768
vn -0.4877 0.2263 0.8432
vn -0.1845 -0.1706 -0.9679
vn -0.2328 0.1986 0.9520
vn -0.3322 -0.1266 -0.9347
vn -0.0201 0.1696 0.9853
vn -0.4727 -0.0809 -0.8775
vn 0.8041 -0.0446 0.5928
vn 0.1485 0.1451 0.9782
vn -0.6025 -0.0350 -0.7974
vn 0.8806 -0.0899 0.4652
vn 0.3085 0.1152 0.9442
vn -0.7183 0.0099 -0.6957
vn 0.9765 -0.0526 -0.2088
vn 0.8672 -0.0601 -0.4943
vn -0.9987 0.0169 -0.0483
vn -0.9896 0.0148 0.1433
vn 0.6091 -0.0591 -0.7909
vn -0.9346 0.0127 0.3554
vn 0.3879 -0.0512 -0.9203
vn -0.8332 0.0111 0.5529
vn 0.2209 -0.0417 -0.9744
vn -0.7058 0.0092 0.7084
vn 0.0512 -0.0319 -0.9982
vn -0.5263 0.0070 0.8503
vn -0.1173 -0.0221 -0.9929
vn -0.3193 0.0060 0.9476
vn -0.2812 -0.0129 -0.9596
vn -0.1279 0.0060 0.9918
vn -0.4383 -0.0045 -0.8988
vn 0.7054 -0.0081 0.7087
vn 0.8149 -0.0141 0.5795
vn 0.0635 0.0053 0.9980
vn -0.5839 0.0028 -0.8118
vn 0.8997 -0.0209 0.4361
vn 0.2481 0.0036 0.9687
vn -0.7143 0.0088 -0.6998
vn 0.9590 -0.0284 0.2821
vn 0.4194 0.0008 0.9078
vn -0.8255 0.0133 -0.5642
vn 0.9919 -0.0364 0.1213
vn 0.5729 -0.0031 0.8197
vn -0.9129 0.0162 -0.4079
vn 0.9981 -0.0445 -0.0433
vn -0.9720 0.0174 -0.2343
vn 0.4349 0.0681 -0.8979
vn 0.2685 0.0647 -0.9611
vn -0.8320 -0.0653 0.5510
vn -0.7039 -0.0686 0.7070
vn 0.0965 0.0593 -0.9936
vn -0.5444 -0.0692 0.8359
vn -0.0767 0.0522 -0.9957
vn -0.3605 -0.0668 0.9304
vn -0.2475 0.0436 -0.9679
vn -0.1639 -0.0616 0.9845
vn -0.4120 0.0335 -0.9106
vn 0.7132 -0.0093 0.7009
vn 0.8260 0.0030 0.5637
vn 0.0362 -0.0541 0.9979
vn -0.5657 0.0223 -0.8243
vn 0.9111 0.0150 0.4120
vn 0.2306 -0.0445 0.9720
vn -0.7042 0.0102 -0.7099
vn 0.9679 0.0264 0.2500
vn 0.4122 -0.0335 0.9105
vn -0.8222 -0.0026 -0.5693
vn 0.9959 0.0369 0.0824
vn 0.5743 -0.0216 0.8184
vn -0.9140 -0.0155 -0.4054
vn 0.9951 0.0463 -0.0876
vn -0.9745 -0.0282 -0.2226
vn 0.9651 0.0545 -0.2561
vn -0.9988 -0.0401 -0.0267
vn 0.8545 0.0643 -0.5154
vn -0.9835 -0.0506 0.1738
vn 0.6357 0.0693 -0.7688
vn -0.9270 -0.0592 0.3704
vn 0.6693 0.6619 -0.3376
vn 0.7357 0.5852 -0.3411
vn 0.7745 0.4297 -0.4642
vn 0.7321 0.5116 -0.4497
vn 0.6815 0.4020 -0.6116
vn 0.7677 0.3434 -0.5410
vn 0.7751 0.1687 -0.6089
vn 0.7173 0.2156 -0.6626
vn 0.0131 -0.0279 -0.9995
vn -0.0085 0.1098 -0.9939
vn 0.7288 0.0277 -0.6842
vn -0.3457 0.6597 0.6673
vn -0.3562 0.6080 0.7095
vn -0.2065 0.7390 0.6413
vn -0.2135 0.7868 0.5792
vn -0.1866 0.9264 0.3270
vn -0.0654 0.8838 0.4632
vn 0.0828 0.9392 0.3333
vn -0.0525 0.9812 0.1859
vn -0.0504 0.2394 -0.9696
vn -0.4228 -0.8934 0.1521
vn -0.5716 -0.8153 0.0928
vn -0.6496 -0.7275 0.2209
vn -0.5162 -0.8087 0.2821
vn -0.6474 -0.2190 0.7300
vn -0.6861 -0.1969 0.7003
vn -0.6590 0.0043 0.7521
vn -0.6533 -0.0147 0.7569
vn -0.0981 0.3660 -0.9254
vn 0.6185 0.5754 -0.5351
vn -0.6061 0.1984 0.7703
vn -0.6337 0.2043 0.7461
vn -0.5588 0.3449 0.7542
vn -0.5366 0.3665 0.7601
vn 0.1035 -0.9848 -0.1393
vn -0.0408 -0.9673 -0.2503
vn -0.2007 -0.9740 -0.1047
vn -0.0324 -0.9995 -0.0006
vn -0.1678 0.4741 -0.8643
vn 0.5330 0.7235 -0.4387
vn 0.3447 0.9360 0.0712
vn 0.4414 0.8907 0.1088
vn 0.5518 0.8335 -0.0273
vn 0.4639 0.8837 -0.0614
vn 0.1858 0.9803 -0.0666
vn 0.3098 0.9301 -0.1971
vn -0.2489 0.5605 -0.7899
vn 0.4297 0.8422 -0.3257
vn -0.1630 -0.9216 -0.3524
vn -0.3562 -0.9181 -0.1737
vn -0.5835 0.3851 0.7150
vn -0.4519 0.5180 0.7263
vn -0.5142 0.5572 0.6520
vn -0.3382 0.6249 -0.7037
vn -0.6824 -0.3831 0.6225
vn -0.7602 -0.3133 0.5692
vn -0.7433 -0.1393 0.6543
vn -0.2765 -0.9239 0.2644
vn -0.3855 -0.8371 0.3881
vn -0.4334 0.6610 -0.6126
vn -0.0439 0.8385 0.5432
vn 0.1166 0.8988 0.4226
vn 0.6677 -0.3598 -0.6517
vn 0.6469 -0.3562 -0.6743
vn 0.5481 -0.5316 -0.6458
vn 0.5887 -0.5536 -0.5890
vn -0.5230 0.6731 -0.5229
vn 0.0695 0.9961 0.0544
vn 0.7831 0.2847 -0.5529
vn 0.7704 0.1378 -0.6225
vn -0.6109 0.6717 -0.4190
vn 0.4095 -0.7059 -0.5780
vn 0.3681 -0.6328 -0.6812
vn 0.1959 -0.7762 -0.5992
vn 0.2520 -0.8374 -0.4850
vn -0.4249 0.7070 0.5653
vn -0.3150 0.8327 0.4554
vn -0.7098 0.6301 -0.3149
vn -0.5940 -0.6935 0.4078
vn -0.7103 -0.6126 0.3466
vn -0.7484 -0.4733 0.4646
vn -0.6507 -0.5503 0.5232
vn -0.5579 -0.5751 0.5983
vn -0.6145 -0.4069 0.6759
vn -0.7978 0.5630 -0.2158
vn -0.4726 0.4730 0.7436
vn 0.3611 -0.8468 -0.3906
vn 0.1121 -0.9166 -0.3838
vn 0.2415 -0.9314 -0.2724
vn -0.8728 0.4709 -0.1282
vn 0.5797 0.7881 -0.2072
vn 0.6589 0.7290 -0.1856
vn 0.2225 0.9549 0.1966
vn -0.9322 0.3578 -0.0544
vn -0.3181 -0.9478 0.0233
vn -0.4817 -0.8758 -0.0308
vn -0.6316 0.1920 0.7511
vn -0.9741 0.2260 0.0008
vn -0.6986 0.0395 0.7144
vn -0.1573 -0.9785 0.1330
vn -0.9961 0.0787 0.0391
vn 0.2932 0.9191 0.2634
vn 0.7573 -0.0061 -0.6530
vn -0.9958 -0.0744 0.0534
vn 0.7154 -0.1798 -0.6751
vn 0.6778 -0.1767 -0.7137
vn 0.5999 -0.3317 -0.7281
vn -0.9744 -0.2202 0.0460
vn 0.0264 -0.8648 -0.5014
vn -0.4803 -0.7200 0.5009
vn -0.9347 -0.3551 0.0181
vn 0.7346 -0.0205 -0.6782
vn 0.4788 -0.7240 -0.4967
vn -0.8792 -0.4757 -0.0268
vn 0.7133 -0.1638 -0.6815
vn -0.8105 -0.5792 -0.0872
vn -0.7313 -0.6631 -0.1598
vn 0.4991 -0.4832 -0.7193
vn -0.6433 -0.7257 -0.2439
vn -0.5495 -0.7642 -0.3376
vn -0.4534 -0.7775 -0.4358
vn -0.3558 -0.7657 -0.5358
vn -0.2615 -0.7258 -0.6363
vn -0.1850 -0.6567 -0.7311
vn -0.1109 -0.5741 -0.8112
vn -0.0520 -0.4566 -0.8881
vn -0.0060 -0.3158 -0.9488
vn 0.0142 -0.1711 -0.9851
vn -0.1308 0.6535 0.7455
vn 0.0466 0.7448 0.6656
vn -0.5346 -0.8054 -0.2560
vn -0.6671 -0.7414 -0.0729
vn 0.2198 0.8018 0.5558
vn -0.7324 -0.6789 0.0524
vn 0.4104 0.8238 0.3910
vn -0.7830 -0.5946 0.1825
vn 0.5666 0.7945 0.2184
vn -0.8143 -0.4899 0.3114
vn 0.6676 0.7414 0.0680
vn -0.8226 -0.3680 0.4336
vn 0.7610 0.6368 -0.1239
vn -0.8064 -0.2317 0.5441
vn 0.7232 -0.0024 -0.6906
vn 0.6515 -0.1370 -0.7462
vn 0.8150 0.4860 -0.3156
vn -0.7657 -0.0887 0.6371
vn 0.5616 -0.2690 -0.7825
vn 0.8199 0.3534 -0.4504
vn -0.7039 0.0520 0.7084
vn 0.4534 -0.3977 -0.7977
vn 0.8056 0.2405 -0.5415
vn -0.6265 0.1837 0.7574
vn 0.3287 -0.5172 -0.7902
vn 0.7743 0.1258 -0.6202
vn -0.5408 0.2994 0.7861
vn 0.1821 -0.6290 -0.7558
vn -0.4417 0.4074 0.7993
vn -0.0212 -0.7461 -0.6655
vn -0.3051 0.5320 0.7898
vn -0.2869 -0.8185 -0.4978
vn 0.5427 0.6479 0.5346
vn 0.6856 0.6298 0.3651
vn -0.8824 -0.4494 0.1393
vn -0.8885 -0.3694 0.2722
vn 0.7962 0.5804 0.1711
vn -0.8729 -0.2780 0.4010
vn 0.8763 0.4757 -0.0764
vn -0.8347 -0.1784 0.5210
vn 0.7146 0.0004 -0.6995
vn 0.6268 -0.0999 -0.7727
vn 0.8896 0.3599 -0.2814
vn -0.7752 -0.0748 0.6273
vn 0.5228 -0.2002 -0.8286
vn 0.8711 0.2687 -0.4111
vn -0.6969 0.0286 0.7166
vn 0.4047 -0.2972 -0.8648
vn 0.8366 0.1871 -0.5149
vn -0.6038 0.1276 0.7869
vn 0.2770 -0.3865 -0.8797
vn 0.7847 0.0972 -0.6122
vn -0.4999 0.2193 0.8378
vn 0.1428 -0.4651 -0.8737
vn -0.3850 0.3058 0.8708
vn -0.0449 -0.5549 -0.8307
vn -0.2305 0.4041 0.8852
vn -0.3808 -0.6504 -0.6572
vn -0.0275 0.5085 0.8606
vn -0.6901 -0.6357 -0.3458
vn 0.1789 0.5859 0.7904
vn -0.8124 -0.5699 -0.1235
vn 0.3625 0.6307 0.6861
vn -0.8561 -0.5167 0.0058
vn 0.7071 0.0017 -0.7071
vn 0.6067 -0.0734 -0.7916
vn 0.9420 0.3301 -0.0604
vn 0.9355 0.2629 -0.2359
vn -0.8546 -0.1411 0.4997
vn -0.7848 -0.0643 0.6164
vn 0.4925 -0.1486 -0.8576
vn 0.9066 0.2066 -0.3679
vn -0.6951 0.0129 0.7188
vn 0.3673 -0.2215 -0.9033
vn 0.8586 0.1437 -0.4921
vn -0.5884 0.0876 0.8038
vn 0.2353 -0.2895 -0.9278
vn 0.7917 0.0748 -0.6063
vn -0.4682 0.1577 0.8694
vn 0.0998 -0.3509 -0.9311
vn -0.3380 0.2215 0.9147
vn -0.0575 -0.4107 -0.9100
vn -0.1848 0.2867 0.9400
vn -0.4093 -0.5012 -0.7624
vn 0.0233 0.3614 0.9321
vn -0.7622 -0.4970 -0.4148
vn 0.2598 0.4236 0.8678
vn -0.8799 -0.4423 -0.1733
vn 0.4624 0.4572 0.7597
vn -0.9165 -0.3982 -0.0376
vn 0.6259 0.4688 0.6233
vn -0.9332 -0.3452 0.0999
vn 0.7729 0.4550 0.4423
vn -0.9291 -0.2838 0.2372
vn 0.8937 0.4059 0.1912
vn -0.9030 -0.2151 0.3718
vn 0.3274 -0.1349 -0.9352
vn 0.1830 -0.1783 -0.9668
vn 0.8859 0.0805 -0.4569
vn 0.8060 0.0416 -0.5905
vn -0.5743 0.0525 0.8170
vn -0.4360 0.0913 0.8953
vn 0.0349 -0.2187 -0.9752
vn 0.7074 -0.0004 -0.7068
vn -0.2836 0.1255 0.9507
vn -0.1177 -0.2562 -0.9594
vn -0.1206 0.1542 0.9806
vn -0.4465 -0.3115 -0.8388
vn 0.0731 0.1844 0.9801
vn -0.7980 -0.3137 -0.5146
vn 0.3157 0.2158 0.9240
vn -0.9205 -0.2805 -0.2722
vn 0.5315 0.2298 0.8153
vn -0.9611 -0.2486 -0.1201
vn 0.6883 0.2332 0.6869
vn -0.9768 -0.2115 0.0329
vn 0.8432 0.2263 0.4877
vn -0.9679 -0.1706 0.1845
vn 0.9520 0.1987 0.2328
vn -0.9347 -0.1266 0.3321
vn 0.9853 0.1696 0.0201
vn -0.8775 -0.0809 0.4727
vn 0.5928 -0.0446 -0.8041
vn 0.9782 0.1451 -0.1485
vn -0.7974 -0.0350 0.6024
vn 0.4652 -0.0899 -0.8806
vn 0.9442 0.1152 -0.3086
vn -0.6957 0.0100 0.7183
vn -0.2087 -0.0526 -0.9766
vn -0.4942 -0.0601 -0.8672
vn -0.0483 0.0169 0.9987
vn 0.1433 0.0148 0.9896
vn -0.7909 -0.0591 -0.6091
vn 0.3554 0.0127 0.9346
vn -0.9203 -0.0512 -0.3879
vn 0.5529 0.0111 0.8332
vn -0.9744 -0.0417 -0.2209
vn 0.7083 0.0092 0.7058
vn -0.9982 -0.0319 -0.0513
vn 0.8503 0.0070 0.5263
vn -0.9929 -0.0221 0.1173
vn 0.9476 0.0060 0.3193
vn -0.9595 -0.0129 0.2815
vn 0.9918 0.0060 0.1279
vn -0.8988 -0.0045 0.4383
vn 0.7087 -0.0081 -0.7055
vn 0.5795 -0.0141 -0.8149
vn 0.9980 0.0053 -0.0635
vn -0.8119 0.0028 0.5838
vn 0.4362 -0.0209 -0.8996
vn 0.9687 0.0036 -0.2481
vn -0.6997 0.0088 0.7143
vn 0.2821 -0.0284 -0.9590
vn 0.9078 0.0008 -0.4194
vn -0.5643 0.0133 0.8255
vn 0.1212 -0.0364 -0.9920
vn 0.8197 -0.0031 -0.5728
vn -0.4079 0.0162 0.9129
vn -0.0434 -0.0445 -0.9981
vn -0.2342 0.0174 0.9720
vn -0.8979 0.0681 -0.4349
vn -0.9611 0.0647 -0.2685
vn 0.5510 -0.0653 0.8320
vn 0.7070 -0.0686 0.7038
vn -0.9936 0.0593 -0.0966
vn 0.8359 -0.0692 0.5444
vn -0.9957 0.0522 0.0767
vn 0.9304 -0.0668 0.3605
vn -0.9679 0.0436 0.2475
vn 0.9845 -0.0616 0.1640
vn -0.9106 0.0335 0.4120
vn 0.7009 -0.0093 -0.7132
vn 0.5638 0.0030 -0.8259
vn 0.9979 -0.0541 -0.0361
vn -0.8243 0.0223 0.5657
vn 0.4121 0.0150 -0.9110
vn 0.9719 -0.0445 -0.2310
vn -0.7099 0.0102 0.7042
vn 0.2500 0.0264 -0.9679
vn 0.9105 -0.0335 -0.4122
vn -0.5693 -0.0026 0.8221
vn 0.0823 0.0369 -0.9959
vn 0.8184 -0.0216 -0.5742
vn -0.4054 -0.0155 0.9140
vn -0.0877 0.0464 -0.9951
vn -0.2224 -0.0282 0.9745
vn -0.2560 0.0545 -0.9651
vn -0.0268 -0.0401 0.9988
vn -0.5154 0.0643 -0.8545
vn 0.1738 -0.0506 0.9835
vn -0.7688 0.0693 -0.6357
vn 0.3704 -0.0592 0.9270
vn -0.3376 0.6619 -0.6692
vn -0.3411 0.5852 -0.7356
vn -0.4642 0.4297 -0.7745
vn -0.4497 0.5116 -0.7321
vn -0.6116 0.4020 -0.6815
vn -0.5411 0.3433 -0.7677
vn -0.6090 0.1686 -0.7750
vn -0.6626 0.2156 -0.7172
vn -0.9995 -0.0279 -0.0130
vn -0.9939 0.1097 0.0085
vn -0.6842 0.0277 -0.7288
vn 0.6673 0.6597 0.3457
vn 0.7095 0.6080 0.3562
vn 0.6413 0.7390 0.2065
vn 0.5792 0.7868 0.2135
vn 0.3269 0.9264 0.1866
vn 0.4632 0.8838 0.0654
vn 0.3333 0.9392 -0.0827
vn 0.1859 0.9812 0.0526
vn -0.9696 0.2395 0.0503
vn 0.1520 -0.8934 0.4227
vn 0.0928 -0.8153 0.5715
vn 0.2208 -0.7275 0.6496
vn 0.2820 -0.8087 0.5162
vn 0.7300 -0.2190 0.6474
vn 0.7003 -0.1969 0.6862
vn 0.7521 0.0043 0.6591
vn 0.7569 -0.0147 0.6533
vn -0.9254 0.3660 0.0982
vn -0.5351 0.5754 -0.6185
vn 0.7703 0.1984 0.6060
vn 0.7461 0.2044 0.6337
vn 0.7542 0.3449 0.5588
vn 0.7601 0.3665 0.5367
vn -0.1393 -0.9848 -0.1034
vn -0.2504 -0.9673 0.0408
vn -0.1047 -0.9740 0.2007
vn -0.0006 -0.9995 0.0324
vn -0.8643 0.4741 0.1678
vn -0.4387 0.7235 -0.5330
vn 0.0711 0.9360 -0.3448
vn 0.1088 0.8907 -0.4413
vn -0.0273 0.8336 -0.5517
vn -0.0615 0.8838 -0.4639
vn -0.0667 0.9803 -0.1858
vn -0.1972 0.9301 -0.3098
vn -0.7898 0.5606 0.2488
vn -0.3256 0.8422 -0.4297
vn -0.3524 -0.9216 0.1630
vn -0.1737 -0.9181 0.3562
vn 0.7150 0.3851 0.5835
vn 0.7263 0.5179 0.4519
vn 0.6520 0.5572 0.5142
vn -0.7037 0.6249 0.3382
vn 0.6226 -0.3831 0.6824
vn 0.5692 -0.3133 0.7601
vn 0.6543 -0.1394 0.7433
vn 0.2643 -0.9240 0.2765
vn 0.3881 -0.8371 0.3855
vn -0.6126 0.6610 0.4334
vn 0.5432 0.8384 0.0439
vn 0.4229 0.8987 -0.1164
vn -0.6517 -0.3598 -0.6677
vn -0.6743 -0.3562 -0.6469
vn -0.6458 -0.5316 -0.5481
vn -0.5890 -0.5536 -0.5888
vn -0.5229 0.6731 0.5230
vn 0.0544 0.9961 -0.0694
vn -0.5529 0.2847 -0.7831
vn -0.6225 0.1378 -0.7704
vn -0.4190 0.6717 0.6110
vn -0.5779 -0.7058 -0.4097
vn -0.6812 -0.6328 -0.3681
vn -0.5992 -0.7762 -0.1960
vn -0.4850 -0.8374 -0.2519
vn 0.5653 0.7071 0.4249
vn 0.4555 0.8327 0.3150
vn -0.3149 0.6301 0.7098
vn 0.4078 -0.6934 0.5941
vn 0.3466 -0.6126 0.7103
vn 0.4647 -0.4733 0.7484
vn 0.5232 -0.5503 0.6507
vn 0.5983 -0.5751 0.5579
vn 0.6759 -0.4069 0.6145
vn -0.2158 0.5630 0.7978
vn 0.7437 0.4730 0.4725
vn -0.3906 -0.8468 -0.3611
vn -0.3838 -0.9166 -0.1121
vn -0.2724 -0.9314 -0.2415
vn -0.1282 0.4710 0.8728
vn -0.2072 0.7881 -0.5796
vn -0.1856 0.7291 -0.6588
vn 0.1965 0.9549 -0.2224
vn -0.0545 0.3578 0.9322
vn 0.0233 -0.9478 0.3181
vn -0.0308 -0.8758 0.4817
vn 0.7511 0.1920 0.6316
vn 0.0009 0.2260 0.9741
vn 0.7144 0.0395 0.6987
vn 0.1330 -0.9785 0.1573
vn 0.0391 0.0787 0.9961
vn 0.2633 0.9191 -0.2932
vn -0.6530 -0.0060 -0.7574
vn 0.0534 -0.0744 0.9958
vn -0.6751 -0.1797 -0.7155
vn -0.7137 -0.1767 -0.6778
vn -0.7281 -0.3317 -0.5999
vn 0.0460 -0.2202 0.9744
vn -0.5014 -0.8648 -0.0264
vn 0.5009 -0.7200 0.4803
vn 0.0176 -0.3551 0.9347
vn -0.6782 -0.0204 -0.7346
vn -0.4967 -0.7240 -0.4788
vn -0.0268 -0.4757 0.8792
vn -0.6815 -0.1638 -0.7133
vn -0.0872 -0.5792 0.8105
vn -0.1598 -0.6631 0.7313
vn -0.7193 -0.4833 -0.4990
vn -0.2439 -0.7258 0.6433
vn -0.3376 -0.7643 0.5495
vn -0.4357 -0.7775 0.4534
vn -0.5358 -0.7657 0.3559
vn -0.6362 -0.7258 0.2616
vn -0.7311 -0.6567 0.1851
vn -0.8112 -0.5741 0.1110
vn -0.8882 -0.4566 0.0520
vn -0.9488 -0.3158 0.0060
vn -0.9851 -0.1712 -0.0141
vn 0.7455 0.6536 0.1307
vn 0.6656 0.7448 -0.0465
vn -0.2560 -0.8054 0.5346
vn -0.0729 -0.7414 0.6671
vn 0.5558 0.8018 -0.2197
vn 0.0523 -0.6789 0.7324
vn 0.3909 0.8238 -0.4105
vn 0.1825 -0.5946 0.7830
vn 0.2184 0.7945 -0.5666
vn 0.3115 -0.4899 0.8142
vn 0.0681 0.7414 -0.6676
vn 0.4335 -0.3680 0.8226
vn -0.1240 0.6368 -0.7610
vn 0.5442 -0.2317 0.8064
vn -0.6906 -0.0025 -0.7232
vn -0.7462 -0.1370 -0.6514
vn -0.3157 0.4859 -0.8150
vn 0.6371 -0.0889 0.7657
vn -0.7825 -0.2689 -0.5616
vn -0.4504 0.3534 -0.8199
vn 0.7083 0.0520 0.7039
vn -0.7977 -0.3978 -0.4533
vn -0.5415 0.2406 -0.8055
vn 0.7574 0.1837 0.6266
vn -0.7902 -0.5173 -0.3287
vn -0.6202 0.1258 -0.7743
vn 0.7860 0.2994 0.5408
vn -0.7558 -0.6290 -0.1823
vn 0.7993 0.4074 0.4417
vn -0.6655 -0.7461 0.0212
vn 0.7899 0.5320 0.3050
vn -0.4978 -0.8185 0.2870
vn 0.5345 0.6479 -0.5427
vn 0.3652 0.6298 -0.6856
vn 0.1394 -0.4494 0.8824
vn 0.2722 -0.3694 0.8885
vn 0.1711 0.5803 -0.7962
vn 0.4010 -0.2780 0.8729
vn -0.0764 0.4756 -0.8763
vn 0.5210 -0.1784 0.8347
vn -0.6995 0.0004 -0.7146
vn -0.7728 -0.0999 -0.6268
vn -0.2814 0.3598 -0.8896
vn 0.6272 -0.0749 0.7752
vn -0.8286 -0.2002 -0.5228
vn -0.4110 0.2687 -0.8711
vn 0.7166 0.0286 0.6969
vn -0.8648 -0.2972 -0.4046
vn -0.5150 0.1871 -0.8365
vn 0.7869 0.1275 0.6038
vn -0.8797 -0.3865 -0.2770
vn -0.6122 0.0972 -0.7847
vn 0.8378 0.2193 0.4999
vn -0.8737 -0.4650 -0.1428
vn 0.8708 0.3058 0.3850
vn -0.8307 -0.5548 0.0450
vn 0.8852 0.4041 0.2304
vn -0.6572 -0.6504 0.3808
vn 0.8606 0.5085 0.0274
vn -0.3458 -0.6357 0.6901
vn 0.7904 0.5859 -0.1789
vn -0.1236 -0.5699 0.8124
vn 0.6861 0.6307 -0.3625
vn 0.0058 -0.5167 0.8561
vn -0.7071 0.0017 -0.7071
vn -0.7916 -0.0734 -0.6066
vn -0.0604 0.3301 -0.9420
vn -0.2359 0.2629 -0.9355
vn 0.4997 -0.1411 0.8547
vn 0.6163 -0.0643 0.7849
vn -0.8575 -0.1486 -0.4925
vn -0.3678 0.2066 -0.9066
vn 0.7188 0.0129 0.6951
vn -0.9034 -0.2215 -0.3673
vn -0.4921 0.1437 -0.8586
vn 0.8038 0.0876 0.5884
vn -0.9278 -0.2896 -0.2353
vn -0.6063 0.0748 -0.7917
vn 0.8694 0.1577 0.4682
vn -0.9311 -0.3509 -0.0998
vn 0.9147 0.2215 0.3380
vn -0.9100 -0.4106 0.0576
vn 0.9400 0.2867 0.1848
vn -0.7624 -0.5012 0.4093
vn 0.9321 0.3614 -0.0234
vn -0.4149 -0.4970 0.7622
vn 0.8678 0.4236 -0.2598
vn -0.1734 -0.4423 0.8799
vn 0.7597 0.4572 -0.4625
vn -0.0375 -0.3981 0.9166
vn 0.6233 0.4688 -0.6259
vn 0.1000 -0.3452 0.9332
vn 0.4423 0.4550 -0.7729
vn 0.2372 -0.2838 0.9291
vn 0.1912 0.4059 -0.8937
vn 0.3719 -0.2151 0.9030
vn -0.9352 -0.1349 -0.3274
vn -0.9668 -0.1783 -0.1830
vn -0.4569 0.0805 -0.8859
vn -0.5905 0.0416 -0.8059
vn 0.8170 0.0525 0.5743
vn 0.8953 0.0913 0.4359
vn -0.9752 -0.2187 -0.0349
vn -0.7068 -0.0004 -0.7074
vn 0.9507 0.1255 0.2836
vn -0.9594 -0.2562 0.1177
vn 0.9806 0.1542 0.1206
vn -0.8388 -0.3115 0.4464
vn 0.9801 0.1844 -0.0731
vn -0.5146 -0.3138 0.7979
vn 0.9240 0.2158 -0.3157
vn -0.2721 -0.2805 0.9205
vn 0.8153 0.2298 -0.5315
vn -0.1200 -0.2486 0.9611
vn 0.6869 0.2332 -0.6883
vn 0.0329 -0.2115 0.9768
vn 0.4876 0.2263 -0.8432
vn 0.1845 -0.1706 0.9679
vn 0.2328 0.1987 -0.9520
vn 0.3322 -0.1266 0.9347
vn 0.0201 0.1696 -0.9853
vn 0.4727 -0.0809 0.8775
vn -0.8041 -0.0446 -0.5929
vn -0.1485 0.1451 -0.9782
vn 0.6023 -0.0350 0.7975
vn -0.8806 -0.0899 -0.4652
vn -0.3084 0.1152 -0.9442
vn 0.7182 0.0100 0.6957
vn -0.9766 -0.0525 0.2087
vn -0.8673 -0.0601 0.4941
vn 0.9987 0.0169 0.0483
vn 0.9896 0.0148 -0.1433
vn -0.6090 -0.0591 0.7910
vn 0.9346 0.0127 -0.3554
vn -0.3878 -0.0512 0.9203
vn 0.8332 0.0111 -0.5529
vn -0.2209 -0.0417 0.9744
vn 0.7059 0.0092 -0.7083
vn -0.0512 -0.0319 0.9982
vn 0.5262 0.0070 -0.8503
vn 0.1173 -0.0221 0.9929
vn 0.3193 0.0060 -0.9476
vn 0.2815 -0.0129 0.9595
vn 0.1280 0.0060 -0.9918
vn 0.4383 -0.0045 0.8988
vn -0.7055 -0.0081 -0.7087
vn -0.8148 -0.0141 -0.5796
vn -0.0635 0.0053 -0.9980
vn 0.5838 0.0028 0.8119
vn -0.8996 -0.0209 -0.4361
vn -0.2481 0.0036 -0.9687
vn 0.7142 0.0088 0.6999
vn -0.9590 -0.0284 -0.2820
vn -0.4194 0.0008 -0.9078
vn 0.8255 0.0133 0.5643
vn -0.9919 -0.0364 -0.1213
vn -0.5729 -0.0031 -0.8196
vn 0.9129 0.0162 0.4078
vn -0.9981 -0.0445 0.0434
vn 0.9720 0.0174 0.2342
vn -0.4347 0.0681 0.8980
vn -0.2685 0.0647 0.9611
vn 0.8320 -0.0653 -0.5510
vn 0.7039 -0.0686 -0.7070
vn -0.0966 0.0593 0.9936
vn 0.5443 -0.0692 -0.8360
vn 0.0767 0.0522 0.9957
vn 0.3605 -0.0668 -0.9304
vn 0.2475 0.0436 0.9679
vn 0.1641 -0.0617 -0.9845
vn 0.4120 0.0335 0.9106
vn -0.7132 -0.0093 -0.7009
vn -0.8259 0.0030 -0.5639
vn -0.0361 -0.0541 -0.9979
vn 0.5657 0.0223 0.8243
vn -0.9111 0.0150 -0.4120
vn -0.2306 -0.0445 -0.9720
vn 0.7041 0.0102 0.7100
vn -0.9679 0.0264 -0.2500
vn -0.4123 -0.0335 -0.9104
vn 0.8221 -0.0026 0.5694
vn -0.9959 0.0369 -0.0824
vn -0.5744 -0.0216 -0.8183
vn 0.9140 -0.0155 0.4054
vn -0.9951 0.0464 0.0877
vn 0.9745 -0.0282 0.2224
vn -0.9651 0.0545 0.2560
vn 0.9988 -0.0401 0.0267
vn -0.8546 0.0643 0.5153
vn 0.9835 -0.0506 -0.1738
vn -0.6357 0.0693 0.7689
vn 0.9270 -0.0592 -0.3704
vn -0.4906 0.4692 -0.7343
vn -0.4743 0.5207 -0.7099
vn -0.6037 0.5207 -0.6037
vn -0.6244 0.4692 -0.6244
vn -0.0000 0.5207 -0.8537
vn -0.0000 0.5673 -0.8235
vn -0.1606 0.5673 -0.8077
vn -0.1665 0.5207 -0.8373
vn -0.3379 0.4692 -0.8159
vn -0.3267 0.5207 -0.7887
vn -0.1723 0.4692 0.8661
vn -0.1665 0.5207 0.8373
vn -0.0000 0.5207 0.8537
vn -0.0000 0.4692 0.8831
vn -0.1723 0.4692 -0.8661
vn -0.3379 0.4692 0.8159
vn -0.3267 0.5207 0.7887
vn -0.0000 0.4692 -0.8831
vn -0.4906 0.4692 0.7343
vn -0.4743 0.5207 0.7099
vn -0.6244 0.4692 0.6244
vn -0.6037 0.5207 0.6037
vn -0.7343 0.4692 0.4906
vn -0.7098 0.5207 0.4743
vn -0.8159 0.4692 0.3379
vn -0.7887 0.5207 0.3267
vn -0.8661 0.4692 0.1723
vn -0.8373 0.5207 0.1665
vn -0.8831 0.4692 -0.0000
vn -0.8537 0.5207 -0.0000
vn -0.8661 0.4692 -0.1723
vn -0.8373 0.5207 -0.1665
vn -0.8159 0.4692 -0.3379
vn -0.7887 0.5207 -0.3267
vn -0.7343 0.4692 -0.4906
vn -0.7098 0.5207 -0.4743
vn -0.4575 0.5673 0.6847
vn -0.3151 0.5673 0.7608
vn -0.5823 0.5673 0.5823
vn -0.6847 0.5673 0.4575
vn -0.7608 0.5673 0.3151
vn -0.8077 0.5673 0.1606
vn -0.8235 0.5673 -0.0000
vn -0.8077 0.5673 -0.1606
vn -0.7608 0.5673 -0.3151
vn -0.6847 0.5673 -0.4575
vn -0.5823 0.5673 -0.5823
vn -0.4575 0.5673 -0.6847
vn -0.3151 0.5673 -0.7608
vn -0.1607 0.5673 0.8077
vn -0.0000 0.5673 0.8235
vn 0.4906 0.4692 -0.7343
vn 0.6244 0.4692 -0.6244
vn 0.6037 0.5207 -0.6037
vn 0.4743 0.5207 -0.7099
vn 0.1665 0.5207 -0.8373
vn 0.1606 0.5673 -0.8077
vn 0.3379 0.4692 -0.8159
vn 0.3267 0.5207 -0.7887
vn 0.1723 0.4692 0.8661
vn 0.1665 0.5207 0.8373
vn 0.1723 0.4692 -0.8661
vn 0.3379 0.4692 0.8159
vn 0.3267 0.5207 0.7887
vn 0.4906 0.4692 0.7343
vn 0.4743 0.5207 0.7099
vn 0.6244 0.4692 0.6244
vn 0.6037 0.5207 0.6037
vn 0.7343 0.4692 0.4906
vn 0.7099 0.5207 0.4743
vn 0.8159 0.4692 0.3379
vn 0.7887 0.5207 0.3267
vn 0.8661 0.4692 0.1723
vn 0.8373 0.5207 0.1665
vn 0.8831 0.4692 -0.0000
vn 0.8537 0.5207 -0.0000
vn 0.8661 0.4692 -0.1723
vn 0.8373 0.5207 -0.1665
vn 0.8159 0.4692 -0.3379
vn 0.7887 0.5207 -0.3267
vn 0.7343 0.4692 -0.4906
vn 0.7099 0.5207 -0.4743
vn 0.3151 0.5673 0.7608
vn 0.4575 0.5673 0.6847
vn 0.5823 0.5673 0.5823
vn 0.6847 0.5673 0.4575
vn 0.7608 0.5673 0.3151
vn 0.8077 0.5673 0.1606
vn 0.8235 0.5673 -0.0000
vn 0.8077 0.5673 -0.1606
vn 0.7608 0.5673 -0.3151
vn 0.6847 0.5673 -0.4575
vn 0.5823 0.5673 -0.5823
vn 0.4575 0.5673 -0.6847
vn 0.3151 0.5673 -0.7608
vn 0.1607 0.5673 0.8077
vn 0.7848 0.5997 0.1561
vn 0.8002 0.5997 -0.0000
vn 0.6980 0.7161 -0.0000
vn 0.6846 0.7161 0.1362
vn 0.7393 0.5997 0.3062
vn 0.6449 0.7161 0.2671
vn 0.6654 0.5997 0.4446
vn 0.5804 0.7161 0.3878
vn 0.5658 0.5997 0.5658
vn 0.4936 0.7161 0.4936
vn 0.4446 0.5997 0.6654
vn 0.3878 0.7161 0.5804
vn 0.3062 0.5997 0.7393
vn 0.2671 0.7161 0.6449
vn 0.1561 0.5997 -0.7848
vn -0.0000 0.5997 -0.8002
vn -0.0000 0.7161 -0.6980
vn 0.1362 0.7161 -0.6846
vn 0.1561 0.5997 0.7848
vn 0.1362 0.7161 0.6846
vn 0.3062 0.5997 -0.7393
vn 0.2671 0.7161 -0.6449
vn -0.0000 0.5997 0.8002
vn -0.0000 0.7161 0.6980
vn 0.4446 0.5997 -0.6654
vn 0.3878 0.7161 -0.5804
vn 0.5658 0.5997 -0.5658
vn 0.4936 0.7161 -0.4936
vn 0.6654 0.5997 -0.4446
vn 0.5804 0.7161 -0.3878
vn 0.7393 0.5997 -0.3062
vn 0.6449 0.7161 -0.2671
vn 0.7848 0.5997 -0.1561
vn 0.6846 0.7161 -0.1362
vn 0.4717 0.8235 0.3152
vn 0.4012 0.8235 0.4012
vn 0.3152 0.8235 0.4717
vn 0.2171 0.8235 0.5242
vn -0.0000 0.8235 -0.5673
vn 0.1107 0.8235 -0.5564
vn 0.1107 0.8235 0.5564
vn 0.2171 0.8235 -0.5242
vn -0.0000 0.8235 0.5673
vn 0.3152 0.8235 -0.4717
vn 0.4012 0.8235 -0.4012
vn 0.4717 0.8235 -0.3152
vn 0.5242 0.8235 -0.2171
vn 0.5564 0.8235 -0.1107
vn 0.5673 0.8235 -0.0000
vn 0.5564 0.8235 0.1107
vn 0.5242 0.8235 0.2171
vn -0.7848 0.5997 0.1561
vn -0.6846 0.7161 0.1362
vn -0.6980 0.7161 -0.0000
vn -0.8002 0.5997 -0.0000
vn -0.7393 0.5997 0.3062
vn -0.6449 0.7161 0.2671
vn -0.6654 0.5997 0.4446
vn -0.5804 0.7161 0.3878
vn -0.5658 0.5997 0.5658
vn -0.4936 0.7161 0.4936
vn -0.4446 0.5997 0.6654
vn -0.3878 0.7161 0.5804
vn -0.3062 0.5997 0.7393
vn -0.2671 0.7161 0.6449
vn -0.1561 0.5997 -0.7848
vn -0.1362 0.7161 -0.6846
vn -0.1561 0.5997 0.7848
vn -0.1362 0.7161 0.6846
vn -0.3062 0.5997 -0.7393
vn -0.2671 0.7161 -0.6449
vn -0.4446 0.5997 -0.6654
vn -0.3878 0.7161 -0.5804
vn -0.5658 0.5997 -0.5658
vn -0.4936 0.7161 -0.4936
vn -0.6654 0.5997 -0.4446
vn -0.5804 0.7161 -0.3878
vn -0.7393 0.5997 -0.3062
vn -0.6449 0.7161 -0.2671
vn -0.7848 0.5997 -0.1561
vn -0.6846 0.7161 -0.1362
vn -0.4012 0.8235 0.4012
vn -0.4717 0.8235 0.3152
vn -0.3152 0.8235 0.4717
vn -0.2171 0.8235 0.5242
vn -0.1107 0.8235 -0.5564
vn -0.1107 0.8235 0.5564
vn -0.2171 0.8235 -0.5242
vn -0.3152 0.8235 -0.4717
vn -0.4012 0.8235 -0.4012
vn -0.4717 0.8235 -0.3152
vn -0.5242 0.8235 -0.2171
vn -0.5564 0.8235 -0.1107
vn -0.5673 0.8235 -0.0000
vn -0.5564 0.8235 0.1107
vn -0.5242 0.8235 0.2171
vn 0.6676 0.7445 -0.0000
vn 0.5048 0.8632 -0.0000
vn 0.5048 0.8466 0.1684
vn 0.6676 0.7302 0.1453
vn 0.6676 -0.6879 0.2849
vn 0.5048 -0.7975 0.3304
vn 0.5048 -0.8467 0.1684
vn 0.6676 -0.7302 0.1452
vn 0.5048 0.7975 0.3303
vn 0.6676 0.6879 0.2849
vn 0.5048 -0.8632 -0.0000
vn 0.6676 -0.7445 -0.0000
vn 0.5048 0.7178 0.4796
vn 0.6676 0.6191 0.4136
vn 0.5048 -0.8467 -0.1684
vn 0.6676 -0.7302 -0.1452
vn 0.5048 0.6104 0.6104
vn 0.6676 0.5265 0.5264
vn 0.5048 -0.7975 -0.3304
vn 0.6676 -0.6879 -0.2849
vn 0.5048 0.4796 0.7177
vn 0.6676 0.4136 0.6191
vn 0.5048 -0.7178 -0.4796
vn 0.6676 -0.6191 -0.4137
vn 0.5048 0.3303 0.7975
vn 0.6676 0.2849 0.6879
vn 0.6676 -0.0000 -0.7445
vn 0.5048 -0.0000 -0.8632
vn 0.5048 0.1684 -0.8466
vn 0.6676 0.1453 -0.7302
vn 0.5048 -0.6104 -0.6104
vn 0.6676 -0.5265 -0.5265
vn 0.5048 0.1684 0.8466
vn 0.6676 0.1453 0.7302
vn 0.5048 0.3303 -0.7975
vn 0.6676 0.2849 -0.6879
vn 0.5048 -0.4796 -0.7178
vn 0.6676 -0.4136 -0.6191
vn 0.5048 -0.0000 0.8632
vn 0.6676 -0.0000 0.7445
vn 0.5048 0.4796 -0.7177
vn 0.6676 0.4136 -0.6191
vn 0.5048 -0.3304 -0.7975
vn 0.6676 -0.2849 -0.6879
vn 0.5048 -0.1684 0.8466
vn 0.6676 -0.1453 0.7302
vn 0.5048 0.6104 -0.6104
vn 0.6676 0.5265 -0.5264
vn 0.5048 -0.1684 -0.8466
vn 0.6676 -0.1453 -0.7302
vn 0.5048 -0.3304 0.7975
vn 0.6676 -0.2849 0.6879
vn 0.5048 0.7178 -0.4796
vn 0.6676 0.6191 -0.4136
vn 0.5048 -0.4796 0.7178
vn 0.6676 -0.4136 0.6191
vn 0.5048 0.7975 -0.3303
vn 0.6676 0.6879 -0.2849
vn 0.5048 -0.6104 0.6104
vn 0.6676 -0.5265 0.5265
vn 0.5048 0.8466 -0.1684
vn 0.6676 0.7302 -0.1453
vn 0.5048 -0.7178 0.4796
vn 0.6676 -0.6191 0.4137
vn 0.1672 0.8198 0.5478
vn 0.1672 0.6972 0.6971
vn 0.1672 -0.9670 -0.1924
vn 0.1672 -0.9108 -0.3774
vn 0.1672 0.5478 0.8197
vn 0.1672 -0.8198 -0.5478
vn 0.1672 0.3773 0.9109
vn 0.1672 -0.0000 -0.9859
vn 0.1672 0.1923 -0.9670
vn 0.1672 -0.6972 -0.6971
vn 0.1672 0.1923 0.9670
vn 0.1672 0.3773 -0.9109
vn 0.1672 -0.5477 -0.8198
vn 0.1672 -0.0000 0.9859
vn 0.1672 0.5478 -0.8197
vn 0.1672 -0.3773 -0.9109
vn 0.1672 -0.1923 0.9670
vn 0.1672 0.6972 -0.6971
vn 0.1672 -0.1923 -0.9670
vn 0.1672 -0.3773 0.9109
vn 0.1672 0.8198 -0.5478
vn 0.1672 -0.5477 0.8198
vn 0.1672 0.9109 -0.3773
vn 0.1672 -0.6972 0.6971
vn 0.1672 0.9670 -0.1924
vn 0.1672 -0.8198 0.5478
vn 0.1672 0.9859 -0.0000
vn 0.1672 -0.9109 0.3773
vn 0.1672 0.9670 0.1924
vn 0.1672 -0.9670 0.1924
vn 0.1672 0.9109 0.3773
vn 0.1672 -0.9859 -0.0000
vn -0.2258 0.3728 0.9000
vn -0.2258 0.1901 0.9555
vn -0.2258 0.1901 -0.9555
vn -0.2258 0.3728 -0.9000
vn -0.2258 -0.6889 -0.6888
vn -0.2258 -0.5412 -0.8100
vn -0.2258 -0.0000 0.9742
vn -0.2257 0.5412 -0.8100
vn -0.2258 -0.3728 -0.9000
vn -0.2258 -0.1901 0.9555
vn -0.2257 0.6889 -0.6888
vn -0.2258 -0.1901 -0.9555
vn -0.2258 -0.3728 0.9000
vn -0.2258 0.8100 -0.5412
vn -0.2258 -0.0000 -0.9742
vn -0.2258 -0.5412 0.8100
vn -0.2258 0.9000 -0.3728
vn -0.2258 -0.6889 0.6888
vn -0.2258 0.9555 -0.1901
vn -0.2258 -0.8100 0.5413
vn -0.2258 0.9742 -0.0000
vn -0.2258 -0.9000 0.3729
vn -0.2258 0.9555 0.1901
vn -0.2258 -0.9555 0.1900
vn -0.2258 0.9000 0.3728
vn -0.2258 -0.9742 -0.0000
vn -0.2258 0.8100 0.5412
vn -0.2258 -0.9555 -0.1901
vn -0.2258 0.6889 0.6888
vn -0.2258 -0.9000 -0.3729
vn -0.2258 0.5412 0.8100
vn -0.2258 -0.8100 -0.5413
vn -0.5970 -0.1565 0.7868
vn -0.5970 -0.3070 0.7412
vn -0.5970 0.5673 -0.5673
vn -0.5970 0.6671 -0.4457
vn -0.5970 -0.1565 -0.7868
vn -0.5970 -0.0000 -0.8022
vn -0.5970 -0.4457 0.6670
vn -0.5970 0.7412 -0.3070
vn -0.5970 -0.5673 0.5672
vn -0.5970 0.7868 -0.1565
vn -0.5970 -0.6670 0.4457
vn -0.5970 0.8022 -0.0000
vn -0.5970 -0.7412 0.3070
vn -0.5970 0.7868 0.1565
vn -0.5970 -0.7868 0.1565
vn -0.5970 0.7412 0.3070
vn -0.5970 -0.8022 -0.0000
vn -0.5970 0.6670 0.4457
vn -0.5970 -0.7868 -0.1565
vn -0.5970 0.5673 0.5672
vn -0.5970 -0.7412 -0.3070
vn -0.5970 0.4457 0.6670
vn -0.5970 -0.6670 -0.4457
vn -0.5970 0.3070 0.7412
vn -0.5970 0.1565 -0.7868
vn -0.5970 -0.5673 -0.5672
vn -0.5970 0.1565 0.7868
vn -0.5970 0.3070 -0.7412
vn -0.5970 -0.4457 -0.6670
vn -0.5970 -0.0000 0.8022
vn -0.5970 0.4457 -0.6670
vn -0.5970 -0.3070 -0.7412
vn -0.7388 -0.4765 0.4765
vn -0.7388 -0.5603 0.3744
vn -0.7388 0.6610 -0.1315
vn -0.7388 0.6739 -0.0000
vn -0.7388 -0.6226 0.2579
vn -0.7388 0.6610 0.1315
vn -0.7388 -0.6610 0.1315
vn -0.7388 0.6226 0.2579
vn -0.7388 -0.6739 -0.0000
vn -0.7388 0.5603 0.3744
vn -0.7388 -0.6610 -0.1315
vn -0.7388 0.4765 0.4765
vn -0.7388 -0.6226 -0.2579
vn -0.7388 0.3744 0.5603
vn -0.7388 -0.5603 -0.3744
vn -0.7388 0.2579 0.6226
vn -0.7388 -0.0000 -0.6739
vn -0.7388 0.1315 -0.6610
vn -0.7388 -0.4765 -0.4765
vn -0.7388 0.1315 0.6609
vn -0.7388 0.2579 -0.6226
vn -0.7388 -0.3744 -0.5603
vn -0.7388 -0.0000 0.6739
vn -0.7388 0.3744 -0.5603
vn -0.7388 -0.2579 -0.6226
vn -0.7388 -0.1315 0.6610
vn -0.7388 0.4765 -0.4765
vn -0.7388 -0.1315 -0.6610
vn -0.7388 -0.2579 0.6226
vn -0.7388 0.5603 -0.3744
vn -0.7388 -0.3744 0.5603
vn -0.7388 0.6226 -0.2579
vn 0.5703 0.1603 -0.8056
vn 0.2180 0.1904 -0.9572
vn 0.2180 0.3735 -0.9017
vn 0.5704 0.3143 -0.7589
vn 0.7034 -0.6567 -0.2720
vn 0.5703 -0.7589 -0.3143
vn 0.5703 -0.6830 -0.4564
vn 0.7034 -0.5910 -0.3949
vn 0.5704 -0.8056 -0.1602
vn 0.2180 -0.9572 -0.1904
vn 0.2180 -0.9017 -0.3735
vn 0.7034 -0.2720 0.6567
vn 0.5703 -0.3143 0.7589
vn 0.5703 -0.4563 0.6830
vn 0.7034 -0.3949 0.5910
vn 0.5703 -0.0000 -0.8214
vn 0.2180 -0.0000 -0.9759
vn 0.7034 0.6567 0.2720
vn 0.5703 0.7589 0.3143
vn 0.5703 0.6830 0.4564
vn 0.7034 0.5910 0.3949
vn 0.5704 0.3143 0.7589
vn 0.2180 0.3735 0.9017
vn 0.2180 0.1904 0.9572
vn 0.5703 0.1603 0.8056
vn 0.7034 0.2720 -0.6567
vn 0.5703 0.4563 -0.6830
vn 0.7034 0.3949 -0.5910
vn 0.5703 -0.7589 0.3143
vn 0.2180 -0.9017 0.3735
vn 0.2180 -0.9572 0.1904
vn 0.5704 -0.8056 0.1602
vn 0.7034 -0.3949 -0.5910
vn 0.5703 -0.4563 -0.6830
vn 0.5703 -0.3143 -0.7589
vn 0.7034 -0.2720 -0.6567
vn 0.2180 -0.3735 -0.9017
vn 0.2180 -0.1904 -0.9572
vn 0.5703 -0.1603 -0.8056
vn 0.7034 -0.5910 0.3949
vn 0.5703 -0.6830 0.4564
vn 0.7034 -0.6567 0.2720
vn 0.2180 0.5422 -0.8115
vn 0.2180 0.6901 -0.6901
vn 0.5703 0.5808 -0.5808
vn 0.7034 0.3949 0.5910
vn 0.5703 0.4563 0.6830
vn 0.7034 0.2720 0.6567
vn 0.2180 0.8115 0.5422
vn 0.2180 0.6901 0.6901
vn 0.5703 0.5808 0.5808
vn 0.7034 0.5910 -0.3949
vn 0.5703 0.6830 -0.4564
vn 0.5703 0.7589 -0.3143
vn 0.7034 0.6567 -0.2720
vn 0.2180 -0.5422 0.8115
vn 0.2180 -0.6901 0.6901
vn 0.5703 -0.5808 0.5808
vn 0.7034 -0.7108 -0.0000
vn 0.5704 -0.8214 -0.0000
vn 0.7034 -0.6971 -0.1386
vn 0.2180 -0.8115 -0.5422
vn 0.2180 -0.6901 -0.6901
vn 0.5703 -0.5808 -0.5808
vn 0.7034 -0.0000 0.7108
vn 0.5703 -0.0000 0.8214
vn 0.5703 -0.1603 0.8056
vn 0.7034 -0.1387 0.6971
vn 0.5704 0.8214 -0.0000
vn 0.2180 0.9759 -0.0000
vn 0.2180 0.9572 0.1904
vn 0.5704 0.8056 0.1602
vn 0.7034 0.7108 -0.0000
vn 0.7034 0.6972 0.1386
vn 0.2180 -0.0000 0.9759
vn 0.2180 -0.1904 0.9572
vn 0.7034 -0.5026 -0.5026
vn 0.2180 -0.9759 -0.0000
vn 0.7034 -0.5026 0.5026
vn 0.2180 0.8115 -0.5422
vn 0.2180 0.9017 -0.3735
vn 0.7034 0.5026 0.5026
vn 0.2180 0.5422 0.8115
vn 0.7034 0.5026 -0.5026
vn 0.2180 -0.8115 0.5422
vn 0.7034 -0.0000 -0.7108
vn 0.7034 0.1387 -0.6971
vn 0.2180 -0.5422 -0.8115
vn 0.7034 -0.1387 -0.6971
vn 0.7034 -0.6971 0.1386
vn 0.2180 0.9017 0.3735
vn 0.7034 0.1387 0.6971
vn 0.2180 -0.3735 0.9017
vn 0.5704 0.8056 -0.1602
vn 0.7034 0.6972 -0.1386
vn 0.2180 0.9572 -0.1904
vn -0.1004 -0.5527 0.8273
vn -0.1004 -0.7035 0.7035
vn -0.1003 0.9192 -0.3807
vn -0.1004 0.9758 -0.1941
vn -0.1003 -0.8273 0.5527
vn -0.1004 0.9950 -0.0000
vn -0.1004 -0.9192 0.3807
vn -0.1004 0.9758 0.1941
vn -0.1004 -0.9758 0.1941
vn -0.1003 0.9192 0.3808
vn -0.1004 -0.9950 -0.0000
vn -0.1003 0.8273 0.5528
vn -0.1004 -0.9758 -0.1941
vn -0.1004 0.7035 0.7035
vn -0.1004 -0.9192 -0.3807
vn -0.1004 0.5528 0.8273
vn -0.1003 -0.8273 -0.5527
vn -0.1004 0.3807 0.9192
vn -0.1004 -0.0000 -0.9950
vn -0.1003 0.1941 -0.9758
vn -0.1004 -0.7035 -0.7035
vn -0.1003 0.1941 0.9758
vn -0.1004 0.3807 -0.9192
vn -0.1004 -0.5527 -0.8273
vn -0.1004 -0.0000 0.9950
vn -0.1004 0.5528 -0.8273
vn -0.1004 -0.3808 -0.9192
vn -0.1004 -0.1941 0.9758
vn -0.1004 0.7035 -0.7035
vn -0.1004 -0.1941 -0.9758
vn -0.1004 -0.3808 0.9192
vn -0.1003 0.8273 -0.5528
vn -0.4462 -0.8777 0.1746
vn -0.4462 -0.8949 -0.0000
vn -0.4462 0.8268 0.3425
vn -0.4462 0.7441 0.4972
vn -0.4462 -0.8777 -0.1746
vn -0.4462 0.6328 0.6328
vn -0.4462 -0.8268 -0.3424
vn -0.4462 0.4972 0.7441
vn -0.4462 -0.7441 -0.4972
vn -0.4462 0.3425 0.8268
vn -0.4462 -0.0000 -0.8949
vn -0.4462 0.1746 -0.8777
vn -0.4462 -0.6328 -0.6328
vn -0.4462 0.1746 0.8777
vn -0.4462 0.3425 -0.8268
vn -0.4462 -0.4972 -0.7441
vn -0.4462 -0.0000 0.8949
vn -0.4462 0.4972 -0.7441
vn -0.4462 -0.3425 -0.8268
vn -0.4462 -0.1746 0.8777
vn -0.4462 0.6328 -0.6328
vn -0.4462 -0.1746 -0.8777
vn -0.4462 -0.3425 0.8268
vn -0.4462 0.7441 -0.4972
vn -0.4462 -0.4972 0.7441
vn -0.4462 0.8268 -0.3425
vn -0.4462 -0.6328 0.6328
vn -0.4462 0.8778 -0.1745
vn -0.4462 -0.7441 0.4972
vn -0.4462 0.8949 -0.0000
vn -0.4462 -0.8268 0.3424
vn -0.4462 0.8778 0.1745
vn -0.7006 -0.6592 -0.2730
vn -0.7007 -0.5933 -0.3964
vn -0.7006 0.3964 0.5933
vn -0.7006 0.2730 0.6592
vn -0.7006 -0.0000 -0.7135
vn -0.7007 0.1392 -0.6998
vn -0.7007 -0.5045 -0.5045
vn -0.7007 0.1392 0.6998
vn -0.7006 0.2730 -0.6592
vn -0.7006 -0.3964 -0.5933
vn -0.7006 -0.0000 0.7135
vn -0.7006 0.3964 -0.5933
vn -0.7006 -0.2730 -0.6592
vn -0.7006 -0.1392 0.6998
vn -0.7006 0.5045 -0.5045
vn -0.7006 -0.1392 -0.6998
vn -0.7006 -0.2730 0.6592
vn -0.7006 0.5933 -0.3964
vn -0.7006 -0.3964 0.5933
vn -0.7006 0.6592 -0.2730
vn -0.7007 -0.5045 0.5045
vn -0.7006 0.6998 -0.1392
vn -0.7007 -0.5933 0.3964
vn -0.7006 0.7135 -0.0000
vn -0.7006 -0.6592 0.2730
vn -0.7007 0.6998 0.1392
vn -0.7006 -0.6998 0.1392
vn -0.7006 0.6592 0.2730
vn -0.7006 -0.7135 -0.0000
vn -0.7006 0.5933 0.3964
vn -0.7006 -0.6998 -0.1392
vn -0.7006 0.5045 0.5045
vn -0.7304 0.2614 -0.6311
vn -0.7304 0.3795 -0.5680
vn -0.7304 -0.3795 -0.5679
vn -0.7304 -0.2614 -0.6311
vn -0.7303 -0.0000 0.6831
vn -0.7303 -0.1333 0.6700
vn -0.7304 0.4830 -0.4830
vn -0.7303 -0.1333 -0.6700
vn -0.7304 -0.2614 0.6311
vn -0.7304 0.5679 -0.3795
vn -0.7303 -0.0000 -0.6831
vn -0.7304 -0.3795 0.5679
vn -0.7304 0.6311 -0.2614
vn -0.7304 -0.4830 0.4830
vn -0.7304 0.6699 -0.1332
vn -0.7304 -0.5679 0.3795
vn -0.7304 0.6831 -0.0000
vn -0.7304 -0.6311 0.2614
vn -0.7304 0.6699 0.1332
vn -0.7303 -0.6699 0.1333
vn -0.7304 0.6311 0.2614
vn -0.7303 -0.6831 -0.0000
vn -0.7304 0.5679 0.3795
vn -0.7303 -0.6699 -0.1333
vn -0.7304 0.4830 0.4830
vn -0.7304 -0.6311 -0.2614
vn -0.7304 0.3795 0.5680
vn -0.7304 -0.5679 -0.3795
vn -0.7304 0.2614 0.6311
vn -0.7304 0.1333 -0.6699
vn -0.7304 -0.4830 -0.4830
vn -0.7304 0.1333 0.6699
vn -0.6676 0.7445 -0.0000
vn -0.6676 0.7302 0.1453
vn -0.5048 0.8466 0.1684
vn -0.5048 0.8632 -0.0000
vn -0.6676 -0.6879 0.2849
vn -0.6676 -0.7302 0.1452
vn -0.5048 -0.8467 0.1684
vn -0.5048 -0.7975 0.3304
vn -0.6676 0.6879 0.2849
vn -0.5048 0.7975 0.3303
vn -0.6676 -0.7445 -0.0000
vn -0.5048 -0.8632 -0.0000
vn -0.6676 0.6191 0.4136
vn -0.5048 0.7178 0.4796
vn -0.6676 -0.7302 -0.1452
vn -0.5048 -0.8467 -0.1684
vn -0.6676 0.5265 0.5264
vn -0.5048 0.6104 0.6104
vn -0.6676 -0.6879 -0.2849
vn -0.5048 -0.7975 -0.3304
vn -0.6676 0.4136 0.6191
vn -0.5048 0.4796 0.7177
vn -0.6676 -0.6191 -0.4137
vn -0.5048 -0.7178 -0.4796
vn -0.6676 0.2849 0.6879
vn -0.5048 0.3303 0.7975
vn -0.6676 -0.0000 -0.7445
vn -0.6676 0.1453 -0.7302
vn -0.5048 0.1684 -0.8466
vn -0.5048 -0.0000 -0.8632
vn -0.6676 -0.5265 -0.5265
vn -0.5048 -0.6104 -0.6104
vn -0.6676 0.1453 0.7302
vn -0.5048 0.1684 0.8466
vn -0.6676 0.2849 -0.6879
vn -0.5048 0.3303 -0.7975
vn -0.6676 -0.4136 -0.6191
vn -0.5048 -0.4796 -0.7178
vn -0.6676 -0.0000 0.7445
vn -0.5048 -0.0000 0.8632
vn -0.6676 0.4136 -0.6191
vn -0.5048 0.4796 -0.7177
vn -0.6676 -0.2849 -0.6879
vn -0.5048 -0.3304 -0.7975
vn -0.6676 -0.1453 0.7302
vn -0.5048 -0.1684 0.8466
vn -0.6676 0.5265 -0.5264
vn -0.5048 0.6104 -0.6104
vn -0.6676 -0.1453 -0.7302
vn -0.5048 -0.1684 -0.8466
vn -0.6676 -0.2849 0.6879
vn -0.5048 -0.3304 0.7975
vn -0.6676 0.6191 -0.4136
vn -0.5048 0.7178 -0.4796
vn -0.6676 -0.4136 0.6191
vn -0.5048 -0.4796 0.7178
vn -0.6676 0.6879 -0.2849
vn -0.5048 0.7975 -0.3303
vn -0.6676 -0.5265 0.5265
vn -0.5048 -0.6104 0.6104
vn -0.6676 0.7302 -0.1453
vn -0.5048 0.8466 -0.1684
vn -0.6676 -0.6191 0.4137
vn -0.5048 -0.7178 0.4796
vn -0.1672 0.6972 0.6971
vn -0.1672 0.8198 0.5478
vn -0.1672 -0.9108 -0.3774
vn -0.1672 -0.9670 -0.1924
vn -0.1672 0.5478 0.8197
vn -0.1672 -0.8198 -0.5478
vn -0.1672 0.3773 0.9109
vn -0.1672 0.1923 -0.9670
vn -0.1672 -0.0000 -0.9859
vn -0.1672 -0.6972 -0.6971
vn -0.1672 0.1923 0.9670
vn -0.1672 0.3773 -0.9109
vn -0.1672 -0.5477 -0.8198
vn -0.1672 -0.0000 0.9859
vn -0.1672 0.5478 -0.8197
vn -0.1672 -0.3773 -0.9109
vn -0.1672 -0.1923 0.9670
vn -0.1672 0.6972 -0.6971
vn -0.1672 -0.1923 -0.9670
vn -0.1672 -0.3773 0.9109
vn -0.1672 0.8198 -0.5478
vn -0.1672 -0.5477 0.8198
vn -0.1672 0.9109 -0.3773
vn -0.1672 -0.6972 0.6971
vn -0.1672 0.9670 -0.1924
vn -0.1672 -0.8198 0.5478
vn -0.1672 0.9859 -0.0000
vn -0.1672 -0.9109 0.3773
vn -0.1672 0.9670 0.1924
vn -0.1672 -0.9670 0.1924
vn -0.1672 0.9109 0.3773
vn -0.1672 -0.9859 -0.0000
vn 0.2258 0.1901 0.9555
vn 0.2258 0.3728 0.9000
vn 0.2258 0.3728 -0.9000
vn 0.2258 0.1901 -0.9555
vn 0.2258 -0.5412 -0.8100
vn 0.2258 -0.6889 -0.6888
vn 0.2258 -0.0000 0.9742
vn 0.2257 0.5412 -0.8100
vn 0.2258 -0.3728 -0.9000
vn 0.2258 -0.1901 0.9555
vn 0.2257 0.6889 -0.6888
vn 0.2258 -0.1901 -0.9555
vn 0.2258 -0.3728 0.9000
vn 0.2258 0.8100 -0.5412
vn 0.2258 -0.0000 -0.9742
vn 0.2258 -0.5412 0.8100
vn 0.2258 0.9000 -0.3728
vn 0.2258 -0.6889 0.6888
vn 0.2258 0.9555 -0.1901
vn 0.2258 -0.8100 0.5413
vn 0.2258 0.9742 -0.0000
vn 0.2258 -0.9000 0.3729
vn 0.2258 0.9555 0.1901
vn 0.2258 -0.9555 0.1900
vn 0.2258 0.9000 0.3728
vn 0.2258 -0.9742 -0.0000
vn 0.2258 0.8100 0.5412
vn 0.2258 -0.9555 -0.1901
vn 0.2258 0.6889 0.6888
vn 0.2258 -0.9000 -0.3729
vn 0.2258 0.5412 0.8100
vn 0.2258 -0.8100 -0.5413
vn 0.5970 -0.3070 0.7412
vn 0.5970 -0.1565 0.7868
vn 0.5970 0.6671 -0.4457
vn 0.5970 0.5673 -0.5673
vn 0.5970 -0.0000 -0.8022
vn 0.5970 -0.1565 -0.7868
vn 0.5970 -0.4457 0.6670
vn 0.5970 0.7412 -0.3070
vn 0.5970 -0.5673 0.5672
vn 0.5970 0.7868 -0.1565
vn 0.5970 -0.6670 0.4457
vn 0.5970 0.8022 -0.0000
vn 0.5970 -0.7412 0.3070
vn 0.5970 0.7868 0.1565
vn 0.5970 -0.7868 0.1565
vn 0.5970 0.7412 0.3070
vn 0.5970 -0.8022 -0.0000
vn 0.5970 0.6670 0.4457
vn 0.5970 -0.7868 -0.1565
vn 0.5970 0.5673 0.5672
vn 0.5970 -0.7412 -0.3070
vn 0.5970 0.4457 0.6670
vn 0.5970 -0.6670 -0.4457
vn 0.5970 0.3070 0.7412
vn 0.5970 0.1565 -0.7868
vn 0.5970 -0.5673 -0.5672
vn 0.5970 0.1565 0.7868
vn 0.5970 0.3070 -0.7412
vn 0.5970 -0.4457 -0.6670
vn 0.5970 -0.0000 0.8022
vn 0.5970 0.4457 -0.6670
vn 0.5970 -0.3070 -0.7412
vn 0.7388 -0.5603 0.3744
vn 0.7388 -0.4765 0.4765
vn 0.7388 0.6739 -0.0000
vn 0.7388 0.6610 -0.1315
vn 0.7388 -0.6226 0.2579
vn 0.7388 0.6610 0.1315
vn 0.7388 -0.6610 0.1315
vn 0.7388 0.6226 0.2579
vn 0.7388 -0.6739 -0.0000
vn 0.7388 0.5603 0.3744
vn 0.7388 -0.6610 -0.1315
vn 0.7388 0.4765 0.4765
vn 0.7388 -0.6226 -0.2579
vn 0.7388 0.3744 0.5603
vn 0.7388 -0.5603 -0.3744
vn 0.7388 0.2579 0.6226
vn 0.7388 0.1315 -0.6610
vn 0.7388 -0.0000 -0.6739
vn 0.7388 -0.4765 -0.4765
vn 0.7388 0.1315 0.6609
vn 0.7388 0.2579 -0.6226
vn 0.7388 -0.3744 -0.5603
vn 0.7388 -0.0000 0.6739
vn 0.7388 0.3744 -0.5603
vn 0.7388 -0.2579 -0.6226
vn 0.7388 -0.1315 0.6610
vn 0.7388 0.4765 -0.4765
vn 0.7388 -0.1315 -0.6610
vn 0.7388 -0.2579 0.6226
vn 0.7388 0.5603 -0.3744
vn 0.7388 -0.3744 0.5603
vn 0.7388 0.6226 -0.2579
vn -0.5703 0.1603 -0.8056
vn -0.5704 0.3143 -0.7589
vn -0.2180 0.3735 -0.9017
vn -0.2180 0.1904 -0.9572
vn -0.7034 -0.6567 -0.2720
vn -0.7034 -0.5910 -0.3949
vn -0.5703 -0.6830 -0.4564
vn -0.5703 -0.7589 -0.3143
vn -0.5704 -0.8056 -0.1602
vn -0.2180 -0.9017 -0.3735
vn -0.2180 -0.9572 -0.1904
vn -0.7034 -0.2720 0.6567
vn -0.7034 -0.3949 0.5910
vn -0.5703 -0.4563 0.6830
vn -0.5703 -0.3143 0.7589
vn -0.5703 -0.0000 -0.8214
vn -0.2180 -0.0000 -0.9759
vn -0.7034 0.6567 0.2720
vn -0.7034 0.5910 0.3949
vn -0.5703 0.6830 0.4564
vn -0.5703 0.7589 0.3143
vn -0.5704 0.3143 0.7589
vn -0.5703 0.1603 0.8056
vn -0.2180 0.1904 0.9572
vn -0.2180 0.3735 0.9017
vn -0.7034 0.2720 -0.6567
vn -0.7034 0.3949 -0.5910
vn -0.5703 0.4563 -0.6830
vn -0.5703 -0.7589 0.3143
vn -0.5704 -0.8056 0.1602
vn -0.2180 -0.9572 0.1904
vn -0.2180 -0.9017 0.3735
vn -0.7034 -0.3949 -0.5910
vn -0.7034 -0.2720 -0.6567
vn -0.5703 -0.3143 -0.7589
vn -0.5703 -0.4563 -0.6830
vn -0.5703 -0.1603 -0.8056
vn -0.2180 -0.1904 -0.9572
vn -0.2180 -0.3735 -0.9017
vn -0.7034 -0.5910 0.3949
vn -0.7034 -0.6567 0.2720
vn -0.5703 -0.6830 0.4564
vn -0.5703 0.5808 -0.5808
vn -0.2180 0.6901 -0.6901
vn -0.2180 0.5422 -0.8115
vn -0.7034 0.3949 0.5910
vn -0.7034 0.2720 0.6567
vn -0.5703 0.4563 0.6830
vn -0.5703 0.5808 0.5808
vn -0.2180 0.6901 0.6901
vn -0.2180 0.8115 0.5422
vn -0.7034 0.5910 -0.3949
vn -0.7034 0.6567 -0.2720
vn -0.5703 0.7589 -0.3143
vn -0.5703 0.6830 -0.4564
vn -0.5703 -0.5808 0.5808
vn -0.2180 -0.6901 0.6901
vn -0.2180 -0.5422 0.8115
vn -0.7034 -0.7108 -0.0000
vn -0.7034 -0.6971 -0.1386
vn -0.5704 -0.8214 -0.0000
vn -0.5703 -0.5808 -0.5808
vn -0.2180 -0.6901 -0.6901
vn -0.2180 -0.8115 -0.5422
vn -0.7034 -0.0000 0.7108
vn -0.7034 -0.1387 0.6971
vn -0.5703 -0.1603 0.8056
vn -0.5703 -0.0000 0.8214
vn -0.5704 0.8214 -0.0000
vn -0.5704 0.8056 0.1602
vn -0.2180 0.9572 0.1904
vn -0.2180 0.9759 -0.0000
vn -0.7034 0.7108 -0.0000
vn -0.7034 0.6972 0.1386
vn -0.2180 -0.1904 0.9572
vn -0.2180 -0.0000 0.9759
vn -0.7034 -0.5026 -0.5026
vn -0.2180 -0.9759 -0.0000
vn -0.7034 -0.5026 0.5026
vn -0.2180 0.9017 -0.3735
vn -0.2180 0.8115 -0.5422
vn -0.7034 0.5026 0.5026
vn -0.2180 0.5422 0.8115
vn -0.7034 0.5026 -0.5026
vn -0.2180 -0.8115 0.5422
vn -0.7034 -0.0000 -0.7108
vn -0.7034 0.1387 -0.6971
vn -0.2180 -0.5422 -0.8115
vn -0.7034 -0.1387 -0.6971
vn -0.7034 -0.6971 0.1386
vn -0.2180 0.9017 0.3735
vn -0.7034 0.1387 0.6971
vn -0.2180 -0.3735 0.9017
vn -0.7034 0.6972 -0.1386
vn -0.5704 0.8056 -0.1602
vn -0.2180 0.9572 -0.1904
vn 0.1004 -0.7035 0.7035
vn 0.1004 -0.5527 0.8273
vn 0.1004 0.9758 -0.1941
vn 0.1003 0.9192 -0.3807
vn 0.1003 -0.8273 0.5527
vn 0.1004 0.9950 -0.0000
vn 0.1004 -0.9192 0.3807
vn 0.1004 0.9758 0.1941
vn 0.1004 -0.9758 0.1941
vn 0.1003 0.9192 0.3808
vn 0.1004 -0.9950 -0.0000
vn 0.1003 0.8273 0.5528
vn 0.1004 -0.9758 -0.1941
vn 0.1004 0.7035 0.7035
vn 0.1004 -0.9192 -0.3807
vn 0.1004 0.5528 0.8273
vn 0.1003 -0.8273 -0.5527
vn 0.1004 0.3807 0.9192
vn 0.1003 0.1941 -0.9758
vn 0.1004 -0.0000 -0.9950
vn 0.1004 -0.7035 -0.7035
vn 0.1003 0.1941 0.9758
vn 0.1004 0.3807 -0.9192
vn 0.1004 -0.5527 -0.8273
vn 0.1004 -0.0000 0.9950
vn 0.1004 0.5528 -0.8273
vn 0.1004 -0.3808 -0.9192
vn 0.1004 -0.1941 0.9758
vn 0.1004 0.7035 -0.7035
vn 0.1004 -0.1941 -0.9758
vn 0.1004 -0.3808 0.9192
vn 0.1003 0.8273 -0.5528
vn 0.4462 -0.8949 -0.0000
vn 0.4462 -0.8777 0.1746
vn 0.4462 0.7441 0.4972
vn 0.4462 0.8268 0.3425
vn 0.4462 -0.8777 -0.1746
vn 0.4462 0.6328 0.6328
vn 0.4462 -0.8268 -0.3424
vn 0.4462 0.4972 0.7441
vn 0.4462 -0.7441 -0.4972
vn 0.4462 0.3425 0.8268
vn 0.4462 0.1746 -0.8777
vn 0.4462 -0.0000 -0.8949
vn 0.4462 -0.6328 -0.6328
vn 0.4462 0.1746 0.8777
vn 0.4462 0.3425 -0.8268
vn 0.4462 -0.4972 -0.7441
vn 0.4462 -0.0000 0.8949
vn 0.4462 0.4972 -0.7441
vn 0.4462 -0.3425 -0.8268
vn 0.4462 -0.1746 0.8777
vn 0.4462 0.6328 -0.6328
vn 0.4462 -0.1746 -0.8777
vn 0.4462 -0.3425 0.8268
vn 0.4462 0.7441 -0.4972
vn 0.4462 -0.4972 0.7441
vn 0.4462 0.8268 -0.3425
vn 0.4462 -0.6328 0.6328
vn 0.4462 0.8778 -0.1745
vn 0.4462 -0.7441 0.4972
vn 0.4462 0.8949 -0.0000
vn 0.4462 -0.8268 0.3424
vn 0.4462 0.8778 0.1745
vn 0.7007 -0.5933 -0.3964
vn 0.7006 -0.6592 -0.2730
vn 0.7006 0.2730 0.6592
vn 0.7006 0.3964 0.5933
vn 0.7007 0.1392 -0.6998
vn 0.7006 -0.0000 -0.7135
vn 0.7007 -0.5045 -0.5045
vn 0.7007 0.1392 0.6998
vn 0.7006 0.2730 -0.6592
vn 0.7006 -0.3964 -0.5933
vn 0.7006 -0.0000 0.7135
vn 0.7006 0.3964 -0.5933
vn 0.7006 -0.2730 -0.6592
vn 0.7006 -0.1392 0.6998
vn 0.7006 0.5045 -0.5045
vn 0.7006 -0.1392 -0.6998
vn 0.7006 -0.2730 0.6592
vn 0.7006 0.5933 -0.3964
vn 0.7006 -0.3964 0.5933
vn 0.7006 0.6592 -0.2730
vn 0.7007 -0.5045 0.5045
vn 0.7006 0.6998 -0.1392
vn 0.7007 -0.5933 0.3964
vn 0.7006 0.7135 -0.0000
vn 0.7006 -0.6592 0.2730
vn 0.7007 0.6998 0.1392
vn 0.7006 -0.6998 0.1392
vn 0.7006 0.6592 0.2730
vn 0.7006 -0.7135 -0.0000
vn 0.7006 0.5933 0.3964
vn 0.7006 -0.6998 -0.1392
vn 0.7006 0.5045 0.5045
vn 0.7304 0.3795 -0.5680
vn 0.7304 0.2614 -0.6311
vn 0.7304 -0.2614 -0.6311
vn 0.7304 -0.3795 -0.5679
vn 0.7303 -0.1333 0.6700
vn 0.7303 -0.0000 0.6831
vn 0.7304 0.4830 -0.4830
vn 0.7303 -0.1333 -0.6700
vn 0.7304 -0.2614 0.6311
vn 0.7304 0.5679 -0.3795
vn 0.7303 -0.0000 -0.6831
vn 0.7304 -0.3795 0.5679
vn 0.7304 0.6311 -0.2614
vn 0.7304 -0.4830 0.4830
vn 0.7304 0.6699 -0.1332
vn 0.7304 -0.5679 0.3795
vn 0.7304 0.6831 -0.0000
vn 0.7304 -0.6311 0.2614
vn 0.7304 0.6699 0.1332
vn 0.7303 -0.6699 0.1333
vn 0.7304 0.6311 0.2614
vn 0.7303 -0.6831 -0.0000
vn 0.7304 0.5679 0.3795
vn 0.7303 -0.6699 -0.1333
vn 0.7304 0.4830 0.4830
vn 0.7304 -0.6311 -0.2614
vn 0.7304 0.3795 0.5680
vn 0.7304 -0.5679 -0.3795
vn 0.7304 0.2614 0.6311
vn 0.7304 0.1333 -0.6699
vn 0.7304 -0.4830 -0.4830
vn 0.7304 0.1333 0.6699
vn 0.5686 -0.5944 -0.5686
vn 0.4468 -0.5944 -0.6686
vn 0.4796 -0.5048 -0.7177
vn 0.6104 -0.5048 -0.6104
vn 0.8466 -0.5048 -0.1684
vn 0.7975 -0.5048 -0.3303
vn 0.9033 -0.2098 -0.3742
vn 0.9589 -0.2098 -0.1907
vn 0.6687 -0.5944 -0.4468
vn 0.7178 -0.5048 -0.4796
vn 0.7430 -0.5944 -0.3077
vn 0.7887 -0.5944 -0.1569
vn 0.8042 -0.5944 -0.0000
vn 0.8632 -0.5048 -0.0000
vn 0.7887 -0.5944 0.1569
vn 0.8466 -0.5048 0.1684
vn 0.7430 -0.5944 0.3078
vn 0.7975 -0.5048 0.3303
vn 0.6687 -0.5944 0.4468
vn 0.7178 -0.5048 0.4796
vn 0.5686 -0.5944 0.5686
vn 0.6104 -0.5048 0.6104
vn 0.4468 -0.5944 0.6687
vn 0.4796 -0.5048 0.7177
vn 0.3077 -0.5944 0.7430
vn 0.3303 -0.5048 0.7975
vn 0.1569 -0.5944 -0.7887
vn -0.0000 -0.5944 -0.8042
vn -0.0000 -0.5048 -0.8632
vn 0.1684 -0.5048 -0.8466
vn 0.1569 -0.5944 0.7887
vn 0.1684 -0.5048 0.8466
vn 0.3077 -0.5944 -0.7430
vn 0.3303 -0.5048 -0.7975
vn -0.0000 -0.5944 0.8042
vn -0.0000 -0.5048 0.8632
vn 0.9033 -0.2098 0.3742
vn 0.9589 -0.2098 0.1907
vn 0.9436 0.2726 0.1877
vn 0.8889 0.2726 0.3682
vn 0.9777 -0.2098 -0.0000
vn 0.8130 -0.2098 0.5432
vn 0.6914 -0.2098 0.6914
vn 0.5432 -0.2098 0.8130
vn 0.3742 -0.2098 0.9033
vn -0.0000 -0.2098 -0.9777
vn 0.1907 -0.2098 -0.9589
vn 0.1907 -0.2098 0.9590
vn 0.3742 -0.2098 -0.9033
vn -0.0000 -0.2098 0.9777
vn 0.5432 -0.2098 -0.8130
vn 0.6914 -0.2098 -0.6914
vn 0.8130 -0.2098 -0.5432
vn 0.5345 0.2726 0.8000
vn 0.6803 0.2726 0.6803
vn 0.5985 0.5324 0.5985
vn 0.4703 0.5324 0.7038
vn 0.8000 0.2726 0.5345
vn 0.3682 0.2726 0.8889
vn -0.0000 0.2726 -0.9621
vn 0.1877 0.2726 -0.9437
vn 0.1877 0.2726 0.9437
vn 0.3682 0.2726 -0.8889
vn -0.0000 0.2726 0.9621
vn 0.5345 0.2726 -0.8000
vn 0.6803 0.2726 -0.6803
vn 0.8000 0.2726 -0.5345
vn 0.8889 0.2726 -0.3682
vn 0.9436 0.2726 -0.1877
vn 0.9621 0.2726 -0.0000
vn 0.3239 0.5324 0.7820
vn -0.0000 0.5325 -0.8465
vn 0.1651 0.5324 -0.8302
vn 0.1651 0.5324 0.8302
vn 0.3239 0.5324 -0.7820
vn -0.0000 0.5324 0.8465
vn 0.4703 0.5324 -0.7038
vn 0.5985 0.5324 -0.5985
vn 0.7038 0.5324 -0.4703
vn 0.7820 0.5324 -0.3239
vn 0.8302 0.5324 -0.1651
vn 0.8465 0.5324 -0.0000
vn 0.8302 0.5324 0.1651
vn 0.7820 0.5324 0.3239
vn 0.7038 0.5324 0.4703
vn -0.5687 -0.5944 -0.5686
vn -0.6104 -0.5048 -0.6104
vn -0.4796 -0.5048 -0.7177
vn -0.4468 -0.5944 -0.6687
vn -0.8466 -0.5048 -0.1684
vn -0.9589 -0.2098 -0.1907
vn -0.9033 -0.2098 -0.3742
vn -0.7975 -0.5048 -0.3303
vn -0.6687 -0.5944 -0.4468
vn -0.7178 -0.5048 -0.4796
vn -0.7430 -0.5944 -0.3078
vn -0.7887 -0.5944 -0.1569
vn -0.8042 -0.5944 -0.0000
vn -0.8632 -0.5048 -0.0000
vn -0.7887 -0.5944 0.1569
vn -0.8466 -0.5048 0.1684
vn -0.7430 -0.5944 0.3078
vn -0.7975 -0.5048 0.3303
vn -0.6687 -0.5944 0.4468
vn -0.7178 -0.5048 0.4796
vn -0.5686 -0.5944 0.5686
vn -0.6104 -0.5048 0.6104
vn -0.4468 -0.5944 0.6687
vn -0.4796 -0.5048 0.7178
vn -0.3077 -0.5944 0.7430
vn -0.3303 -0.5048 0.7975
vn -0.1569 -0.5944 -0.7887
vn -0.1684 -0.5048 -0.8466
vn -0.1569 -0.5944 0.7887
vn -0.1684 -0.5048 0.8466
vn -0.3077 -0.5944 -0.7430
vn -0.3303 -0.5048 -0.7975
vn -0.9033 -0.2098 0.3742
vn -0.8889 0.2726 0.3682
vn -0.9436 0.2726 0.1877
vn -0.9589 -0.2098 0.1907
vn -0.9777 -0.2098 -0.0000
vn -0.8130 -0.2098 0.5432
vn -0.6914 -0.2098 0.6914
vn -0.5432 -0.2098 0.8130
vn -0.3742 -0.2098 0.9033
vn -0.1907 -0.2098 -0.9589
vn -0.1907 -0.2098 0.9590
vn -0.3742 -0.2098 -0.9033
vn -0.5432 -0.2098 -0.8130
vn -0.6914 -0.2098 -0.6914
vn -0.8130 -0.2098 -0.5432
vn -0.5345 0.2726 0.8000
vn -0.4703 0.5324 0.7038
vn -0.5986 0.5324 0.5985
vn -0.6803 0.2726 0.6803
vn -0.8000 0.2726 0.5345
vn -0.3682 0.2726 0.8889
vn -0.1877 0.2726 -0.9436
vn -0.1877 0.2726 0.9437
vn -0.3682 0.2726 -0.8889
vn -0.5345 0.2726 -0.8000
vn -0.6803 0.2726 -0.6803
vn -0.8000 0.2726 -0.5345
vn -0.8889 0.2726 -0.3682
vn -0.9437 0.2726 -0.1877
vn -0.9621 0.2726 -0.0000
vn -0.3239 0.5324 0.7820
vn -0.1651 0.5324 -0.8302
vn -0.1651 0.5324 0.8302
vn -0.3239 0.5324 -0.7820
vn -0.4703 0.5324 -0.7038
vn -0.5985 0.5324 -0.5986
vn -0.7038 0.5324 -0.4703
vn -0.7820 0.5324 -0.3239
vn -0.8302 0.5324 -0.1651
vn -0.8465 0.5324 -0.0000
vn -0.8302 0.5324 0.1651
vn -0.7820 0.5324 0.3239
vn -0.7038 0.5324 0.4703
vn 0.1863 -0.2962 0.9368
vn 0.3655 -0.2962 0.8824
vn 0.3827 -0.0043 0.9239
vn 0.1951 -0.0043 0.9808
vn 0.3655 -0.2962 -0.8824
vn 0.1863 -0.2962 -0.9368
vn 0.1951 -0.0043 -0.9808
vn 0.3827 -0.0043 -0.9239
vn -0.0000 -0.2962 0.9551
vn -0.0000 -0.0043 1.0000
vn 0.5306 -0.2962 -0.7941
vn 0.5556 -0.0043 -0.8315
vn 0.6754 -0.2963 -0.6754
vn 0.7071 -0.0043 -0.7071
vn 0.7941 -0.2963 -0.5306
vn 0.8315 -0.0043 -0.5556
vn 0.8824 -0.2963 -0.3655
vn 0.9239 -0.0043 -0.3827
vn 0.9368 -0.2962 -0.1863
vn 0.9808 -0.0043 -0.1951
vn 0.9551 -0.2962 -0.0000
vn 1.0000 -0.0043 -0.0000
vn 0.9368 -0.2962 0.1863
vn 0.9808 -0.0043 0.1951
vn 0.8824 -0.2963 0.3655
vn 0.9239 -0.0043 0.3827
vn 0.7941 -0.2963 0.5306
vn 0.8315 -0.0043 0.5556
vn 0.6754 -0.2963 0.6754
vn 0.7071 -0.0043 0.7071
vn 0.5306 -0.2962 0.7941
vn 0.5556 -0.0043 0.8315
vn -0.0000 -0.2963 -0.9551
vn -0.0000 -0.0043 -1.0000
vn 0.6702 0.3188 -0.6702
vn 0.7881 0.3188 -0.5266
vn 0.8757 0.3188 -0.3627
vn 0.9296 0.3188 -0.1849
vn 0.9478 0.3188 -0.0000
vn 0.9296 0.3188 0.1849
vn 0.8757 0.3188 0.3627
vn 0.7881 0.3188 0.5266
vn 0.6702 0.3188 0.6702
vn 0.5266 0.3188 0.7881
vn 0.3627 0.3188 0.8757
vn -0.0000 0.3188 -0.9478
vn 0.1849 0.3188 -0.9296
vn 0.1849 0.3188 0.9296
vn 0.3627 0.3188 -0.8757
vn -0.0000 0.3188 0.9478
vn 0.5266 0.3188 -0.7881
vn -0.1863 -0.2962 0.9368
vn -0.1951 -0.0043 0.9808
vn -0.3827 -0.0043 0.9239
vn -0.3655 -0.2962 0.8824
vn -0.3655 -0.2962 -0.8824
vn -0.3827 -0.0043 -0.9239
vn -0.1951 -0.0043 -0.9808
vn -0.1863 -0.2962 -0.9368
vn -0.5306 -0.2962 -0.7941
vn -0.5556 -0.0043 -0.8315
vn -0.6754 -0.2963 -0.6754
vn -0.7071 -0.0043 -0.7071
vn -0.7941 -0.2963 -0.5306
vn -0.8315 -0.0043 -0.5556
vn -0.8824 -0.2963 -0.3655
vn -0.9239 -0.0043 -0.3827
vn -0.9368 -0.2962 -0.1863
vn -0.9808 -0.0043 -0.1951
vn -0.9551 -0.2962 -0.0000
vn -1.0000 -0.0043 -0.0000
vn -0.9368 -0.2962 0.1863
vn -0.9808 -0.0043 0.1951
vn -0.8824 -0.2963 0.3655
vn -0.9239 -0.0043 0.3827
vn -0.7941 -0.2963 0.5306
vn -0.8315 -0.0043 0.5556
vn -0.6754 -0.2963 0.6754
vn -0.7071 -0.0043 0.7071
vn -0.5306 -0.2962 0.7941
vn -0.5556 -0.0043 0.8315
vn -0.7881 0.3188 -0.5266
vn -0.6702 0.3188 -0.6702
vn -0.8757 0.3188 -0.3627
vn -0.9296 0.3188 -0.1849
vn -0.9478 0.3188 -0.0000
vn -0.9296 0.3188 0.1849
vn -0.8757 0.3188 0.3627
vn -0.7881 0.3188 0.5266
vn -0.6702 0.3188 0.6702
vn -0.5266 0.3188 0.7881
vn -0.3627 0.3188 0.8757
vn -0.1849 0.3188 -0.9296
vn -0.1849 0.3188 0.9296
vn -0.3627 0.3188 -0.8757
vn -0.5266 0.3188 -0.7881
vn 0.7251 -0.6734 0.1442
vn 0.7393 -0.6734 -0.0000
vn 0.7847 -0.6199 -0.0000
vn 0.7696 -0.6199 0.1531
vn 0.6830 -0.6734 0.2829
vn 0.7250 -0.6199 0.3003
vn 0.6147 -0.6734 0.4107
vn 0.6524 -0.6199 0.4360
vn 0.5228 -0.6734 0.5228
vn 0.5549 -0.6199 0.5549
vn 0.4107 -0.6734 0.6147
vn 0.4360 -0.6199 0.6525
vn 0.2829 -0.6734 0.6830
vn 0.3003 -0.6199 0.7250
vn 0.1442 -0.6734 -0.7251
vn -0.0000 -0.6734 -0.7393
vn -0.0000 -0.6199 -0.7847
vn 0.1531 -0.6199 -0.7696
vn 0.1442 -0.6734 0.7251
vn 0.1531 -0.6199 0.7696
vn 0.2829 -0.6734 -0.6830
vn 0.3003 -0.6199 -0.7250
vn -0.0000 -0.6734 0.7393
vn -0.0000 -0.6199 0.7847
vn 0.4107 -0.6734 -0.6147
vn 0.4360 -0.6199 -0.6524
vn 0.5228 -0.6734 -0.5228
vn 0.5549 -0.6199 -0.5549
vn 0.6147 -0.6734 -0.4107
vn 0.6524 -0.6199 -0.4360
vn 0.6830 -0.6734 -0.2829
vn 0.7250 -0.6199 -0.3003
vn 0.7251 -0.6734 -0.1442
vn 0.7696 -0.6199 -0.1531
vn -0.7251 -0.6734 0.1443
vn -0.7696 -0.6199 0.1531
vn -0.7847 -0.6199 -0.0000
vn -0.7393 -0.6734 -0.0000
vn -0.6830 -0.6734 0.2829
vn -0.7250 -0.6199 0.3003
vn -0.6147 -0.6734 0.4107
vn -0.6524 -0.6199 0.4359
vn -0.5228 -0.6734 0.5228
vn -0.5549 -0.6199 0.5549
vn -0.4107 -0.6734 0.6147
vn -0.4360 -0.6199 0.6524
vn -0.2829 -0.6734 0.6830
vn -0.3003 -0.6199 0.7250
vn -0.1442 -0.6734 -0.7251
vn -0.1531 -0.6199 -0.7696
vn -0.1442 -0.6734 0.7251
vn -0.1531 -0.6199 0.7696
vn -0.2829 -0.6734 -0.6830
vn -0.3003 -0.6199 -0.7250
vn -0.4107 -0.6734 -0.6147
vn -0.4360 -0.6199 -0.6524
vn -0.5228 -0.6734 -0.5228
vn -0.5549 -0.6199 -0.5549
vn -0.6147 -0.6734 -0.4107
vn -0.6525 -0.6199 -0.4360
vn -0.6830 -0.6734 -0.2829
vn -0.7250 -0.6199 -0.3003
vn -0.7251 -0.6734 -0.1442
vn -0.7696 -0.6199 -0.1531
vn 0.5647 0.7340 -0.3773
vn 0.4802 0.7340 -0.4802
vn 0.3808 0.8426 -0.3808
vn 0.4478 0.8426 -0.2992
vn 0.6661 0.7340 -0.1325
vn 0.6792 0.7340 -0.0000
vn 0.6661 0.7340 0.1325
vn 0.6275 0.7340 0.2599
vn 0.5647 0.7340 0.3773
vn 0.4802 0.7340 0.4802
vn 0.3773 0.7340 0.5647
vn 0.2599 0.7340 0.6275
vn -0.0000 0.7340 -0.6792
vn 0.1325 0.7340 -0.6661
vn 0.1325 0.7340 0.6661
vn 0.2599 0.7340 -0.6275
vn -0.0000 0.7340 0.6792
vn 0.3773 0.7340 -0.5647
vn 0.6275 0.7340 -0.2599
vn 0.4976 0.8426 -0.2061
vn 0.5282 0.8426 -0.1051
vn 0.5386 0.8426 -0.0000
vn 0.5282 0.8426 0.1051
vn 0.4976 0.8426 0.2061
vn 0.4478 0.8426 0.2992
vn 0.3808 0.8426 0.3808
vn 0.2992 0.8426 0.4478
vn 0.2061 0.8426 0.4976
vn -0.0000 0.8426 -0.5386
vn 0.1051 0.8426 -0.5282
vn 0.1051 0.8426 0.5282
vn 0.2061 0.8426 -0.4976
vn -0.0000 0.8426 0.5386
vn 0.2992 0.8426 -0.4478
vn -0.5647 0.7340 -0.3773
vn -0.4478 0.8426 -0.2992
vn -0.3808 0.8426 -0.3808
vn -0.4802 0.7340 -0.4802
vn -0.6792 0.7340 -0.0000
vn -0.6661 0.7340 -0.1325
vn -0.6661 0.7340 0.1325
vn -0.6275 0.7340 0.2599
vn -0.5647 0.7340 0.3773
vn -0.4802 0.7340 0.4802
vn -0.3773 0.7340 0.5647
vn -0.2599 0.7340 0.6275
vn -0.1325 0.7340 -0.6661
vn -0.1325 0.7340 0.6661
vn -0.2599 0.7340 -0.6275
vn -0.3773 0.7340 -0.5647
vn -0.6275 0.7340 -0.2599
vn -0.4976 0.8426 -0.2061
vn -0.5282 0.8426 -0.1051
vn -0.5386 0.8426 -0.0000
vn -0.5282 0.8426 0.1051
vn -0.4976 0.8426 0.2061
vn -0.4478 0.8426 0.2992
vn -0.3808 0.8426 0.3808
vn -0.2992 0.8426 0.4478
vn -0.2061 0.8426 0.4976
vn -0.1051 0.8426 -0.5282
vn -0.1051 0.8426 0.5282
vn -0.2061 0.8426 -0.4976
vn -0.2992 0.8426 -0.4478
vn -0.5684 0.8227 -0.0000
vn -0.0000 0.8227 -0.5684
vn 0.5684 0.8227 -0.0000
vn -0.0000 0.8227 0.5684
vn -0.0000 0.2513 -0.9679
vn -0.0000 0.3184 -0.9479
vn -0.0000 0.5921 -0.8059
vn -0.0000 0.5960 -0.8030
vn -0.0000 0.5317 -0.8469
vn -0.0000 0.5466 -0.8374
vn -0.0000 0.2485 -0.9686
vn -0.0000 0.2794 -0.9602
vn -0.0000 -0.4480 -0.8941
vn -0.0000 -0.5457 -0.8380
vn -0.0000 -0.6162 -0.7876
vn -0.0000 -0.3725 -0.9280
vn -0.0000 -0.1726 -0.9850
vn -0.0000 -0.0866 -0.9962
vn -0.0000 -0.0817 -0.9967
vn -0.0000 0.4689 -0.8833
vn -0.0000 0.3328 -0.9430
vn -0.0000 0.8327 -0.5537
vn -0.0000 0.7695 -0.6387
vn -0.0000 0.8308 -0.5566
vn -0.0000 0.7980 -0.6026
vn -0.0000 0.3729 -0.9279
vn -0.0000 0.4322 -0.9018
vn -0.0000 -0.3810 -0.9246
vn -0.0000 -0.4423 -0.8969
vn -0.0000 -0.5846 -0.8113
vn -0.0000 -0.6183 -0.7859
vn -0.0000 -0.3817 -0.9243
vn -0.0000 -0.3449 -0.9386
vn -0.0000 -0.1157 -0.9933
vn -0.0000 -0.1068 -0.9943
vn -0.0000 0.1439 -0.9896
vn -0.0000 0.1300 -0.9915
vn -0.0000 0.4180 -0.9084
vn -0.0000 0.3832 -0.9237
vn -0.0000 0.6512 -0.7589
vn -0.0000 0.6111 -0.7916
vn -0.0000 0.6513 -0.7589
vn -0.0000 0.7479 -0.6639
vn -0.0000 0.7478 -0.6639
vn -0.0000 -0.6448 -0.7643
vn -0.0000 -0.4590 -0.8884
vn -0.0000 0.2513 0.9679
vn -0.0000 0.3184 0.9479
vn -0.0000 0.5960 0.8030
vn -0.0000 0.5921 0.8059
vn -0.0000 0.5466 0.8374
vn -0.0000 0.5317 0.8469
vn -0.0000 0.2794 0.9602
vn -0.0000 0.2485 0.9686
vn -0.0000 -0.6448 0.7643
vn -0.0000 -0.5457 0.8380
vn -0.0000 -0.4590 0.8884
vn -0.0000 -0.6162 0.7876
vn -0.0000 -0.0817 0.9967
vn -0.0000 -0.0866 0.9962
vn -0.0000 0.3328 0.9430
vn -0.0000 0.4689 0.8832
vn -0.0000 0.8308 0.5566
vn -0.0000 0.8327 0.5537
vn -0.0000 0.7695 0.6387
vn -0.0000 0.7980 0.6026
vn -0.0000 0.4322 0.9018
vn -0.0000 0.3729 0.9279
vn -0.0000 -0.4423 0.8969
vn -0.0000 -0.3810 0.9246
vn -0.0000 -0.5846 0.8113
vn -0.0000 -0.6183 0.7859
vn -0.0000 -0.3449 0.9386
vn -0.0000 -0.3817 0.9243
vn -0.0000 -0.1068 0.9943
vn -0.0000 -0.1157 0.9933
vn -0.0000 0.1300 0.9915
vn -0.0000 0.1439 0.9896
vn -0.0000 0.3832 0.9237
vn -0.0000 0.4180 0.9084
vn -0.0000 0.6111 0.7916
vn -0.0000 0.6513 0.7589
vn -0.0000 0.7479 0.6639
vn -0.0000 0.4689 0.8833
vn 0.7255 0.4886 -0.4847
vn 0.8061 0.4887 -0.3339
vn 0.8557 0.4887 -0.1702
vn -0.7254 0.4886 0.4847
vn -0.8061 0.4886 0.3339
vn 0.1702 0.4886 0.8557
vn -0.0000 0.4886 0.8725
vn 0.3339 0.4886 -0.8061
vn 0.4847 0.4886 -0.7255
vn 0.1702 0.4886 -0.8557
vn -0.0000 0.4886 -0.8725
vn -0.8061 0.4886 -0.3339
vn -0.7254 0.4887 -0.4847
vn -0.6170 0.4886 -0.6169
vn 0.8725 0.4887 -0.0000
vn 0.8557 0.4886 0.1703
vn 0.7255 0.4886 0.4847
vn 0.6169 0.4887 0.6169
vn 0.4847 0.4886 0.7254
vn 0.3339 0.4886 0.8061
vn -0.1702 0.4886 0.8557
vn -0.3339 0.4886 0.8061
vn 0.6169 0.4886 -0.6170
vn -0.1702 0.4886 -0.8557
vn -0.3339 0.4886 -0.8061
vn -0.4847 0.4886 -0.7254
vn -0.8557 0.4886 -0.1702
vn -0.8557 0.4886 0.1702
vn -0.6169 0.4886 0.6169
vn -0.4847 0.4886 0.7254
vn 0.8061 0.4887 0.3339
vn -0.8725 0.4887 -0.0000
vn -0.6836 0.7298 -0.0000
vn -0.6705 0.7299 -0.1333
vn -0.0637 0.9979 -0.0127
vn -0.0650 0.9979 -0.0000
vn -0.2468 0.9678 -0.0491
vn -0.2516 0.9678 -0.0000
vn -0.4795 0.8723 -0.0954
vn -0.4889 0.8723 -0.0000
vn -0.7037 0.6966 -0.1400
vn -0.7174 0.6966 -0.0000
vn -0.6705 0.7299 0.1333
vn -0.0637 0.9979 0.0127
vn -0.2468 0.9678 0.0491
vn -0.4795 0.8723 0.0953
vn -0.7037 0.6966 0.1399
vn 0.6316 0.7298 0.2617
vn 0.5684 0.7299 0.3797
vn 0.0540 0.9979 0.0361
vn 0.0600 0.9979 0.0249
vn 0.2092 0.9678 0.1398
vn 0.2324 0.9678 0.0963
vn 0.4066 0.8723 0.2716
vn 0.4517 0.8723 0.1871
vn 0.5966 0.6966 0.3986
vn 0.6628 0.6966 0.2745
vn 0.6705 0.7298 -0.1333
vn 0.6836 0.7298 -0.0000
vn 0.0650 0.9979 -0.0000
vn 0.0637 0.9979 -0.0126
vn 0.2516 0.9678 -0.0000
vn 0.2468 0.9678 -0.0491
vn 0.4890 0.8723 -0.0000
vn 0.4796 0.8723 -0.0954
vn 0.7175 0.6966 -0.0000
vn 0.7037 0.6966 -0.1400
vn 0.3797 0.7299 -0.5684
vn 0.4834 0.7299 -0.4834
vn 0.0460 0.9979 -0.0460
vn 0.0361 0.9979 -0.0540
vn 0.1779 0.9678 -0.1779
vn 0.1398 0.9678 -0.2092
vn 0.3457 0.8723 -0.3457
vn 0.2716 0.8723 -0.4065
vn 0.5073 0.6966 -0.5073
vn 0.3986 0.6966 -0.5965
vn 0.6704 0.7299 0.1334
vn 0.0637 0.9979 0.0127
vn 0.2468 0.9678 0.0491
vn 0.4796 0.8723 0.0954
vn 0.7037 0.6966 0.1400
vn 0.2615 0.7299 0.6316
vn 0.1333 0.7299 0.6705
vn 0.0127 0.9979 0.0637
vn 0.0249 0.9979 0.0600
vn 0.0491 0.9678 0.2468
vn 0.0963 0.9678 0.2325
vn 0.0954 0.8723 0.4796
vn 0.1871 0.8723 0.4517
vn 0.1400 0.6966 0.7037
vn 0.2746 0.6966 0.6628
vn -0.0000 0.7299 0.6836
vn -0.1333 0.7298 0.6705
vn -0.0127 0.9979 0.0637
vn -0.0000 0.9979 0.0649
vn -0.0491 0.9678 0.2468
vn -0.0000 0.9678 0.2516
vn -0.0954 0.8723 0.4795
vn -0.0000 0.8723 0.4889
vn -0.1400 0.6966 0.7037
vn -0.0000 0.6966 0.7174
vn -0.2616 0.7298 0.6316
vn -0.3798 0.7298 0.5684
vn -0.0361 0.9979 0.0540
vn -0.0249 0.9979 0.0600
vn -0.1398 0.9678 0.2092
vn -0.0963 0.9678 0.2325
vn -0.2717 0.8723 0.4065
vn -0.1871 0.8723 0.4517
vn -0.3986 0.6966 0.5965
vn -0.2746 0.6966 0.6628
vn -0.4834 0.7298 0.4834
vn -0.0459 0.9979 0.0459
vn -0.1779 0.9678 0.1779
vn -0.3457 0.8723 0.3457
vn -0.5073 0.6966 0.5073
vn -0.5684 0.7298 0.3798
vn -0.0540 0.9979 0.0361
vn -0.2092 0.9678 0.1398
vn -0.4065 0.8723 0.2717
vn -0.5965 0.6966 0.3986
vn -0.6316 0.7298 0.2616
vn -0.0600 0.9979 0.0249
vn -0.2325 0.9678 0.0963
vn -0.4517 0.8723 0.1871
vn -0.6628 0.6966 0.2746
vn -0.6315 0.7299 -0.2616
vn -0.0600 0.9979 -0.0249
vn -0.2325 0.9678 -0.0963
vn -0.4517 0.8723 -0.1871
vn -0.6628 0.6966 -0.2746
vn -0.4834 0.7299 -0.4834
vn -0.3798 0.7298 -0.5684
vn -0.0361 0.9979 -0.0540
vn -0.0459 0.9979 -0.0459
vn -0.1398 0.9678 -0.2092
vn -0.1779 0.9678 -0.1779
vn -0.2716 0.8723 -0.4065
vn -0.3457 0.8723 -0.3457
vn -0.3986 0.6966 -0.5965
vn -0.5073 0.6966 -0.5073
vn -0.2616 0.7299 -0.6315
vn -0.0249 0.9979 -0.0600
vn -0.0963 0.9678 -0.2325
vn -0.1871 0.8723 -0.4517
vn -0.2746 0.6966 -0.6628
vn -0.1334 0.7298 -0.6705
vn -0.0127 0.9979 -0.0637
vn -0.0491 0.9678 -0.2468
vn -0.0954 0.8723 -0.4795
vn -0.1400 0.6966 -0.7036
vn -0.0000 0.7298 -0.6836
vn -0.0000 0.9979 -0.0649
vn -0.0000 0.9678 -0.2516
vn -0.0000 0.8723 -0.4889
vn -0.0000 0.6966 -0.7174
vn 0.5684 0.7298 -0.3798
vn 0.0540 0.9979 -0.0361
vn 0.2092 0.9678 -0.1398
vn 0.4065 0.8723 -0.2716
vn 0.5966 0.6966 -0.3986
vn 0.3798 0.7299 0.5684
vn 0.0361 0.9979 0.0540
vn 0.1398 0.9678 0.2092
vn 0.2716 0.8723 0.4066
vn 0.3986 0.6966 0.5965
vn 0.4834 0.7299 0.4833
vn 0.0459 0.9979 0.0459
vn 0.1779 0.9678 0.1779
vn 0.3458 0.8723 0.3457
vn 0.5073 0.6966 0.5073
vn -0.5684 0.7298 -0.3798
vn -0.0540 0.9979 -0.0361
vn -0.2092 0.9678 -0.1398
vn -0.4065 0.8723 -0.2716
vn -0.5965 0.6966 -0.3986
vn 0.1334 0.7298 -0.6705
vn 0.0127 0.9979 -0.0637
vn 0.0491 0.9678 -0.2468
vn 0.0954 0.8723 -0.4795
vn 0.1400 0.6966 -0.7036
vn 0.2616 0.7298 -0.6316
vn 0.0249 0.9979 -0.0600
vn 0.0963 0.9678 -0.2325
vn 0.1871 0.8723 -0.4517
vn 0.2745 0.6966 -0.6628
vn 0.6316 0.7298 -0.2616
vn 0.0600 0.9979 -0.0249
vn 0.2325 0.9678 -0.0963
vn 0.4517 0.8723 -0.1871
vn 0.6629 0.6966 -0.2746
vn -0.0000 0.1863 -0.9825
vn -0.0000 0.2222 -0.9750
vn 0.1902 0.2222 -0.9563
vn 0.1917 0.1863 -0.9636
vn -0.0000 -0.8286 -0.5598
vn -0.0000 -0.7040 -0.7102
vn 0.1385 -0.7041 -0.6965
vn 0.1092 -0.8286 -0.5490
vn -0.0000 0.1606 -0.9870
vn 0.1926 0.1606 -0.9681
vn -0.0000 -0.9217 -0.3879
vn 0.0757 -0.9217 -0.3804
vn -0.0000 0.1207 -0.9927
vn 0.1937 0.1207 -0.9736
vn -0.0000 -0.9796 -0.2010
vn 0.0392 -0.9796 -0.1971
vn -0.0000 -0.0030 -1.0000
vn 0.1951 -0.0030 -0.9808
vn -0.0000 0.6455 -0.7637
vn 0.1490 0.6455 -0.7491
vn -0.0000 -0.1939 -0.9810
vn 0.1914 -0.1939 -0.9622
vn -0.0000 0.3831 -0.9237
vn 0.1802 0.3831 -0.9059
vn -0.0000 -0.3806 -0.9248
vn 0.1804 -0.3806 -0.9070
vn -0.0000 0.2783 -0.9605
vn 0.1874 0.2783 -0.9420
vn -0.0000 -0.5528 -0.8333
vn 0.1626 -0.5528 -0.8173
vn 0.3539 -0.3805 -0.8544
vn 0.3189 -0.5528 -0.7699
vn 0.3676 0.2783 -0.8874
vn 0.3731 0.2222 -0.9008
vn 0.2718 -0.7041 -0.6561
vn 0.3760 0.1863 -0.9077
vn 0.2142 -0.8286 -0.5172
vn 0.3777 0.1606 -0.9119
vn 0.1484 -0.9217 -0.3584
vn 0.3799 0.1207 -0.9171
vn 0.0769 -0.9796 -0.1857
vn 0.3827 -0.0030 -0.9239
vn 0.2922 0.6455 -0.7056
vn 0.3754 -0.1939 -0.9063
vn 0.3535 0.3831 -0.8534
vn 0.2155 -0.9217 -0.3225
vn 0.1116 -0.9796 -0.1671
vn 0.5515 0.1206 -0.8254
vn 0.5556 -0.0030 -0.8315
vn 0.4243 0.6455 -0.6350
vn 0.5450 -0.1939 -0.8157
vn 0.5131 0.3831 -0.7680
vn 0.5138 -0.3805 -0.7689
vn 0.5336 0.2783 -0.7986
vn 0.4630 -0.5528 -0.6929
vn 0.5417 0.2222 -0.8107
vn 0.3945 -0.7041 -0.5905
vn 0.5458 0.1863 -0.8169
vn 0.3110 -0.8286 -0.4654
vn 0.5484 0.1606 -0.8207
vn 0.5893 -0.5528 -0.5893
vn 0.5021 -0.7041 -0.5021
vn 0.6894 0.2222 -0.6894
vn 0.6947 0.1863 -0.6947
vn 0.3958 -0.8286 -0.3958
vn 0.6979 0.1606 -0.6979
vn 0.2743 -0.9217 -0.2743
vn 0.7019 0.1206 -0.7019
vn 0.1421 -0.9796 -0.1421
vn 0.7071 -0.0030 -0.7071
vn 0.5400 0.6455 -0.5400
vn 0.6937 -0.1939 -0.6937
vn 0.6532 0.3831 -0.6531
vn 0.6539 -0.3805 -0.6539
vn 0.6792 0.2783 -0.6792
vn 0.6351 0.6455 -0.4242
vn 0.1671 -0.9796 -0.1117
vn 0.8315 -0.0030 -0.5556
vn 0.8157 -0.1939 -0.5450
vn 0.7681 0.3831 -0.5131
vn 0.7689 -0.3805 -0.5138
vn 0.7987 0.2783 -0.5336
vn 0.6929 -0.5528 -0.4630
vn 0.8107 0.2222 -0.5417
vn 0.5905 -0.7041 -0.3945
vn 0.8169 0.1863 -0.5458
vn 0.4654 -0.8287 -0.3110
vn 0.8207 0.1606 -0.5484
vn 0.3226 -0.9217 -0.2155
vn 0.8254 0.1207 -0.5515
vn 0.9008 0.2222 -0.3731
vn 0.9077 0.1863 -0.3760
vn 0.6561 -0.7041 -0.2717
vn 0.5172 -0.8286 -0.2142
vn 0.9119 0.1606 -0.3777
vn 0.3584 -0.9217 -0.1485
vn 0.9171 0.1206 -0.3799
vn 0.1857 -0.9796 -0.0769
vn 0.9239 -0.0030 -0.3827
vn 0.7056 0.6455 -0.2922
vn 0.9063 -0.1939 -0.3754
vn 0.8534 0.3831 -0.3534
vn 0.8544 -0.3806 -0.3539
vn 0.8874 0.2783 -0.3675
vn 0.7699 -0.5528 -0.3189
vn 0.9808 -0.0030 -0.1951
vn 0.9622 -0.1939 -0.1914
vn 0.7491 0.6455 -0.1490
vn 0.9059 0.3831 -0.1802
vn 0.9070 -0.3806 -0.1804
vn 0.9420 0.2783 -0.1874
vn 0.8173 -0.5528 -0.1626
vn 0.9563 0.2222 -0.1902
vn 0.6965 -0.7041 -0.1385
vn 0.9636 0.1863 -0.1917
vn 0.5490 -0.8286 -0.1092
vn 0.9681 0.1606 -0.1925
vn 0.3805 -0.9217 -0.0757
vn 0.9736 0.1206 -0.1937
vn 0.1971 -0.9796 -0.0392
vn 0.7101 -0.7041 -0.0000
vn 0.5598 -0.8286 -0.0000
vn 0.9825 0.1863 -0.0000
vn 0.9870 0.1606 -0.0000
vn 0.3879 -0.9217 -0.0000
vn 0.9927 0.1206 -0.0000
vn 0.2010 -0.9796 -0.0000
vn 1.0000 -0.0030 -0.0000
vn 0.7637 0.6455 -0.0000
vn 0.9810 -0.1939 -0.0000
vn 0.9237 0.3831 -0.0000
vn 0.9248 -0.3805 -0.0000
vn 0.9605 0.2783 -0.0000
vn 0.8333 -0.5528 -0.0000
vn 0.9750 0.2222 -0.0000
vn 0.7491 0.6455 0.1490
vn 0.9059 0.3831 0.1802
vn 0.9622 -0.1939 0.1914
vn 0.9070 -0.3806 0.1804
vn 0.9420 0.2783 0.1874
vn 0.8173 -0.5528 0.1626
vn 0.9563 0.2222 0.1902
vn 0.6965 -0.7041 0.1385
vn 0.9636 0.1863 0.1917
vn 0.5490 -0.8286 0.1092
vn 0.9681 0.1606 0.1925
vn 0.3805 -0.9217 0.0757
vn 0.9736 0.1206 0.1937
vn 0.1971 -0.9796 0.0393
vn 0.9808 -0.0030 0.1951
vn 0.9077 0.1863 0.3760
vn 0.9119 0.1606 0.3777
vn 0.5172 -0.8286 0.2142
vn 0.3584 -0.9217 0.1485
vn 0.9171 0.1206 0.3799
vn 0.1857 -0.9796 0.0769
vn 0.9239 -0.0030 0.3827
vn 0.7056 0.6455 0.2922
vn 0.9063 -0.1939 0.3754
vn 0.8534 0.3831 0.3534
vn 0.8544 -0.3806 0.3539
vn 0.8874 0.2783 0.3675
vn 0.7699 -0.5528 0.3189
vn 0.9008 0.2222 0.3731
vn 0.6561 -0.7041 0.2717
vn 0.8157 -0.1939 0.5450
vn 0.7689 -0.3805 0.5138
vn 0.7681 0.3831 0.5131
vn 0.7987 0.2783 0.5336
vn 0.6929 -0.5528 0.4630
vn 0.8107 0.2222 0.5417
vn 0.5905 -0.7041 0.3945
vn 0.8169 0.1863 0.5458
vn 0.4654 -0.8287 0.3110
vn 0.8207 0.1606 0.5484
vn 0.3226 -0.9217 0.2155
vn 0.8254 0.1207 0.5515
vn 0.1671 -0.9796 0.1117
vn 0.8315 -0.0030 0.5556
vn 0.6351 0.6455 0.4242
vn 0.3958 -0.8286 0.3958
vn 0.2743 -0.9217 0.2743
vn 0.6979 0.1606 0.6979
vn 0.7019 0.1206 0.7019
vn 0.1421 -0.9796 0.1422
vn 0.7071 -0.0030 0.7071
vn 0.5400 0.6455 0.5400
vn 0.6937 -0.1939 0.6937
vn 0.6532 0.3831 0.6531
vn 0.6539 -0.3805 0.6539
vn 0.6792 0.2783 0.6792
vn 0.5893 -0.5528 0.5893
vn 0.6894 0.2222 0.6894
vn 0.5021 -0.7040 0.5022
vn 0.6947 0.1863 0.6947
vn 0.5138 -0.3805 0.7689
vn 0.4630 -0.5528 0.6929
vn 0.5336 0.2783 0.7986
vn 0.5417 0.2222 0.8107
vn 0.3946 -0.7041 0.5904
vn 0.5459 0.1863 0.8169
vn 0.3110 -0.8286 0.4654
vn 0.5484 0.1606 0.8207
vn 0.2155 -0.9217 0.3226
vn 0.5515 0.1206 0.8254
vn 0.1116 -0.9796 0.1671
vn 0.5556 -0.0030 0.8315
vn 0.4243 0.6455 0.6350
vn 0.5450 -0.1939 0.8157
vn 0.5131 0.3831 0.7681
vn 0.1484 -0.9217 0.3584
vn 0.0769 -0.9796 0.1857
vn 0.3799 0.1206 0.9171
vn 0.3827 -0.0030 0.9239
vn 0.2922 0.6455 0.7056
vn 0.3754 -0.1939 0.9063
vn 0.3535 0.3831 0.8534
vn 0.3539 -0.3805 0.8544
vn 0.3676 0.2783 0.8874
vn 0.3189 -0.5528 0.7699
vn 0.3731 0.2222 0.9008
vn 0.2718 -0.7041 0.6561
vn 0.3760 0.1863 0.9077
vn 0.2142 -0.8286 0.5172
vn 0.3777 0.1606 0.9119
vn 0.1874 0.2783 0.9420
vn 0.1902 0.2222 0.9563
vn 0.1625 -0.5528 0.8173
vn 0.1385 -0.7041 0.6965
vn 0.1916 0.1863 0.9636
vn 0.1092 -0.8286 0.5490
vn 0.1926 0.1606 0.9681
vn 0.0757 -0.9217 0.3805
vn 0.1937 0.1207 0.9736
vn 0.0392 -0.9796 0.1971
vn 0.1951 -0.0030 0.9808
vn 0.1490 0.6455 0.7491
vn 0.1914 -0.1939 0.9622
vn 0.1802 0.3831 0.9059
vn 0.1804 -0.3806 0.9070
vn -0.0000 0.1207 0.9927
vn -0.0000 -0.0030 1.0000
vn -0.0000 0.6455 0.7637
vn -0.0000 -0.9796 0.2010
vn -0.0000 -0.1939 0.9810
vn -0.0000 0.3831 0.9237
vn -0.0000 -0.3806 0.9248
vn -0.0000 0.2783 0.9605
vn -0.0000 -0.5528 0.8333
vn -0.0000 0.2222 0.9750
vn -0.0000 -0.7041 0.7101
vn -0.0000 0.1863 0.9825
vn -0.0000 -0.8286 0.5598
vn -0.0000 0.1606 0.9870
vn -0.0000 -0.9217 0.3879
vn -0.1626 -0.5528 0.8173
vn -0.1385 -0.7040 0.6965
vn -0.1902 0.2222 0.9563
vn -0.1916 0.1863 0.9636
vn -0.1092 -0.8286 0.5490
vn -0.1925 0.1606 0.9681
vn -0.0757 -0.9217 0.3804
vn -0.1937 0.1207 0.9736
vn -0.0392 -0.9796 0.1971
vn -0.1951 -0.0030 0.9808
vn -0.1490 0.6456 0.7490
vn -0.1914 -0.1939 0.9622
vn -0.1802 0.3831 0.9060
vn -0.1804 -0.3806 0.9070
vn -0.1874 0.2783 0.9420
vn -0.2923 0.6455 0.7056
vn -0.0769 -0.9796 0.1857
vn -0.3827 -0.0030 0.9239
vn -0.3754 -0.1939 0.9063
vn -0.3535 0.3831 0.8534
vn -0.3539 -0.3805 0.8544
vn -0.3676 0.2783 0.8874
vn -0.3189 -0.5528 0.7699
vn -0.3731 0.2222 0.9008
vn -0.2717 -0.7041 0.6561
vn -0.3760 0.1863 0.9077
vn -0.2142 -0.8286 0.5172
vn -0.3777 0.1606 0.9119
vn -0.1485 -0.9217 0.3584
vn -0.3799 0.1206 0.9171
vn -0.5417 0.2222 0.8107
vn -0.5458 0.1863 0.8169
vn -0.3945 -0.7041 0.5905
vn -0.3110 -0.8286 0.4654
vn -0.5484 0.1606 0.8207
vn -0.2155 -0.9217 0.3225
vn -0.5515 0.1206 0.8254
vn -0.1116 -0.9796 0.1671
vn -0.5556 -0.0030 0.8315
vn -0.4243 0.6455 0.6351
vn -0.5450 -0.1939 0.8157
vn -0.5132 0.3831 0.7680
vn -0.5138 -0.3805 0.7689
vn -0.5336 0.2783 0.7986
vn -0.4630 -0.5528 0.6929
vn -0.7071 -0.0030 0.7071
vn -0.6937 -0.1939 0.6937
vn -0.5400 0.6455 0.5401
vn -0.6531 0.3831 0.6532
vn -0.6539 -0.3805 0.6539
vn -0.6792 0.2783 0.6792
vn -0.5893 -0.5528 0.5892
vn -0.6894 0.2222 0.6894
vn -0.5021 -0.7041 0.5021
vn -0.6947 0.1863 0.6947
vn -0.3958 -0.8286 0.3958
vn -0.6979 0.1606 0.6979
vn -0.2743 -0.9217 0.2743
vn -0.7020 0.1206 0.7019
vn -0.1421 -0.9796 0.1421
vn -0.5905 -0.7041 0.3945
vn -0.4654 -0.8286 0.3110
vn -0.8169 0.1863 0.5458
vn -0.8207 0.1606 0.5484
vn -0.3225 -0.9217 0.2155
vn -0.8254 0.1206 0.5515
vn -0.1671 -0.9796 0.1117
vn -0.8315 -0.0030 0.5556
vn -0.6350 0.6455 0.4243
vn -0.8157 -0.1939 0.5450
vn -0.7680 0.3831 0.5132
vn -0.7689 -0.3805 0.5138
vn -0.7986 0.2783 0.5336
vn -0.6929 -0.5528 0.4630
vn -0.8107 0.2222 0.5417
vn -0.9063 -0.1939 0.3754
vn -0.8544 -0.3806 0.3539
vn -0.8534 0.3831 0.3535
vn -0.8874 0.2783 0.3676
vn -0.7699 -0.5528 0.3189
vn -0.9008 0.2222 0.3731
vn -0.6561 -0.7041 0.2718
vn -0.9077 0.1863 0.3760
vn -0.5172 -0.8286 0.2142
vn -0.9119 0.1606 0.3777
vn -0.3584 -0.9217 0.1485
vn -0.9171 0.1206 0.3799
vn -0.1857 -0.9796 0.0769
vn -0.9239 -0.0030 0.3827
vn -0.7056 0.6455 0.2922
vn -0.5490 -0.8286 0.1092
vn -0.3805 -0.9217 0.0757
vn -0.9681 0.1606 0.1925
vn -0.9736 0.1206 0.1937
vn -0.1971 -0.9796 0.0391
vn -0.9808 -0.0030 0.1951
vn -0.7491 0.6455 0.1490
vn -0.9622 -0.1939 0.1914
vn -0.9060 0.3831 0.1802
vn -0.9070 -0.3806 0.1804
vn -0.9421 0.2783 0.1874
vn -0.8173 -0.5528 0.1626
vn -0.9563 0.2222 0.1902
vn -0.6965 -0.7040 0.1385
vn -0.9636 0.1863 0.1916
vn -0.9237 0.3831 -0.0000
vn -0.9605 0.2783 -0.0000
vn -0.9248 -0.3806 -0.0000
vn -0.8333 -0.5528 -0.0000
vn -0.9750 0.2222 -0.0000
vn -0.7102 -0.7040 -0.0000
vn -0.9825 0.1863 -0.0000
vn -0.5598 -0.8286 -0.0000
vn -0.9870 0.1606 -0.0000
vn -0.3879 -0.9217 -0.0000
vn -0.9927 0.1207 -0.0000
vn -0.2010 -0.9796 -0.0000
vn -1.0000 -0.0030 -0.0000
vn -0.7637 0.6455 -0.0005
vn -0.9810 -0.1939 -0.0000
vn -0.9681 0.1606 -0.1925
vn -0.9736 0.1206 -0.1937
vn -0.3805 -0.9217 -0.0757
vn -0.1971 -0.9796 -0.0391
vn -0.9808 -0.0030 -0.1951
vn -0.7491 0.6455 -0.1490
vn -0.9622 -0.1939 -0.1914
vn -0.9060 0.3831 -0.1802
vn -0.9070 -0.3806 -0.1804
vn -0.9421 0.2783 -0.1874
vn -0.8173 -0.5528 -0.1626
vn -0.9563 0.2222 -0.1902
vn -0.6965 -0.7040 -0.1385
vn -0.9636 0.1863 -0.1916
vn -0.5490 -0.8286 -0.1092
vn -0.8544 -0.3806 -0.3539
vn -0.7699 -0.5528 -0.3189
vn -0.8874 0.2783 -0.3676
vn -0.9008 0.2222 -0.3731
vn -0.6561 -0.7041 -0.2718
vn -0.9077 0.1863 -0.3760
vn -0.5172 -0.8286 -0.2142
vn -0.9119 0.1606 -0.3777
vn -0.3584 -0.9217 -0.1485
vn -0.9171 0.1206 -0.3799
vn -0.1857 -0.9796 -0.0769
vn -0.9239 -0.0030 -0.3827
vn -0.7056 0.6455 -0.2922
vn -0.9063 -0.1939 -0.3754
vn -0.8534 0.3831 -0.3535
vn -0.3225 -0.9217 -0.2155
vn -0.1671 -0.9796 -0.1117
vn -0.8254 0.1206 -0.5515
vn -0.8314 -0.0030 -0.5556
vn -0.6350 0.6455 -0.4243
vn -0.8157 -0.1939 -0.5450
vn -0.7680 0.3831 -0.5132
vn -0.7689 -0.3805 -0.5138
vn -0.7986 0.2783 -0.5336
vn -0.6929 -0.5528 -0.4630
vn -0.8107 0.2222 -0.5417
vn -0.5905 -0.7041 -0.3945
vn -0.8169 0.1863 -0.5458
vn -0.4654 -0.8286 -0.3110
vn -0.8207 0.1606 -0.5484
vn -0.6792 0.2783 -0.6792
vn -0.6894 0.2222 -0.6894
vn -0.5893 -0.5528 -0.5892
vn -0.5021 -0.7041 -0.5021
vn -0.6947 0.1863 -0.6947
vn -0.3958 -0.8286 -0.3958
vn -0.6979 0.1606 -0.6979
vn -0.2743 -0.9217 -0.2743
vn -0.7019 0.1206 -0.7019
vn -0.1421 -0.9796 -0.1421
vn -0.7071 -0.0030 -0.7071
vn -0.5400 0.6455 -0.5401
vn -0.6937 -0.1939 -0.6937
vn -0.6532 0.3831 -0.6532
vn -0.6539 -0.3805 -0.6539
vn -0.5515 0.1206 -0.8254
vn -0.5556 -0.0030 -0.8315
vn -0.4243 0.6455 -0.6351
vn -0.1116 -0.9796 -0.1672
vn -0.5450 -0.1939 -0.8157
vn -0.5132 0.3831 -0.7680
vn -0.5138 -0.3805 -0.7689
vn -0.5336 0.2783 -0.7986
vn -0.4630 -0.5528 -0.6929
vn -0.5417 0.2222 -0.8107
vn -0.3945 -0.7041 -0.5905
vn -0.5458 0.1863 -0.8169
vn -0.3110 -0.8286 -0.4654
vn -0.5484 0.1606 -0.8207
vn -0.2155 -0.9217 -0.3226
vn -0.3189 -0.5528 -0.7699
vn -0.2717 -0.7040 -0.6561
vn -0.3731 0.2222 -0.9008
vn -0.3760 0.1863 -0.9077
vn -0.2142 -0.8286 -0.5172
vn -0.3777 0.1606 -0.9119
vn -0.1485 -0.9217 -0.3584
vn -0.3799 0.1206 -0.9171
vn -0.0769 -0.9796 -0.1857
vn -0.3827 -0.0030 -0.9239
vn -0.2923 0.6455 -0.7056
vn -0.3754 -0.1939 -0.9063
vn -0.3535 0.3831 -0.8534
vn -0.3539 -0.3805 -0.8544
vn -0.3676 0.2783 -0.8874
vn -0.0392 -0.9796 -0.1971
vn -0.1951 -0.0030 -0.9808
vn -0.1914 -0.1939 -0.9622
vn -0.1490 0.6455 -0.7490
vn -0.1802 0.3831 -0.9059
vn -0.1804 -0.3806 -0.9070
vn -0.1874 0.2783 -0.9420
vn -0.1626 -0.5528 -0.8173
vn -0.1902 0.2222 -0.9563
vn -0.1385 -0.7040 -0.6965
vn -0.1916 0.1863 -0.9636
vn -0.1092 -0.8286 -0.5490
vn -0.1925 0.1606 -0.9681
vn -0.0757 -0.9217 -0.3805
vn -0.1937 0.1207 -0.9736
vt 0.990252 0.385526
vt 0.990765 0.385526
vt 0.990765 0.438207
vt 0.990252 0.438206
vt 0.964713 0.473897
vt 0.964998 0.473541
vt 0.965412 0.473221
vt 0.965940 0.472949
vt 0.966560 0.472735
vt 0.967249 0.472588
vt 0.967981 0.472513
vt 0.968726 0.472513
vt 0.969458 0.472588
vt 0.970147 0.472736
vt 0.970767 0.472949
vt 0.971295 0.473221
vt 0.971709 0.473541
vt 0.971994 0.473897
vt 0.972140 0.474274
vt 0.972140 0.474659
vt 0.971994 0.475037
vt 0.971709 0.475392
vt 0.971295 0.475712
vt 0.970767 0.475984
vt 0.970147 0.476198
vt 0.969458 0.476345
vt 0.968726 0.476420
vt 0.967981 0.476420
vt 0.967249 0.476345
vt 0.966560 0.476198
vt 0.965940 0.475984
vt 0.965412 0.475712
vt 0.964998 0.475392
vt 0.964713 0.475037
vt 0.964567 0.474659
vt 0.964567 0.474274
vt 0.985426 0.385525
vt 0.986057 0.385525
vt 0.986057 0.438206
vt 0.985426 0.438206
vt 0.753970 0.415559
vt 0.754594 0.415558
vt 0.754594 0.468237
vt 0.753970 0.468239
vt 0.989643 0.385525
vt 0.989643 0.438206
vt 0.755287 0.415557
vt 0.756020 0.415556
vt 0.756020 0.468235
vt 0.755287 0.468236
vt 0.988962 0.385525
vt 0.988962 0.438206
vt 0.756766 0.415556
vt 0.756766 0.468235
vt 0.986979 0.040633
vt 0.987587 0.040635
vt 0.987587 0.093314
vt 0.986979 0.093313
vt 0.757495 0.415557
vt 0.757495 0.468236
vt 0.984825 0.040631
vt 0.985570 0.040632
vt 0.985570 0.093311
vt 0.984825 0.093311
vt 0.758181 0.415558
vt 0.758797 0.415560
vt 0.758797 0.468239
vt 0.758181 0.468237
vt 0.984089 0.040632
vt 0.984089 0.093311
vt 0.982761 0.040635
vt 0.983393 0.040633
vt 0.983393 0.093312
vt 0.982761 0.093314
vt 0.986297 0.040632
vt 0.986298 0.093311
vt 0.987878 0.154836
vt 0.988612 0.154843
vt 0.988612 0.207295
vt 0.987878 0.207289
vt 0.989357 0.154842
vt 0.990087 0.154835
vt 0.990087 0.207287
vt 0.989357 0.207295
vt 0.987186 0.154823
vt 0.987186 0.207275
vt 0.986560 0.154803
vt 0.986560 0.207256
vt 0.986754 0.385525
vt 0.986754 0.438206
vt 0.987489 0.385525
vt 0.987489 0.438206
vt 0.982220 0.040637
vt 0.982220 0.093316
vt 0.753436 0.415561
vt 0.753436 0.468241
vt 0.988235 0.385525
vt 0.988235 0.438206
vt 0.990772 0.154821
vt 0.990772 0.207273
vt 0.753015 0.415564
vt 0.753015 0.468243
vt 0.991387 0.154801
vt 0.991387 0.207253
vt 0.492318 0.508420
vt 0.492291 0.506323
vt 0.500300 0.505917
vt 0.500326 0.507920
vt 0.640956 0.502497
vt 0.641155 0.505150
vt 0.633294 0.504824
vt 0.633104 0.502290
vt 0.640854 0.499672
vt 0.633007 0.499593
vt 0.640854 0.496784
vt 0.633007 0.496836
vt 0.640956 0.493945
vt 0.633104 0.494125
vt 0.641155 0.491263
vt 0.633294 0.491564
vt 0.641444 0.488841
vt 0.633570 0.489252
vt 0.492290 0.489995
vt 0.492318 0.487639
vt 0.500326 0.488077
vt 0.500300 0.490327
vt 0.492271 0.492631
vt 0.500281 0.492844
vt 0.492258 0.495447
vt 0.500269 0.495533
vt 0.492254 0.498334
vt 0.500265 0.498289
vt 0.492258 0.501181
vt 0.500269 0.501007
vt 0.492271 0.503878
vt 0.500281 0.503583
vt 0.594272 0.509405
vt 0.594267 0.506961
vt 0.602270 0.506663
vt 0.602274 0.508996
vt 0.641444 0.507531
vt 0.633570 0.507097
vt 0.628903 0.496833
vt 0.629000 0.494122
vt 0.629190 0.491562
vt 0.629467 0.489250
vt 0.504448 0.488079
vt 0.504421 0.490328
vt 0.504402 0.492846
vt 0.504391 0.495534
vt 0.504387 0.498290
vt 0.504391 0.501008
vt 0.504403 0.503584
vt 0.606392 0.506662
vt 0.606396 0.508995
vt 0.504422 0.505918
vt 0.629467 0.507095
vt 0.629190 0.504822
vt 0.504448 0.507921
vt 0.629000 0.502288
vt 0.628903 0.499591
vt 0.903888 0.162359
vt 0.911895 0.162793
vt 0.911866 0.165068
vt 0.903857 0.164742
vt 0.594261 0.498531
vt 0.602264 0.498613
vt 0.602265 0.501370
vt 0.594262 0.501418
vt 0.594262 0.495715
vt 0.602265 0.495924
vt 0.594264 0.493077
vt 0.602267 0.493406
vt 0.594267 0.490720
vt 0.602270 0.491156
vt 0.594272 0.488733
vt 0.602274 0.489259
vt 0.903857 0.183114
vt 0.911866 0.182610
vt 0.911895 0.184167
vt 0.903888 0.184745
vt 0.903833 0.181049
vt 0.911843 0.180638
vt 0.903817 0.178630
vt 0.911828 0.178328
vt 0.903808 0.175950
vt 0.911820 0.175769
vt 0.903808 0.173111
vt 0.911819 0.173059
vt 0.903817 0.170223
vt 0.911828 0.170302
vt 0.903833 0.167397
vt 0.911843 0.167604
vt 0.594264 0.504264
vt 0.602267 0.504088
vt 0.606392 0.491155
vt 0.606388 0.493406
vt 0.606396 0.489259
vt 0.915988 0.182613
vt 0.916016 0.184170
vt 0.915965 0.180641
vt 0.915949 0.178331
vt 0.915942 0.175772
vt 0.915941 0.173062
vt 0.915949 0.170305
vt 0.915964 0.167607
vt 0.606389 0.504087
vt 0.915987 0.165071
vt 0.606387 0.501369
vt 0.916016 0.162796
vt 0.606386 0.498613
vt 0.606387 0.495924
vt 0.207493 0.000006
vt 0.207339 0.054449
vt 0.198519 0.054453
vt 0.198736 0.000010
vt 0.290182 0.994922
vt 0.290062 0.940700
vt 0.298656 0.940422
vt 0.298714 0.994646
vt 0.308236 0.940231
vt 0.308226 0.994456
vt 0.318435 0.940133
vt 0.318351 0.994359
vt 0.328859 0.940133
vt 0.328701 0.994359
vt 0.339109 0.940231
vt 0.338878 0.994456
vt 0.348791 0.940422
vt 0.348490 0.994646
vt 0.357533 0.940700
vt 0.357169 0.994922
vt 0.183276 0.000061
vt 0.183468 0.054502
vt 0.174963 0.054476
vt 0.174831 0.000035
vt 0.165444 0.054457
vt 0.165381 0.000016
vt 0.155279 0.054445
vt 0.155289 0.000004
vt 0.144858 0.054441
vt 0.144942 0.000000
vt 0.134580 0.054445
vt 0.134738 0.000004
vt 0.124842 0.054457
vt 0.125070 0.000016
vt 0.116018 0.054476
vt 0.116309 0.000035
vt 0.108446 0.054502
vt 0.108791 0.000061
vt 0.393149 0.424293
vt 0.384543 0.421326
vt 0.377224 0.417550
vt 0.371473 0.413110
vt 0.367512 0.408176
vt 0.365493 0.402939
vt 0.365493 0.397598
vt 0.367512 0.392361
vt 0.371473 0.387427
vt 0.377224 0.382987
vt 0.384543 0.379211
vt 0.393149 0.376244
vt 0.402712 0.374200
vt 0.412864 0.373158
vt 0.423215 0.373158
vt 0.433367 0.374200
vt 0.442929 0.376244
vt 0.451536 0.379211
vt 0.458855 0.382987
vt 0.464605 0.387427
vt 0.468567 0.392361
vt 0.470586 0.397598
vt 0.470586 0.402939
vt 0.468567 0.408176
vt 0.464605 0.413110
vt 0.458855 0.417550
vt 0.451536 0.421326
vt 0.442930 0.424293
vt 0.433367 0.426337
vt 0.423215 0.427379
vt 0.412864 0.427379
vt 0.402712 0.426337
vt 0.177415 0.059873
vt 0.186714 0.059901
vt 0.189048 0.065751
vt 0.179178 0.065721
vt 0.306749 0.934613
vt 0.317898 0.934507
vt 0.144502 0.059834
vt 0.133266 0.059838
vt 0.329295 0.934507
vt 0.122619 0.059851
vt 0.205121 0.059859
vt 0.195477 0.059864
vt 0.167009 0.059851
vt 0.340502 0.934613
vt 0.112972 0.059872
vt 0.286879 0.935127
vt 0.296275 0.934823
vt 0.155895 0.059838
vt 0.351086 0.934823
vt 0.104693 0.059901
vt 0.360643 0.935127
vt 0.144243 0.065680
vt 0.156337 0.065685
vt 0.156478 0.068968
vt 0.144159 0.068963
vt 0.168132 0.065699
vt 0.132318 0.065685
vt 0.121018 0.065698
vt 0.203525 0.065718
vt 0.193289 0.065723
vt 0.110778 0.065721
vt 0.284593 0.929159
vt 0.294565 0.928837
vt 0.101991 0.065751
vt 0.305682 0.928614
vt 0.317517 0.928501
vt 0.329613 0.928501
vt 0.341508 0.928614
vt 0.352743 0.928837
vt 0.362886 0.929159
vt 0.110067 0.069005
vt 0.120499 0.068982
vt 0.120494 0.073285
vt 0.110063 0.073308
vt 0.132010 0.068968
vt 0.203010 0.069005
vt 0.192583 0.069011
vt 0.283857 0.925843
vt 0.294016 0.925514
vt 0.101117 0.069036
vt 0.305341 0.925288
vt 0.317397 0.925172
vt 0.329719 0.925172
vt 0.341836 0.925288
vt 0.353281 0.925514
vt 0.363614 0.925843
vt 0.189800 0.069036
vt 0.179746 0.069005
vt 0.168494 0.068982
vt 0.283867 0.921558
vt 0.294026 0.921230
vt 0.101112 0.073339
vt 0.305351 0.921003
vt 0.317407 0.920888
vt 0.329729 0.920888
vt 0.341846 0.921003
vt 0.353291 0.921230
vt 0.363624 0.921558
vt 0.189796 0.073339
vt 0.179741 0.073308
vt 0.168489 0.073285
vt 0.156473 0.073271
vt 0.144154 0.073266
vt 0.132005 0.073271
vt 0.203011 0.073309
vt 0.192584 0.073314
vt 0.318267 0.914796
vt 0.329092 0.914796
vt 0.339737 0.914897
vt 0.349791 0.915096
vt 0.358869 0.915385
vt 0.184783 0.079845
vt 0.175950 0.079818
vt 0.166065 0.079798
vt 0.155509 0.079786
vt 0.144686 0.079781
vt 0.134014 0.079786
vt 0.123901 0.079798
vt 0.206431 0.079798
vt 0.197271 0.079802
vt 0.114737 0.079818
vt 0.288802 0.915385
vt 0.297727 0.915096
vt 0.106873 0.079845
vt 0.307676 0.914897
vt 0.347933 0.909943
vt 0.356343 0.910211
vt 0.182113 0.085205
vt 0.173930 0.085180
vt 0.164773 0.085161
vt 0.154994 0.085149
vt 0.144968 0.085146
vt 0.135081 0.085149
vt 0.125712 0.085161
vt 0.208252 0.085148
vt 0.199766 0.085152
vt 0.117223 0.085179
vt 0.291433 0.910211
vt 0.299701 0.909943
vt 0.109938 0.085205
vt 0.308918 0.909759
vt 0.318729 0.909665
vt 0.328758 0.909665
vt 0.338619 0.909759
vt 0.164628 0.222962
vt 0.154848 0.222950
vt 0.144822 0.222946
vt 0.134935 0.222950
vt 0.125567 0.222962
vt 0.208293 0.222953
vt 0.199807 0.222957
vt 0.117077 0.222980
vt 0.291751 0.773004
vt 0.300019 0.772736
vt 0.109793 0.223005
vt 0.309235 0.772552
vt 0.319046 0.772458
vt 0.329075 0.772458
vt 0.338936 0.772552
vt 0.348251 0.772736
vt 0.356660 0.773004
vt 0.181968 0.223005
vt 0.173785 0.222980
vt 0.306985 0.767746
vt 0.296422 0.767957
vt 0.293290 0.759871
vt 0.305029 0.759637
vt 0.132958 0.227403
vt 0.122221 0.227417
vt 0.893982 0.357368
vt 0.893982 0.352194
vt 0.901422 0.351816
vt 0.901422 0.357746
vt 0.995026 0.052001
vt 0.996983 0.057076
vt 0.989830 0.058195
vt 0.987587 0.052379
vt 0.286946 0.768263
vt 0.995026 0.046826
vt 0.987587 0.046448
vt 0.318230 0.767638
vt 0.329724 0.767638
vt 0.341025 0.767746
vt 0.351701 0.767957
vt 0.361339 0.768263
vt 0.886543 0.357368
vt 0.886543 0.352194
vt 0.893982 0.351816
vt 0.893982 0.357746
vt 0.177484 0.227438
vt 0.166989 0.227417
vt 0.155781 0.227403
vt 0.144290 0.227399
vt 0.342858 0.759637
vt 0.330299 0.759517
vt 0.330317 0.754305
vt 0.342892 0.754425
vt 0.317525 0.759517
vt 0.354722 0.759871
vt 0.365433 0.760212
vt 0.186862 0.227467
vt 0.191132 0.235292
vt 0.180709 0.235260
vt 0.169046 0.235236
vt 0.156590 0.235221
vt 0.143821 0.235216
vt 0.131228 0.235221
vt 0.119296 0.235236
vt 0.195223 0.227436
vt 0.204949 0.227431
vt 0.202031 0.235271
vt 0.191222 0.235276
vt 0.112491 0.227438
vt 0.108483 0.235260
vt 0.282760 0.760212
vt 0.104142 0.227467
vt 0.099205 0.235292
vt 0.180742 0.240490
vt 0.191177 0.240522
vt 0.186506 0.246891
vt 0.177210 0.246863
vt 0.354769 0.754660
vt 0.365493 0.755001
vt 0.169065 0.240466
vt 0.156595 0.240451
vt 0.143810 0.240446
vt 0.131202 0.240451
vt 0.119256 0.240466
vt 0.201998 0.240501
vt 0.191177 0.240507
vt 0.108430 0.240490
vt 0.282722 0.755001
vt 0.293265 0.754660
vt 0.099141 0.240522
vt 0.305018 0.754425
vt 0.317529 0.754305
vt 0.144305 0.246824
vt 0.155696 0.246828
vt 0.154541 0.253619
vt 0.144944 0.253615
vt 0.166806 0.246841
vt 0.133073 0.246828
vt 0.122429 0.246841
vt 0.205184 0.246855
vt 0.195543 0.246859
vt 0.112784 0.246862
vt 0.287320 0.748943
vt 0.296713 0.748639
vt 0.104508 0.246891
vt 0.307184 0.748430
vt 0.318331 0.748323
vt 0.329725 0.748323
vt 0.340928 0.748430
vt 0.351510 0.748639
vt 0.361064 0.748943
vt 0.118386 0.253647
vt 0.126513 0.253629
vt 0.129095 0.259222
vt 0.121929 0.259237
vt 0.135480 0.253618
vt 0.209282 0.253615
vt 0.201159 0.253619
vt 0.293231 0.742557
vt 0.301145 0.742301
vt 0.111414 0.253671
vt 0.309968 0.742125
vt 0.319359 0.742035
vt 0.328959 0.742035
vt 0.338398 0.742125
vt 0.347314 0.742301
vt 0.355364 0.742557
vt 0.180501 0.253672
vt 0.172668 0.253647
vt 0.163902 0.253630
vt 0.296974 0.737225
vt 0.303953 0.736999
vt 0.115781 0.259259
vt 0.311732 0.736844
vt 0.320013 0.736764
vt 0.328478 0.736764
vt 0.336801 0.736844
vt 0.344663 0.736999
vt 0.351761 0.737225
vt 0.176700 0.259259
vt 0.169793 0.259238
vt 0.162064 0.259222
vt 0.153810 0.259212
vt 0.145347 0.259209
vt 0.137002 0.259212
vt 0.211875 0.259189
vt 0.204713 0.259193
vt 0.320022 0.733045
vt 0.328486 0.733045
vt 0.336810 0.733125
vt 0.344671 0.733280
vt 0.351769 0.733506
vt 0.176696 0.262994
vt 0.169789 0.262973
vt 0.162060 0.262957
vt 0.153806 0.262947
vt 0.145343 0.262944
vt 0.136998 0.262947
vt 0.129091 0.262957
vt 0.211876 0.262924
vt 0.204714 0.262928
vt 0.121925 0.262973
vt 0.296983 0.733506
vt 0.303961 0.733280
vt 0.115777 0.262994
vt 0.311740 0.733125
vt 0.346796 0.728762
vt 0.354650 0.729012
vt 0.179704 0.267323
vt 0.172062 0.267300
vt 0.163510 0.267282
vt 0.154377 0.267272
vt 0.145014 0.267268
vt 0.135781 0.267272
vt 0.127032 0.267282
vt 0.209821 0.267264
vt 0.201896 0.267268
vt 0.119104 0.267300
vt 0.294032 0.729012
vt 0.301753 0.728762
vt 0.112301 0.267323
vt 0.310360 0.728590
vt 0.319523 0.728502
vt 0.328889 0.728502
vt 0.338098 0.728590
vt 0.165623 0.273188
vt 0.155211 0.273175
vt 0.144535 0.273171
vt 0.134008 0.273175
vt 0.124033 0.273187
vt 0.206826 0.273190
vt 0.197790 0.273195
vt 0.114994 0.273207
vt 0.289732 0.722859
vt 0.298535 0.722575
vt 0.107238 0.273234
vt 0.308349 0.722378
vt 0.318796 0.722278
vt 0.329474 0.722278
vt 0.339974 0.722378
vt 0.349891 0.722575
vt 0.358845 0.722859
vt 0.184086 0.273234
vt 0.175373 0.273207
vt 0.133026 0.280942
vt 0.122374 0.280955
vt 0.205175 0.280970
vt 0.195527 0.280975
vt 0.112722 0.280977
vt 0.287372 0.714974
vt 0.296771 0.714670
vt 0.104440 0.281005
vt 0.307250 0.714461
vt 0.318405 0.714354
vt 0.329807 0.714354
vt 0.341018 0.714461
vt 0.351608 0.714670
vt 0.361169 0.714974
vt 0.186498 0.281005
vt 0.177195 0.280977
vt 0.166784 0.280955
vt 0.155665 0.280942
vt 0.144267 0.280938
vt 0.307289 0.697725
vt 0.318444 0.697618
vt 0.329846 0.697618
vt 0.341057 0.697725
vt 0.351647 0.697935
vt 0.361208 0.698239
vt 0.186480 0.297814
vt 0.177177 0.297785
vt 0.166766 0.297764
vt 0.155648 0.297751
vt 0.144249 0.297746
vt 0.133008 0.297751
vt 0.122357 0.297764
vt 0.205180 0.297779
vt 0.195532 0.297783
vt 0.112705 0.297785
vt 0.287410 0.698239
vt 0.296810 0.697934
vt 0.104423 0.297813
vt 0.339539 0.680627
vt 0.349109 0.680816
vt 0.357749 0.681091
vt 0.182790 0.315260
vt 0.174383 0.315234
vt 0.164974 0.315215
vt 0.154927 0.315203
vt 0.144626 0.315199
vt 0.134468 0.315203
vt 0.124842 0.315215
vt 0.207693 0.315213
vt 0.198974 0.315217
vt 0.116120 0.315234
vt 0.291060 0.681091
vt 0.299554 0.680816
vt 0.108636 0.315260
vt 0.309023 0.680627
vt 0.319104 0.680530
vt 0.329408 0.680530
vt 0.171358 0.332996
vt 0.163036 0.332979
vt 0.154148 0.332969
vt 0.145035 0.332965
vt 0.136050 0.332969
vt 0.127535 0.332979
vt 0.210414 0.332959
vt 0.202701 0.332963
vt 0.119819 0.332996
vt 0.295008 0.663650
vt 0.302522 0.663407
vt 0.113199 0.333019
vt 0.310899 0.663240
vt 0.319816 0.663155
vt 0.328931 0.663155
vt 0.337893 0.663240
vt 0.346358 0.663407
vt 0.354001 0.663650
vt 0.178795 0.333019
vt 0.304846 0.641912
vt 0.298093 0.642131
vt 0.300445 0.624598
vt 0.306618 0.624398
vt 0.145345 0.354772
vt 0.137269 0.354775
vt 0.129618 0.354785
vt 0.212528 0.354750
vt 0.205597 0.354754
vt 0.122684 0.354800
vt 0.116734 0.354820
vt 0.312374 0.641762
vt 0.320388 0.641685
vt 0.328579 0.641685
vt 0.336633 0.641762
vt 0.344241 0.641912
vt 0.351110 0.642131
vt 0.175684 0.354820
vt 0.169001 0.354800
vt 0.161522 0.354785
vt 0.153534 0.354775
vt 0.328314 0.624191
vt 0.320826 0.624191
vt 0.320859 0.604360
vt 0.328369 0.604360
vt 0.124864 0.372554
vt 0.119425 0.372572
vt 0.313500 0.624261
vt 0.335676 0.624261
vt 0.342631 0.624399
vt 0.348910 0.624598
vt 0.173314 0.372573
vt 0.167205 0.372554
vt 0.160367 0.372540
vt 0.153065 0.372531
vt 0.145580 0.372528
vt 0.138197 0.372531
vt 0.131202 0.372540
vt 0.214139 0.372495
vt 0.207803 0.372498
vt 0.349028 0.604769
vt 0.342730 0.604568
vt 0.344462 0.601188
vt 0.351377 0.601408
vt 0.335755 0.604430
vt 0.173369 0.392483
vt 0.167241 0.392464
vt 0.160383 0.392450
vt 0.153059 0.392442
vt 0.145550 0.392439
vt 0.138146 0.392442
vt 0.131130 0.392450
vt 0.214093 0.392406
vt 0.207738 0.392409
vt 0.124771 0.392464
vt 0.300416 0.604769
vt 0.306608 0.604568
vt 0.119316 0.392483
vt 0.313511 0.604430
vt 0.153525 0.395663
vt 0.161566 0.395673
vt 0.162074 0.398493
vt 0.153725 0.398483
vt 0.175822 0.395709
vt 0.169095 0.395688
vt 0.145282 0.395660
vt 0.137153 0.395663
vt 0.129451 0.395673
vt 0.212417 0.395640
vt 0.205440 0.395644
vt 0.122471 0.395688
vt 0.298009 0.601408
vt 0.304807 0.601188
vt 0.116482 0.395709
vt 0.312385 0.601036
vt 0.320451 0.600959
vt 0.328697 0.600959
vt 0.336804 0.601036
vt 0.145165 0.398480
vt 0.136724 0.398483
vt 0.128726 0.398493
vt 0.211695 0.398466
vt 0.204450 0.398469
vt 0.121478 0.398509
vt 0.296975 0.598534
vt 0.304034 0.598305
vt 0.115259 0.398530
vt 0.311903 0.598148
vt 0.320279 0.598068
vt 0.328841 0.598068
vt 0.337260 0.598148
vt 0.345212 0.598305
vt 0.352392 0.598534
vt 0.176878 0.398530
vt 0.169892 0.398509
vt 0.145230 0.399832
vt 0.136971 0.399835
vt 0.212116 0.399815
vt 0.205027 0.399818
vt 0.129145 0.399845
vt 0.297584 0.597226
vt 0.304491 0.597003
vt 0.122053 0.399860
vt 0.312190 0.596849
vt 0.115968 0.399881
vt 0.320386 0.596770
vt 0.328764 0.596770
vt 0.337002 0.596849
vt 0.344783 0.597003
vt 0.351808 0.597226
vt 0.176261 0.399881
vt 0.169425 0.399860
vt 0.161775 0.399845
vt 0.153606 0.399835
vt 0.999430 0.111255
vt 0.999430 0.115577
vt 0.995247 0.115365
vt 0.995247 0.111467
vt 0.990082 0.341210
vt 0.989261 0.336908
vt 0.993464 0.336908
vt 0.994205 0.340786
vt 0.992514 0.345346
vt 0.996398 0.344516
vt 0.320857 0.594581
vt 0.328411 0.594581
vt 0.990445 0.226514
vt 0.992877 0.222377
vt 0.996761 0.223207
vt 0.994568 0.226937
vt 0.989624 0.230816
vt 0.993827 0.230816
vt 0.990445 0.235118
vt 0.994568 0.234695
vt 0.992877 0.239254
vt 0.996761 0.238424
vt 0.167340 0.402275
vt 0.160442 0.402261
vt 0.153076 0.402252
vt 0.145525 0.402249
vt 0.138077 0.402252
vt 0.131021 0.402261
vt 0.990082 0.332606
vt 0.992514 0.328469
vt 0.996398 0.329299
vt 0.994205 0.333029
vt 0.997796 0.119817
vt 0.993773 0.119187
vt 0.335838 0.594651
vt 0.328287 0.593004
vt 0.335425 0.593072
vt 0.342854 0.594790
vt 0.342168 0.593206
vt 0.349188 0.594992
vt 0.348256 0.593399
vt 0.173503 0.402294
vt 0.172519 0.403953
vt 0.166595 0.403935
vt 0.159966 0.403921
vt 0.152887 0.403913
vt 0.145629 0.403910
vt 0.138471 0.403913
vt 0.131689 0.403921
vt 0.207606 0.402221
vt 0.213998 0.402218
vt 0.214669 0.403874
vt 0.208526 0.403877
vt 0.124627 0.402275
vt 0.125543 0.403935
vt 0.306525 0.594790
vt 0.300297 0.594992
vt 0.301267 0.593399
vt 0.307252 0.593206
vt 0.119140 0.402294
vt 0.120270 0.403953
vt 0.313467 0.594652
vt 0.313924 0.593072
vt 0.321027 0.593004
vt 0.172098 0.410048
vt 0.166275 0.410030
vt 0.159759 0.410017
vt 0.152801 0.410008
vt 0.145667 0.410006
vt 0.138632 0.410008
vt 0.131966 0.410016
vt 0.214954 0.409967
vt 0.208916 0.409970
vt 0.125925 0.410030
vt 0.301688 0.587356
vt 0.307571 0.587166
vt 0.120742 0.410048
vt 0.314129 0.587035
vt 0.321111 0.586968
vt 0.328247 0.586968
vt 0.335263 0.587035
vt 0.341891 0.587166
vt 0.347875 0.587356
vt 0.210755 0.412333
vt 0.216296 0.412330
vt 0.217356 0.414901
vt 0.212207 0.414904
vt 0.152423 0.412381
vt 0.145876 0.412379
vt 0.139420 0.412381
vt 0.133302 0.412389
vt 0.127758 0.412401
vt 0.303624 0.585116
vt 0.309022 0.584942
vt 0.123002 0.412417
vt 0.315041 0.584821
vt 0.321448 0.584760
vt 0.327996 0.584760
vt 0.334436 0.584821
vt 0.340518 0.584941
vt 0.346009 0.585116
vt 0.170132 0.412417
vt 0.164788 0.412401
vt 0.158809 0.412389
vt 0.321715 0.582314
vt 0.315762 0.582371
vt 0.315772 0.578067
vt 0.321725 0.578010
vt 0.134357 0.414967
vt 0.129206 0.414978
vt 0.305153 0.582646
vt 0.310170 0.582483
vt 0.124786 0.414993
vt 0.327800 0.582314
vt 0.333784 0.582371
vt 0.339435 0.582483
vt 0.344538 0.582646
vt 0.168578 0.414994
vt 0.163613 0.414978
vt 0.158057 0.414967
vt 0.152123 0.414960
vt 0.146040 0.414958
vt 0.140041 0.414960
vt 0.339445 0.578179
vt 0.333794 0.578067
vt 0.332903 0.573696
vt 0.337964 0.573796
vt 0.327810 0.578010
vt 0.344548 0.578341
vt 0.168574 0.419317
vt 0.163609 0.419301
vt 0.158053 0.419290
vt 0.152119 0.419283
vt 0.146036 0.419281
vt 0.140037 0.419283
vt 0.134352 0.419290
vt 0.217357 0.419224
vt 0.212208 0.419227
vt 0.129201 0.419301
vt 0.305163 0.578341
vt 0.310180 0.578179
vt 0.124781 0.419317
vt 0.342534 0.573942
vt 0.166444 0.423865
vt 0.161998 0.423851
vt 0.157022 0.423841
vt 0.151708 0.423835
vt 0.146260 0.423833
vt 0.140887 0.423835
vt 0.135796 0.423841
vt 0.218809 0.423765
vt 0.214198 0.423768
vt 0.131183 0.423851
vt 0.307262 0.573942
vt 0.311755 0.573796
vt 0.127225 0.423865
vt 0.316763 0.573696
vt 0.322095 0.573645
vt 0.327544 0.573645
vt 0.438163 0.207705
vt 0.449401 0.207627
vt 0.380714 0.373054
vt 0.365493 0.373158
vt 0.627347 0.207598
vt 0.637191 0.207531
vt 0.588464 0.375194
vt 0.575133 0.375284
vt 0.634080 0.189225
vt 0.624237 0.189292
vt 0.712472 0.188691
vt 0.715582 0.206998
vt 0.705739 0.207065
vt 0.702628 0.188758
vt 0.906222 0.351802
vt 0.892817 0.351680
vt 0.886543 0.186359
vt 0.903358 0.186512
vt 0.592070 0.002389
vt 0.591736 0.020844
vt 0.578331 0.020736
vt 0.578665 0.002280
vt 0.605475 0.002497
vt 0.605141 0.020953
vt 0.647790 0.189131
vt 0.650900 0.207438
vt 0.709217 0.130938
vt 0.696611 0.130938
vt 0.696611 0.124434
vt 0.709217 0.124434
vt 0.726722 0.130938
vt 0.726722 0.124434
vt 0.744227 0.130938
vt 0.744227 0.124434
vt 0.752980 0.182599
vt 0.744227 0.182599
vt 0.744227 0.176095
vt 0.752980 0.176095
vt 0.488077 0.188902
vt 0.488533 0.207358
vt 0.480707 0.207412
vt 0.480251 0.188956
vt 0.726722 0.182599
vt 0.726722 0.176095
vt 0.464598 0.189064
vt 0.465054 0.207520
vt 0.448945 0.189172
vt 0.709217 0.176095
vt 0.709217 0.167064
vt 0.726722 0.167064
vt 0.709217 0.158032
vt 0.726722 0.158032
vt 0.709217 0.149001
vt 0.726722 0.149001
vt 0.709217 0.139969
vt 0.726722 0.139969
vt 0.744227 0.167064
vt 0.744227 0.158032
vt 0.744227 0.149001
vt 0.744227 0.139969
vt 0.571628 0.020682
vt 0.571962 0.002226
vt 0.752980 0.167064
vt 0.752980 0.158032
vt 0.752980 0.149001
vt 0.752980 0.139969
vt 0.752980 0.130938
vt 0.593884 0.020951
vt 0.679325 0.186253
vt 0.665204 0.186251
vt 0.437707 0.189250
vt 0.929294 0.061120
vt 0.929294 0.110912
vt 0.907336 0.122241
vt 0.714318 0.122241
vt 0.697296 0.122241
vt 0.692360 0.119694
vt 0.692360 0.110912
vt 0.692360 0.061120
vt 0.692029 0.207158
vt 0.688919 0.188851
vt 0.678319 0.207251
vt 0.675209 0.188945
vt 0.664610 0.207345
vt 0.661500 0.189038
vt 0.709217 0.182599
vt 0.696611 0.182599
vt 0.696611 0.176095
vt 0.696611 0.167064
vt 0.696611 0.158032
vt 0.696611 0.149001
vt 0.696611 0.139969
vt 0.528796 0.001877
vt 0.538449 0.001955
vt 0.538115 0.020411
vt 0.528462 0.020333
vt 0.614765 0.021031
vt 0.692360 0.186359
vt 0.917478 0.351816
vt 0.917478 0.186529
vt 0.948857 0.165636
vt 0.933262 0.166334
vt 0.929294 0.000875
vt 0.948857 0.000000
vt 0.752962 0.374074
vt 0.739631 0.374165
vt 0.982220 0.052269
vt 0.982220 0.088566
vt 0.966045 0.089187
vt 0.966045 0.052890
vt 0.982219 0.092695
vt 0.966045 0.093316
vt 0.982220 0.048140
vt 0.966045 0.048761
vt 0.813594 0.165205
vt 0.813594 0.161224
vt 0.825120 0.161314
vt 0.825120 0.164844
vt 0.813595 0.126223
vt 0.825121 0.130279
vt 0.848165 0.161479
vt 0.848164 0.164160
vt 0.848165 0.137906
vt 0.813595 0.122241
vt 0.825121 0.126748
vt 0.868776 0.143155
vt 0.868776 0.161576
vt 0.848165 0.135224
vt 0.981027 0.378667
vt 0.981027 0.359564
vt 0.991427 0.359165
vt 0.991427 0.378268
vt 0.868775 0.163672
vt 0.868775 0.141059
vt 0.646922 0.471747
vt 0.641544 0.471747
vt 0.648948 0.467058
vt 0.656011 0.467058
vt 0.646922 0.498912
vt 0.646922 0.474522
vt 0.656011 0.470702
vt 0.656011 0.502732
vt 0.981027 0.380840
vt 0.991427 0.380441
vt 0.981027 0.357391
vt 0.991427 0.356991
vt 0.820387 0.480071
vt 0.820387 0.505158
vt 0.812997 0.505447
vt 0.812997 0.479751
vt 0.646922 0.501687
vt 0.656011 0.506376
vt 0.798090 0.506019
vt 0.798090 0.480323
vt 0.812997 0.508370
vt 0.798090 0.508942
vt 0.820387 0.477216
vt 0.812997 0.476828
vt 0.820387 0.508012
vt 0.875200 0.461593
vt 0.875200 0.494401
vt 0.865172 0.490186
vt 0.865172 0.465808
vt 0.875200 0.498133
vt 0.865172 0.492959
vt 0.875200 0.457861
vt 0.865172 0.463035
vt 0.798090 0.477400
vt 0.854794 0.485824
vt 0.854794 0.470170
vt 0.854794 0.487605
vt 0.854794 0.468389
vt 0.998838 0.059540
vt 0.998838 0.071364
vt 0.987588 0.066350
vt 0.987587 0.059419
vt 0.998838 0.072709
vt 0.987587 0.067138
vt 0.998838 0.058195
vt 0.987587 0.058631
vt 0.623839 0.451933
vt 0.637731 0.452466
vt 0.637731 0.456771
vt 0.623839 0.456238
vt 0.639311 0.452527
vt 0.639311 0.456832
vt 0.622258 0.451873
vt 0.622258 0.456177
vt 0.637781 0.460082
vt 0.618493 0.459342
vt 0.639976 0.460166
vt 0.616298 0.459258
vt 0.640363 0.463203
vt 0.637811 0.463105
vt 0.615376 0.462244
vt 0.612824 0.462146
vt 0.640670 0.469254
vt 0.637834 0.469145
vt 0.612907 0.468188
vt 0.610071 0.468080
vt 0.640670 0.483961
vt 0.637834 0.483852
vt 0.612907 0.482895
vt 0.610071 0.482786
vt 0.640343 0.488841
vt 0.637809 0.488744
vt 0.615543 0.487890
vt 0.613009 0.487793
vt 0.996707 0.085081
vt 0.996708 0.086345
vt 0.987587 0.083304
vt 0.987587 0.082345
vt 0.996707 0.072709
vt 0.996707 0.073972
vt 0.987587 0.073916
vt 0.987587 0.072957
vt 0.988003 0.514611
vt 0.988003 0.513341
vt 0.994230 0.510724
vt 0.994230 0.511398
vt 0.988003 0.502181
vt 0.994230 0.504798
vt 0.988003 0.500912
vt 0.994230 0.504124
vt 0.752980 0.124434
vt 0.946211 0.177002
vt 0.946211 0.178787
vt 0.945896 0.180512
vt 0.945279 0.182111
vt 0.944384 0.183523
vt 0.943244 0.184693
vt 0.941904 0.185576
vt 0.940415 0.186139
vt 0.938834 0.186359
vt 0.937223 0.186228
vt 0.935642 0.185752
vt 0.934153 0.184949
vt 0.932813 0.183849
vt 0.931673 0.182494
vt 0.930778 0.180938
vt 0.930161 0.179239
vt 0.929847 0.177463
vt 0.929847 0.175677
vt 0.930161 0.173952
vt 0.930778 0.172353
vt 0.931674 0.170942
vt 0.932813 0.169771
vt 0.934153 0.168888
vt 0.935642 0.168326
vt 0.937223 0.168106
vt 0.938835 0.168236
vt 0.940416 0.168712
vt 0.941905 0.169516
vt 0.943245 0.170616
vt 0.944384 0.171970
vt 0.945280 0.173527
vt 0.945896 0.175226
vt 0.217159 0.000003
vt 0.217075 0.054446
vt 0.227361 0.000001
vt 0.227351 0.054444
vt 0.237708 0.000000
vt 0.237772 0.054443
vt 0.247802 0.000001
vt 0.247939 0.054444
vt 0.257256 0.000003
vt 0.257460 0.054446
vt 0.265704 0.000006
vt 0.265970 0.054449
vt 0.272824 0.000010
vt 0.273142 0.054454
vt 0.011563 0.000075
vt 0.017410 0.000046
vt 0.016969 0.054487
vt 0.011081 0.054517
vt 0.024811 0.000024
vt 0.024424 0.054464
vt 0.033481 0.000008
vt 0.033156 0.054449
vt 0.043088 0.000000
vt 0.042832 0.054441
vt 0.053261 0.000000
vt 0.053079 0.054441
vt 0.063612 0.000008
vt 0.063504 0.054449
vt 0.073740 0.000024
vt 0.073706 0.054464
vt 0.083258 0.000046
vt 0.083292 0.054487
vt 0.091799 0.000075
vt 0.091895 0.054517
vt 0.021305 0.059860
vt 0.019055 0.065708
vt 0.010405 0.065734
vt 0.013155 0.059885
vt 0.249508 0.059854
vt 0.238393 0.059853
vt 0.064031 0.059843
vt 0.052634 0.059834
vt 0.259917 0.059856
vt 0.075184 0.059860
vt 0.215764 0.059856
vt 0.030852 0.059843
vt 0.269221 0.059860
vt 0.085665 0.059885
vt 0.226999 0.059854
vt 0.041431 0.059834
vt 0.277061 0.059864
vt 0.095070 0.059917
vt 0.006717 0.059917
vt 0.052308 0.065680
vt 0.052199 0.068964
vt 0.040085 0.068964
vt 0.040417 0.065680
vt 0.029189 0.065689
vt 0.064405 0.065689
vt 0.076243 0.065708
vt 0.214822 0.065714
vt 0.087367 0.065734
vt 0.226746 0.065712
vt 0.097350 0.065768
vt 0.238839 0.065711
vt 0.250637 0.065712
vt 0.261686 0.065714
vt 0.271561 0.065718
vt 0.279882 0.065723
vt 0.003572 0.065768
vt 0.087913 0.069019
vt 0.087901 0.073322
vt 0.076569 0.073295
vt 0.076581 0.068992
vt 0.064522 0.068973
vt 0.214518 0.069002
vt 0.226665 0.068999
vt 0.098082 0.069053
vt 0.238984 0.068999
vt 0.251002 0.068999
vt 0.262257 0.069002
vt 0.272317 0.069006
vt 0.280794 0.069011
vt 0.009513 0.069019
vt 0.002552 0.069053
vt 0.018325 0.068992
vt 0.028648 0.068973
vt 0.226666 0.073302
vt 0.214519 0.073305
vt 0.098071 0.073356
vt 0.238986 0.073302
vt 0.251004 0.073303
vt 0.262259 0.073305
vt 0.272318 0.073309
vt 0.280795 0.073314
vt 0.009501 0.073322
vt 0.002540 0.073356
vt 0.018313 0.073295
vt 0.028636 0.073276
vt 0.040074 0.073266
vt 0.052187 0.073266
vt 0.064510 0.073276
vt 0.258481 0.079794
vt 0.248593 0.079792
vt 0.267318 0.079798
vt 0.274766 0.079802
vt 0.956458 0.167368
vt 0.948857 0.166981
vt 0.948857 0.161396
vt 0.956458 0.161009
vt 0.023074 0.079806
vt 0.015333 0.079830
vt 0.032142 0.079790
vt 0.042191 0.079781
vt 0.052832 0.079781
vt 0.063658 0.079790
vt 0.074253 0.079806
vt 0.216541 0.079794
vt 0.084208 0.079830
vt 0.227212 0.079792
vt 0.093142 0.079860
vt 0.238035 0.079792
vt 0.018431 0.085191
vt 0.012766 0.085219
vt 0.009217 0.079860
vt 0.025603 0.085168
vt 0.034004 0.085153
vt 0.043313 0.085145
vt 0.053171 0.085145
vt 0.063200 0.085153
vt 0.073014 0.085168
vt 0.217618 0.085145
vt 0.082237 0.085190
vt 0.227504 0.085143
vt 0.090513 0.085219
vt 0.237530 0.085143
vt 0.247311 0.085143
vt 0.256471 0.085145
vt 0.264657 0.085148
vt 0.271557 0.085152
vt 0.042936 0.222946
vt 0.033627 0.222954
vt 0.052794 0.222946
vt 0.062823 0.222954
vt 0.072637 0.222969
vt 0.217659 0.222950
vt 0.081860 0.222991
vt 0.227545 0.222948
vt 0.090136 0.223019
vt 0.237571 0.222947
vt 0.247352 0.222948
vt 0.256512 0.222950
vt 0.264699 0.222953
vt 0.271598 0.222957
vt 0.018054 0.222991
vt 0.012389 0.223019
vt 0.025226 0.222969
vt 0.238505 0.227425
vt 0.239321 0.235264
vt 0.226551 0.235265
vt 0.227014 0.227425
vt 0.074875 0.227425
vt 0.063627 0.227408
vt 0.215683 0.227428
vt 0.085445 0.227451
vt 0.989830 0.040631
vt 0.996983 0.041751
vt 0.249715 0.227425
vt 0.260213 0.227428
vt 0.985423 0.335068
vt 0.978270 0.333948
vt 0.982669 0.328469
vt 0.989261 0.330287
vt 0.983466 0.340143
vt 0.976027 0.339765
vt 0.983466 0.345318
vt 0.976027 0.345696
vt 0.985423 0.350393
vt 0.978270 0.351512
vt 0.989261 0.355173
vt 0.982669 0.356991
vt 0.040834 0.227399
vt 0.030165 0.227408
vt 0.052132 0.227399
vt 0.273872 0.235271
vt 0.273924 0.240501
vt 0.263485 0.240497
vt 0.263445 0.235267
vt 0.251778 0.235265
vt 0.269596 0.227431
vt 0.277503 0.227436
vt 0.282660 0.235276
vt 0.012317 0.227451
vt 0.007298 0.235274
vt 0.000082 0.235309
vt 0.005824 0.227483
vt 0.020536 0.227425
vt 0.016431 0.235246
vt 0.027132 0.235226
vt 0.038988 0.235216
vt 0.051544 0.235216
vt 0.064318 0.235226
vt 0.076818 0.235246
vt 0.213960 0.235267
vt 0.088565 0.235274
vt 0.094931 0.227483
vt 0.099106 0.235309
vt 0.016369 0.240476
vt 0.020803 0.246850
vt 0.012656 0.246875
vt 0.007224 0.240504
vt 0.282722 0.240507
vt 0.000000 0.240540
vt 0.027082 0.240456
vt 0.038952 0.240446
vt 0.051523 0.240446
vt 0.064312 0.240456
vt 0.076827 0.240476
vt 0.213941 0.240497
vt 0.088587 0.240504
vt 0.226547 0.240495
vt 0.239332 0.240494
vt 0.251804 0.240495
vt 0.052124 0.246824
vt 0.052900 0.253615
vt 0.043464 0.253615
vt 0.040924 0.246824
vt 0.030348 0.246833
vt 0.063518 0.246833
vt 0.074668 0.246850
vt 0.215825 0.246851
vt 0.085146 0.246875
vt 0.227056 0.246849
vt 0.094549 0.246907
vt 0.238447 0.246848
vt 0.249559 0.246849
vt 0.259966 0.246851
vt 0.269267 0.246855
vt 0.277105 0.246859
vt 0.886498 0.172692
vt 0.893476 0.173408
vt 0.892359 0.179259
vt 0.885244 0.179259
vt 0.080723 0.253658
vt 0.077921 0.259247
vt 0.070137 0.259228
vt 0.071895 0.253637
vt 0.062500 0.253622
vt 0.218247 0.253612
vt 0.227710 0.253610
vt 0.088645 0.253685
vt 0.237308 0.253609
vt 0.246670 0.253610
vt 0.255438 0.253612
vt 0.263275 0.253615
vt 0.901512 0.179259
vt 0.902453 0.184188
vt 0.893476 0.185110
vt 0.902453 0.174330
vt 0.026511 0.253637
vt 0.019647 0.253658
vt 0.034553 0.253622
vt 0.228125 0.259185
vt 0.219781 0.259187
vt 0.084906 0.259270
vt 0.236587 0.259184
vt 0.244843 0.259185
vt 0.252574 0.259187
vt 0.259484 0.259189
vt 0.269879 0.253619
vt 0.265307 0.259193
vt 0.024066 0.259247
vt 0.019284 0.259270
vt 0.014224 0.253685
vt 0.030119 0.259228
vt 0.037210 0.259215
vt 0.045067 0.259209
vt 0.053388 0.259209
vt 0.061853 0.259215
vt 0.252575 0.262922
vt 0.244844 0.262920
vt 0.259485 0.262924
vt 0.265308 0.262928
vt 0.024056 0.262982
vt 0.019274 0.263006
vt 0.030109 0.262963
vt 0.037200 0.262950
vt 0.045057 0.262944
vt 0.053378 0.262944
vt 0.061843 0.262950
vt 0.070126 0.262963
vt 0.219782 0.262922
vt 0.077911 0.262982
vt 0.228126 0.262920
vt 0.084896 0.263005
vt 0.236588 0.262920
vt 0.020524 0.267310
vt 0.015233 0.267336
vt 0.027221 0.267289
vt 0.035067 0.267275
vt 0.043760 0.267268
vt 0.052966 0.267268
vt 0.062332 0.267275
vt 0.071498 0.267289
vt 0.218567 0.267261
vt 0.080111 0.267310
vt 0.227800 0.267260
vt 0.087840 0.267336
vt 0.237163 0.267259
vt 0.246297 0.267260
vt 0.254851 0.267261
vt 0.262497 0.267264
vt 0.268940 0.267268
vt 0.041872 0.273171
vt 0.031961 0.273179
vt 0.052369 0.273171
vt 0.063047 0.273179
vt 0.073497 0.273195
vt 0.216798 0.273187
vt 0.083317 0.273219
vt 0.227324 0.273185
vt 0.092129 0.273249
vt 0.237999 0.273184
vt 0.248414 0.273185
vt 0.258167 0.273187
vt 0.266884 0.273190
vt 0.274230 0.273195
vt 0.455296 0.470834
vt 0.461960 0.470495
vt 0.461960 0.476005
vt 0.455296 0.475666
vt 0.023015 0.273196
vt 0.015380 0.273219
vt 0.074587 0.280964
vt 0.063429 0.280947
vt 0.215824 0.280966
vt 0.085073 0.280989
vt 0.227063 0.280964
vt 0.094482 0.281021
vt 0.238462 0.280964
vt 0.249582 0.280964
vt 0.259997 0.280966
vt 0.269304 0.280970
vt 0.277148 0.280975
vt 0.012530 0.280989
vt 0.006089 0.281021
vt 0.009347 0.273249
vt 0.020684 0.280964
vt 0.030235 0.280947
vt 0.040819 0.280938
vt 0.052027 0.280938
vt 0.249587 0.297773
vt 0.238467 0.297772
vt 0.260002 0.297775
vt 0.269309 0.297779
vt 0.277153 0.297783
vt 0.012485 0.297797
vt 0.006043 0.297829
vt 0.020638 0.297772
vt 0.030189 0.297755
vt 0.040773 0.297746
vt 0.051981 0.297746
vt 0.063383 0.297755
vt 0.074541 0.297772
vt 0.215829 0.297775
vt 0.085027 0.297797
vt 0.227068 0.297773
vt 0.094436 0.297829
vt 0.272734 0.315217
vt 0.265645 0.315213
vt 0.016728 0.315245
vt 0.010907 0.315274
vt 0.024095 0.315223
vt 0.032727 0.315207
vt 0.042291 0.315199
vt 0.052420 0.315199
vt 0.062724 0.315207
vt 0.072807 0.315223
vt 0.217316 0.315210
vt 0.082283 0.315245
vt 0.227473 0.315208
vt 0.090786 0.315274
vt 0.237774 0.315207
vt 0.247823 0.315208
vt 0.257234 0.315210
vt 0.035478 0.332972
vt 0.027842 0.332986
vt 0.043938 0.332965
vt 0.052898 0.332965
vt 0.062013 0.332972
vt 0.070933 0.332986
vt 0.218926 0.332956
vt 0.079315 0.333006
vt 0.227911 0.332954
vt 0.086837 0.333031
vt 0.237023 0.332954
vt 0.245912 0.332954
vt 0.254237 0.332956
vt 0.261678 0.332959
vt 0.267948 0.332963
vt 0.021325 0.333006
vt 0.016176 0.333031
vt 0.228253 0.354746
vt 0.228514 0.372491
vt 0.221132 0.372493
vt 0.220178 0.354748
vt 0.061439 0.354778
vt 0.053248 0.354772
vt 0.069455 0.354791
vt 0.076988 0.354809
vt 0.083748 0.354832
vt 0.236442 0.354746
vt 0.244431 0.354746
vt 0.251912 0.354748
vt 0.258599 0.354750
vt 0.264234 0.354754
vt 0.024873 0.354809
vt 0.020246 0.354832
vt 0.030730 0.354791
vt 0.037592 0.354778
vt 0.045196 0.354772
vt 0.250142 0.372493
vt 0.250206 0.392404
vt 0.243346 0.392403
vt 0.243303 0.372491
vt 0.081393 0.372583
vt 0.075213 0.372562
vt 0.236000 0.372491
vt 0.256255 0.372495
vt 0.261406 0.372498
vt 0.027572 0.372562
vt 0.023342 0.372583
vt 0.032927 0.372545
vt 0.039199 0.372534
vt 0.046150 0.372528
vt 0.053511 0.372528
vt 0.060999 0.372534
vt 0.068327 0.372545
vt 0.878930 0.461926
vt 0.875200 0.462116
vt 0.878930 0.458051
vt 0.256337 0.392406
vt 0.261504 0.392409
vt 0.027429 0.392472
vt 0.023186 0.392493
vt 0.032799 0.392456
vt 0.039091 0.392444
vt 0.046063 0.392439
vt 0.053446 0.392439
vt 0.060957 0.392444
vt 0.068307 0.392456
vt 0.221108 0.392404
vt 0.075214 0.392472
vt 0.228512 0.392403
vt 0.081413 0.392493
vt 0.236020 0.392402
vt 0.045006 0.395660
vt 0.044547 0.398480
vt 0.036600 0.398486
vt 0.037353 0.395666
vt 0.030446 0.395679
vt 0.024550 0.395697
vt 0.053112 0.395660
vt 0.061357 0.395666
vt 0.069427 0.395679
vt 0.220117 0.395638
vt 0.077009 0.395697
vt 0.228245 0.395636
vt 0.083814 0.395720
vt 0.236489 0.395636
vt 0.244530 0.395636
vt 0.252061 0.395638
vt 0.258792 0.395640
vt 0.264465 0.395644
vt 0.052964 0.398480
vt 0.061526 0.398486
vt 0.069905 0.398499
vt 0.219691 0.398463
vt 0.077779 0.398518
vt 0.228131 0.398462
vt 0.084845 0.398542
vt 0.236691 0.398461
vt 0.245041 0.398462
vt 0.252862 0.398463
vt 0.259851 0.398466
vt 0.265741 0.398469
vt 0.023305 0.398518
vt 0.018468 0.398542
vt 0.019892 0.395720
vt 0.029427 0.398499
vt 0.061420 0.399838
vt 0.053042 0.399832
vt 0.219940 0.399812
vt 0.069618 0.399851
vt 0.228199 0.399810
vt 0.077323 0.399869
vt 0.236574 0.399810
vt 0.084237 0.399893
vt 0.244745 0.399810
vt 0.252397 0.399812
vt 0.259236 0.399815
vt 0.264999 0.399818
vt 0.024021 0.399869
vt 0.019289 0.399893
vt 0.030012 0.399851
vt 0.037030 0.399838
vt 0.044806 0.399832
vt 0.993773 0.107644
vt 0.997796 0.107015
vt 0.236051 0.402213
vt 0.228499 0.402214
vt 0.243418 0.402214
vt 0.250317 0.402215
vt 0.988225 0.142793
vt 0.992247 0.142163
vt 0.995138 0.145764
vt 0.991431 0.146786
vt 0.986590 0.138553
vt 0.990774 0.138341
vt 0.986590 0.134230
vt 0.990774 0.134443
vt 0.988225 0.129991
vt 0.992247 0.130620
vt 0.991431 0.125997
vt 0.995138 0.127019
vt 0.045975 0.402249
vt 0.038963 0.402255
vt 0.053400 0.402249
vt 0.060954 0.402255
vt 0.068347 0.402266
vt 0.221053 0.402215
vt 0.075293 0.402283
vt 0.256484 0.402218
vt 0.255503 0.403874
vt 0.249576 0.403871
vt 0.261680 0.402221
vt 0.260497 0.403877
vt 0.027234 0.402283
vt 0.028377 0.403942
vt 0.024276 0.403963
vt 0.022967 0.402304
vt 0.032635 0.402266
vt 0.033568 0.403926
vt 0.039650 0.403915
vt 0.046389 0.403910
vt 0.053526 0.403910
vt 0.060786 0.403915
vt 0.067891 0.403926
vt 0.221450 0.403871
vt 0.074567 0.403942
vt 0.228606 0.403870
vt 0.081527 0.402304
vt 0.080559 0.403963
vt 0.235864 0.403869
vt 0.242945 0.403870
vt 0.033948 0.410022
vt 0.028845 0.410037
vt 0.039926 0.410011
vt 0.046549 0.410005
vt 0.053564 0.410005
vt 0.060700 0.410011
vt 0.067684 0.410022
vt 0.221619 0.409965
vt 0.074246 0.410037
vt 0.228653 0.409964
vt 0.080135 0.410057
vt 0.235787 0.409963
vt 0.242747 0.409964
vt 0.249265 0.409965
vt 0.255090 0.409967
vt 0.259999 0.409970
vt 0.024814 0.410057
vt 0.222412 0.412328
vt 0.223038 0.414899
vt 0.053818 0.412379
vt 0.047380 0.412379
vt 0.060367 0.412384
vt 0.066776 0.412394
vt 0.072798 0.412408
vt 0.228867 0.412327
vt 0.078202 0.412426
vt 0.235414 0.412327
vt 0.241801 0.412327
vt 0.247783 0.412328
vt 0.253129 0.412330
vt 0.257634 0.412333
vt 0.574897 0.417113
vt 0.571916 0.416961
vt 0.571916 0.413582
vt 0.574897 0.413431
vt 0.035816 0.412394
vt 0.031133 0.412408
vt 0.041302 0.412384
vt 0.241055 0.414898
vt 0.241056 0.419221
vt 0.235121 0.419221
vt 0.235120 0.414898
vt 0.071652 0.414985
vt 0.066056 0.414971
vt 0.229037 0.414898
vt 0.076674 0.415002
vt 0.246613 0.414899
vt 0.251580 0.414901
vt 0.255766 0.414904
vt 0.032938 0.414985
vt 0.029500 0.415002
vt 0.027434 0.412426
vt 0.037289 0.414971
vt 0.042387 0.414962
vt 0.048035 0.414957
vt 0.054016 0.414957
vt 0.060101 0.414962
vt 0.255767 0.419227
vt 0.253209 0.423768
vt 0.249460 0.423765
vt 0.251581 0.419224
vt 0.246614 0.419222
vt 0.032926 0.419308
vt 0.029489 0.419325
vt 0.037277 0.419294
vt 0.042375 0.419285
vt 0.048023 0.419280
vt 0.054004 0.419280
vt 0.060090 0.419285
vt 0.066045 0.419294
vt 0.223040 0.419222
vt 0.071640 0.419308
vt 0.229038 0.419221
vt 0.076662 0.419325
vt 0.035396 0.423857
vt 0.032318 0.423872
vt 0.039293 0.423845
vt 0.043858 0.423837
vt 0.048917 0.423833
vt 0.054274 0.423832
vt 0.059723 0.423837
vt 0.065056 0.423845
vt 0.223899 0.423764
vt 0.070068 0.423857
vt 0.229271 0.423763
vt 0.074565 0.423872
vt 0.234719 0.423762
vt 0.240034 0.423763
vt 0.245011 0.423764
vt 0.538937 0.207010
vt 0.568560 0.371758
vt 0.553306 0.371863
vt 0.527665 0.207088
vt 0.521559 0.020302
vt 0.511551 0.184921
vt 0.500581 0.184919
vt 0.513453 0.020300
vt 0.513788 0.001844
vt 0.521894 0.001846
vt 0.449399 0.001832
vt 0.457505 0.001834
vt 0.457171 0.020289
vt 0.449065 0.020288
vt 0.470576 0.020398
vt 0.393278 0.185032
vt 0.376463 0.184896
vt 0.551854 0.002063
vt 0.565259 0.002172
vt 0.564925 0.020628
vt 0.551520 0.020519
vt 0.761733 0.124434
vt 0.761733 0.130938
vt 0.502531 0.001842
vt 0.502197 0.020298
vt 0.796744 0.130938
vt 0.796744 0.124434
vt 0.809349 0.124434
vt 0.809349 0.130938
vt 0.779238 0.130938
vt 0.779238 0.124434
vt 0.761733 0.176095
vt 0.761733 0.182599
vt 0.495904 0.188848
vt 0.496360 0.207304
vt 0.779238 0.176095
vt 0.779238 0.182599
vt 0.511557 0.188740
vt 0.527209 0.188632
vt 0.512013 0.207196
vt 0.779238 0.167064
vt 0.796744 0.167064
vt 0.796744 0.176095
vt 0.779238 0.158032
vt 0.796744 0.158032
vt 0.779238 0.149001
vt 0.796744 0.149001
vt 0.779238 0.139969
vt 0.796744 0.139969
vt 0.761733 0.167064
vt 0.761733 0.158032
vt 0.761733 0.149001
vt 0.761733 0.139969
vt 0.952343 0.160751
vt 0.966045 0.000324
vt 0.966045 0.161009
vt 0.538481 0.188555
vt 0.692360 0.011329
vt 0.692360 0.002528
vt 0.697259 0.000000
vt 0.714318 0.000000
vt 0.907336 0.000000
vt 0.929294 0.011329
vt 0.468762 0.001836
vt 0.468427 0.020292
vt 0.480018 0.001838
vt 0.479684 0.020294
vt 0.491275 0.001840
vt 0.490940 0.020296
vt 0.796744 0.182599
vt 0.809349 0.176095
vt 0.809349 0.182599
vt 0.809349 0.167064
vt 0.809349 0.158032
vt 0.809349 0.149001
vt 0.809349 0.139969
vt 0.531516 0.185058
vt 0.518453 0.184952
vt 0.952961 0.188542
vt 0.952961 0.357359
vt 0.936602 0.354621
vt 0.939920 0.186359
vt 0.936602 0.188192
vt 0.936602 0.357633
vt 0.917478 0.355333
vt 0.921357 0.186359
vt 0.365493 0.184893
vt 0.666208 0.417582
vt 0.666354 0.409179
vt 0.724113 0.409179
vt 0.723967 0.417583
vt 0.730684 0.409179
vt 0.730538 0.417583
vt 0.659637 0.417583
vt 0.659783 0.409179
vt 0.659119 0.403227
vt 0.664946 0.403227
vt 0.716160 0.403227
vt 0.657883 0.391328
vt 0.662308 0.391328
vt 0.701208 0.391329
vt 0.721987 0.403227
vt 0.660529 0.380688
vt 0.690929 0.380688
vt 0.705633 0.391328
vt 0.660624 0.375284
vt 0.691023 0.375284
vt 0.657071 0.380688
vt 0.694387 0.380688
vt 0.981572 0.007464
vt 0.990660 0.003644
vt 0.990660 0.035674
vt 0.981572 0.031854
vt 0.657165 0.375284
vt 0.694481 0.375284
vt 0.949276 0.381735
vt 0.941955 0.381586
vt 0.941955 0.360489
vt 0.949276 0.361139
vt 0.981572 0.004689
vt 0.990660 0.000000
vt 0.990660 0.039318
vt 0.981572 0.034628
vt 0.926943 0.381516
vt 0.926943 0.360420
vt 0.926943 0.358020
vt 0.941955 0.358089
vt 0.949276 0.384078
vt 0.941956 0.383986
vt 0.949276 0.358795
vt 0.758797 0.411824
vt 0.748768 0.407609
vt 0.748768 0.383232
vt 0.758797 0.379017
vt 0.748768 0.380458
vt 0.758797 0.375284
vt 0.758797 0.415556
vt 0.748768 0.410382
vt 0.926943 0.383916
vt 0.738391 0.403247
vt 0.738391 0.387593
vt 0.738391 0.385812
vt 0.738391 0.405028
vt 0.730684 0.400008
vt 0.730684 0.390832
vt 0.730684 0.389788
vt 0.730684 0.401052
vt 0.952540 0.510255
vt 0.944161 0.510216
vt 0.944162 0.504315
vt 0.952540 0.504354
vt 0.944161 0.503644
vt 0.952540 0.503683
vt 0.952540 0.510926
vt 0.944161 0.510887
vt 0.998141 0.273106
vt 0.993901 0.274888
vt 0.993901 0.262147
vt 0.998141 0.263930
vt 0.993901 0.260698
vt 0.998141 0.262886
vt 0.998141 0.274150
vt 0.993901 0.276337
vt 0.703120 0.451299
vt 0.699911 0.454175
vt 0.697810 0.454181
vt 0.701313 0.451304
vt 0.720805 0.451250
vt 0.720482 0.454118
vt 0.718381 0.454123
vt 0.718999 0.451255
vt 0.697344 0.460114
vt 0.695010 0.460121
vt 0.720200 0.460050
vt 0.717865 0.460057
vt 0.697242 0.474885
vt 0.694907 0.474891
vt 0.720098 0.474821
vt 0.717763 0.474827
vt 0.699903 0.479933
vt 0.697817 0.479939
vt 0.720319 0.479877
vt 0.718234 0.479882
vt 0.705314 0.484627
vt 0.703731 0.484632
vt 0.720805 0.484584
vt 0.719223 0.484588
vt 1.000000 0.107015
vt 0.993773 0.103803
vt 0.993773 0.103128
vt 1.000000 0.105745
vt 0.993773 0.097202
vt 1.000000 0.094585
vt 0.993773 0.096528
vt 1.000000 0.093316
vt 0.868267 0.174953
vt 0.867887 0.176712
vt 0.867141 0.178379
vt 0.866057 0.179888
vt 0.864679 0.181181
vt 0.863058 0.182210
vt 0.861257 0.182934
vt 0.859345 0.183326
vt 0.857395 0.183371
vt 0.855483 0.183067
vt 0.853682 0.182425
vt 0.852061 0.181471
vt 0.850683 0.180240
vt 0.849600 0.178781
vt 0.848854 0.177150
vt 0.848473 0.175407
vt 0.848473 0.173623
vt 0.848854 0.171864
vt 0.849600 0.170198
vt 0.850683 0.168689
vt 0.852062 0.167395
vt 0.853682 0.166366
vt 0.855484 0.165642
vt 0.857396 0.165250
vt 0.859345 0.165205
vt 0.861257 0.165509
vt 0.863058 0.166151
vt 0.864679 0.167106
vt 0.866058 0.168336
vt 0.867141 0.169795
vt 0.867887 0.171427
vt 0.868267 0.173169
vt 0.953537 0.370947
vt 0.955830 0.370932
vt 0.956210 0.372136
vt 0.954010 0.372203
vt 0.958386 0.370910
vt 0.958009 0.372120
vt 0.960500 0.370887
vt 0.960042 0.372152
vt 0.696637 0.122241
vt 0.696623 0.123169
vt 0.694273 0.123228
vt 0.694283 0.122575
vt 0.694158 0.124441
vt 0.692360 0.124448
vt 0.693007 0.123233
vt 0.957067 0.372778
vt 0.719378 0.188342
vt 0.717342 0.188506
vt 0.716703 0.187305
vt 0.718650 0.187094
vt 0.714807 0.188635
vt 0.714918 0.187395
vt 0.712667 0.187397
vt 0.713629 0.186359
vt 0.715595 0.186664
vt 0.696623 0.183864
vt 0.694273 0.183805
vt 0.694158 0.182593
vt 0.696637 0.184792
vt 0.694283 0.184458
vt 0.755302 0.374018
vt 0.756588 0.375284
vt 0.757830 0.373890
vt 0.572713 0.374181
vt 0.574326 0.373158
vt 0.574326 0.374983
vt 0.960500 0.187751
vt 0.958383 0.187774
vt 0.956934 0.186359
vt 0.955834 0.187796
vt 0.953537 0.187810
vt 0.522418 0.000588
vt 0.524410 0.000645
vt 0.523968 0.001850
vt 0.813594 0.124434
vt 0.811796 0.124434
vt 0.811692 0.123226
vt 0.812958 0.123226
vt 0.809349 0.123172
vt 0.809349 0.122244
vt 0.811692 0.122572
vt 0.526502 0.001861
vt 0.526194 0.000653
vt 0.528398 0.000615
vt 0.525392 0.000000
vt 0.538743 0.187291
vt 0.541124 0.187328
vt 0.540962 0.188538
vt 0.539525 0.186359
vt 0.541674 0.186672
vt 0.811796 0.182599
vt 0.811692 0.183807
vt 0.809349 0.183861
vt 0.813594 0.182599
vt 0.812958 0.183807
vt 0.545055 0.188513
vt 0.543375 0.188523
vt 0.542823 0.187318
vt 0.544438 0.187255
vt 0.571044 0.371741
vt 0.571695 0.373158
vt 0.573450 0.371726
vt 0.572713 0.375990
vt 0.574331 0.374983
vt 0.574331 0.376796
vt 0.513629 0.184925
vt 0.515027 0.186359
vt 0.516155 0.184937
vt 0.717922 0.206942
vt 0.720450 0.206814
vt 0.722488 0.206649
vt 0.694162 0.176095
vt 0.692360 0.182585
vt 0.692368 0.176095
vt 0.702820 0.187462
vt 0.959924 0.352433
vt 0.957807 0.352456
vt 0.955259 0.352478
vt 0.952961 0.352493
vt 0.709217 0.123171
vt 0.709217 0.122245
vt 0.605076 0.001233
vt 0.614715 0.001313
vt 0.615100 0.002575
vt 0.709217 0.183862
vt 0.709217 0.184788
vt 0.437955 0.187986
vt 0.449208 0.187907
vt 0.726722 0.183862
vt 0.726722 0.184788
vt 0.464861 0.187799
vt 0.744227 0.183862
vt 0.744227 0.184788
vt 0.480513 0.187691
vt 0.744227 0.123171
vt 0.752980 0.123171
vt 0.744227 0.122245
vt 0.752980 0.122245
vt 0.571563 0.000962
vt 0.578266 0.001016
vt 0.726722 0.123171
vt 0.726722 0.122245
vt 0.591671 0.001125
vt 0.694162 0.130938
vt 0.692368 0.130938
vt 0.624414 0.187997
vt 0.634272 0.187928
vt 0.694162 0.139969
vt 0.692368 0.139969
vt 0.647981 0.187835
vt 0.694162 0.149001
vt 0.692368 0.149001
vt 0.661691 0.187741
vt 0.694162 0.158032
vt 0.692368 0.158032
vt 0.675400 0.187648
vt 0.694162 0.167064
vt 0.692368 0.167064
vt 0.689110 0.187555
vt 0.759868 0.373725
vt 0.752980 0.183862
vt 0.752980 0.184788
vt 0.488340 0.187637
vt 0.541421 0.206993
vt 0.543827 0.206978
vt 0.545511 0.206968
vt 0.449923 0.000574
vt 0.458031 0.000574
vt 0.813592 0.176095
vt 0.811799 0.176095
vt 0.523637 0.020306
vt 0.526164 0.020317
vt 0.538050 0.000691
vt 0.796744 0.122245
vt 0.796744 0.123171
vt 0.527472 0.187367
vt 0.809349 0.184789
vt 0.796744 0.184788
vt 0.796744 0.183862
vt 0.511819 0.187475
vt 0.779238 0.184788
vt 0.779238 0.183862
vt 0.496166 0.187583
vt 0.761733 0.184788
vt 0.761733 0.183862
vt 0.564860 0.000908
vt 0.761733 0.122245
vt 0.761733 0.123171
vt 0.551455 0.000800
vt 0.779238 0.122245
vt 0.779238 0.123171
vt 0.514313 0.000585
vt 0.813592 0.130938
vt 0.811799 0.130938
vt 0.503057 0.000583
vt 0.813592 0.139969
vt 0.811799 0.139969
vt 0.491800 0.000580
vt 0.813592 0.149001
vt 0.811799 0.149001
vt 0.480544 0.000578
vt 0.813592 0.158032
vt 0.811799 0.158032
vt 0.469287 0.000576
vt 0.813592 0.167064
vt 0.811799 0.167064
vt 0.575133 0.371716
vt 0.161390 0.999979
vt 0.156414 0.999969
vt 0.151100 0.999963
vt 0.145652 0.999961
vt 0.140279 0.999963
vt 0.135189 0.999969
vt 0.218982 0.999910
vt 0.214371 0.999912
vt 0.130576 0.999979
vt 0.308590 0.000297
vt 0.313083 0.000151
vt 0.126617 0.999993
vt 0.318091 0.000051
vt 0.323422 0.000000
vt 0.328872 0.000000
vt 0.334230 0.000051
vt 0.339292 0.000151
vt 0.343861 0.000297
vt 0.165837 0.999993
vt 0.042282 0.999965
vt 0.037717 0.999973
vt 0.047341 0.999960
vt 0.052698 0.999960
vt 0.058147 0.999964
vt 0.063480 0.999973
vt 0.224072 0.999908
vt 0.068492 0.999985
vt 0.229444 0.999907
vt 0.072989 1.000000
vt 0.234892 0.999907
vt 0.240207 0.999907
vt 0.245184 0.999908
vt 0.249633 0.999910
vt 0.253382 0.999912
vt 0.033820 0.999985
vt 0.030742 1.000000
vt 0.566876 0.507551
vt 0.566876 0.508362
vt 0.566733 0.509145
vt 0.566453 0.509872
vt 0.566046 0.510513
vt 0.565528 0.511044
vt 0.564920 0.511446
vt 0.564243 0.511701
vt 0.563525 0.511801
vt 0.562793 0.511742
vt 0.562075 0.511526
vt 0.561399 0.511160
vt 0.560790 0.510661
vt 0.560273 0.510046
vt 0.559866 0.509339
vt 0.559586 0.508567
vt 0.559443 0.507760
vt 0.559443 0.506949
vt 0.559586 0.506166
vt 0.559866 0.505440
vt 0.560273 0.504798
vt 0.560791 0.504267
vt 0.561400 0.503866
vt 0.562076 0.503610
vt 0.562794 0.503510
vt 0.563526 0.503569
vt 0.564244 0.503786
vt 0.564920 0.504151
vt 0.565529 0.504650
vt 0.566046 0.505266
vt 0.566453 0.505973
vt 0.566733 0.506744
vt 0.949276 0.379651
vt 0.949449 0.378852
vt 0.949788 0.378095
vt 0.950280 0.377410
vt 0.950906 0.376822
vt 0.951642 0.376355
vt 0.952460 0.376026
vt 0.953329 0.375848
vt 0.954214 0.375827
vt 0.955083 0.375965
vt 0.955901 0.376257
vt 0.956637 0.376690
vt 0.957263 0.377249
vt 0.957755 0.377912
vt 0.958094 0.378653
vt 0.958267 0.379444
vt 0.958267 0.380255
vt 0.958094 0.381054
vt 0.957756 0.381811
vt 0.957264 0.382496
vt 0.956638 0.383084
vt 0.955901 0.383551
vt 0.955083 0.383880
vt 0.954215 0.384058
vt 0.953329 0.384078
vt 0.952461 0.383940
vt 0.951643 0.383649
vt 0.950906 0.383215
vt 0.950280 0.382656
vt 0.949788 0.381994
vt 0.949449 0.381252
vt 0.949276 0.380461
vt 0.468168 0.470495
vt 0.466406 0.470495
vt 0.464871 0.427379
vt 0.465940 0.427379
vt 0.968184 0.125576
vt 0.966045 0.125997
vt 0.970407 0.093917
vt 0.971705 0.093662
vt 0.464493 0.470495
vt 0.463711 0.427379
vt 0.573860 0.503510
vt 0.572315 0.503510
vt 0.570087 0.460394
vt 0.571025 0.460394
vt 0.462504 0.470495
vt 0.462504 0.427379
vt 0.570553 0.503510
vt 0.569018 0.460394
vt 0.460516 0.470495
vt 0.461298 0.427379
vt 0.568640 0.503510
vt 0.567858 0.460394
vt 0.458603 0.470495
vt 0.460138 0.427379
vt 0.566652 0.503510
vt 0.566652 0.460394
vt 0.456841 0.470495
vt 0.459069 0.427379
vt 0.564663 0.503510
vt 0.565445 0.460394
vt 0.455296 0.470495
vt 0.458132 0.427379
vt 0.562751 0.503510
vt 0.564285 0.460394
vt 0.986080 0.125997
vt 0.983925 0.125576
vt 0.981254 0.093662
vt 0.982561 0.093917
vt 0.560988 0.503510
vt 0.563216 0.460394
vt 0.981471 0.125264
vt 0.979765 0.093472
vt 0.970521 0.260009
vt 0.967757 0.260054
vt 0.968793 0.222405
vt 0.970470 0.222377
vt 0.559443 0.503510
vt 0.562279 0.460394
vt 0.978810 0.125071
vt 0.978151 0.093355
vt 0.965099 0.260188
vt 0.967181 0.222486
vt 0.980535 0.260698
vt 0.978390 0.260405
vt 0.975244 0.222618
vt 0.976545 0.222795
vt 0.976045 0.125007
vt 0.976473 0.093316
vt 0.962648 0.260405
vt 0.965694 0.222618
vt 0.975941 0.260188
vt 0.973758 0.222486
vt 0.973282 0.125072
vt 0.974797 0.093355
vt 0.960500 0.260698
vt 0.964391 0.222795
vt 0.973285 0.260054
vt 0.972147 0.222405
vt 0.970628 0.125264
vt 0.973187 0.093472
vt 0.469713 0.470495
vt 0.466877 0.427379
vt 0.972555 0.428641
vt 0.974782 0.385525
vt 0.975851 0.385525
vt 0.974317 0.428641
vt 0.966707 0.438131
vt 0.969417 0.472258
vt 0.968119 0.472513
vt 0.964567 0.438552
vt 0.977012 0.385525
vt 0.976229 0.428641
vt 0.520962 0.460151
vt 0.518126 0.503267
vt 0.517189 0.503267
vt 0.519417 0.460151
vt 0.978218 0.385525
vt 0.978218 0.428641
vt 0.516120 0.503267
vt 0.517655 0.460151
vt 0.979425 0.385525
vt 0.980207 0.428641
vt 0.514960 0.503267
vt 0.515742 0.460151
vt 0.980585 0.385525
vt 0.982119 0.428641
vt 0.513754 0.503267
vt 0.513754 0.460151
vt 0.981654 0.385525
vt 0.983882 0.428641
vt 0.512547 0.503267
vt 0.511765 0.460151
vt 0.982591 0.385525
vt 0.985426 0.428641
vt 0.511387 0.503267
vt 0.509853 0.460151
vt 0.984602 0.438552
vt 0.980273 0.472513
vt 0.978966 0.472258
vt 0.982448 0.438131
vt 0.510318 0.503267
vt 0.508090 0.460151
vt 0.977477 0.472068
vt 0.979993 0.437818
vt 0.915593 0.122241
vt 0.915635 0.161724
vt 0.913958 0.161752
vt 0.912829 0.122286
vt 0.927367 0.123287
vt 0.922777 0.162359
vt 0.921710 0.162142
vt 0.925607 0.122930
vt 0.975863 0.471952
vt 0.977332 0.437626
vt 0.912345 0.161833
vt 0.910171 0.122420
vt 0.920408 0.161965
vt 0.923462 0.122638
vt 0.974185 0.471912
vt 0.974567 0.437561
vt 0.910859 0.161965
vt 0.907720 0.122638
vt 0.918923 0.161833
vt 0.921013 0.122420
vt 0.972509 0.471952
vt 0.971804 0.437626
vt 0.909556 0.162142
vt 0.905572 0.122930
vt 0.917311 0.161752
vt 0.918357 0.122286
vt 0.970899 0.472068
vt 0.969150 0.437818
vt 0.908486 0.162359
vt 0.903808 0.123287
vt 0.559443 0.487849
vt 0.555033 0.487851
vt 0.555033 0.460398
vt 0.559443 0.460397
vt 0.474371 0.460173
vt 0.478783 0.460162
vt 0.478783 0.487613
vt 0.474371 0.487624
vt 0.968259 0.385666
vt 0.972555 0.385525
vt 0.972555 0.412858
vt 0.968259 0.413000
vt 0.470586 0.460187
vt 0.470586 0.487639
vt 0.963470 0.385765
vt 0.963470 0.413099
vt 0.958372 0.385817
vt 0.958372 0.413151
vt 0.953160 0.385820
vt 0.953160 0.413154
vt 0.948036 0.385775
vt 0.948036 0.413108
vt 0.943196 0.385682
vt 0.943196 0.413015
vt 0.938826 0.385546
vt 0.938826 0.412879
vt 0.503838 0.460164
vt 0.508090 0.460176
vt 0.508090 0.487628
vt 0.503838 0.487616
vt 0.499080 0.460156
vt 0.499080 0.487608
vt 0.493998 0.460151
vt 0.493998 0.487603
vt 0.488788 0.460151
vt 0.488788 0.487603
vt 0.483651 0.460154
vt 0.483651 0.487606
vt 0.550166 0.487852
vt 0.550166 0.460400
vt 0.922642 0.358032
vt 0.922642 0.385484
vt 0.917850 0.385476
vt 0.917850 0.358024
vt 0.545029 0.487853
vt 0.545029 0.460400
vt 0.926943 0.358044
vt 0.926943 0.385496
vt 0.539819 0.487853
vt 0.539819 0.460400
vt 0.534737 0.487852
vt 0.534737 0.460399
vt 0.529977 0.487851
vt 0.529977 0.460398
vt 0.525723 0.487849
vt 0.525723 0.460396
vt 0.522138 0.487846
vt 0.522138 0.460394
vt 0.889487 0.358056
vt 0.889487 0.385508
vt 0.886543 0.385525
vt 0.886543 0.358073
vt 0.893213 0.358042
vt 0.893213 0.385494
vt 0.897579 0.358031
vt 0.897579 0.385483
vt 0.902416 0.358023
vt 0.902416 0.385475
vt 0.907539 0.358020
vt 0.907539 0.385472
vt 0.912750 0.358020
vt 0.912750 0.385472
vt 0.946211 0.175704
vt 0.946320 0.173922
vt 0.960774 0.173917
vt 0.960664 0.175699
vt 0.946645 0.172208
vt 0.961098 0.172203
vt 0.947172 0.170629
vt 0.961625 0.170624
vt 0.947881 0.169245
vt 0.962334 0.169241
vt 0.948745 0.168111
vt 0.963199 0.168106
vt 0.775958 0.502607
vt 0.778161 0.502607
vt 0.778161 0.510946
vt 0.775958 0.510946
vt 0.780551 0.502607
vt 0.780551 0.510946
vt 0.783037 0.502607
vt 0.783037 0.510946
vt 0.785523 0.502607
vt 0.785523 0.510946
vt 0.787913 0.502607
vt 0.787913 0.510946
vt 0.790116 0.502607
vt 0.790116 0.510946
vt 0.792047 0.502607
vt 0.792047 0.510946
vt 0.911437 0.513239
vt 0.910418 0.511859
vt 0.922796 0.511899
vt 0.923815 0.513279
vt 0.909661 0.510283
vt 0.922039 0.510323
vt 0.909194 0.508571
vt 0.921572 0.508612
vt 0.909037 0.506790
vt 0.921415 0.506830
vt 0.909194 0.505007
vt 0.921572 0.505047
vt 0.909661 0.503290
vt 0.922039 0.503331
vt 0.910418 0.501707
vt 0.922796 0.501748
vt 0.911437 0.500318
vt 0.923815 0.500359
vt 0.759868 0.502607
vt 0.761799 0.502607
vt 0.761799 0.510946
vt 0.759868 0.510946
vt 0.764002 0.502607
vt 0.764002 0.510946
vt 0.766392 0.502607
vt 0.766392 0.510946
vt 0.768878 0.502607
vt 0.768878 0.510946
vt 0.771364 0.502607
vt 0.771364 0.510946
vt 0.773754 0.502607
vt 0.773754 0.510946
vt 0.948745 0.183304
vt 0.947881 0.182166
vt 0.962334 0.182161
vt 0.963199 0.183299
vt 0.947172 0.180781
vt 0.961625 0.180776
vt 0.946645 0.179201
vt 0.961098 0.179196
vt 0.946320 0.177486
vt 0.960774 0.177481
vt 0.556419 0.495446
vt 0.541965 0.495451
vt 0.542075 0.493668
vt 0.556528 0.493664
vt 0.542400 0.491955
vt 0.556853 0.491950
vt 0.542927 0.490376
vt 0.557380 0.490372
vt 0.543636 0.488992
vt 0.558089 0.488988
vt 0.544500 0.487857
vt 0.558953 0.487853
vt 0.558055 0.503051
vt 0.558055 0.511389
vt 0.555852 0.511389
vt 0.555852 0.503051
vt 0.553462 0.511389
vt 0.553462 0.503051
vt 0.550976 0.511389
vt 0.550976 0.503051
vt 0.548490 0.511389
vt 0.548490 0.503051
vt 0.546099 0.511389
vt 0.546099 0.503051
vt 0.543896 0.511389
vt 0.543896 0.503051
vt 0.541965 0.511389
vt 0.541965 0.503051
vt 0.920444 0.184099
vt 0.919305 0.182744
vt 0.918409 0.181188
vt 0.917793 0.179489
vt 0.917478 0.177713
vt 0.917478 0.175928
vt 0.917793 0.174203
vt 0.918409 0.172603
vt 0.919305 0.171192
vt 0.468341 0.501712
vt 0.468341 0.510051
vt 0.466411 0.510051
vt 0.466411 0.501712
vt 0.464208 0.510051
vt 0.464208 0.501712
vt 0.461817 0.510051
vt 0.461817 0.501712
vt 0.459331 0.510051
vt 0.459331 0.501712
vt 0.456845 0.510051
vt 0.456845 0.501712
vt 0.454455 0.510051
vt 0.454455 0.501712
vt 0.452252 0.510051
vt 0.452252 0.501712
vt 0.558953 0.503046
vt 0.544500 0.503051
vt 0.543636 0.501913
vt 0.558089 0.501909
vt 0.542927 0.500528
vt 0.557380 0.500523
vt 0.542400 0.498948
vt 0.556853 0.498943
vt 0.542075 0.497233
vt 0.556528 0.497229
vt 0.823206 0.470636
vt 0.827299 0.470763
vt 0.827298 0.483518
vt 0.823206 0.483391
vt 0.940179 0.450384
vt 0.944161 0.450395
vt 0.944161 0.463205
vt 0.940179 0.463194
vt 0.935723 0.450376
vt 0.935722 0.463186
vt 0.930963 0.450372
vt 0.930963 0.463182
vt 0.926084 0.450371
vt 0.926084 0.463181
vt 0.921273 0.450375
vt 0.921273 0.463185
vt 0.916714 0.450381
vt 0.916714 0.463192
vt 0.610071 0.475919
vt 0.605941 0.475921
vt 0.605941 0.463111
vt 0.610070 0.463109
vt 0.912582 0.450392
vt 0.912582 0.463202
vt 0.850771 0.470749
vt 0.854794 0.470616
vt 0.854794 0.483371
vt 0.850771 0.483504
vt 0.909037 0.450405
vt 0.909037 0.463215
vt 0.846286 0.470841
vt 0.846286 0.483596
vt 0.841511 0.470890
vt 0.841511 0.483645
vt 0.836631 0.470893
vt 0.836630 0.483648
vt 0.831832 0.470850
vt 0.831831 0.483605
vt 0.827299 0.458008
vt 0.831832 0.458095
vt 0.836631 0.458138
vt 0.841511 0.458135
vt 0.846286 0.458086
vt 0.850771 0.457994
vt 0.909037 0.437594
vt 0.912582 0.437581
vt 0.854794 0.457861
vt 0.916714 0.437571
vt 0.610071 0.488730
vt 0.605941 0.488732
vt 0.921273 0.437564
vt 0.926084 0.437561
vt 0.930963 0.437562
vt 0.935723 0.437566
vt 0.940179 0.437573
vt 0.944161 0.437585
vt 0.823206 0.457881
vt 0.659828 0.464094
vt 0.659829 0.476904
vt 0.657071 0.476920
vt 0.657071 0.464110
vt 0.663318 0.464081
vt 0.663318 0.476891
vt 0.667406 0.464070
vt 0.667407 0.476881
vt 0.671937 0.464063
vt 0.671937 0.476874
vt 0.676734 0.464060
vt 0.676734 0.476870
vt 0.681615 0.464060
vt 0.681615 0.476870
vt 0.686391 0.464064
vt 0.686391 0.476874
vt 0.601383 0.475922
vt 0.601383 0.463112
vt 0.690879 0.464072
vt 0.690879 0.476882
vt 0.596572 0.475923
vt 0.596572 0.463112
vt 0.694907 0.464082
vt 0.694907 0.476892
vt 0.591692 0.475923
vt 0.591692 0.463112
vt 0.586932 0.475922
vt 0.586932 0.463112
vt 0.582475 0.475921
vt 0.582476 0.463110
vt 0.578491 0.475919
vt 0.578491 0.463109
vt 0.575133 0.475917
vt 0.575133 0.463106
vt 0.575133 0.488727
vt 0.578491 0.488730
vt 0.582475 0.488731
vt 0.586932 0.488733
vt 0.591692 0.488733
vt 0.596572 0.488733
vt 0.694907 0.451272
vt 0.690879 0.451261
vt 0.601383 0.488733
vt 0.686391 0.451254
vt 0.681615 0.451250
vt 0.676734 0.451250
vt 0.671937 0.451253
vt 0.667406 0.451260
vt 0.663318 0.451271
vt 0.659828 0.451284
vt 0.657071 0.451299
vt 0.733069 0.461391
vt 0.726866 0.454961
vt 0.727328 0.454835
vt 0.733505 0.461192
vt 0.741112 0.465938
vt 0.734027 0.460972
vt 0.734652 0.460747
vt 0.741614 0.465503
vt 0.750435 0.467607
vt 0.749884 0.468049
vt 0.742108 0.465052
vt 0.405854 0.435558
vt 0.399670 0.442032
vt 0.399368 0.441939
vt 0.405545 0.435409
vt 0.994968 0.159661
vt 0.994782 0.166042
vt 0.994294 0.166062
vt 0.994277 0.159642
vt 0.749363 0.468479
vt 0.996373 0.487823
vt 0.996787 0.481946
vt 0.997155 0.481866
vt 0.996840 0.487785
vt 0.415118 0.432252
vt 0.408430 0.436669
vt 0.407857 0.436429
vt 0.414615 0.431805
vt 0.748875 0.468879
vt 0.740669 0.466344
vt 0.407270 0.436188
vt 0.401186 0.442403
vt 0.400608 0.442269
vt 0.406730 0.435956
vt 0.994385 0.492696
vt 0.994865 0.487892
vt 0.995370 0.487871
vt 0.995102 0.492690
vt 0.748464 0.469235
vt 0.740306 0.466706
vt 0.993226 0.166064
vt 0.993957 0.172581
vt 0.993521 0.172554
vt 0.992691 0.166063
vt 0.992786 0.159654
vt 0.992056 0.159694
vt 0.748147 0.469533
vt 0.740032 0.467011
vt 0.995541 0.482099
vt 0.995974 0.482070
vt 0.413669 0.430929
vt 0.406253 0.435742
vt 0.413272 0.430535
vt 0.991439 0.154868
vt 0.992122 0.154841
vt 0.991387 0.159741
vt 0.408997 0.436899
vt 0.402912 0.442807
vt 0.402353 0.442678
vt 0.996541 0.492734
vt 0.997201 0.492775
vt 0.992860 0.154815
vt 0.995228 0.172542
vt 0.994828 0.172577
vt 0.743108 0.464186
vt 0.736409 0.460048
vt 0.736943 0.459853
vt 0.743585 0.463805
vt 0.993619 0.154801
vt 0.993552 0.159633
vt 0.727938 0.454718
vt 0.728561 0.454591
vt 0.994352 0.154803
vt 0.737420 0.459690
vt 0.731344 0.454026
vt 0.731748 0.453970
vt 0.737779 0.459541
vt 0.996176 0.159706
vt 0.995622 0.165935
vt 0.995226 0.166005
vt 0.995610 0.159678
vt 0.995059 0.154804
vt 0.410018 0.437295
vt 0.403913 0.443026
vt 0.403439 0.442924
vt 0.409533 0.437111
vt 0.416114 0.433081
vt 0.415624 0.432683
vt 0.995708 0.154810
vt 0.400105 0.442143
vt 0.993017 0.492745
vt 0.993791 0.487830
vt 0.994318 0.487864
vt 0.993694 0.492724
vt 0.420685 0.427379
vt 0.420954 0.427654
vt 0.412952 0.430191
vt 0.412719 0.429911
vt 0.732733 0.461562
vt 0.726504 0.455073
vt 0.993777 0.166060
vt 0.421321 0.427992
vt 0.995879 0.487849
vt 0.996388 0.482013
vt 0.414133 0.431358
vt 0.421772 0.428378
vt 0.401773 0.442541
vt 0.995833 0.492704
vt 0.422275 0.428798
vt 0.994405 0.172587
vt 0.735260 0.460507
vt 0.422821 0.429236
vt 0.735841 0.460270
vt 0.729775 0.454329
vt 0.730343 0.454209
vt 0.992220 0.166037
vt 0.423389 0.429674
vt 0.995031 0.482052
vt 0.416960 0.433722
vt 0.410433 0.437448
vt 0.416567 0.433432
vt 0.423958 0.430097
vt 0.729179 0.454460
vt 0.743985 0.463464
vt 0.424507 0.430487
vt 0.995587 0.172474
vt 0.742609 0.464608
vt 0.425011 0.430831
vt 0.425456 0.431115
vt 0.730873 0.454105
vt 0.997285 0.497905
vt 0.996618 0.497887
vt 0.404325 0.443107
vt 0.995894 0.497871
vt 0.995150 0.497860
vt 0.993138 0.172508
vt 0.994404 0.497851
vt 0.993703 0.497852
vt 0.993061 0.497865
vt 0.752930 0.465777
vt 0.752529 0.466041
vt 0.744321 0.463188
vt 0.752069 0.466372
vt 0.994568 0.481986
vt 0.751555 0.466755
vt 0.750999 0.467170
vt 0.901422 0.354300
vt 0.901569 0.353780
vt 0.901858 0.353288
vt 0.902300 0.352841
vt 0.902856 0.352457
vt 0.903500 0.352150
vt 0.904184 0.351942
vt 0.904909 0.351830
vt 0.905659 0.351816
vt 0.906388 0.351908
vt 0.907077 0.352098
vt 0.907691 0.352383
vt 0.908215 0.352748
vt 0.908629 0.353179
vt 0.908913 0.353662
vt 0.909059 0.354176
vt 0.909059 0.354702
vt 0.908913 0.355220
vt 0.908626 0.355711
vt 0.908198 0.356159
vt 0.907662 0.356542
vt 0.907036 0.356845
vt 0.906344 0.357057
vt 0.905613 0.357169
vt 0.904876 0.357175
vt 0.904132 0.357086
vt 0.903428 0.356901
vt 0.902796 0.356622
vt 0.902261 0.356259
vt 0.901845 0.355826
vt 0.901566 0.355341
vt 0.901421 0.354827
vt 0.996176 0.177220
vt 0.995816 0.177314
vt 0.996462 0.478043
vt 0.996880 0.477956
vt 0.995418 0.177374
vt 0.997285 0.477846
vt 0.994990 0.177399
vt 0.404662 0.443167
vt 0.401469 0.447851
vt 0.401069 0.447837
vt 0.994554 0.177388
vt 0.400601 0.447810
vt 0.994118 0.177342
vt 0.400076 0.447772
vt 0.993725 0.177261
vt 0.399505 0.447726
vt 0.725690 0.449401
vt 0.726335 0.449354
vt 0.722833 0.449669
vt 0.723185 0.449599
vt 0.398900 0.447674
vt 0.726956 0.449314
vt 0.723766 0.449553
vt 0.398276 0.447618
vt 0.727536 0.449283
vt 0.724388 0.449503
vt 0.397648 0.447563
vt 0.728066 0.449263
vt 0.725034 0.449451
vt 0.397033 0.447510
vt 0.728528 0.449261
vt 0.396446 0.447464
vt 0.995075 0.477833
vt 0.995450 0.477991
vt 0.396020 0.447413
vt 0.995988 0.478065
vt 0.395685 0.447367
vt 0.572607 0.424034
vt 0.571171 0.428477
vt 0.570771 0.428519
vt 0.572213 0.424093
vt 0.400864 0.452673
vt 0.400374 0.452693
vt 0.570415 0.428593
vt 0.571845 0.424187
vt 0.399832 0.452713
vt 0.722577 0.449731
vt 0.722326 0.444243
vt 0.722555 0.444218
vt 0.399248 0.452733
vt 0.725449 0.444270
vt 0.726088 0.444292
vt 0.723042 0.444222
vt 0.398636 0.452751
vt 0.726709 0.444319
vt 0.723589 0.444228
vt 0.398013 0.452768
vt 0.727298 0.444350
vt 0.724183 0.444239
vt 0.397395 0.452784
vt 0.727840 0.444385
vt 0.724809 0.444253
vt 0.396797 0.452799
vt 0.728326 0.444422
vt 0.396235 0.452815
vt 0.728738 0.444468
vt 0.728917 0.449275
vt 0.395723 0.452830
vt 0.995347 0.289151
vt 0.994924 0.292953
vt 0.994460 0.293029
vt 0.994820 0.289245
vt 0.574263 0.424368
vt 0.572852 0.428695
vt 0.572450 0.428600
vt 0.573866 0.424224
vt 0.993961 0.293043
vt 0.994345 0.289260
vt 0.572028 0.428528
vt 0.573452 0.424121
vt 0.993530 0.292999
vt 0.993918 0.289216
vt 0.571594 0.428487
vt 0.573029 0.424054
vt 0.401797 0.447851
vt 0.401643 0.452630
vt 0.401290 0.452652
vt 0.727627 0.437919
vt 0.728194 0.438036
vt 0.725152 0.437459
vt 0.725555 0.437523
vt 0.401309 0.458896
vt 0.400757 0.459008
vt 0.728751 0.438155
vt 0.726016 0.437604
vt 0.400201 0.459123
vt 0.729284 0.438270
vt 0.726524 0.437699
vt 0.399657 0.459238
vt 0.729781 0.438377
vt 0.727066 0.437805
vt 0.399138 0.459348
vt 0.730229 0.438475
vt 0.398658 0.459450
vt 0.730620 0.438557
vt 0.398230 0.459541
vt 0.994687 0.298273
vt 0.994272 0.298322
vt 0.571848 0.434920
vt 0.571368 0.434866
vt 0.993765 0.298329
vt 0.570935 0.434850
vt 0.993333 0.298291
vt 0.570499 0.434843
vt 0.992907 0.298246
vt 0.993108 0.292929
vt 0.570068 0.434847
vt 0.403204 0.458547
vt 0.402800 0.458612
vt 0.569668 0.434874
vt 0.402344 0.458695
vt 0.569315 0.434909
vt 0.401843 0.458790
vt 0.724817 0.437413
vt 0.732457 0.433085
vt 0.732886 0.433225
vt 0.730134 0.432303
vt 0.730580 0.432452
vt 0.403190 0.464588
vt 0.402763 0.464742
vt 0.733277 0.433347
vt 0.731047 0.432610
vt 0.402377 0.464885
vt 0.733619 0.433447
vt 0.402041 0.465011
vt 0.994621 0.303295
vt 0.994216 0.303331
vt 0.571529 0.440526
vt 0.571073 0.440522
vt 0.993728 0.303333
vt 0.570594 0.440517
vt 0.993294 0.303303
vt 0.570154 0.440534
vt 0.992867 0.303276
vt 0.569725 0.440549
vt 0.406247 0.463644
vt 0.405890 0.463728
vt 0.569322 0.440561
vt 0.405487 0.463837
vt 0.569007 0.440595
vt 0.405049 0.463966
vt 0.728794 0.431894
vt 0.729044 0.431960
vt 0.404587 0.464111
vt 0.731525 0.432772
vt 0.729356 0.432052
vt 0.404115 0.464266
vt 0.731999 0.432932
vt 0.729723 0.432168
vt 0.403645 0.464427
vt 0.994694 0.310892
vt 0.994287 0.310915
vt 0.572202 0.448171
vt 0.571783 0.448177
vt 0.993831 0.310919
vt 0.571344 0.448186
vt 0.993389 0.310906
vt 0.570901 0.448197
vt 0.992957 0.310892
vt 0.570470 0.448210
vt 0.992552 0.310878
vt 0.992465 0.303254
vt 0.570067 0.448225
vt 0.413101 0.470431
vt 0.412764 0.470520
vt 0.569710 0.448240
vt 0.412390 0.470627
vt 0.569412 0.448256
vt 0.568748 0.440625
vt 0.411992 0.470747
vt 0.738560 0.426009
vt 0.738971 0.426144
vt 0.736933 0.425474
vt 0.737161 0.425548
vt 0.411583 0.470877
vt 0.739380 0.426278
vt 0.737448 0.425642
vt 0.411178 0.471012
vt 0.739771 0.426405
vt 0.737785 0.425753
vt 0.410790 0.471147
vt 0.740133 0.426522
vt 0.738161 0.425876
vt 0.410434 0.471276
vt 0.740455 0.426622
vt 0.410121 0.471395
vt 0.994986 0.303265
vt 0.995063 0.310869
vt 0.571947 0.440529
vt 0.572584 0.448168
vt 0.993674 0.321080
vt 0.993242 0.321065
vt 0.572581 0.458335
vt 0.572150 0.458348
vt 0.992837 0.321051
vt 0.571747 0.458362
vt 0.425456 0.478299
vt 0.425119 0.478388
vt 0.571390 0.458378
vt 0.424745 0.478494
vt 0.571091 0.458393
vt 0.424347 0.478615
vt 0.751035 0.418120
vt 0.751446 0.418255
vt 0.749411 0.417583
vt 0.749638 0.417657
vt 0.423937 0.478745
vt 0.751854 0.418389
vt 0.749924 0.417751
vt 0.423533 0.478880
vt 0.752246 0.418516
vt 0.750261 0.417863
vt 0.423145 0.479015
vt 0.752608 0.418632
vt 0.750636 0.417987
vt 0.422789 0.479144
vt 0.752930 0.418733
vt 0.422477 0.479263
vt 0.995347 0.321042
vt 0.994979 0.321065
vt 0.574263 0.458304
vt 0.573881 0.458307
vt 0.994572 0.321088
vt 0.573463 0.458314
vt 0.994115 0.321093
vt 0.573024 0.458323
vt 0.800544 0.468645
vt 0.794374 0.462193
vt 0.794842 0.462070
vt 0.800986 0.468449
vt 0.808581 0.473222
vt 0.801514 0.468231
vt 0.802143 0.468008
vt 0.809089 0.472789
vt 0.817899 0.474916
vt 0.817343 0.475357
vt 0.809587 0.472340
vt 0.920181 0.393021
vt 0.914042 0.399176
vt 0.913786 0.399043
vt 0.919930 0.392825
vt 0.994968 0.182260
vt 0.994782 0.188641
vt 0.994294 0.188661
vt 0.994277 0.182240
vt 0.816815 0.475784
vt 0.993454 0.455884
vt 0.992990 0.461759
vt 0.992621 0.461838
vt 0.992987 0.455920
vt 0.929055 0.390256
vt 0.922580 0.394273
vt 0.922020 0.394024
vt 0.928560 0.389811
vt 0.816319 0.476181
vt 0.808129 0.473625
vt 0.921460 0.393762
vt 0.915439 0.399652
vt 0.914895 0.399487
vt 0.920958 0.393500
vt 0.995485 0.451014
vt 0.994964 0.455818
vt 0.994458 0.455837
vt 0.994768 0.451019
vt 0.815899 0.476534
vt 0.807757 0.473984
vt 0.993226 0.188663
vt 0.993957 0.195180
vt 0.993521 0.195152
vt 0.992691 0.188661
vt 0.992786 0.182253
vt 0.992056 0.182292
vt 0.815572 0.476828
vt 0.807473 0.474286
vt 0.994237 0.461609
vt 0.993804 0.461637
vt 0.927685 0.388895
vt 0.920527 0.393249
vt 0.927346 0.388460
vt 0.991439 0.177467
vt 0.992122 0.177440
vt 0.991387 0.182340
vt 0.923149 0.394499
vt 0.917125 0.400095
vt 0.916567 0.399963
vt 0.993329 0.450972
vt 0.992670 0.450929
vt 0.992860 0.177414
vt 0.995228 0.195141
vt 0.994828 0.195175
vt 0.810592 0.471475
vt 0.803905 0.467313
vt 0.804437 0.467118
vt 0.811068 0.471093
vt 0.993619 0.177399
vt 0.993552 0.182232
vt 0.795455 0.461955
vt 0.796081 0.461830
vt 0.994352 0.177402
vt 0.804912 0.466954
vt 0.798863 0.461269
vt 0.799263 0.461212
vt 0.805266 0.466804
vt 0.996176 0.182305
vt 0.995622 0.188533
vt 0.995226 0.188604
vt 0.995610 0.182277
vt 0.995059 0.177403
vt 0.924210 0.394859
vt 0.918154 0.400292
vt 0.917661 0.400206
vt 0.923699 0.394698
vt 0.930085 0.391038
vt 0.929570 0.390670
vt 0.995708 0.177409
vt 0.914433 0.399326
vt 0.996853 0.450969
vt 0.996037 0.455882
vt 0.995510 0.455847
vt 0.996176 0.450989
vt 0.934713 0.385525
vt 0.934904 0.385862
vt 0.927095 0.388065
vt 0.926940 0.387726
vt 0.800201 0.468814
vt 0.794007 0.462303
vt 0.993777 0.188658
vt 0.935200 0.386251
vt 0.993949 0.455858
vt 0.993390 0.461693
vt 0.928104 0.389352
vt 0.935593 0.386680
vt 0.916001 0.399813
vt 0.994037 0.451003
vt 0.936053 0.387127
vt 0.994405 0.195186
vt 0.802755 0.467770
vt 0.936572 0.387578
vt 0.803337 0.467534
vt 0.797298 0.461571
vt 0.797866 0.461452
vt 0.992220 0.188636
vt 0.937131 0.388016
vt 0.994747 0.461658
vt 0.931027 0.391584
vt 0.924661 0.394980
vt 0.930579 0.391347
vt 0.937708 0.388423
vt 0.796701 0.461701
vt 0.811464 0.470750
vt 0.938281 0.388785
vt 0.995587 0.195072
vt 0.810092 0.471896
vt 0.938826 0.389088
vt 0.992038 0.445774
vt 0.992630 0.445799
vt 0.992083 0.450879
vt 0.798394 0.461348
vt 0.993296 0.445819
vt 0.918593 0.400352
vt 0.994021 0.445836
vt 0.994764 0.445849
vt 0.993138 0.195107
vt 0.995510 0.445860
vt 0.996211 0.445861
vt 0.996853 0.445849
vt 0.820387 0.473083
vt 0.819992 0.473349
vt 0.811794 0.470472
vt 0.819535 0.473682
vt 0.995209 0.461724
vt 0.819023 0.474065
vt 0.818466 0.474480
vt 0.916017 0.164849
vt 0.916164 0.164330
vt 0.916453 0.163836
vt 0.916892 0.163388
vt 0.917444 0.163004
vt 0.918087 0.162696
vt 0.918765 0.162486
vt 0.919487 0.162373
vt 0.920236 0.162359
vt 0.920961 0.162450
vt 0.921648 0.162641
vt 0.922258 0.162925
vt 0.922780 0.163290
vt 0.923192 0.163722
vt 0.923474 0.164204
vt 0.923620 0.164718
vt 0.923620 0.165245
vt 0.923475 0.165764
vt 0.923189 0.166256
vt 0.922762 0.166704
vt 0.922227 0.167087
vt 0.921603 0.167391
vt 0.920915 0.167604
vt 0.920188 0.167717
vt 0.919457 0.167725
vt 0.918717 0.167636
vt 0.918013 0.167450
vt 0.917382 0.167171
vt 0.916849 0.166808
vt 0.916436 0.166376
vt 0.916160 0.165891
vt 0.916016 0.165376
vt 0.996176 0.199818
vt 0.995816 0.199913
vt 0.993282 0.465663
vt 0.992863 0.465749
vt 0.995418 0.199973
vt 0.992457 0.465858
vt 0.994990 0.199998
vt 0.918965 0.400384
vt 0.915727 0.404915
vt 0.915293 0.404926
vt 0.994554 0.199986
vt 0.914799 0.404918
vt 0.994118 0.199940
vt 0.914256 0.404891
vt 0.993725 0.199860
vt 0.913677 0.404848
vt 0.793242 0.456629
vt 0.793887 0.456583
vt 0.790368 0.456884
vt 0.790724 0.456817
vt 0.913074 0.404790
vt 0.794507 0.456544
vt 0.791310 0.456774
vt 0.912462 0.404719
vt 0.795086 0.456514
vt 0.791936 0.456727
vt 0.911858 0.404639
vt 0.795613 0.456494
vt 0.792585 0.456677
vt 0.911276 0.404554
vt 0.796071 0.456491
vt 0.910731 0.404467
vt 0.994666 0.465876
vt 0.994293 0.465717
vt 0.910346 0.404379
vt 0.993755 0.465642
vt 0.910057 0.404291
vt 0.877361 0.456024
vt 0.876855 0.451610
vt 0.877299 0.451585
vt 0.877798 0.455983
vt 0.914989 0.409683
vt 0.914472 0.409720
vt 0.877733 0.451527
vt 0.878242 0.455905
vt 0.913911 0.409751
vt 0.878139 0.451443
vt 0.878648 0.455783
vt 0.913317 0.409771
vt 0.793035 0.451494
vt 0.793674 0.451518
vt 0.790127 0.451430
vt 0.790618 0.451436
vt 0.912706 0.409782
vt 0.794295 0.451545
vt 0.791169 0.451446
vt 0.912094 0.409783
vt 0.794881 0.451577
vt 0.791767 0.451458
vt 0.911497 0.409774
vt 0.795420 0.451612
vt 0.792395 0.451475
vt 0.910930 0.409756
vt 0.795901 0.451649
vt 0.910408 0.409731
vt 0.796308 0.451694
vt 0.796454 0.456504
vt 0.909943 0.409700
vt 0.758378 0.502117
vt 0.758029 0.498038
vt 0.758537 0.497980
vt 0.758933 0.502038
vt 0.909687 0.409659
vt 0.759026 0.497970
vt 0.759397 0.502026
vt 0.876205 0.455784
vt 0.875696 0.451436
vt 0.876039 0.451523
vt 0.876550 0.455903
vt 0.759416 0.498009
vt 0.759787 0.502066
vt 0.876433 0.451582
vt 0.876937 0.455987
vt 0.916095 0.404884
vt 0.915843 0.409585
vt 0.915449 0.409637
vt 0.795260 0.445145
vt 0.795826 0.445264
vt 0.792774 0.444674
vt 0.793181 0.444741
vt 0.915213 0.415890
vt 0.914658 0.415996
vt 0.796381 0.445383
vt 0.793645 0.444824
vt 0.914109 0.416095
vt 0.796911 0.445498
vt 0.794156 0.444922
vt 0.913582 0.416186
vt 0.797404 0.445606
vt 0.794699 0.445030
vt 0.913090 0.416264
vt 0.797847 0.445703
vt 0.912646 0.416326
vt 0.798233 0.445785
vt 0.912262 0.416372
vt 0.757666 0.492466
vt 0.758135 0.492439
vt 0.911946 0.416400
vt 0.758635 0.492436
vt 0.875426 0.445194
vt 0.875780 0.445227
vt 0.759026 0.492468
vt 0.876177 0.445251
vt 0.917588 0.415410
vt 0.917207 0.415487
vt 0.876610 0.445265
vt 0.916768 0.415577
vt 0.877051 0.445255
vt 0.916282 0.415677
vt 0.877483 0.445237
vt 0.915759 0.415783
vt 0.877889 0.445178
vt 0.800124 0.440319
vt 0.800548 0.440459
vt 0.797807 0.439532
vt 0.798254 0.439683
vt 0.916931 0.421549
vt 0.916528 0.421673
vt 0.800934 0.440580
vt 0.798721 0.439843
vt 0.916175 0.421779
vt 0.757234 0.492501
vt 0.757012 0.487292
vt 0.757442 0.487285
vt 0.915879 0.421863
vt 0.757898 0.487270
vt 0.875111 0.445123
vt 0.875033 0.439526
vt 0.875349 0.439546
vt 0.758383 0.487273
vt 0.875720 0.439570
vt 0.758781 0.487300
vt 0.876127 0.439570
vt 0.920433 0.420497
vt 0.920087 0.420584
vt 0.876560 0.439574
vt 0.919692 0.420694
vt 0.877002 0.439579
vt 0.919257 0.420822
vt 0.877433 0.439560
vt 0.918795 0.420963
vt 0.877838 0.439544
vt 0.918317 0.421111
vt 0.799197 0.440006
vt 0.796709 0.439182
vt 0.797024 0.439277
vt 0.917838 0.421262
vt 0.799669 0.440166
vt 0.797394 0.439395
vt 0.917372 0.421410
vt 0.757506 0.479616
vt 0.757950 0.479610
vt 0.875131 0.431870
vt 0.875447 0.431880
vt 0.758409 0.479613
vt 0.875818 0.431888
vt 0.758828 0.479625
vt 0.876229 0.431895
vt 0.759222 0.479634
vt 0.759156 0.487318
vt 0.876664 0.431900
vt 0.926930 0.427408
vt 0.926600 0.427504
vt 0.877107 0.431903
vt 0.926228 0.427616
vt 0.877540 0.431904
vt 0.925829 0.427737
vt 0.877947 0.431902
vt 0.925413 0.427864
vt 0.806286 0.433257
vt 0.806696 0.433393
vt 0.878313 0.431898
vt 0.878204 0.439529
vt 0.924997 0.427993
vt 0.807102 0.433527
vt 0.804880 0.432789
vt 0.805171 0.432885
vt 0.924594 0.428117
vt 0.807491 0.433655
vt 0.805510 0.432998
vt 0.924218 0.428233
vt 0.807848 0.433771
vt 0.805887 0.433123
vt 0.923884 0.428335
vt 0.808164 0.433870
vt 0.923602 0.428421
vt 0.757088 0.479619
vt 0.923382 0.428487
vt 0.759393 0.469548
vt 0.759787 0.469557
vt 0.876563 0.421728
vt 0.876998 0.421733
vt 0.938826 0.435531
vt 0.938496 0.435627
vt 0.877441 0.421736
vt 0.938124 0.435738
vt 0.877874 0.421737
vt 0.937724 0.435859
vt 0.878282 0.421736
vt 0.937309 0.435986
vt 0.818826 0.425395
vt 0.819235 0.425531
vt 0.878648 0.421732
vt 0.936892 0.436114
vt 0.819641 0.425666
vt 0.817421 0.424925
vt 0.817711 0.425022
vt 0.936489 0.436239
vt 0.820030 0.425793
vt 0.818050 0.425135
vt 0.936114 0.436355
vt 0.820387 0.425909
vt 0.818426 0.425261
vt 0.935779 0.436458
vt 0.756709 0.479620
vt 0.757274 0.469544
vt 0.757653 0.469543
vt 0.935497 0.436544
vt 0.758071 0.469540
vt 0.935279 0.436610
vt 0.758515 0.469533
vt 0.875466 0.421705
vt 0.875782 0.421714
vt 0.758974 0.469535
vt 0.876152 0.421722
vt 0.375878 0.470812
vt 0.369709 0.464349
vt 0.370201 0.464254
vt 0.376351 0.470652
vt 0.384006 0.475505
vt 0.376903 0.470462
vt 0.377549 0.470258
vt 0.384538 0.475099
vt 0.393318 0.477198
vt 0.392749 0.477624
vt 0.385048 0.474663
vt 0.889819 0.393678
vt 0.883571 0.400136
vt 0.883197 0.400047
vt 0.889420 0.393537
vt 0.994938 0.390387
vt 0.994721 0.396768
vt 0.994233 0.396787
vt 0.994246 0.390367
vt 0.392196 0.478023
vt 0.994783 0.369755
vt 0.995197 0.363878
vt 0.995565 0.363798
vt 0.995250 0.369717
vt 0.899570 0.390361
vt 0.892590 0.394780
vt 0.892024 0.394537
vt 0.899083 0.389911
vt 0.391665 0.478380
vt 0.383519 0.475868
vt 0.891415 0.394297
vt 0.885239 0.400497
vt 0.884621 0.400365
vt 0.890834 0.394067
vt 0.992795 0.374629
vt 0.993275 0.369824
vt 0.993780 0.369804
vt 0.993512 0.374622
vt 0.391199 0.478680
vt 0.383101 0.476175
vt 0.993165 0.396788
vt 0.993865 0.403306
vt 0.993429 0.403278
vt 0.992630 0.396786
vt 0.992756 0.390377
vt 0.992025 0.390416
vt 0.990828 0.385617
vt 0.991431 0.385590
vt 0.991356 0.390463
vt 0.990765 0.390512
vt 0.993951 0.364031
vt 0.994384 0.364002
vt 0.898071 0.389039
vt 0.890296 0.393858
vt 0.897594 0.388651
vt 0.992114 0.385563
vt 0.893126 0.395013
vt 0.886963 0.400906
vt 0.886425 0.400774
vt 0.994951 0.374666
vt 0.995611 0.374707
vt 0.992853 0.385539
vt 0.995136 0.403269
vt 0.994735 0.403302
vt 0.386042 0.473784
vt 0.379306 0.469558
vt 0.379822 0.469342
vt 0.386494 0.473374
vt 0.993611 0.385525
vt 0.993521 0.390357
vt 0.370834 0.464161
vt 0.371473 0.464052
vt 0.994344 0.385528
vt 0.380270 0.469149
vt 0.374214 0.463444
vt 0.374587 0.463357
vt 0.380586 0.468955
vt 0.897169 0.388315
vt 0.896811 0.388045
vt 0.995052 0.385531
vt 0.894024 0.395423
vt 0.887867 0.401135
vt 0.887449 0.401028
vt 0.893611 0.395231
vt 0.900439 0.391202
vt 0.900027 0.390797
vt 0.995701 0.385537
vt 0.995580 0.390405
vt 0.884068 0.400242
vt 0.991427 0.374677
vt 0.992201 0.369763
vt 0.992728 0.369796
vt 0.992104 0.374656
vt 0.904921 0.385525
vt 0.905317 0.385791
vt 0.375498 0.470938
vt 0.369313 0.464425
vt 0.993716 0.396784
vt 0.905787 0.386120
vt 0.994289 0.369781
vt 0.994798 0.363945
vt 0.898585 0.389465
vt 0.906318 0.386501
vt 0.885846 0.400635
vt 0.994243 0.374637
vt 0.906867 0.386918
vt 0.994313 0.403313
vt 0.378167 0.470027
vt 0.907427 0.387355
vt 0.378748 0.469790
vt 0.372694 0.463797
vt 0.373253 0.463668
vt 0.992159 0.396760
vt 0.907977 0.387796
vt 0.993441 0.363984
vt 0.901056 0.391864
vt 0.894352 0.395584
vt 0.900789 0.391563
vt 0.908497 0.388224
vt 0.372099 0.463929
vt 0.386851 0.472986
vt 0.908968 0.388622
vt 0.995165 0.396731
vt 0.995495 0.403201
vt 0.385553 0.474219
vt 0.909368 0.388976
vt 0.909687 0.389271
vt 0.373766 0.463547
vt 0.995695 0.379837
vt 0.995028 0.379819
vt 0.888210 0.401224
vt 0.994304 0.379803
vt 0.993560 0.379792
vt 0.993046 0.403232
vt 0.992814 0.379783
vt 0.992113 0.379784
vt 0.991471 0.379797
vt 0.395685 0.475223
vt 0.395336 0.475543
vt 0.387133 0.472652
vt 0.382764 0.476416
vt 0.394916 0.475919
vt 0.992978 0.363918
vt 0.394430 0.476333
vt 0.393886 0.476762
vt 0.963694 0.163909
vt 0.963553 0.164429
vt 0.963277 0.164921
vt 0.962861 0.165367
vt 0.962336 0.165748
vt 0.961723 0.166052
vt 0.961080 0.166257
vt 0.960393 0.166366
vt 0.959678 0.166376
vt 0.958988 0.166280
vt 0.958335 0.166085
vt 0.957754 0.165796
vt 0.957258 0.165427
vt 0.956865 0.164993
vt 0.956597 0.164508
vt 0.956458 0.163992
vt 0.956458 0.163465
vt 0.956595 0.162947
vt 0.956867 0.162456
vt 0.957276 0.162009
vt 0.957786 0.161629
vt 0.958380 0.161329
vt 0.959035 0.161120
vt 0.959725 0.161011
vt 0.960416 0.161009
vt 0.961122 0.161102
vt 0.961795 0.161292
vt 0.962397 0.161576
vt 0.962905 0.161942
vt 0.963298 0.162378
vt 0.963557 0.162866
vt 0.963694 0.163382
vt 0.879558 0.405457
vt 0.879259 0.405424
vt 0.882910 0.399979
vt 0.994872 0.359975
vt 0.995290 0.359888
vt 0.995701 0.408041
vt 0.995303 0.408101
vt 0.995695 0.359779
vt 0.994874 0.408125
vt 0.888470 0.401292
vt 0.885324 0.405958
vt 0.885002 0.405936
vt 0.994439 0.408113
vt 0.884601 0.405902
vt 0.994003 0.408067
vt 0.884129 0.405858
vt 0.993610 0.407985
vt 0.883596 0.405808
vt 0.368657 0.458869
vt 0.369301 0.458821
vt 0.365694 0.459021
vt 0.366080 0.458987
vt 0.883011 0.405753
vt 0.369912 0.458771
vt 0.366690 0.458972
vt 0.882388 0.405695
vt 0.370475 0.458723
vt 0.367334 0.458946
vt 0.881743 0.405640
vt 0.370979 0.458677
vt 0.367995 0.458911
vt 0.881091 0.405588
vt 0.371409 0.458643
vt 0.880451 0.405544
vt 0.993485 0.359765
vt 0.993860 0.359923
vt 0.879965 0.405498
vt 0.994398 0.359997
vt 0.992652 0.442431
vt 0.992221 0.438018
vt 0.992665 0.437992
vt 0.993089 0.442389
vt 0.884830 0.410765
vt 0.884408 0.410778
vt 0.993097 0.437934
vt 0.993531 0.442310
vt 0.883920 0.410792
vt 0.993500 0.437849
vt 0.993934 0.442187
vt 0.883374 0.410806
vt 0.368487 0.453767
vt 0.369122 0.453787
vt 0.365493 0.453603
vt 0.366013 0.453642
vt 0.882784 0.410821
vt 0.369732 0.453803
vt 0.366587 0.453679
vt 0.882163 0.410836
vt 0.370302 0.453815
vt 0.367202 0.453712
vt 0.881527 0.410852
vt 0.370817 0.453824
vt 0.367842 0.453742
vt 0.880894 0.410869
vt 0.371270 0.453828
vt 0.880279 0.410887
vt 0.391146 0.510819
vt 0.389909 0.506940
vt 0.390396 0.506864
vt 0.391615 0.510724
vt 0.879699 0.410906
vt 0.390935 0.506809
vt 0.392178 0.510653
vt 0.879325 0.410912
vt 0.391393 0.506814
vt 0.392610 0.510655
vt 0.879035 0.410916
vt 0.995132 0.357092
vt 0.995553 0.356991
vt 0.991837 0.442312
vt 0.991400 0.437933
vt 0.991798 0.437991
vt 0.992227 0.442394
vt 0.885567 0.405966
vt 0.885446 0.410738
vt 0.885178 0.410752
vt 0.370769 0.447474
vt 0.371330 0.447589
vt 0.368203 0.446910
vt 0.368638 0.447009
vt 0.885466 0.416967
vt 0.884936 0.417076
vt 0.371874 0.447695
vt 0.369125 0.447119
vt 0.884384 0.417190
vt 0.372386 0.447789
vt 0.369652 0.447236
vt 0.883823 0.417304
vt 0.372854 0.447870
vt 0.370205 0.447355
vt 0.883270 0.417415
vt 0.373268 0.447933
vt 0.882738 0.417520
vt 0.388881 0.501529
vt 0.389377 0.501489
vt 0.882242 0.417615
vt 0.389889 0.501461
vt 0.881795 0.417697
vt 0.390359 0.501473
vt 0.991052 0.437846
vt 0.990832 0.431605
vt 0.991191 0.431638
vt 0.390685 0.501524
vt 0.391716 0.506872
vt 0.991591 0.431661
vt 0.887372 0.416605
vt 0.887117 0.416644
vt 0.992025 0.431674
vt 0.886793 0.416702
vt 0.992466 0.431664
vt 0.886406 0.416777
vt 0.992896 0.431644
vt 0.885960 0.416866
vt 0.993296 0.431585
vt 0.375648 0.442661
vt 0.376048 0.442772
vt 0.373356 0.441899
vt 0.373813 0.442061
vt 0.887390 0.422656
vt 0.886931 0.422812
vt 0.388410 0.501575
vt 0.387901 0.496452
vt 0.388364 0.496443
vt 0.374282 0.442224
vt 0.886495 0.422958
vt 0.388852 0.496432
vt 0.886093 0.423088
vt 0.389348 0.496417
vt 0.885738 0.423198
vt 0.389809 0.496433
vt 0.990765 0.425958
vt 0.991142 0.425981
vt 0.390147 0.496477
vt 0.991552 0.425981
vt 0.390447 0.496516
vt 0.390973 0.501581
vt 0.991987 0.425983
vt 0.890186 0.421743
vt 0.889909 0.421820
vt 0.992428 0.425987
vt 0.889576 0.421921
vt 0.992855 0.425968
vt 0.889195 0.422044
vt 0.993256 0.425951
vt 0.888774 0.422184
vt 0.374753 0.442382
vt 0.372192 0.441473
vt 0.372535 0.441600
vt 0.888324 0.422336
vt 0.375212 0.442529
vt 0.372927 0.441744
vt 0.887859 0.422495
vt 0.389118 0.488824
vt 0.389585 0.488820
vt 0.894006 0.429585
vt 0.893736 0.429676
vt 0.390028 0.488834
vt 0.990824 0.418292
vt 0.991199 0.418299
vt 0.390402 0.488862
vt 0.991613 0.418305
vt 0.390736 0.488890
vt 0.992049 0.418309
vt 0.897402 0.428471
vt 0.897195 0.428531
vt 0.992492 0.418312
vt 0.896929 0.428612
vt 0.992924 0.418312
vt 0.896614 0.428713
vt 0.993328 0.418309
vt 0.896259 0.428829
vt 0.381907 0.435700
vt 0.382312 0.435832
vt 0.380189 0.435062
vt 0.380449 0.435171
vt 0.895875 0.428955
vt 0.382707 0.435952
vt 0.380763 0.435293
vt 0.895476 0.429089
vt 0.383077 0.436059
vt 0.381119 0.435426
vt 0.895076 0.429223
vt 0.383410 0.436147
vt 0.381505 0.435563
vt 0.894688 0.429354
vt 0.388224 0.488834
vt 0.388659 0.488829
vt 0.894327 0.429476
vt 0.391997 0.478722
vt 0.392331 0.478749
vt 0.991857 0.408138
vt 0.992293 0.408141
vt 0.392610 0.478775
vt 0.391015 0.488915
vt 0.992736 0.408144
vt 0.909687 0.436414
vt 0.909421 0.436496
vt 0.993168 0.408144
vt 0.909106 0.436596
vt 0.993572 0.408142
vt 0.908750 0.436712
vt 0.394516 0.427910
vt 0.394921 0.428041
vt 0.993934 0.408138
vt 0.993689 0.418304
vt 0.908366 0.436838
vt 0.395315 0.428162
vt 0.393059 0.427379
vt 0.393372 0.427502
vt 0.907967 0.436972
vt 0.395685 0.428269
vt 0.393728 0.427635
vt 0.907567 0.437106
vt 0.387828 0.488840
vt 0.389422 0.478701
vt 0.389818 0.478695
vt 0.394114 0.427772
vt 0.907180 0.437237
vt 0.390253 0.478689
vt 0.906820 0.437360
vt 0.390713 0.478685
vt 0.906499 0.437469
vt 0.391180 0.478680
vt 0.906230 0.437561
vt 0.391623 0.478693
vt 0.991069 0.408125
vt 0.991443 0.408132
vt 0.436175 0.470997
vt 0.430063 0.464715
vt 0.430601 0.464616
vt 0.436710 0.470834
vt 0.444378 0.475497
vt 0.437303 0.470639
vt 0.437965 0.470426
vt 0.444943 0.475086
vt 0.453386 0.476960
vt 0.452814 0.477393
vt 0.445457 0.474645
vt 0.770274 0.433110
vt 0.764057 0.439583
vt 0.763687 0.439494
vt 0.769878 0.432967
vt 0.720908 0.489499
vt 0.720589 0.495879
vt 0.720100 0.495896
vt 0.720217 0.489476
vt 0.452225 0.477797
vt 0.993588 0.249244
vt 0.994002 0.243367
vt 0.994369 0.243287
vt 0.994054 0.249206
vt 0.779989 0.429780
vt 0.773042 0.434210
vt 0.772474 0.433969
vt 0.779498 0.429332
vt 0.451627 0.478155
vt 0.443824 0.475859
vt 0.771865 0.433730
vt 0.765722 0.439944
vt 0.765104 0.439812
vt 0.771284 0.433500
vt 0.991599 0.254117
vt 0.992079 0.249313
vt 0.992584 0.249292
vt 0.992316 0.254111
vt 0.451064 0.478452
vt 0.443309 0.476163
vt 0.719033 0.495892
vt 0.719628 0.502413
vt 0.719192 0.502383
vt 0.718497 0.495888
vt 0.718726 0.489480
vt 0.717996 0.489516
vt 0.716875 0.484711
vt 0.717479 0.484687
vt 0.717326 0.489560
vt 0.716734 0.489606
vt 0.992755 0.243520
vt 0.993188 0.243491
vt 0.778484 0.428460
vt 0.770747 0.433290
vt 0.778009 0.428071
vt 0.718163 0.484664
vt 0.773583 0.434442
vt 0.767450 0.440349
vt 0.766909 0.440218
vt 0.993755 0.254155
vt 0.994415 0.254196
vt 0.718902 0.484642
vt 0.720899 0.502381
vt 0.720498 0.502413
vt 0.446362 0.473744
vt 0.439630 0.469687
vt 0.440075 0.469456
vt 0.446725 0.473320
vt 0.719660 0.484632
vt 0.719492 0.489463
vt 0.431260 0.464514
vt 0.431908 0.464394
vt 0.720393 0.484638
vt 0.990540 0.249205
vt 0.991464 0.243282
vt 0.991783 0.243407
vt 0.991005 0.249251
vt 0.777588 0.427734
vt 0.777234 0.427462
vt 0.721100 0.484644
vt 0.774491 0.434846
vt 0.768362 0.440574
vt 0.767940 0.440469
vt 0.774072 0.434657
vt 0.780872 0.430617
vt 0.780453 0.430214
vt 0.721749 0.484653
vt 0.721550 0.489520
vt 0.764552 0.439690
vt 0.990232 0.254166
vt 0.991533 0.249285
vt 0.990908 0.254145
vt 0.785333 0.424925
vt 0.785723 0.425193
vt 0.435714 0.471121
vt 0.429605 0.464792
vt 0.719584 0.495891
vt 0.786190 0.425524
vt 0.993093 0.249270
vt 0.993602 0.243434
vt 0.778998 0.428886
vt 0.786718 0.425905
vt 0.766328 0.440081
vt 0.993047 0.254125
vt 0.787268 0.426323
vt 0.720075 0.502422
vt 0.438571 0.470183
vt 0.787830 0.426759
vt 0.439122 0.469933
vt 0.433089 0.464112
vt 0.433602 0.463969
vt 0.718027 0.495860
vt 0.788385 0.427198
vt 0.992245 0.243473
vt 0.781507 0.431273
vt 0.774826 0.435005
vt 0.781231 0.430974
vt 0.788911 0.427624
vt 0.432524 0.464258
vt 0.440436 0.469247
vt 0.446956 0.472915
vt 0.789390 0.428020
vt 0.721033 0.495844
vt 0.721260 0.502315
vt 0.445933 0.474191
vt 0.789798 0.428370
vt 0.790127 0.428662
vt 0.434054 0.463832
vt 0.434428 0.463713
vt 0.994499 0.259326
vt 0.993832 0.259308
vt 0.768710 0.440660
vt 0.993108 0.259292
vt 0.992364 0.259281
vt 0.718810 0.502335
vt 0.991618 0.259272
vt 0.990917 0.259273
vt 0.990276 0.259286
vt 0.455296 0.474909
vt 0.455091 0.475248
vt 0.447091 0.472564
vt 0.442849 0.476396
vt 0.454795 0.475641
vt 0.454406 0.476071
vt 0.989624 0.254209
vt 0.453924 0.476514
vt 0.909059 0.354303
vt 0.909206 0.353783
vt 0.909494 0.353290
vt 0.909936 0.352843
vt 0.910491 0.352459
vt 0.911135 0.352152
vt 0.911818 0.351943
vt 0.912542 0.351830
vt 0.913292 0.351816
vt 0.914019 0.351907
vt 0.914708 0.352097
vt 0.915322 0.352382
vt 0.915845 0.352747
vt 0.916258 0.353177
vt 0.916542 0.353660
vt 0.916688 0.354173
vt 0.916688 0.354699
vt 0.916542 0.355218
vt 0.916255 0.355709
vt 0.915828 0.356157
vt 0.915293 0.356540
vt 0.914668 0.356844
vt 0.913977 0.357056
vt 0.913246 0.357169
vt 0.912510 0.357175
vt 0.911767 0.357086
vt 0.911063 0.356902
vt 0.910432 0.356623
vt 0.909898 0.356261
vt 0.909482 0.355829
vt 0.909203 0.355343
vt 0.909059 0.354829
vt 0.721749 0.507064
vt 0.721387 0.507156
vt 0.993676 0.239464
vt 0.994094 0.239377
vt 0.720988 0.507214
vt 0.994499 0.239267
vt 0.720559 0.507237
vt 0.768976 0.440725
vt 0.765850 0.445402
vt 0.765522 0.445383
vt 0.720124 0.507223
vt 0.765116 0.445351
vt 0.719689 0.507174
vt 0.764641 0.445309
vt 0.429266 0.464847
vt 0.425658 0.459528
vt 0.426031 0.459508
vt 0.764104 0.445261
vt 0.429122 0.459312
vt 0.429736 0.459249
vt 0.426479 0.459473
vt 0.763516 0.445208
vt 0.430300 0.459183
vt 0.427131 0.459451
vt 0.762892 0.445152
vt 0.430799 0.459117
vt 0.427801 0.459415
vt 0.762247 0.445097
vt 0.431226 0.459054
vt 0.428471 0.459368
vt 0.761597 0.445047
vt 0.431566 0.459002
vt 0.434715 0.463611
vt 0.760958 0.445003
vt 0.992289 0.239254
vt 0.992665 0.239412
vt 0.760475 0.444956
vt 0.993203 0.239486
vt 0.760072 0.444915
vt 0.992842 0.000000
vt 0.992338 0.004055
vt 0.991906 0.004092
vt 0.992416 0.000053
vt 0.765376 0.450214
vt 0.764949 0.450230
vt 0.991500 0.004165
vt 0.992000 0.000146
vt 0.764458 0.450247
vt 0.425456 0.454118
vt 0.425803 0.454137
vt 0.763909 0.450263
vt 0.428920 0.454252
vt 0.429526 0.454257
vt 0.426381 0.454171
vt 0.763316 0.450279
vt 0.430088 0.454255
vt 0.426998 0.454200
vt 0.762694 0.450296
vt 0.430593 0.454250
vt 0.427639 0.454224
vt 0.762059 0.450313
vt 0.431028 0.454240
vt 0.428287 0.454242
vt 0.761427 0.450330
vt 0.431390 0.454226
vt 0.760815 0.450348
vt 0.798090 0.476828
vt 0.797609 0.480650
vt 0.797259 0.480746
vt 0.797739 0.476942
vt 0.760238 0.450368
vt 0.796800 0.480824
vt 0.797215 0.477037
vt 0.759868 0.450373
vt 0.796301 0.480838
vt 0.796741 0.477053
vt 0.994072 0.000228
vt 0.993581 0.004220
vt 0.993191 0.004131
vt 0.993686 0.000109
vt 0.795867 0.480796
vt 0.796311 0.477010
vt 0.992769 0.004075
vt 0.993274 0.000029
vt 0.795440 0.480727
vt 0.795890 0.476932
vt 0.765728 0.450199
vt 0.431113 0.447957
vt 0.431645 0.448057
vt 0.428413 0.447436
vt 0.428908 0.447531
vt 0.766036 0.456422
vt 0.765505 0.456532
vt 0.432141 0.448147
vt 0.429440 0.447635
vt 0.764952 0.456647
vt 0.432589 0.448224
vt 0.429996 0.447743
vt 0.764392 0.456763
vt 0.432979 0.448286
vt 0.430558 0.447852
vt 0.763841 0.456875
vt 0.433301 0.448332
vt 0.763312 0.456980
vt 0.797340 0.486008
vt 0.796985 0.486068
vt 0.762820 0.457074
vt 0.796576 0.486118
vt 0.762378 0.457156
vt 0.796069 0.486127
vt 0.993109 0.010134
vt 0.992708 0.010098
vt 0.795634 0.486090
vt 0.992283 0.010076
vt 0.795204 0.486046
vt 0.991842 0.010070
vt 0.794797 0.485995
vt 0.795037 0.480634
vt 0.991411 0.010092
vt 0.767374 0.456149
vt 0.766982 0.456227
vt 0.991009 0.010127
vt 0.766533 0.456319
vt 0.427970 0.447352
vt 0.435737 0.443061
vt 0.436060 0.443156
vt 0.433572 0.442365
vt 0.434041 0.442517
vt 0.767993 0.462109
vt 0.767536 0.462265
vt 0.436326 0.443226
vt 0.434504 0.442669
vt 0.767103 0.462411
vt 0.797268 0.491061
vt 0.796909 0.491092
vt 0.766706 0.462541
vt 0.796510 0.491128
vt 0.766355 0.462650
vt 0.796023 0.491132
vt 0.992937 0.015594
vt 0.992504 0.015564
vt 0.795586 0.491102
vt 0.992072 0.015566
vt 0.795155 0.491077
vt 0.991631 0.015571
vt 0.794748 0.491056
vt 0.991199 0.015578
vt 0.770522 0.461263
vt 0.770184 0.461366
vt 0.990816 0.015618
vt 0.769800 0.461491
vt 0.431900 0.441844
vt 0.432262 0.441950
vt 0.769377 0.461634
vt 0.434948 0.442813
vt 0.432670 0.442075
vt 0.768926 0.461787
vt 0.435363 0.442946
vt 0.433111 0.442216
vt 0.768461 0.461948
vt 0.797020 0.498688
vt 0.796618 0.498712
vt 0.993330 0.015626
vt 0.993526 0.023190
vt 0.993152 0.023173
vt 0.796163 0.498717
vt 0.992739 0.023162
vt 0.795719 0.498706
vt 0.992303 0.023158
vt 0.795285 0.498693
vt 0.991860 0.023161
vt 0.794875 0.498680
vt 0.991427 0.023171
vt 0.794507 0.498666
vt 0.794380 0.491036
vt 0.991022 0.023187
vt 0.777581 0.468045
vt 0.777263 0.468147
vt 0.439683 0.435310
vt 0.439962 0.435404
vt 0.776905 0.468265
vt 0.441851 0.436020
vt 0.442232 0.436139
vt 0.440291 0.435513
vt 0.776519 0.468393
vt 0.442584 0.436247
vt 0.440658 0.435634
vt 0.776121 0.468528
vt 0.442894 0.436339
vt 0.441050 0.435762
vt 0.775721 0.468663
vt 0.443152 0.436413
vt 0.441452 0.435892
vt 0.775336 0.468794
vt 0.797572 0.491033
vt 0.797694 0.498641
vt 0.797384 0.498665
vt 0.774978 0.468916
vt 0.774661 0.469024
vt 0.796115 0.508878
vt 0.795680 0.508865
vt 0.992850 0.033330
vt 0.992407 0.033333
vt 0.795271 0.508852
vt 0.991974 0.033342
vt 0.794903 0.508838
vt 0.991569 0.033358
vt 0.790127 0.475906
vt 0.789808 0.476008
vt 0.991207 0.033379
vt 0.990661 0.023209
vt 0.789450 0.476126
vt 0.453994 0.427997
vt 0.454376 0.428117
vt 0.452109 0.427379
vt 0.452437 0.427489
vt 0.789064 0.476254
vt 0.454728 0.428225
vt 0.452803 0.427610
vt 0.788665 0.476388
vt 0.455038 0.428317
vt 0.453194 0.427739
vt 0.788266 0.476524
vt 0.455296 0.428390
vt 0.453596 0.427869
vt 0.787881 0.476655
vt 0.798090 0.508813
vt 0.797780 0.508836
vt 0.787524 0.476777
vt 0.797416 0.508860
vt 0.787208 0.476886
vt 0.797013 0.508884
vt 0.994072 0.033359
vt 0.993699 0.033343
vt 0.796558 0.508890
vt 0.993286 0.033333
vt 0.960504 0.373193
vt 0.971332 0.373762
vt 0.971328 0.370576
vt 0.960500 0.370422
vt 0.971399 0.381863
vt 0.981027 0.383730
vt 0.980991 0.381032
vt 0.971369 0.379516
vt 0.960516 0.375820
vt 0.971346 0.376780
vt 0.966055 0.178571
vt 0.976911 0.179884
vt 0.976906 0.177149
vt 0.966051 0.176191
vt 0.960536 0.378200
vt 0.716452 0.503403
vt 0.705299 0.504430
vt 0.705623 0.507094
vt 0.716734 0.505721
vt 0.960562 0.380242
vt 0.716258 0.500819
vt 0.705076 0.501461
vt 0.716159 0.498069
vt 0.704962 0.498299
vt 0.716159 0.495257
vt 0.704962 0.495068
vt 0.716258 0.492493
vt 0.705076 0.491890
vt 0.716452 0.489881
vt 0.705299 0.488889
vt 0.716734 0.487524
vt 0.705623 0.486179
vt 0.960536 0.362302
vt 0.971369 0.361244
vt 0.971399 0.358607
vt 0.960562 0.360008
vt 0.960516 0.364869
vt 0.971346 0.364194
vt 0.960504 0.367611
vt 0.971333 0.367345
vt 0.695038 0.502201
vt 0.695294 0.505616
vt 0.694907 0.498567
vt 0.694907 0.494851
vt 0.695038 0.491198
vt 0.695294 0.487747
vt 0.695667 0.484632
vt 0.980991 0.360023
vt 0.981027 0.356991
vt 0.980966 0.363415
vt 0.980950 0.367038
vt 0.980944 0.370753
vt 0.980950 0.374416
vt 0.980966 0.377886
vt 0.986560 0.181397
vt 0.986554 0.178253
vt 0.695667 0.508679
vt 0.966053 0.136605
vt 0.966045 0.139416
vt 0.976872 0.139610
vt 0.976882 0.136379
vt 0.976961 0.127578
vt 0.976927 0.130245
vt 0.986552 0.129063
vt 0.986590 0.125997
vt 0.966069 0.133853
vt 0.976900 0.133216
vt 0.966047 0.173566
vt 0.976902 0.174131
vt 0.966092 0.131268
vt 0.966045 0.170794
vt 0.976900 0.170946
vt 0.966122 0.128947
vt 0.966045 0.167983
vt 0.976899 0.167715
vt 0.966045 0.165241
vt 0.976900 0.164564
vt 0.966048 0.162673
vt 0.976902 0.161612
vt 0.966051 0.160378
vt 0.976906 0.158974
vt 0.966055 0.158444
vt 0.976911 0.156751
vt 0.966092 0.149155
vt 0.966122 0.150744
vt 0.976961 0.152629
vt 0.976927 0.150804
vt 0.966069 0.147145
vt 0.976900 0.148493
vt 0.966053 0.144790
vt 0.976882 0.145786
vt 0.966045 0.142180
vt 0.976872 0.142787
vt 0.986548 0.171121
vt 0.986547 0.167407
vt 0.986548 0.163783
vt 0.986550 0.160389
vt 0.986554 0.157356
vt 0.986560 0.154801
vt 0.986552 0.152702
vt 0.986521 0.150045
vt 0.986500 0.146932
vt 0.986489 0.143484
vt 0.986489 0.139832
vt 0.986500 0.136116
vt 0.986521 0.132480
vt 0.986550 0.174783
vt 0.984649 0.448806
vt 0.984684 0.445774
vt 0.992038 0.447113
vt 0.992006 0.449818
vt 0.984623 0.452198
vt 0.991983 0.452846
vt 0.984607 0.455821
vt 0.991969 0.456079
vt 0.984602 0.459535
vt 0.991964 0.459393
vt 0.984607 0.463198
vt 0.991969 0.462662
vt 0.984623 0.466669
vt 0.991983 0.465759
vt 0.985129 0.315748
vt 0.985124 0.312604
vt 0.992460 0.311691
vt 0.992465 0.314496
vt 0.984649 0.469814
vt 0.992006 0.468566
vt 0.993401 0.114300
vt 0.993773 0.117363
vt 0.986757 0.116045
vt 0.986425 0.113311
vt 0.984684 0.472513
vt 0.992038 0.470975
vt 0.993145 0.110886
vt 0.986196 0.110264
vt 0.993014 0.107251
vt 0.986080 0.107021
vt 0.993014 0.103535
vt 0.986080 0.103705
vt 0.993145 0.099882
vt 0.986196 0.100445
vt 0.993401 0.096431
vt 0.986426 0.097366
vt 0.993773 0.093316
vt 0.986758 0.094585
vt 0.715041 0.445147
vt 0.710497 0.447492
vt 0.706564 0.445019
vt 0.710249 0.443118
vt 0.718612 0.442390
vt 0.713145 0.440882
vt 0.721072 0.439327
vt 0.715139 0.438398
vt 0.658325 0.439326
vt 0.657071 0.436074
vt 0.663241 0.435760
vt 0.664258 0.438398
vt 0.722326 0.436074
vt 0.716156 0.435761
vt 0.660784 0.442390
vt 0.666252 0.440882
vt 0.722326 0.432758
vt 0.716156 0.433072
vt 0.664355 0.445147
vt 0.669147 0.443118
vt 0.668900 0.447491
vt 0.672833 0.445019
vt 0.674243 0.449334
vt 0.677166 0.446513
vt 0.680181 0.450603
vt 0.681981 0.447542
vt 0.686485 0.451250
vt 0.687092 0.448066
vt 0.692912 0.451250
vt 0.692304 0.448067
vt 0.699215 0.450603
vt 0.697416 0.447542
vt 0.705153 0.449334
vt 0.702231 0.446513
vt 0.462292 0.494543
vt 0.469650 0.493272
vt 0.469678 0.495643
vt 0.462322 0.497200
vt 0.462270 0.491431
vt 0.469632 0.490495
vt 0.462260 0.487982
vt 0.469622 0.487417
vt 0.462260 0.484330
vt 0.469622 0.484158
vt 0.462270 0.480614
vt 0.469631 0.480842
vt 0.462291 0.476978
vt 0.469650 0.477598
vt 0.985119 0.309134
vt 0.992456 0.308594
vt 0.462322 0.473562
vt 0.469678 0.474549
vt 0.985117 0.305472
vt 0.992454 0.305326
vt 0.462361 0.470495
vt 0.469713 0.471812
vt 0.985116 0.301757
vt 0.992453 0.302011
vt 0.985117 0.298134
vt 0.992454 0.298777
vt 0.985119 0.294740
vt 0.992456 0.295749
vt 0.985124 0.291707
vt 0.992460 0.293043
vt 0.985129 0.289151
vt 0.992465 0.290762
vt 0.469713 0.497516
vt 0.462361 0.499299
vt 0.710497 0.421341
vt 0.706564 0.423813
vt 0.702231 0.422319
vt 0.705153 0.419498
vt 0.715042 0.423685
vt 0.710249 0.425714
vt 0.718612 0.426442
vt 0.713145 0.427950
vt 0.657071 0.432758
vt 0.663241 0.433071
vt 0.721072 0.429506
vt 0.715139 0.430434
vt 0.658325 0.429506
vt 0.664258 0.430434
vt 0.660785 0.426442
vt 0.666252 0.427950
vt 0.664355 0.423685
vt 0.669147 0.425714
vt 0.668900 0.421340
vt 0.672833 0.423813
vt 0.674244 0.419498
vt 0.677166 0.422319
vt 0.680182 0.418229
vt 0.681981 0.421290
vt 0.686485 0.417583
vt 0.687093 0.420766
vt 0.692912 0.417583
vt 0.692304 0.420766
vt 0.699216 0.418230
vt 0.697416 0.421290
vt 0.534866 0.424380
vt 0.541947 0.424443
vt 0.541947 0.460394
vt 0.534866 0.460331
vt 0.528177 0.424251
vt 0.528177 0.460202
vt 0.522138 0.424063
vt 0.522138 0.460014
vt 0.869157 0.421724
vt 0.875033 0.421740
vt 0.875033 0.457847
vt 0.869157 0.457830
vt 0.862581 0.421712
vt 0.862582 0.457819
vt 0.855559 0.421706
vt 0.855559 0.457812
vt 0.848360 0.421705
vt 0.848360 0.457812
vt 0.841260 0.421710
vt 0.841260 0.457816
vt 0.834533 0.421720
vt 0.834533 0.457826
vt 0.522138 0.460146
vt 0.516044 0.460148
vt 0.516044 0.424041
vt 0.522138 0.424038
vt 0.828437 0.421735
vt 0.828437 0.457842
vt 0.562812 0.424230
vt 0.568748 0.424034
vt 0.568748 0.459985
vt 0.562812 0.460181
vt 0.823206 0.421755
vt 0.823206 0.457861
vt 0.556194 0.424366
vt 0.556194 0.460317
vt 0.549149 0.424438
vt 0.549149 0.460389
vt 0.475541 0.460145
vt 0.475540 0.424038
vt 0.481419 0.424040
vt 0.481419 0.460148
vt 0.470587 0.460142
vt 0.470586 0.424034
vt 0.827274 0.385575
vt 0.827274 0.421682
vt 0.823206 0.421705
vt 0.823206 0.385598
vt 0.832423 0.385556
vt 0.832423 0.421662
vt 0.838456 0.385540
vt 0.838456 0.421647
vt 0.845140 0.385530
vt 0.845140 0.421637
vt 0.852219 0.385525
vt 0.852219 0.421631
vt 0.859421 0.385525
vt 0.859421 0.421632
vt 0.866469 0.385531
vt 0.866468 0.421637
vt 0.509319 0.460150
vt 0.509318 0.424042
vt 0.873091 0.385542
vt 0.873091 0.421649
vt 0.502220 0.460151
vt 0.502219 0.424043
vt 0.879034 0.385558
vt 0.879034 0.421664
vt 0.495020 0.460151
vt 0.495020 0.424043
vt 0.487997 0.460150
vt 0.487996 0.424042
vt 0.937109 0.511501
vt 0.934738 0.513838
vt 0.933348 0.513703
vt 0.936198 0.511413
vt 0.935321 0.502965
vt 0.932013 0.500824
vt 0.933348 0.500444
vt 0.936198 0.502716
vt 0.932013 0.513314
vt 0.935322 0.511158
vt 0.934738 0.500318
vt 0.937109 0.502633
vt 0.930782 0.512685
vt 0.934514 0.510745
vt 0.425456 0.504095
vt 0.427975 0.501712
vt 0.429389 0.501937
vt 0.426384 0.504243
vt 0.929702 0.511841
vt 0.933806 0.510191
vt 0.430722 0.502412
vt 0.427258 0.504554
vt 0.928817 0.510813
vt 0.933225 0.509517
vt 0.431921 0.503118
vt 0.428045 0.505018
vt 0.928159 0.509642
vt 0.932794 0.508749
vt 0.429786 0.508826
vt 0.434576 0.508925
vt 0.434295 0.510226
vt 0.429602 0.509680
vt 0.432941 0.504028
vt 0.428714 0.505615
vt 0.927754 0.508373
vt 0.932528 0.507917
vt 0.433743 0.511459
vt 0.429240 0.510489
vt 0.433743 0.505108
vt 0.429240 0.506323
vt 0.927617 0.507054
vt 0.932438 0.507051
vt 0.432941 0.512575
vt 0.428714 0.511221
vt 0.434295 0.506315
vt 0.429602 0.507115
vt 0.927754 0.505735
vt 0.932528 0.506187
vt 0.431921 0.513533
vt 0.428045 0.511849
vt 0.434576 0.507604
vt 0.429786 0.507960
vt 0.928159 0.504469
vt 0.932794 0.505356
vt 0.430722 0.514294
vt 0.427258 0.512348
vt 0.928817 0.503302
vt 0.933225 0.504591
vt 0.429389 0.514830
vt 0.426384 0.512699
vt 0.929702 0.502281
vt 0.933806 0.503921
vt 0.427975 0.515120
vt 0.425456 0.512890
vt 0.930782 0.501444
vt 0.934514 0.503372
vt 0.972803 0.428868
vt 0.975602 0.430095
vt 0.974187 0.430701
vt 0.971875 0.429265
vt 0.927468 0.513563
vt 0.926223 0.512589
vt 0.512298 0.503267
vt 0.512014 0.505395
vt 0.509972 0.505395
vt 0.510529 0.503267
vt 0.925200 0.511403
vt 0.508090 0.505395
vt 0.508899 0.503267
vt 0.924441 0.510051
vt 0.438294 0.508920
vt 0.437969 0.510422
vt 0.435229 0.502217
vt 0.436407 0.503267
vt 0.923973 0.508585
vt 0.437332 0.511846
vt 0.437332 0.504514
vt 0.923815 0.507062
vt 0.436407 0.513134
vt 0.437969 0.505908
vt 0.923973 0.505540
vt 0.435229 0.514239
vt 0.438294 0.507395
vt 0.924441 0.504078
vt 0.433845 0.515118
vt 0.925200 0.502731
vt 0.978216 0.428974
vt 0.981473 0.430343
vt 0.980025 0.430964
vt 0.976962 0.429512
vt 0.926223 0.501552
vt 0.978455 0.431637
vt 0.927468 0.500586
vt 0.976822 0.432337
vt 0.519375 0.503267
vt 0.520184 0.505395
vt 0.518302 0.505395
vt 0.517745 0.503267
vt 0.975188 0.433037
vt 0.972772 0.431308
vt 0.516261 0.505395
vt 0.515976 0.503267
vt 0.973618 0.433710
vt 0.971412 0.431891
vt 0.514137 0.505395
vt 0.514137 0.503267
vt 0.972170 0.434331
vt 0.970158 0.432428
vt 0.823738 0.496869
vt 0.828056 0.496883
vt 0.827657 0.498349
vt 0.823340 0.498335
vt 0.839513 0.501372
vt 0.844554 0.501371
vt 0.844831 0.502835
vt 0.839790 0.502837
vt 0.840846 0.494333
vt 0.845887 0.494332
vt 0.845281 0.495514
vt 0.840240 0.495515
vt 0.827523 0.499872
vt 0.823206 0.499858
vt 0.845281 0.504185
vt 0.840240 0.504187
vt 0.844831 0.496862
vt 0.839790 0.496864
vt 0.827657 0.501394
vt 0.823340 0.501379
vt 0.845887 0.505368
vt 0.840846 0.505370
vt 0.844554 0.498326
vt 0.839513 0.498327
vt 0.828056 0.502856
vt 0.823738 0.502841
vt 0.846625 0.506340
vt 0.841584 0.506341
vt 0.844460 0.499848
vt 0.839419 0.499850
vt 0.828702 0.504202
vt 0.824385 0.504188
vt 0.985075 0.432580
vt 0.983628 0.433201
vt 0.829573 0.505380
vt 0.825256 0.505366
vt 0.982057 0.433874
vt 0.521834 0.505395
vt 0.521834 0.508303
vt 0.520184 0.508303
vt 0.980424 0.434574
vt 0.518302 0.508303
vt 0.978791 0.435274
vt 0.516261 0.508303
vt 0.977220 0.435947
vt 0.514137 0.508303
vt 0.975773 0.436568
vt 0.512014 0.508303
vt 0.974504 0.437112
vt 0.970902 0.434875
vt 0.509972 0.508303
vt 0.825255 0.494330
vt 0.829573 0.494344
vt 0.828702 0.495531
vt 0.824385 0.495517
vt 0.508090 0.508303
vt 0.841584 0.493364
vt 0.846625 0.493362
vt 0.831110 0.501174
vt 0.831450 0.502423
vt 0.849250 0.504561
vt 0.849880 0.505390
vt 0.848111 0.498548
vt 0.848032 0.499848
vt 0.832002 0.503572
vt 0.850599 0.506007
vt 0.847467 0.507062
vt 0.832745 0.504578
vt 0.985203 0.434670
vt 0.983862 0.435245
vt 0.833651 0.505402
vt 0.830633 0.506346
vt 0.982467 0.435843
vt 0.834684 0.506013
vt 0.831843 0.507062
vt 0.981073 0.436441
vt 0.517693 0.509952
vt 0.515950 0.509952
vt 0.979732 0.437015
vt 0.514137 0.509952
vt 0.831843 0.492642
vt 0.834684 0.493702
vt 0.833651 0.494323
vt 0.830633 0.493369
vt 0.512324 0.509952
vt 0.832745 0.495155
vt 0.510581 0.509952
vt 0.832002 0.496169
vt 0.847467 0.492642
vt 0.850599 0.493696
vt 0.849880 0.494311
vt 0.831450 0.497323
vt 0.848111 0.501148
vt 0.849250 0.495138
vt 0.831110 0.498574
vt 0.848348 0.502398
vt 0.848732 0.496147
vt 0.830995 0.499875
vt 0.848732 0.503551
vt 0.848348 0.497299
vt 0.836787 0.502802
vt 0.837351 0.503315
vt 0.985379 0.436739
vt 0.984511 0.437112
vt 0.837995 0.503696
vt 0.836970 0.493185
vt 0.839419 0.495706
vt 0.838693 0.495789
vt 0.835805 0.493318
vt 0.838693 0.503929
vt 0.835805 0.506387
vt 0.837995 0.496028
vt 0.839419 0.504005
vt 0.836970 0.506510
vt 0.837351 0.496414
vt 0.514137 0.511602
vt 0.513008 0.511602
vt 0.836787 0.496933
vt 0.851379 0.493318
vt 0.854544 0.495782
vt 0.854059 0.496017
vt 0.836324 0.497564
vt 0.853611 0.496400
vt 0.835980 0.498283
vt 0.852459 0.499849
vt 0.852509 0.500659
vt 0.853218 0.496916
vt 0.835769 0.499063
vt 0.852657 0.501438
vt 0.852896 0.497544
vt 0.835697 0.499873
vt 0.852896 0.502155
vt 0.852657 0.498261
vt 0.835769 0.500682
vt 0.853218 0.502785
vt 0.852509 0.499040
vt 0.835981 0.501459
vt 0.853611 0.503301
vt 0.836325 0.502175
vt 0.854058 0.503685
vt 0.854544 0.503922
vt 0.851379 0.506387
vt 0.980320 0.269136
vt 0.976288 0.268961
vt 0.977063 0.266657
vt 0.981008 0.267090
vt 0.990092 0.279901
vt 0.987550 0.281776
vt 0.985460 0.280675
vt 0.988371 0.278994
vt 0.857023 0.501862
vt 0.859464 0.503555
vt 0.857034 0.504682
vt 0.854865 0.502864
vt 0.685516 0.496155
vt 0.681798 0.495407
vt 0.682878 0.493492
vt 0.686405 0.494579
vt 0.980087 0.271282
vt 0.976027 0.271377
vt 0.690724 0.508110
vt 0.688124 0.509926
vt 0.686103 0.508894
vt 0.689060 0.507260
vt 0.681798 0.503899
vt 0.677773 0.504440
vt 0.677024 0.502094
vt 0.681132 0.501815
vt 0.984705 0.267809
vt 0.982125 0.265222
vt 0.985625 0.266271
vt 0.863672 0.498778
vt 0.866947 0.500083
vt 0.864518 0.501210
vt 0.861513 0.499779
vt 0.985625 0.276379
vt 0.982125 0.277499
vt 0.981008 0.275546
vt 0.984705 0.274771
vt 0.977063 0.276176
vt 0.976288 0.273813
vt 0.980320 0.273447
vt 0.689060 0.492067
vt 0.686103 0.490442
vt 0.688123 0.489423
vt 0.690724 0.491228
vt 0.978320 0.264556
vt 0.980012 0.262736
vt 0.983628 0.263606
vt 0.686405 0.504730
vt 0.682878 0.505821
vt 0.685516 0.503148
vt 0.682619 0.510062
vt 0.680625 0.508502
vt 0.684331 0.507508
vt 0.988371 0.263867
vt 0.985460 0.262302
vt 0.987550 0.261361
vt 0.990092 0.263092
vt 0.678989 0.492726
vt 0.680625 0.490838
vt 0.684331 0.491816
vt 0.993901 0.280739
vt 0.992176 0.282794
vt 0.989817 0.282492
vt 0.991959 0.280490
vt 0.982074 0.281949
vt 0.980012 0.280323
vt 0.983628 0.279231
vt 0.684783 0.499649
vt 0.680908 0.499650
vt 0.681132 0.497486
vt 0.684968 0.497867
vt 0.755839 0.503749
vt 0.751768 0.503749
vt 0.751768 0.501996
vt 0.755839 0.502191
vt 0.694407 0.508818
vt 0.692596 0.510786
vt 0.690316 0.510565
vt 0.692529 0.508636
vt 0.676771 0.499657
vt 0.677024 0.497221
vt 0.986863 0.277805
vt 0.859268 0.500821
vt 0.861991 0.502383
vt 0.687602 0.493198
vt 0.755839 0.508185
vt 0.751768 0.508742
vt 0.751768 0.507188
vt 0.755839 0.506804
vt 0.687602 0.506119
vt 0.678989 0.506604
vt 0.986863 0.264940
vt 0.682619 0.489292
vt 0.684893 0.488146
vt 0.983948 0.271261
vt 0.984139 0.269494
vt 0.978320 0.278374
vt 0.984139 0.273043
vt 0.690316 0.488799
vt 0.692529 0.490715
vt 0.684893 0.511224
vt 0.684968 0.501432
vt 0.677773 0.494881
vt 0.989817 0.260820
vt 0.991959 0.262646
vt 0.984427 0.283189
vt 0.755839 0.505307
vt 0.751768 0.505502
vt 0.982074 0.261268
vt 0.692596 0.488594
vt 0.694407 0.490546
vt 0.751768 0.500309
vt 0.755839 0.500693
vt 0.992176 0.260698
vt 0.993901 0.262546
vt 0.472474 0.506319
vt 0.475146 0.506328
vt 0.476539 0.508214
vt 0.473867 0.508206
vt 0.748278 0.507188
vt 0.748278 0.505502
vt 0.871150 0.498133
vt 0.873483 0.499472
vt 0.871520 0.500382
vt 0.869187 0.499044
vt 0.748278 0.503749
vt 0.869281 0.501421
vt 0.748278 0.501995
vt 0.866851 0.502549
vt 0.748278 0.500309
vt 0.864324 0.503721
vt 0.748278 0.498756
vt 0.751768 0.498756
vt 0.861797 0.504894
vt 0.748278 0.497394
vt 0.751768 0.497394
vt 0.859367 0.506021
vt 0.473867 0.490542
vt 0.476539 0.490551
vt 0.475146 0.492450
vt 0.472474 0.492441
vt 0.857128 0.507060
vt 0.854794 0.505721
vt 0.474111 0.494614
vt 0.471439 0.494605
vt 0.575133 0.499775
vt 0.578254 0.499774
vt 0.578403 0.502211
vt 0.575283 0.502212
vt 0.578598 0.489394
vt 0.581719 0.489393
vt 0.580537 0.490945
vt 0.577417 0.490946
vt 0.473473 0.496960
vt 0.470801 0.496951
vt 0.578847 0.504554
vt 0.575727 0.504555
vt 0.579568 0.492836
vt 0.576447 0.492837
vt 0.473258 0.499398
vt 0.470586 0.499389
vt 0.579568 0.506715
vt 0.576447 0.506716
vt 0.578847 0.494995
vt 0.575727 0.494996
vt 0.473473 0.501833
vt 0.470801 0.501825
vt 0.580537 0.508609
vt 0.577417 0.508610
vt 0.578403 0.497337
vt 0.575283 0.497338
vt 0.474111 0.504173
vt 0.471439 0.504165
vt 0.581719 0.510164
vt 0.578598 0.510165
vt 0.748278 0.508742
vt 0.869173 0.503993
vt 0.866754 0.505115
vt 0.744644 0.500457
vt 0.744644 0.498969
vt 0.864336 0.506238
vt 0.478236 0.488989
vt 0.481287 0.489442
vt 0.479662 0.490936
vt 0.862010 0.507317
vt 0.478328 0.492754
vt 0.859866 0.508311
vt 0.477338 0.494826
vt 0.581838 0.499773
vt 0.581981 0.502106
vt 0.585154 0.489837
vt 0.584024 0.491322
vt 0.476727 0.497071
vt 0.582406 0.504349
vt 0.583095 0.493133
vt 0.476521 0.499404
vt 0.583095 0.506417
vt 0.582406 0.495199
vt 0.476727 0.501736
vt 0.584024 0.508230
vt 0.581981 0.497441
vt 0.477338 0.503976
vt 0.585154 0.509718
vt 0.478328 0.506038
vt 0.744644 0.508528
vt 0.744644 0.507041
vt 0.479662 0.507844
vt 0.744644 0.505427
vt 0.481287 0.509323
vt 0.478236 0.509760
vt 0.744644 0.503749
vt 0.873643 0.501920
vt 0.871499 0.502914
vt 0.744644 0.502071
vt 0.586445 0.488733
vt 0.589803 0.490658
vt 0.588737 0.491569
vt 0.482331 0.493912
vt 0.481513 0.495623
vt 0.585998 0.499774
vt 0.586117 0.501700
vt 0.587803 0.492795
vt 0.481009 0.497477
vt 0.586467 0.503553
vt 0.587037 0.494290
vt 0.480839 0.499404
vt 0.587037 0.505260
vt 0.586467 0.495996
vt 0.481009 0.501329
vt 0.587803 0.506757
vt 0.586117 0.497848
vt 0.481513 0.503179
vt 0.588737 0.507986
vt 0.482331 0.504882
vt 0.589803 0.508900
vt 0.586445 0.510825
vt 0.483432 0.506373
vt 0.741445 0.506468
vt 0.741445 0.505135
vt 0.484774 0.507594
vt 0.741445 0.503749
vt 0.486305 0.508499
vt 0.483140 0.510419
vt 0.741445 0.502363
vt 0.487966 0.509054
vt 0.485152 0.511090
vt 0.485152 0.487639
vt 0.487966 0.489688
vt 0.486305 0.490257
vt 0.483140 0.488328
vt 0.870891 0.505416
vt 0.868893 0.506342
vt 0.484774 0.491177
vt 0.866896 0.507269
vt 0.483432 0.492411
vt 0.864975 0.508160
vt 0.590936 0.502572
vt 0.591358 0.503837
vt 0.591358 0.495715
vt 0.590936 0.496978
vt 0.485699 0.499402
vt 0.485825 0.500827
vt 0.591925 0.504945
vt 0.590677 0.498349
vt 0.486198 0.502196
vt 0.592617 0.505855
vt 0.590589 0.499775
vt 0.486804 0.503457
vt 0.593405 0.506531
vt 0.487619 0.504561
vt 0.594261 0.506948
vt 0.590959 0.509463
vt 0.488612 0.505465
vt 0.738101 0.504775
vt 0.738101 0.503749
vt 0.489746 0.506135
vt 0.489693 0.489490
vt 0.492254 0.492062
vt 0.490975 0.492209
vt 0.490975 0.506546
vt 0.489746 0.492630
vt 0.492254 0.506680
vt 0.489693 0.509235
vt 0.488612 0.493311
vt 0.871129 0.507625
vt 0.869651 0.508311
vt 0.487619 0.494224
vt 0.590959 0.490097
vt 0.594261 0.492611
vt 0.593405 0.493026
vt 0.486804 0.495336
vt 0.592617 0.493700
vt 0.486198 0.496602
vt 0.590677 0.501201
vt 0.591925 0.494609
vt 0.485825 0.497975
vt 0.415604 0.511645
vt 0.414397 0.511645
vt 0.413765 0.509778
vt 0.415604 0.509778
vt 0.884498 0.183429
vt 0.885244 0.183678
vt 0.882067 0.185952
vt 0.880929 0.185573
vt 0.885244 0.174981
vt 0.884498 0.175237
vt 0.880929 0.173082
vt 0.882066 0.172692
vt 0.401418 0.511645
vt 0.400211 0.511645
vt 0.400211 0.509778
vt 0.402050 0.509778
vt 0.883811 0.175649
vt 0.879881 0.173712
vt 0.399005 0.511645
vt 0.398372 0.509778
vt 0.883208 0.176204
vt 0.878962 0.174557
vt 0.397845 0.511645
vt 0.396603 0.509778
vt 0.882714 0.176878
vt 0.878208 0.175584
vt 0.738101 0.499786
vt 0.737622 0.500195
vt 0.733580 0.498261
vt 0.734310 0.497637
vt 0.882346 0.177646
vt 0.877648 0.176756
vt 0.736392 0.503880
vt 0.736446 0.504745
vt 0.731786 0.505198
vt 0.731705 0.503879
vt 0.737203 0.500746
vt 0.732941 0.499101
vt 0.882120 0.178479
vt 0.877303 0.178025
vt 0.736603 0.505577
vt 0.732026 0.506467
vt 0.736859 0.501417
vt 0.732416 0.500125
vt 0.882044 0.179344
vt 0.877187 0.179345
vt 0.736859 0.506344
vt 0.732416 0.507636
vt 0.736603 0.502184
vt 0.732026 0.501293
vt 0.882120 0.180209
vt 0.877303 0.180663
vt 0.737203 0.507016
vt 0.732941 0.508661
vt 0.736446 0.503015
vt 0.731786 0.502560
vt 0.882346 0.181039
vt 0.877648 0.181929
vt 0.737622 0.507568
vt 0.733581 0.509502
vt 0.882714 0.181804
vt 0.878209 0.183096
vt 0.738101 0.507979
vt 0.734310 0.510128
vt 0.883208 0.182474
vt 0.878962 0.184116
vt 0.417970 0.511645
vt 0.416810 0.511645
vt 0.417443 0.509778
vt 0.419212 0.509778
vt 0.883811 0.183023
vt 0.879881 0.184953
vt 0.875143 0.173811
vt 0.876203 0.172836
vt 0.396046 0.507651
vt 0.398088 0.507651
vt 0.874272 0.174998
vt 0.394973 0.509778
vt 0.394164 0.507651
vt 0.873626 0.176350
vt 0.727460 0.505402
vt 0.727367 0.503879
vt 0.728793 0.498363
vt 0.729532 0.497394
vt 0.873227 0.177816
vt 0.727737 0.506866
vt 0.728188 0.499545
vt 0.873093 0.179339
vt 0.728188 0.508216
vt 0.727737 0.500894
vt 0.873227 0.180861
vt 0.728793 0.509400
vt 0.727460 0.502357
vt 0.873626 0.182323
vt 0.729532 0.510371
vt 0.874272 0.183669
vt 0.420842 0.509778
vt 0.419769 0.507651
vt 0.421651 0.507651
vt 0.875143 0.184848
vt 0.417727 0.507651
vt 0.876203 0.185813
vt 0.415604 0.507651
vt 0.405449 0.509778
vt 0.403819 0.509778
vt 0.404376 0.507651
vt 0.406258 0.507651
vt 0.413480 0.507651
vt 0.402335 0.507651
vt 0.411996 0.509778
vt 0.411439 0.507651
vt 0.400211 0.507651
vt 0.410366 0.509778
vt 0.409557 0.507651
vt 0.868910 0.177802
vt 0.869308 0.176336
vt 0.722696 0.506868
vt 0.722419 0.505404
vt 0.723146 0.499547
vt 0.723752 0.498365
vt 0.868776 0.179325
vt 0.723146 0.508218
vt 0.722696 0.500895
vt 0.868910 0.180847
vt 0.723752 0.509401
vt 0.722419 0.502359
vt 0.869308 0.182309
vt 0.724490 0.510373
vt 0.722326 0.503881
vt 0.869955 0.183655
vt 0.419769 0.504743
vt 0.421651 0.504743
vt 0.870826 0.184833
vt 0.417727 0.504743
vt 0.407908 0.507651
vt 0.406258 0.504743
vt 0.407908 0.504743
vt 0.415604 0.504743
vt 0.404376 0.504743
vt 0.413480 0.504743
vt 0.402335 0.504743
vt 0.411439 0.504743
vt 0.400211 0.504743
vt 0.409557 0.504743
vt 0.398088 0.504743
vt 0.396046 0.504743
vt 0.869955 0.174984
vt 0.870826 0.173797
vt 0.394164 0.504743
vt 0.724490 0.497395
vt 0.983003 0.213628
vt 0.983470 0.212166
vt 0.986676 0.212597
vt 0.986277 0.213845
vt 0.977999 0.501940
vt 0.979287 0.501024
vt 0.981974 0.501875
vt 0.980874 0.502658
vt 0.975672 0.508862
vt 0.975509 0.507339
vt 0.978748 0.507267
vt 0.978887 0.508567
vt 0.984230 0.210819
vt 0.987325 0.211447
vt 0.419160 0.503093
vt 0.420767 0.503093
vt 0.985252 0.209640
vt 0.988198 0.210441
vt 0.417417 0.503093
vt 0.986498 0.208674
vt 0.989261 0.209616
vt 0.415604 0.503093
vt 0.987919 0.207958
vt 0.990475 0.209004
vt 0.413791 0.503093
vt 0.402024 0.503093
vt 0.403767 0.503093
vt 0.412048 0.503093
vt 0.400211 0.503093
vt 0.987919 0.222377
vt 0.986498 0.221651
vt 0.989261 0.220695
vt 0.990475 0.221315
vt 0.398398 0.503093
vt 0.985252 0.220677
vt 0.988198 0.219863
vt 0.396655 0.503093
vt 0.984230 0.219491
vt 0.987325 0.218850
vt 0.980757 0.514719
vt 0.979287 0.513945
vt 0.981974 0.512907
vt 0.983229 0.513568
vt 0.983470 0.218139
vt 0.986676 0.217696
vt 0.975672 0.505830
vt 0.978887 0.505978
vt 0.977998 0.512929
vt 0.980874 0.512040
vt 0.983003 0.216673
vt 0.986277 0.216445
vt 0.976156 0.504390
vt 0.979301 0.504750
vt 0.976941 0.511711
vt 0.979971 0.511000
vt 0.982845 0.215150
vt 0.986142 0.215145
vt 0.976941 0.503077
vt 0.979971 0.503628
vt 0.976156 0.510338
vt 0.979300 0.509827
vt 0.992828 0.211701
vt 0.992165 0.212214
vt 0.984591 0.500985
vt 0.986007 0.500912
vt 0.988003 0.503294
vt 0.987121 0.503340
vt 0.993584 0.211320
vt 0.993161 0.221831
vt 0.991791 0.221699
vt 0.994403 0.219226
vt 0.995256 0.219309
vt 0.991792 0.208629
vt 0.994403 0.211086
vt 0.993584 0.218987
vt 0.993161 0.208506
vt 0.995256 0.211010
vt 0.992828 0.218601
vt 0.986006 0.514180
vt 0.984590 0.513998
vt 0.987121 0.511444
vt 0.988003 0.511558
vt 0.992165 0.218083
vt 0.986273 0.511177
vt 0.991622 0.217452
vt 0.985491 0.510765
vt 0.991218 0.216734
vt 0.983569 0.506450
vt 0.983482 0.507252
vt 0.984806 0.510225
vt 0.990969 0.215954
vt 0.983826 0.505684
vt 0.984244 0.509577
vt 0.990885 0.215144
vt 0.984244 0.504986
vt 0.983826 0.508847
vt 0.990969 0.214335
vt 0.984806 0.504381
vt 0.983569 0.508062
vt 0.991218 0.213557
vt 0.985491 0.503894
vt 0.991622 0.212841
vt 0.983229 0.501310
vt 0.986273 0.503542
vt 0.620752 0.501882
vt 0.621146 0.503964
vt 0.616702 0.504498
vt 0.616258 0.502154
vt 0.627833 0.491282
vt 0.626847 0.492125
vt 0.623697 0.490495
vt 0.624895 0.489471
vt 0.441057 0.505148
vt 0.441057 0.503650
vt 0.445128 0.503266
vt 0.445128 0.504952
vt 0.987046 0.492901
vt 0.987803 0.494477
vt 0.984226 0.495566
vt 0.983306 0.493652
vt 0.620619 0.499717
vt 0.616108 0.499717
vt 0.991480 0.480943
vt 0.990064 0.481794
vt 0.986971 0.480162
vt 0.988692 0.479129
vt 0.983306 0.485159
vt 0.982740 0.487243
vt 0.978396 0.486967
vt 0.979034 0.484621
vt 0.624747 0.503215
vt 0.625274 0.504795
vt 0.621786 0.505884
vt 0.441057 0.509761
vt 0.441057 0.508263
vt 0.445128 0.508459
vt 0.445128 0.510145
vt 0.625274 0.494643
vt 0.624747 0.496222
vt 0.621146 0.495472
vt 0.621786 0.493554
vt 0.620752 0.497553
vt 0.616258 0.497281
vt 0.616702 0.494938
vt 0.990064 0.496987
vt 0.991480 0.497825
vt 0.988692 0.499632
vt 0.986971 0.498614
vt 0.622648 0.507566
vt 0.618392 0.508552
vt 0.617422 0.506658
vt 0.987803 0.484325
vt 0.987046 0.485909
vt 0.984226 0.483237
vt 0.985463 0.481549
vt 0.981462 0.480558
vt 0.983159 0.478996
vt 0.626847 0.507318
vt 0.627833 0.508163
vt 0.624895 0.509975
vt 0.623697 0.508948
vt 0.985463 0.497242
vt 0.981462 0.498221
vt 0.980069 0.496335
vt 0.438294 0.506705
vt 0.438294 0.505423
vt 0.441057 0.506705
vt 0.622648 0.491873
vt 0.618392 0.490888
vt 0.619573 0.489336
vt 0.986422 0.489408
vt 0.986580 0.491189
vt 0.982740 0.491573
vt 0.982549 0.489409
vt 0.568229 0.416423
vt 0.569952 0.417702
vt 0.566825 0.419061
vt 0.564886 0.417622
vt 0.570497 0.415610
vt 0.571916 0.416663
vt 0.978396 0.491840
vt 0.978181 0.489404
vt 0.625983 0.493260
vt 0.445128 0.506705
vt 0.988822 0.495857
vt 0.620921 0.511263
vt 0.619573 0.510107
vt 0.988822 0.482936
vt 0.980069 0.482457
vt 0.625983 0.506181
vt 0.985096 0.500912
vt 0.983159 0.499766
vt 0.624313 0.499718
vt 0.624422 0.501500
vt 0.617422 0.492780
vt 0.624422 0.497936
vt 0.993017 0.498338
vt 0.990559 0.500255
vt 0.985096 0.477833
vt 0.986580 0.487625
vt 0.979034 0.494180
vt 0.628903 0.508685
vt 0.626194 0.510608
vt 0.441057 0.502269
vt 0.445128 0.501712
vt 0.628903 0.490763
vt 0.626194 0.488841
vt 0.566506 0.415144
vt 0.562946 0.416182
vt 0.993017 0.480417
vt 0.990559 0.478489
vt 0.438294 0.507988
vt 0.571609 0.418932
vt 0.568690 0.420446
vt 0.569078 0.414556
vt 0.564849 0.413914
vt 0.561081 0.414797
vt 0.978789 0.498212
vt 0.977396 0.496326
vt 0.560081 0.417209
vt 0.558216 0.415825
vt 0.445128 0.513061
vt 0.445128 0.511699
vt 0.448617 0.511699
vt 0.448617 0.513061
vt 0.562021 0.418649
vt 0.448617 0.510145
vt 0.563960 0.420089
vt 0.448617 0.508459
vt 0.565825 0.421473
vt 0.448617 0.506705
vt 0.570409 0.421722
vt 0.567544 0.422749
vt 0.448617 0.504952
vt 0.571916 0.422840
vt 0.569050 0.423868
vt 0.448617 0.503266
vt 0.977396 0.482448
vt 0.978789 0.480549
vt 0.448617 0.501712
vt 0.976361 0.484612
vt 0.613138 0.502155
vt 0.612988 0.499718
vt 0.615271 0.490889
vt 0.616453 0.489337
vt 0.975724 0.486958
vt 0.613581 0.504499
vt 0.614302 0.492781
vt 0.975509 0.489396
vt 0.614302 0.506659
vt 0.613581 0.494939
vt 0.975724 0.491832
vt 0.615271 0.508553
vt 0.613138 0.497282
vt 0.976361 0.494172
vt 0.616453 0.510108
vt 0.559362 0.413521
vt 0.556497 0.414549
vt 0.452252 0.506705
vt 0.452252 0.508384
vt 0.564323 0.423644
vt 0.562678 0.422423
vt 0.452252 0.505027
vt 0.527985 0.510179
vt 0.525992 0.508619
vt 0.528772 0.508231
vt 0.530681 0.509725
vt 0.452252 0.503413
vt 0.524355 0.506720
vt 0.527206 0.506414
vt 0.452252 0.501926
vt 0.523140 0.504557
vt 0.526042 0.504343
vt 0.610215 0.502052
vt 0.610071 0.499720
vt 0.662857 0.510105
vt 0.660795 0.508479
vt 0.663476 0.507982
vt 0.665450 0.509538
vt 0.522391 0.502211
vt 0.525325 0.502098
vt 0.610639 0.504296
vt 0.659103 0.506529
vt 0.661857 0.506116
vt 0.522138 0.499774
vt 0.525084 0.499765
vt 0.611329 0.506364
vt 0.657845 0.504331
vt 0.660653 0.504012
vt 0.522391 0.497338
vt 0.525325 0.497433
vt 0.612257 0.508177
vt 0.657071 0.501969
vt 0.659912 0.501750
vt 0.523140 0.494998
vt 0.526042 0.495193
vt 0.554990 0.413431
vt 0.553749 0.415795
vt 0.552307 0.414724
vt 0.610214 0.497388
vt 0.524355 0.492842
vt 0.527206 0.493130
vt 0.555394 0.417016
vt 0.525992 0.490955
vt 0.528772 0.491324
vt 0.557179 0.418341
vt 0.527985 0.489409
vt 0.530681 0.489844
vt 0.559036 0.419719
vt 0.452252 0.509998
vt 0.452252 0.511485
vt 0.560892 0.421098
vt 0.667702 0.510725
vt 0.668708 0.507742
vt 0.670567 0.508722
vt 0.530166 0.503544
vt 0.531127 0.505254
vt 0.659662 0.499418
vt 0.659912 0.497106
vt 0.664135 0.497476
vt 0.663928 0.499385
vt 0.667078 0.506457
vt 0.529574 0.501690
vt 0.660653 0.494901
vt 0.664747 0.495655
vt 0.665741 0.504916
vt 0.529374 0.499763
vt 0.661857 0.492889
vt 0.665741 0.493994
vt 0.664747 0.503179
vt 0.529574 0.497838
vt 0.663476 0.491147
vt 0.667078 0.492556
vt 0.664135 0.501311
vt 0.530166 0.495988
vt 0.665450 0.489743
vt 0.668708 0.491396
vt 0.531127 0.494284
vt 0.667702 0.488729
vt 0.670568 0.490558
vt 0.532420 0.492792
vt 0.670145 0.488146
vt 0.672585 0.490077
vt 0.533996 0.491570
vt 0.556409 0.420661
vt 0.554876 0.419523
vt 0.532858 0.488746
vt 0.535794 0.490664
vt 0.537677 0.511763
vt 0.535220 0.511525
vt 0.537745 0.509474
vt 0.539774 0.509671
vt 0.535220 0.488074
vt 0.537745 0.490109
vt 0.532858 0.510837
vt 0.535794 0.508906
vt 0.537677 0.487853
vt 0.539774 0.489926
vt 0.533996 0.507988
vt 0.672686 0.511822
vt 0.670145 0.511496
vt 0.672585 0.509359
vt 0.674683 0.509628
vt 0.532420 0.506754
vt 0.670151 0.495376
vt 0.669415 0.496606
vt 0.669415 0.502175
vt 0.670151 0.503462
vt 0.534414 0.498337
vt 0.534266 0.499762
vt 0.671141 0.494311
vt 0.668962 0.500793
vt 0.534852 0.496967
vt 0.672348 0.493452
vt 0.668809 0.499367
vt 0.535564 0.495706
vt 0.673724 0.492832
vt 0.536521 0.494602
vt 0.675218 0.492476
vt 0.537688 0.493697
vt 0.674683 0.489968
vt 0.676771 0.492396
vt 0.539019 0.493026
vt 0.540463 0.506952
vt 0.541965 0.507097
vt 0.540463 0.492615
vt 0.539019 0.506531
vt 0.541965 0.492480
vt 0.537688 0.505851
vt 0.675218 0.506751
vt 0.676771 0.506950
vt 0.536521 0.504938
vt 0.673724 0.506279
vt 0.535564 0.503827
vt 0.672348 0.505554
vt 0.534852 0.502561
vt 0.668962 0.497953
vt 0.671141 0.504603
vt 0.534414 0.501189
vt 0.908487 0.496267
vt 0.908582 0.498897
vt 0.901298 0.499472
vt 0.901190 0.496475
vt 0.901510 0.487552
vt 0.901298 0.490397
vt 0.893140 0.490017
vt 0.893369 0.486926
vt 0.908488 0.493578
vt 0.901190 0.493410
vt 0.908582 0.490935
vt 0.908767 0.488438
vt 0.909037 0.486183
vt 0.901817 0.484982
vt 0.938860 0.417484
vt 0.938886 0.415290
vt 0.945848 0.414036
vt 0.945820 0.416536
vt 0.938841 0.419939
vt 0.945798 0.419334
vt 0.938830 0.422560
vt 0.945785 0.422322
vt 0.938826 0.425248
vt 0.945780 0.425385
vt 0.938830 0.427899
vt 0.945785 0.428406
vt 0.938841 0.430410
vt 0.945798 0.431269
vt 0.394174 0.501091
vt 0.394170 0.498816
vt 0.401149 0.499673
vt 0.401154 0.502266
vt 0.938860 0.432686
vt 0.945819 0.433863
vt 0.908767 0.501368
vt 0.909037 0.503585
vt 0.901817 0.504815
vt 0.901510 0.502288
vt 0.938885 0.434639
vt 0.945848 0.436088
vt 0.953740 0.418909
vt 0.953763 0.415870
vt 0.960467 0.415872
vt 0.960443 0.418911
vt 0.893703 0.484134
vt 0.953795 0.413154
vt 0.953726 0.422155
vt 0.953721 0.425483
vt 0.953726 0.428764
vt 0.953740 0.431874
vt 0.409107 0.500276
vt 0.409112 0.503093
vt 0.953763 0.434692
vt 0.893703 0.505679
vt 0.893369 0.502935
vt 0.953795 0.437110
vt 0.893139 0.499875
vt 0.893022 0.496619
vt 0.893022 0.493290
vt 0.960429 0.428766
vt 0.960424 0.425485
vt 0.970094 0.425329
vt 0.970098 0.428175
vt 0.960429 0.422157
vt 0.960443 0.431876
vt 0.415811 0.500276
vt 0.415816 0.503092
vt 0.960466 0.434694
vt 0.887028 0.505675
vt 0.886695 0.502931
vt 0.960498 0.437112
vt 0.886465 0.499871
vt 0.886348 0.496615
vt 0.886348 0.493286
vt 0.886465 0.490013
vt 0.886695 0.486921
vt 0.887029 0.484130
vt 0.960498 0.413156
vt 0.970110 0.430873
vt 0.425452 0.499268
vt 0.425456 0.501711
vt 0.970131 0.433317
vt 0.877747 0.504219
vt 0.877457 0.501839
vt 0.970158 0.435415
vt 0.877258 0.499185
vt 0.877157 0.496360
vt 0.877157 0.493472
vt 0.877259 0.490633
vt 0.877458 0.487951
vt 0.877747 0.485530
vt 0.970158 0.414633
vt 0.970130 0.416989
vt 0.970110 0.419626
vt 0.970098 0.422442
vt 0.394165 0.488344
vt 0.401144 0.487738
vt 0.401143 0.490727
vt 0.394164 0.490966
vt 0.401154 0.480330
vt 0.409112 0.479264
vt 0.409107 0.481554
vt 0.401149 0.482438
vt 0.394167 0.485889
vt 0.401145 0.484940
vt 0.394170 0.483694
vt 0.394174 0.481844
vt 0.944207 0.499247
vt 0.951167 0.500719
vt 0.951200 0.502450
vt 0.944235 0.500766
vt 0.944184 0.497324
vt 0.951142 0.498528
vt 0.944169 0.495072
vt 0.951125 0.495961
vt 0.944162 0.492576
vt 0.951116 0.493117
vt 0.944161 0.489933
vt 0.951116 0.490105
vt 0.944169 0.487245
vt 0.951125 0.487041
vt 0.944184 0.484614
vt 0.951142 0.484042
vt 0.394167 0.496305
vt 0.401146 0.496811
vt 0.944206 0.482141
vt 0.951168 0.481224
vt 0.394165 0.493654
vt 0.401144 0.493790
vt 0.944235 0.479922
vt 0.951200 0.478695
vt 0.959066 0.496590
vt 0.965770 0.496595
vt 0.965788 0.499383
vt 0.959085 0.499378
vt 0.959112 0.501758
vt 0.959147 0.503639
vt 0.959056 0.493500
vt 0.959056 0.490228
vt 0.959066 0.486899
vt 0.959085 0.483642
vt 0.409104 0.497167
vt 0.959113 0.480580
vt 0.409101 0.493886
vt 0.959147 0.477833
vt 0.409100 0.490558
vt 0.409101 0.487312
vt 0.409103 0.484271
vt 0.965769 0.486904
vt 0.975438 0.487157
vt 0.975430 0.490044
vt 0.965760 0.490233
vt 0.965760 0.493505
vt 0.965788 0.483646
vt 0.415807 0.497167
vt 0.965816 0.480585
vt 0.415805 0.493885
vt 0.965851 0.477838
vt 0.415804 0.490557
vt 0.415805 0.487311
vt 0.415807 0.484271
vt 0.415811 0.481553
vt 0.415816 0.479263
vt 0.965816 0.501763
vt 0.965851 0.503644
vt 0.975454 0.484331
vt 0.425448 0.496571
vt 0.975478 0.481675
vt 0.425446 0.493724
vt 0.975509 0.479292
vt 0.425446 0.490837
vt 0.425447 0.488021
vt 0.425449 0.485384
vt 0.425452 0.483026
vt 0.425456 0.481040
vt 0.975478 0.500047
vt 0.975509 0.501678
vt 0.975454 0.497982
vt 0.975438 0.495563
vt 0.975429 0.492883
vt 0.923276 0.497694
vt 0.923251 0.494655
vt 0.928779 0.494664
vt 0.928804 0.497706
vt 0.445505 0.498745
vt 0.445865 0.501704
vt 0.440358 0.501712
vt 0.439998 0.498750
vt 0.923309 0.500301
vt 0.928837 0.500316
vt 0.445257 0.495446
vt 0.439750 0.495448
vt 0.445131 0.491934
vt 0.439624 0.491933
vt 0.445131 0.488345
vt 0.439624 0.488340
vt 0.445258 0.484815
vt 0.439750 0.484807
vt 0.445505 0.481481
vt 0.439998 0.481470
vt 0.445865 0.478472
vt 0.440358 0.478457
vt 0.923276 0.477397
vt 0.923310 0.474468
vt 0.928838 0.474458
vt 0.928804 0.477389
vt 0.923251 0.480674
vt 0.928779 0.480670
vt 0.923236 0.484174
vt 0.928763 0.484174
vt 0.923230 0.487763
vt 0.928758 0.487766
vt 0.923236 0.491302
vt 0.928763 0.491308
vt 0.774127 0.502597
vt 0.774122 0.499559
vt 0.779650 0.499567
vt 0.779655 0.502607
vt 0.431223 0.491928
vt 0.431223 0.488335
vt 0.431349 0.484802
vt 0.431597 0.481465
vt 0.431958 0.478452
vt 0.937275 0.474460
vt 0.937241 0.477392
vt 0.937216 0.480672
vt 0.937201 0.484176
vt 0.937195 0.487768
vt 0.937200 0.491310
vt 0.937216 0.494667
vt 0.788088 0.499566
vt 0.788093 0.502607
vt 0.937241 0.497708
vt 0.431957 0.501707
vt 0.431597 0.498745
vt 0.937275 0.500318
vt 0.431349 0.495443
vt 0.736579 0.472503
vt 0.742107 0.472498
vt 0.742078 0.475802
vt 0.736550 0.475804
vt 0.774115 0.492668
vt 0.779643 0.492669
vt 0.779646 0.496211
vt 0.774117 0.496207
vt 0.736617 0.469540
vt 0.742145 0.469533
vt 0.774114 0.489080
vt 0.779642 0.489077
vt 0.774115 0.485579
vt 0.779643 0.485573
vt 0.774117 0.482300
vt 0.779646 0.482291
vt 0.774122 0.479370
vt 0.779649 0.479358
vt 0.774127 0.476901
vt 0.779655 0.476886
vt 0.736580 0.495340
vt 0.742108 0.495358
vt 0.742145 0.497387
vt 0.736618 0.497368
vt 0.736550 0.492773
vt 0.742078 0.492789
vt 0.736530 0.489766
vt 0.742057 0.489779
vt 0.736519 0.486435
vt 0.742047 0.486444
vt 0.736519 0.482906
vt 0.742047 0.482912
vt 0.736530 0.479317
vt 0.742057 0.479319
vt 0.788083 0.482291
vt 0.788081 0.485572
vt 0.788087 0.479357
vt 0.788093 0.476886
vt 0.750545 0.495364
vt 0.750583 0.497394
vt 0.750515 0.492795
vt 0.750495 0.489785
vt 0.750484 0.486450
vt 0.750484 0.482918
vt 0.750495 0.479325
vt 0.750515 0.475809
vt 0.788083 0.496210
vt 0.750545 0.472504
vt 0.788081 0.492669
vt 0.750583 0.469539
vt 0.788080 0.489076
vt 0.909072 0.479497
vt 0.909098 0.477247
vt 0.916345 0.475637
vt 0.916315 0.478280
vt 0.909052 0.482014
vt 0.916292 0.481238
vt 0.909041 0.484703
vt 0.916279 0.484397
vt 0.909037 0.487459
vt 0.916274 0.487635
vt 0.909041 0.490177
vt 0.916278 0.490828
vt 0.909053 0.492753
vt 0.916292 0.493854
vt 0.759877 0.499993
vt 0.759873 0.497660
vt 0.767142 0.498760
vt 0.767147 0.501501
vt 0.909072 0.495087
vt 0.916315 0.496596
vt 0.460375 0.496704
vt 0.460652 0.498977
vt 0.453067 0.500557
vt 0.452742 0.497887
vt 0.909098 0.497090
vt 0.916345 0.498949
vt 0.460186 0.494170
vt 0.452519 0.494910
vt 0.460088 0.491473
vt 0.452405 0.491741
vt 0.460089 0.488716
vt 0.452405 0.488502
vt 0.460185 0.486005
vt 0.452519 0.485317
vt 0.460376 0.483445
vt 0.452742 0.482308
vt 0.460652 0.481133
vt 0.453067 0.479592
vt 0.722350 0.490106
vt 0.729590 0.491650
vt 0.729617 0.493966
vt 0.722373 0.492077
vt 0.722334 0.487796
vt 0.729572 0.488936
vt 0.722326 0.485237
vt 0.729563 0.485930
vt 0.722326 0.482527
vt 0.729563 0.482746
vt 0.722334 0.479770
vt 0.729572 0.479507
vt 0.722349 0.477072
vt 0.729590 0.476337
vt 0.759870 0.495085
vt 0.767138 0.495735
vt 0.722372 0.474536
vt 0.729617 0.473358
vt 0.759869 0.492367
vt 0.767136 0.492542
vt 0.722401 0.472261
vt 0.729651 0.470684
vt 0.759868 0.489611
vt 0.767135 0.489303
vt 0.759868 0.486922
vt 0.767136 0.486144
vt 0.759870 0.484403
vt 0.767138 0.483186
vt 0.759873 0.482153
vt 0.767142 0.480541
vt 0.759877 0.480256
vt 0.767147 0.478313
vt 0.928364 0.165357
vt 0.923620 0.165598
vt 0.923620 0.162359
vt 0.928364 0.162600
vt 0.729651 0.495796
vt 0.586716 0.448193
vt 0.582266 0.445897
vt 0.587836 0.443538
vt 0.591288 0.445319
vt 0.425795 0.482274
vt 0.426120 0.479551
vt 0.943403 0.475620
vt 0.943373 0.478269
vt 0.943350 0.481233
vt 0.943336 0.484399
vt 0.943331 0.487645
vt 0.943336 0.490846
vt 0.943350 0.493879
vt 0.794201 0.498775
vt 0.794206 0.501522
vt 0.943373 0.496627
vt 0.426120 0.500565
vt 0.425795 0.497889
vt 0.943403 0.498986
vt 0.425571 0.494905
vt 0.425457 0.491728
vt 0.425456 0.488482
vt 0.425571 0.485289
vt 0.591949 0.449997
vt 0.595346 0.446718
vt 0.597764 0.451239
vt 0.599855 0.447681
vt 0.603936 0.451873
vt 0.604643 0.448173
vt 0.610230 0.451873
vt 0.609524 0.448173
vt 0.616402 0.451239
vt 0.614311 0.447681
vt 0.622217 0.449997
vt 0.618820 0.446718
vt 0.627450 0.448193
vt 0.622878 0.445319
vt 0.631900 0.445897
vt 0.626330 0.443538
vt 0.635397 0.443197
vt 0.629041 0.441444
vt 0.575133 0.437012
vt 0.575133 0.433765
vt 0.582305 0.434130
vt 0.582305 0.436648
vt 0.637805 0.440197
vt 0.630909 0.439118
vt 0.576361 0.440197
vt 0.583257 0.439118
vt 0.639033 0.437012
vt 0.631862 0.436648
vt 0.578770 0.443197
vt 0.585125 0.441444
vt 0.591949 0.420781
vt 0.595346 0.424059
vt 0.591288 0.425458
vt 0.586716 0.422585
vt 0.756675 0.494015
vt 0.756709 0.495849
vt 0.756648 0.491694
vt 0.756630 0.488974
vt 0.756620 0.485960
vt 0.756620 0.482769
vt 0.756630 0.479522
vt 0.756648 0.476345
vt 0.794197 0.495743
vt 0.756675 0.473359
vt 0.794195 0.492542
vt 0.756709 0.470679
vt 0.794194 0.489296
vt 0.794195 0.486130
vt 0.794197 0.483164
vt 0.794201 0.480514
vt 0.794206 0.478280
vt 0.597764 0.419538
vt 0.599855 0.423096
vt 0.603936 0.418905
vt 0.604643 0.422604
vt 0.610230 0.418905
vt 0.609524 0.422604
vt 0.616403 0.419538
vt 0.614311 0.423096
vt 0.622217 0.420781
vt 0.618820 0.424059
vt 0.627450 0.422585
vt 0.622878 0.425458
vt 0.631900 0.424881
vt 0.626330 0.427239
vt 0.635397 0.427580
vt 0.629042 0.429333
vt 0.637805 0.430580
vt 0.630909 0.431659
vt 0.576361 0.430580
vt 0.583257 0.431659
vt 0.639033 0.433765
vt 0.631862 0.434129
vt 0.578770 0.427580
vt 0.585125 0.429333
vt 0.582266 0.424881
vt 0.587836 0.427239
vt 0.823205 0.415075
vt 0.759868 0.388454
vt 0.759868 0.342113
vt 0.823205 0.315492
vt 0.823205 0.423876
vt 0.820339 0.424925
vt 0.759868 0.393726
vt 0.759868 0.336841
vt 0.820339 0.305642
vt 0.823205 0.306691
vt 0.976027 0.356701
vt 0.972536 0.356991
vt 0.960500 0.350782
vt 0.968801 0.308851
vt 0.976027 0.312579
vt 0.823206 0.335733
vt 0.886543 0.335733
vt 0.886543 0.312562
vt 0.823206 0.285942
vt 0.653607 0.418905
vt 0.657071 0.419209
vt 0.657071 0.463330
vt 0.649846 0.467058
vt 0.641544 0.425128
vt 0.823206 0.385525
vt 0.886543 0.358904
vt 0.759868 0.295792
vt 0.759868 0.196209
vt 0.823206 0.222830
vt 0.823206 0.269171
vt 0.762734 0.305642
vt 0.759868 0.304574
vt 0.823206 0.274443
vt 0.759868 0.187427
vt 0.762734 0.186359
vt 0.823206 0.217558
vt 0.966045 0.006210
vt 0.978081 0.000000
vt 0.981572 0.000290
vt 0.981572 0.044412
vt 0.974346 0.048140
vt 0.823206 0.212979
vt 0.823206 0.236150
vt 0.886543 0.236150
vt 0.960500 0.302628
vt 0.968801 0.260698
vt 0.976027 0.264426
vt 0.976027 0.308547
vt 0.972562 0.308851
vt 0.886543 0.285942
vt 0.823206 0.259321
vt 0.536017 0.373158
vt 0.536017 0.377873
vt 0.524545 0.381660
vt 0.524545 0.377479
vt 0.536017 0.398594
vt 0.524545 0.400033
vt 0.552307 0.398599
vt 0.552307 0.377878
vt 0.552306 0.373164
vt 0.501602 0.388784
vt 0.501602 0.385609
vt 0.501602 0.402739
vt 0.481061 0.393701
vt 0.481060 0.391219
vt 0.481061 0.404606
vt 0.470586 0.393697
vt 0.470586 0.391216
vt 0.470586 0.404603
vt 0.980535 0.242036
vt 0.989624 0.242036
vt 0.989624 0.258051
vt 0.980535 0.254231
vt 0.982844 0.187006
vt 0.982845 0.190265
vt 0.975513 0.189701
vt 0.975513 0.186364
vt 0.982844 0.204586
vt 0.975513 0.204370
vt 0.960500 0.189696
vt 0.960500 0.186359
vt 0.960500 0.204366
vt 0.572713 0.393295
vt 0.562684 0.393295
vt 0.562684 0.381106
vt 0.572713 0.376891
vt 0.552307 0.393295
vt 0.552307 0.385467
vt 0.572713 0.373158
vt 0.562684 0.378333
vt 0.552307 0.383686
vt 0.886724 0.122246
vt 0.890173 0.128015
vt 0.882220 0.128017
vt 0.873157 0.122250
vt 0.870070 0.122251
vt 0.880410 0.128018
vt 0.890173 0.132338
vt 0.882220 0.132341
vt 0.880411 0.132341
vt 0.874721 0.135402
vt 0.877233 0.135402
vt 0.874326 0.138283
vt 0.871404 0.138284
vt 0.888275 0.135398
vt 0.887169 0.138279
vt 0.872022 0.144227
vt 0.868776 0.144228
vt 0.886292 0.144222
vt 0.872022 0.158998
vt 0.868776 0.158999
vt 0.886292 0.158993
vt 0.874481 0.164042
vt 0.871581 0.164043
vt 0.887228 0.164038
vt 0.879445 0.168727
vt 0.877244 0.168728
vt 0.889117 0.168724
vt 0.886767 0.172692
vt 0.885599 0.172692
vt 0.891903 0.172690
vt 0.536017 0.424029
vt 0.524545 0.422586
vt 0.524545 0.418405
vt 0.536017 0.419315
vt 0.552307 0.419320
vt 0.552307 0.424034
vt 0.501602 0.419869
vt 0.501602 0.416694
vt 0.481061 0.417993
vt 0.481061 0.415512
vt 0.470586 0.417990
vt 0.470586 0.415508
vt 0.980535 0.227066
vt 0.989624 0.222377
vt 0.989624 0.226021
vt 0.980535 0.229841
vt 0.982845 0.222166
vt 0.975513 0.222377
vt 0.975513 0.219040
vt 0.982844 0.218908
vt 0.960500 0.222372
vt 0.960500 0.219035
vt 0.572713 0.409698
vt 0.562684 0.405483
vt 0.552307 0.401122
vt 0.572713 0.413431
vt 0.562684 0.408256
vt 0.552307 0.402903
vt 0.900291 0.122242
vt 0.898125 0.128012
vt 0.903377 0.122241
vt 0.899935 0.128012
vt 0.898126 0.132336
vt 0.899935 0.132335
vt 0.901829 0.135394
vt 0.902933 0.138274
vt 0.900011 0.138275
vt 0.899317 0.135394
vt 0.903808 0.144216
vt 0.900562 0.144218
vt 0.903808 0.158987
vt 0.900562 0.158988
vt 0.902875 0.164033
vt 0.899974 0.164034
vt 0.900989 0.168720
vt 0.898789 0.168721
vt 0.898208 0.172688
vt 0.897039 0.172689
vt 0.657071 0.414814
vt 0.657071 0.418851
vt 0.640782 0.418905
vt 0.640782 0.414867
vt 0.629257 0.414401
vt 0.629257 0.410821
vt 0.606216 0.405933
vt 0.606216 0.403214
vt 0.585607 0.400103
vt 0.585607 0.397978
vt 0.575133 0.400137
vt 0.575133 0.398012
vt 0.976027 0.296615
vt 0.976027 0.293840
vt 0.985116 0.289151
vt 0.985116 0.292795
vt 0.365493 0.482216
vt 0.365493 0.479425
vt 0.372816 0.478729
vt 0.372816 0.481588
vt 0.387828 0.478680
vt 0.387828 0.481539
vt 0.944161 0.441293
vt 0.944161 0.437561
vt 0.954190 0.442735
vt 0.954190 0.445508
vt 0.905034 0.437646
vt 0.907678 0.437654
vt 0.896820 0.443422
vt 0.895271 0.443417
vt 0.964567 0.448089
vt 0.964567 0.449870
vt 0.896820 0.447745
vt 0.895271 0.447740
vt 0.902794 0.450805
vt 0.900643 0.450798
vt 0.906277 0.453686
vt 0.903775 0.453678
vt 0.909037 0.459629
vt 0.906256 0.459621
vt 0.909037 0.474400
vt 0.906256 0.474391
vt 0.906092 0.479445
vt 0.903608 0.479436
vt 0.900146 0.484130
vt 0.898261 0.484124
vt 0.943335 0.512748
vt 0.943335 0.514018
vt 0.937109 0.510805
vt 0.937109 0.510131
vt 0.937109 0.507168
vt 0.943335 0.507168
vt 0.889978 0.484097
vt 0.892692 0.479401
vt 0.894036 0.474351
vt 0.894036 0.459581
vt 0.892776 0.453642
vt 0.891186 0.450767
vt 0.888460 0.447718
vt 0.888460 0.443395
vt 0.893415 0.437608
vt 0.964567 0.457697
vt 0.954190 0.457697
vt 0.944161 0.457697
vt 0.387828 0.494102
vt 0.372816 0.494151
vt 0.985116 0.308810
vt 0.976027 0.308810
vt 0.365493 0.494481
vt 0.575134 0.388672
vt 0.585608 0.388638
vt 0.606216 0.391262
vt 0.629257 0.395086
vt 0.640782 0.397121
vt 0.657071 0.397068
vt 0.657071 0.379322
vt 0.640782 0.379375
vt 0.640782 0.375338
vt 0.657071 0.375284
vt 0.629257 0.379351
vt 0.629257 0.375771
vt 0.606216 0.379311
vt 0.606216 0.376591
vt 0.585608 0.379298
vt 0.585607 0.377173
vt 0.575133 0.379332
vt 0.575133 0.377207
vt 0.976027 0.321005
vt 0.985116 0.324825
vt 0.985116 0.328469
vt 0.976027 0.323780
vt 0.365493 0.506747
vt 0.372816 0.506714
vt 0.372816 0.509572
vt 0.365493 0.509538
vt 0.387828 0.506665
vt 0.387828 0.509523
vt 0.944161 0.474101
vt 0.954190 0.469886
vt 0.954190 0.472659
vt 0.944161 0.477833
vt 0.881796 0.437570
vt 0.881649 0.443373
vt 0.880099 0.443367
vt 0.879153 0.437561
vt 0.964567 0.465524
vt 0.964567 0.467305
vt 0.881649 0.447696
vt 0.880099 0.447691
vt 0.881730 0.450736
vt 0.879579 0.450729
vt 0.881777 0.453606
vt 0.879275 0.453598
vt 0.881815 0.459541
vt 0.879035 0.459532
vt 0.881815 0.474311
vt 0.879035 0.474302
vt 0.881775 0.479365
vt 0.879291 0.479357
vt 0.881695 0.484070
vt 0.879810 0.484064
vt 0.943335 0.501588
vt 0.937109 0.504205
vt 0.937109 0.503531
vt 0.943335 0.500318
vt 0.836930 0.489296
vt 0.832809 0.489259
vt 0.828916 0.489184
vt 0.672919 0.482728
vt 0.669029 0.482734
vt 0.914736 0.469054
vt 0.911692 0.469066
vt 0.849074 0.489172
vt 0.845222 0.489252
vt 0.852529 0.489059
vt 0.604367 0.457267
vt 0.607914 0.457265
vt 0.580793 0.457265
vt 0.584216 0.457266
vt 0.588043 0.457268
vt 0.941857 0.469056
vt 0.938437 0.469047
vt 0.930523 0.469036
vt 0.926332 0.469036
vt 0.922200 0.469039
vt 0.918285 0.469045
vt 0.689187 0.482735
vt 0.685333 0.482729
vt 0.841121 0.489293
vt 0.600453 0.457268
vt 0.596321 0.457268
vt 0.592131 0.457268
vt 0.577910 0.457263
vt 0.665518 0.482743
vt 0.677040 0.482725
vt 0.681231 0.482726
vt 0.692647 0.482745
vt 0.934609 0.469041
vt 0.825401 0.489074
vt 0.662521 0.482755
vt 0.660153 0.482768
vt 0.828434 0.172782
vt 0.828020 0.173102
vt 0.824919 0.172247
vt 0.825716 0.171631
vt 0.821818 0.171392
vt 0.822999 0.170481
vt 0.818718 0.170537
vt 0.820281 0.169330
vt 0.815617 0.169682
vt 0.817564 0.168179
vt 0.665214 0.486293
vt 0.663235 0.486304
vt 0.828961 0.172509
vt 0.826731 0.171107
vt 0.824501 0.169705
vt 0.822270 0.168303
vt 0.820040 0.166901
vt 0.667717 0.486283
vt 0.835016 0.174597
vt 0.835162 0.174219
vt 0.838661 0.174397
vt 0.838381 0.175123
vt 0.842159 0.174575
vt 0.841745 0.175649
vt 0.845658 0.174752
vt 0.845109 0.176176
vt 0.932384 0.474458
vt 0.929641 0.474455
vt 0.930082 0.472580
vt 0.933497 0.472583
vt 0.833789 0.175544
vt 0.834317 0.175272
vt 0.837034 0.176423
vt 0.836020 0.176946
vt 0.839752 0.177573
vt 0.838250 0.178348
vt 0.842470 0.178724
vt 0.840481 0.179750
vt 0.845188 0.179875
vt 0.842711 0.181152
vt 0.830533 0.492549
vt 0.827596 0.492457
vt 0.831002 0.175980
vt 0.831748 0.175980
vt 0.832093 0.177785
vt 0.830658 0.177785
vt 0.832438 0.179591
vt 0.830314 0.179590
vt 0.832783 0.181396
vt 0.829969 0.181396
vt 0.833128 0.183201
vt 0.829625 0.183201
vt 0.844159 0.492605
vt 0.840732 0.492640
vt 0.834731 0.174952
vt 0.837832 0.175807
vt 0.840932 0.176662
vt 0.844033 0.177517
vt 0.848473 0.176702
vt 0.847134 0.178372
vt 0.936695 0.472589
vt 0.834731 0.173101
vt 0.834316 0.172781
vt 0.837034 0.171631
vt 0.837831 0.172246
vt 0.839751 0.170480
vt 0.840932 0.171391
vt 0.842469 0.169329
vt 0.844032 0.170536
vt 0.845186 0.168178
vt 0.847133 0.169681
vt 0.919856 0.472587
vt 0.916891 0.472594
vt 0.833789 0.172509
vt 0.833169 0.172296
vt 0.834826 0.170696
vt 0.836019 0.171107
vt 0.836483 0.169096
vt 0.838249 0.169705
vt 0.838140 0.167497
vt 0.840479 0.168303
vt 0.839797 0.165897
vt 0.842710 0.166901
vt 0.690386 0.486284
vt 0.687495 0.486277
vt 0.832480 0.172148
vt 0.831748 0.172073
vt 0.832092 0.170268
vt 0.833500 0.170413
vt 0.832437 0.168463
vt 0.834520 0.168677
vt 0.832781 0.166658
vt 0.835541 0.166941
vt 0.683216 0.488146
vt 0.680463 0.488143
vt 0.680847 0.486268
vt 0.684275 0.486271
vt 0.831002 0.172073
vt 0.830657 0.170268
vt 0.830313 0.168463
vt 0.829968 0.166658
vt 0.677650 0.488143
vt 0.677345 0.486268
vt 0.830271 0.172148
vt 0.829250 0.170413
vt 0.828229 0.168677
vt 0.827208 0.166941
vt 0.674885 0.488145
vt 0.673902 0.486271
vt 0.829581 0.172296
vt 0.827924 0.170696
vt 0.826267 0.169096
vt 0.824609 0.167497
vt 0.822952 0.165897
vt 0.670651 0.486276
vt 0.827734 0.173457
vt 0.824370 0.172931
vt 0.821006 0.172404
vt 0.817641 0.171878
vt 0.814277 0.171351
vt 0.580686 0.453732
vt 0.583096 0.453734
vt 0.827589 0.174219
vt 0.827734 0.174597
vt 0.824370 0.175123
vt 0.824090 0.174397
vt 0.821006 0.175650
vt 0.820591 0.174575
vt 0.817642 0.176177
vt 0.817093 0.174753
vt 0.590264 0.451873
vt 0.593008 0.451873
vt 0.592569 0.453737
vt 0.589153 0.453736
vt 0.828020 0.174952
vt 0.824919 0.175807
vt 0.821819 0.176662
vt 0.818719 0.177518
vt 0.595820 0.451873
vt 0.596070 0.453737
vt 0.828434 0.175272
vt 0.825717 0.176423
vt 0.822999 0.177574
vt 0.820282 0.178724
vt 0.598593 0.451873
vt 0.599523 0.453736
vt 0.828962 0.175544
vt 0.826732 0.176946
vt 0.824502 0.178349
vt 0.822271 0.179751
vt 0.820041 0.181153
vt 0.817564 0.179875
vt 0.602794 0.453735
vt 0.832480 0.175905
vt 0.833501 0.177641
vt 0.834522 0.179377
vt 0.835542 0.181112
vt 0.836563 0.182848
vt 0.837230 0.492642
vt 0.836561 0.165205
vt 0.835016 0.173457
vt 0.838381 0.172930
vt 0.841745 0.172404
vt 0.845109 0.171877
vt 0.848473 0.171351
vt 0.923128 0.472582
vt 0.835162 0.173834
vt 0.838661 0.173656
vt 0.842159 0.173479
vt 0.845658 0.173301
vt 0.926829 0.474455
vt 0.924055 0.474457
vt 0.926581 0.472580
vt 0.939553 0.472597
vt 0.827589 0.173835
vt 0.824090 0.173657
vt 0.820592 0.173479
vt 0.817093 0.173302
vt 0.813594 0.174931
vt 0.813595 0.173124
vt 0.585955 0.453735
vt 0.829582 0.175758
vt 0.827925 0.177358
vt 0.826268 0.178957
vt 0.824611 0.180557
vt 0.822953 0.182157
vt 0.605757 0.453734
vt 0.830271 0.175905
vt 0.829251 0.177641
vt 0.828230 0.179377
vt 0.827210 0.181112
vt 0.826190 0.182848
vt 0.850264 0.492443
vt 0.847377 0.492539
vt 0.914347 0.472604
vt 0.826188 0.165206
vt 0.833169 0.175758
vt 0.834827 0.177358
vt 0.836484 0.178957
vt 0.838142 0.180557
vt 0.839799 0.182156
vt 0.833786 0.492611
vt 0.469374 0.644208
vt 0.469374 0.669207
vt 0.446955 0.669207
vt 0.446955 0.644208
vt 0.469374 0.694206
vt 0.446955 0.694206
vt 0.603890 0.669207
vt 0.603890 0.694206
vt 0.581470 0.694206
vt 0.581470 0.669207
vt 0.559051 0.694206
vt 0.559051 0.669207
vt 0.536632 0.694206
vt 0.536632 0.669207
vt 0.514213 0.694206
vt 0.514213 0.669207
vt 0.491793 0.694206
vt 0.491793 0.669207
vt 0.603890 0.644208
vt 0.581470 0.644208
vt 0.559051 0.644208
vt 0.536632 0.644208
vt 0.514213 0.644208
vt 0.491793 0.644208
vt 0.581470 0.619210
vt 0.559051 0.619210
vt 0.536632 0.619210
vt 0.514213 0.619210
vt 0.491793 0.619210
vt 0.469374 0.619210
vt 0.491793 0.706706
vt 0.469374 0.706706
vt 0.514213 0.706706
vt 0.536632 0.706706
vt 0.559051 0.706706
vt 0.581470 0.706706
vt 0.603890 0.706706
vt 0.446955 0.706706
vt 0.469374 0.769203
vt 0.446955 0.769203
vt 0.446955 0.744204
vt 0.469374 0.744204
vt 0.446955 0.719206
vt 0.469374 0.719206
vt 0.603890 0.744204
vt 0.581470 0.744204
vt 0.581470 0.719206
vt 0.603890 0.719206
vt 0.559051 0.744204
vt 0.559051 0.719206
vt 0.536632 0.744204
vt 0.536632 0.719206
vt 0.514213 0.744204
vt 0.514213 0.719206
vt 0.491793 0.744204
vt 0.491793 0.719206
vt 0.603890 0.769203
vt 0.581470 0.769203
vt 0.559051 0.769203
vt 0.536632 0.769203
vt 0.514213 0.769203
vt 0.491793 0.769203
vt 0.581470 0.794202
vt 0.559051 0.794202
vt 0.536632 0.794202
vt 0.514213 0.794202
vt 0.491793 0.794202
vt 0.469374 0.794202
vt 0.620274 0.639346
vt 0.620274 0.637479
vt 0.621947 0.637479
vt 0.621947 0.639346
vt 0.603890 0.639346
vt 0.603890 0.637479
vt 0.605563 0.637479
vt 0.605563 0.639346
vt 0.603890 0.629278
vt 0.605563 0.629278
vt 0.620274 0.629278
vt 0.621947 0.629278
vt 0.603890 0.619210
vt 0.605563 0.619210
vt 0.605563 0.621076
vt 0.603890 0.621076
vt 0.620274 0.621076
vt 0.620274 0.619210
vt 0.621947 0.621076
vt 0.603890 0.641212
vt 0.605563 0.641212
vt 0.000000 0.000000
s 0
usemtl Black_Painted_Iron_Material
f 5173/1/1 5187/2/1 5219/3/1 5205/4/1
f 5202/5/2 5203/6/2 5216/7/2 5217/8/2 5218/9/2 5206/10/2 5204/11/2 5205/12/2 5219/13/2 5224/14/2 5220/15/2 5197/16/2 5196/17/2 5221/18/2 5222/19/2 5214/20/2 5213/21/2 5199/22/2 5198/23/2 5212/24/2 5211/25/2 5209/26/2 5210/27/2 5223/28/2 5207/29/2 5208/30/2 5195/31/2 5193/32/2 5194/33/2 5215/34/2 5201/35/2 5200/36/2
f 5170/37/3 5171/38/3 5203/39/3 5202/40/3
f 5188/41/4 5165/42/4 5197/43/4 5220/44/4
f 5172/45/5 5173/1/5 5205/4/5 5204/46/5
f 5164/47/6 5189/48/6 5221/49/6 5196/50/6
f 5174/51/7 5172/45/7 5204/46/7 5206/52/7
f 5189/48/8 5190/53/8 5222/54/9 5221/49/8
f 5175/55/10 5176/56/10 5208/57/10 5207/58/10
f 5190/53/11 5182/59/11 5214/60/11 5222/54/11
f 5177/61/12 5178/62/12 5210/63/12 5209/64/12
f 5181/65/13 5167/66/13 5199/67/13 5213/68/13
f 5179/69/14 5177/61/14 5209/64/14 5211/70/14
f 5166/71/15 5180/72/15 5212/73/15 5198/74/15
f 5180/72/16 5179/69/16 5211/70/16 5212/73/16
f 5191/75/17 5175/55/17 5207/58/17 5223/76/17
f 5182/59/18 5181/65/18 5213/68/18 5214/60/18
f 5161/77/19 5162/78/19 5194/79/19 5193/80/19
f 5183/81/20 5169/82/20 5201/83/20 5215/84/20
f 5162/78/21 5183/81/21 5215/84/21 5194/79/21
f 5163/85/22 5161/77/22 5193/80/22 5195/86/22
f 5176/87/23 5163/85/23 5195/86/23 5208/88/23
f 5171/38/24 5184/89/24 5216/90/24 5203/39/24
f 5165/42/25 5164/47/25 5196/50/25 5197/43/25
f 5178/62/26 5191/75/26 5223/76/26 5210/63/26
f 5184/89/27 5185/91/27 5217/92/27 5216/90/27
f 5167/93/28 5166/71/28 5198/74/28 5199/94/28
f 5192/95/29 5188/41/29 5220/44/29 5224/96/29
f 5185/91/30 5186/97/30 5218/98/30 5217/92/30
f 5169/82/31 5168/99/31 5200/100/31 5201/83/31
f 5187/101/32 5192/95/32 5224/96/32 5219/102/32
f 5186/97/33 5174/51/33 5206/52/33 5218/98/33
f 5168/99/34 5170/103/34 5202/104/34 5200/100/34
s 1
f 33/105/35 77/106/36 18/107/37 50/108/38
f 67/109/39 1/110/40 5/111/41 6/112/42
f 68/113/43 67/109/39 6/112/42 7/114/44
f 69/115/45 68/113/43 7/114/44 8/116/46
f 70/117/47 69/115/45 8/116/46 9/118/48
f 2/119/49 70/117/47 9/118/48 10/120/50
f 71/121/51 2/119/49 10/120/50 11/122/52
f 72/123/53 71/124/51 11/125/52 12/126/54
f 73/127/55 72/123/53 12/126/54 13/128/56
f 74/129/57 73/127/55 13/128/56 14/130/58
f 75/131/59 74/129/57 14/130/58 15/132/60
f 3/133/61 75/131/59 15/132/60 16/134/62
f 76/135/63 3/133/61 16/134/62 17/136/64
f 66/137/65 88/138/66 35/139/67 4/140/68
f 77/106/36 76/135/63 17/136/64 18/107/37
f 1/110/40 66/141/65 4/142/68 5/111/41
f 9/118/48 8/116/46 99/143/69 21/144/70
f 10/120/50 9/118/48 21/144/70 22/145/71
f 11/122/52 10/120/50 22/145/71 23/146/72
f 12/126/54 11/125/52 23/147/72 100/148/73
f 13/128/56 12/126/54 100/148/73 101/149/74
f 14/130/58 13/128/56 101/149/74 24/150/75
f 15/132/60 14/130/58 24/150/75 25/151/76
f 16/134/62 15/132/60 25/151/76 102/152/77
f 17/136/64 16/134/62 102/152/77 26/153/78
f 4/140/68 35/139/67 105/154/79 97/155/80
f 18/107/37 17/136/64 26/153/78 103/156/81
f 5/111/41 4/142/68 97/157/80 19/158/82
f 50/108/38 18/107/37 103/156/81 114/159/83
f 6/112/42 5/111/41 19/158/82 98/160/84
f 7/114/44 6/112/42 98/160/84 20/161/85
f 8/116/46 7/114/44 20/161/85 99/143/69
f 33/162/35 50/163/38 49/164/86 96/165/87
f 90/166/88 37/167/89 36/168/90 89/169/91
f 27/170/92 38/171/93 37/167/89 90/166/88
f 28/172/94 39/173/95 38/171/93 27/170/92
f 29/174/96 40/175/97 39/173/95 28/172/94
f 91/176/98 41/177/99 40/175/97 29/174/96
f 92/178/100 42/179/101 41/180/99 91/181/98
f 93/182/102 43/183/103 42/179/101 92/178/100
f 94/184/104 44/185/105 43/183/103 93/182/102
f 95/186/106 45/187/107 44/185/105 94/184/104
f 30/188/108 46/189/109 45/187/107 95/186/106
f 31/190/110 47/191/111 46/189/109 30/188/108
f 32/192/112 48/193/113 47/191/111 31/190/110
f 87/194/114 34/195/115 35/139/67 88/138/66
f 96/165/87 49/164/86 48/193/113 32/192/112
f 89/169/91 36/168/90 34/195/115 87/194/114
f 40/175/97 108/196/116 107/197/117 39/173/95
f 41/177/99 109/198/118 108/196/116 40/175/97
f 42/179/101 53/199/119 109/200/118 41/180/99
f 43/183/103 54/201/120 53/199/119 42/179/101
f 44/185/105 55/202/121 54/201/120 43/183/103
f 45/187/107 56/203/122 55/202/121 44/185/105
f 46/189/109 110/204/123 56/203/122 45/187/107
f 47/191/111 111/205/124 110/204/123 46/189/109
f 48/193/113 112/206/125 111/205/124 47/191/111
f 34/195/115 104/207/126 105/154/79 35/139/67
f 49/164/86 113/208/127 112/206/125 48/193/113
f 36/168/90 51/209/128 104/207/126 34/195/115
f 50/163/38 114/210/83 113/208/127 49/164/86
f 37/167/89 52/211/129 51/209/128 36/168/90
f 38/171/93 106/212/130 52/211/129 37/167/89
f 39/173/95 107/197/117 106/212/130 38/171/93
f 790/213/131 791/214/132 139/215/133 824/216/134
f 824/217/134 139/218/133 141/219/135 140/220/136
f 140/220/136 141/219/135 143/221/137 142/222/138
f 142/222/138 143/221/137 145/223/139 144/224/140
f 144/224/140 145/223/139 146/225/141 823/226/142
f 823/226/142 146/225/141 148/227/143 147/228/144
f 147/228/144 148/227/143 149/229/145 822/230/146
f 822/230/146 149/229/145 150/231/147 821/232/148
f 821/233/148 150/234/147 152/235/149 151/236/150
f 151/236/150 152/235/149 154/237/151 153/238/152
f 153/238/152 154/237/151 156/239/153 155/240/154
f 155/240/154 156/239/153 158/241/155 157/242/156
f 157/242/156 158/241/155 160/243/157 159/244/158
f 159/244/158 160/243/157 162/245/159 161/246/160
f 161/246/160 162/245/159 164/247/161 163/248/162
f 163/248/162 164/247/161 820/249/163 819/250/164
f 790/251/131 824/252/134 140/253/136 142/254/138 144/255/140 823/256/142 147/257/144 822/258/146 821/259/148 151/260/150 153/261/152 155/262/154 157/263/156 159/264/158 161/265/160 163/266/162 819/267/164 817/268/165 165/269/166 814/270/167 812/271/168 166/272/169 809/273/170 167/274/171 806/275/172 804/276/173 802/277/174 800/278/175 798/279/176 796/280/177 794/281/178 792/282/179
f 176/283/180 175/284/181 190/285/182 191/286/183
f 145/223/139 143/221/137 170/287/184 171/288/185
f 160/243/157 158/241/155 179/289/186 180/290/187
f 152/235/149 150/234/147 175/284/181 176/283/180
f 146/225/141 145/223/139 171/288/185 172/291/188
f 162/245/159 160/243/157 180/290/187 181/292/189
f 139/215/133 791/214/132 826/293/190 168/294/191
f 154/237/151 152/235/149 176/283/180 177/295/192
f 148/227/143 146/225/141 172/291/188 173/296/193
f 164/247/161 162/245/159 181/292/189 182/297/194
f 141/219/135 139/218/133 168/298/191 169/299/195
f 156/239/153 154/237/151 177/295/192 178/300/196
f 149/229/145 148/227/143 173/296/193 174/301/197
f 820/249/163 164/247/161 182/297/194 841/302/198
f 143/221/137 141/219/135 169/299/195 170/287/184
f 158/241/155 156/239/153 178/300/196 179/289/186
f 150/231/147 149/229/145 174/301/197 175/303/181
f 194/304/199 193/305/200 208/306/201 209/307/202
f 177/295/192 176/283/180 191/286/183 192/308/203
f 178/300/196 177/295/192 192/308/203 193/305/200
f 179/289/186 178/300/196 193/305/200 194/304/199
f 180/290/187 179/289/186 194/304/199 195/309/204
f 181/292/189 180/290/187 195/309/204 196/310/205
f 168/294/191 826/293/190 843/311/206 183/312/207
f 182/297/194 181/292/189 196/310/205 197/313/208
f 169/299/195 168/298/191 183/314/207 184/315/209
f 841/302/198 182/297/194 197/313/208 858/316/210
f 170/287/184 169/299/195 184/315/209 185/317/211
f 171/288/185 170/287/184 185/317/211 186/318/212
f 172/291/188 171/288/185 186/318/212 187/319/213
f 173/296/193 172/291/188 187/319/213 188/320/214
f 174/301/197 173/296/193 188/320/214 189/321/215
f 175/303/181 174/301/197 189/321/215 190/322/182
f 212/323/216 211/324/217 226/325/218 227/326/219
f 195/309/204 194/304/199 209/307/202 210/327/220
f 196/310/205 195/309/204 210/327/220 211/324/217
f 183/312/207 843/311/206 860/328/221 198/329/222
f 197/313/208 196/310/205 211/324/217 212/323/216
f 184/315/209 183/314/207 198/330/222 199/331/223
f 858/316/210 197/313/208 212/323/216 875/332/224
f 185/317/211 184/315/209 199/331/223 200/333/225
f 186/318/212 185/317/211 200/333/225 201/334/226
f 187/319/213 186/318/212 201/334/226 202/335/227
f 188/320/214 187/319/213 202/335/227 203/336/228
f 189/321/215 188/320/214 203/336/228 204/337/229
f 190/322/182 189/321/215 204/337/229 205/338/230
f 191/286/183 190/285/182 205/339/230 206/340/231
f 192/308/203 191/286/183 206/340/231 207/341/232
f 193/305/200 192/308/203 207/341/232 208/306/201
f 199/331/223 198/330/222 213/342/233 214/343/234
f 875/332/224 212/323/216 227/326/219 892/344/235
f 200/333/225 199/331/223 214/343/234 215/345/236
f 201/334/226 200/333/225 215/345/236 216/346/237
f 202/335/227 201/334/226 216/346/237 217/347/238
f 203/336/228 202/335/227 217/347/238 218/348/239
f 204/337/229 203/336/228 218/348/239 219/349/240
f 205/338/230 204/337/229 219/349/240 220/350/241
f 206/340/231 205/339/230 220/351/241 221/352/242
f 207/341/232 206/340/231 221/352/242 222/353/243
f 208/306/201 207/341/232 222/353/243 223/354/244
f 209/307/202 208/306/201 223/354/244 224/355/245
f 210/327/220 209/307/202 224/355/245 225/356/246
f 211/324/217 210/327/220 225/356/246 226/325/218
f 198/329/222 860/328/221 877/357/247 213/358/233
f 217/347/238 216/346/237 231/359/248 232/360/249
f 218/348/239 217/347/238 232/360/249 233/361/250
f 219/349/240 218/348/239 233/361/250 234/362/251
f 220/350/241 219/349/240 234/362/251 235/363/252
f 221/352/242 220/351/241 235/364/252 236/365/253
f 222/353/243 221/352/242 236/365/253 237/366/254
f 223/354/244 222/353/243 237/366/254 238/367/255
f 224/355/245 223/354/244 238/367/255 239/368/256
f 225/356/246 224/355/245 239/368/256 240/369/257
f 226/325/218 225/356/246 240/369/257 241/370/258
f 213/358/233 877/357/247 894/371/259 228/372/260
f 227/326/219 226/325/218 241/370/258 242/373/261
f 214/343/234 213/342/233 228/374/260 229/375/262
f 892/344/235 227/326/219 242/373/261 909/376/263
f 215/345/236 214/343/234 229/375/262 230/377/264
f 216/346/237 215/345/236 230/377/264 231/359/248
f 235/363/252 234/362/251 249/378/265 250/379/266
f 236/365/253 235/364/252 250/380/266 251/381/267
f 237/366/254 236/365/253 251/381/267 252/382/268
f 238/367/255 237/366/254 252/382/268 253/383/269
f 239/368/256 238/367/255 253/383/269 254/384/270
f 240/369/257 239/368/256 254/384/270 255/385/271
f 241/370/258 240/369/257 255/385/271 256/386/272
f 228/372/260 894/371/259 911/387/273 243/388/274
f 242/373/261 241/370/258 256/386/272 257/389/275
f 229/375/262 228/374/260 243/390/274 244/391/276
f 909/376/263 242/373/261 257/389/275 926/392/277
f 230/377/264 229/375/262 244/391/276 245/393/278
f 231/359/248 230/377/264 245/393/278 246/394/279
f 232/360/249 231/359/248 246/394/279 247/395/280
f 233/361/250 232/360/249 247/395/280 248/396/281
f 234/362/251 233/361/250 248/396/281 249/378/265
f 253/383/269 252/382/268 267/397/282 268/398/283
f 254/384/270 253/383/269 268/398/283 269/399/284
f 255/385/271 254/384/270 269/399/284 270/400/285
f 256/386/272 255/385/271 270/400/285 271/401/286
f 243/388/274 911/387/273 928/402/287 258/403/288
f 257/389/275 256/386/272 271/401/286 272/404/289
f 244/391/276 243/390/274 258/405/288 259/406/290
f 926/392/277 257/389/275 272/404/289 943/407/291
f 245/393/278 244/391/276 259/406/290 260/408/292
f 246/394/279 245/393/278 260/408/292 261/409/293
f 247/395/280 246/394/279 261/409/293 262/410/294
f 248/396/281 247/395/280 262/410/294 263/411/295
f 249/378/265 248/396/281 263/411/295 264/412/296
f 250/379/266 249/378/265 264/412/296 265/413/297
f 251/381/267 250/380/266 265/414/297 266/415/298
f 252/382/268 251/381/267 266/415/298 267/397/282
f 275/416/299 274/417/300 289/418/301 290/419/302
f 271/401/286 270/400/285 285/420/303 286/421/304
f 258/422/288 928/423/287 945/424/305 273/425/306
f 272/426/289 271/427/286 286/428/304 287/429/307
f 259/406/290 258/405/288 273/430/306 274/417/300
f 943/431/291 272/426/289 287/429/307 960/432/308
f 260/408/292 259/406/290 274/417/300 275/416/299
f 261/409/293 260/408/292 275/416/299 276/433/309
f 262/410/294 261/409/293 276/433/309 277/434/310
f 263/411/295 262/410/294 277/434/310 278/435/311
f 264/412/296 263/411/295 278/435/311 279/436/312
f 265/413/297 264/412/296 279/436/312 280/437/313
f 266/438/298 265/439/297 280/440/313 281/441/314
f 267/397/282 266/415/298 281/442/314 282/443/315
f 268/398/283 267/397/282 282/443/315 283/444/316
f 269/399/284 268/398/283 283/444/316 284/445/317
f 270/400/285 269/399/284 284/445/317 285/420/303
f 293/446/318 292/447/319 307/448/320 308/449/321
f 276/433/309 275/416/299 290/419/302 291/450/322
f 277/434/310 276/433/309 291/450/322 292/447/319
f 278/435/311 277/434/310 292/447/319 293/446/318
f 279/436/312 278/435/311 293/446/318 294/451/323
f 280/437/313 279/436/312 294/451/323 295/452/324
f 281/442/314 280/453/313 295/454/324 296/455/325
f 282/443/315 281/442/314 296/455/325 297/456/326
f 283/444/316 282/443/315 297/456/326 298/457/327
f 284/445/317 283/444/316 298/457/327 299/458/328
f 285/420/303 284/445/317 299/458/328 300/459/329
f 286/421/304 285/420/303 300/459/329 301/460/330
f 273/461/306 945/462/305 962/463/331 288/464/332
f 287/465/307 286/421/304 301/460/330 302/466/333
f 274/417/300 273/430/306 288/467/332 289/418/301
f 960/468/308 287/465/307 302/466/333 977/469/334
f 311/470/335 310/471/336 325/472/337 326/473/338
f 294/451/323 293/446/318 308/449/321 309/474/339
f 295/452/324 294/451/323 309/474/339 310/475/336
f 296/455/325 295/454/324 310/471/336 311/470/335
f 297/456/326 296/455/325 311/470/335 312/476/340
f 298/457/327 297/456/326 312/476/340 313/477/341
f 299/458/328 298/457/327 313/477/341 314/478/342
f 300/459/329 299/458/328 314/478/342 315/479/343
f 301/460/330 300/459/329 315/479/343 316/480/344
f 288/464/332 962/463/331 979/481/345 303/482/346
f 302/466/333 301/460/330 316/480/344 317/483/347
f 289/418/301 288/467/332 303/484/346 304/485/348
f 977/469/334 302/466/333 317/483/347 994/486/349
f 290/419/302 289/418/301 304/485/348 305/487/350
f 291/450/322 290/419/302 305/487/350 306/488/351
f 292/447/319 291/450/322 306/488/351 307/448/320
f 329/489/352 328/490/353 343/491/354 344/492/355
f 312/476/340 311/470/335 326/473/338 327/493/356
f 313/477/341 312/476/340 327/493/356 328/490/353
f 314/478/342 313/477/341 328/490/353 329/489/352
f 315/479/343 314/478/342 329/489/352 330/494/357
f 316/480/344 315/479/343 330/494/357 331/495/358
f 303/482/346 979/481/345 996/496/359 318/497/360
f 317/483/347 316/480/344 331/495/358 332/498/361
f 304/485/348 303/484/346 318/499/360 319/500/362
f 994/486/349 317/483/347 332/498/361 1011/501/363
f 305/487/350 304/485/348 319/500/362 320/502/364
f 306/488/351 305/487/350 320/502/364 321/503/365
f 307/448/320 306/488/351 321/503/365 322/504/366
f 308/449/321 307/448/320 322/504/366 323/505/367
f 309/474/339 308/449/321 323/505/367 324/506/368
f 310/475/336 309/474/339 324/506/368 325/507/337
f 347/508/369 346/509/370 361/510/371 362/511/372
f 330/494/357 329/489/352 344/492/355 345/512/373
f 331/495/358 330/494/357 345/512/373 346/509/370
f 318/497/360 996/496/359 1013/513/374 333/514/375
f 332/498/361 331/495/358 346/509/370 347/508/369
f 319/500/362 318/499/360 333/515/375 334/516/376
f 1011/501/363 332/498/361 347/508/369 1028/517/377
f 320/502/364 319/500/362 334/516/376 335/518/378
f 321/503/365 320/502/364 335/518/378 336/519/379
f 322/504/366 321/503/365 336/519/379 337/520/380
f 323/505/367 322/504/366 337/520/380 338/521/381
f 324/506/368 323/505/367 338/521/381 339/522/382
f 325/507/337 324/506/368 339/522/382 340/523/383
f 326/473/338 325/472/337 340/524/383 341/525/384
f 327/493/356 326/473/338 341/525/384 342/526/385
f 328/490/353 327/493/356 342/526/385 343/491/354
f 334/516/376 333/515/375 348/527/386 349/528/387
f 1028/517/377 347/508/369 362/511/372 1045/529/388
f 335/518/378 334/516/376 349/528/387 350/530/389
f 336/519/379 335/518/378 350/530/389 351/531/390
f 337/520/380 336/519/379 351/531/390 352/532/391
f 338/521/381 337/520/380 352/532/391 353/533/392
f 339/522/382 338/521/381 353/533/392 354/534/393
f 340/523/383 339/522/382 354/534/393 355/535/394
f 341/525/384 340/524/383 355/536/394 356/537/395
f 342/526/385 341/525/384 356/537/395 357/538/396
f 343/491/354 342/526/385 357/538/396 358/539/397
f 344/492/355 343/491/354 358/539/397 359/540/398
f 345/512/373 344/492/355 359/540/398 360/541/399
f 346/509/370 345/512/373 360/541/399 361/510/371
f 333/514/375 1013/513/374 1030/542/400 348/543/386
f 352/532/391 351/531/390 366/544/401 367/545/402
f 353/533/392 352/532/391 367/545/402 368/546/403
f 354/534/393 353/533/392 368/546/403 369/547/404
f 355/535/394 354/534/393 369/547/404 370/548/405
f 356/537/395 355/536/394 370/549/405 371/550/406
f 357/538/396 356/537/395 371/550/406 372/551/407
f 358/539/397 357/538/396 372/551/407 373/552/408
f 359/540/398 358/539/397 373/552/408 374/553/409
f 360/541/399 359/540/398 374/553/409 375/554/410
f 361/510/371 360/541/399 375/554/410 376/555/411
f 348/543/386 1030/542/400 1047/556/412 363/557/413
f 362/511/372 361/510/371 376/555/411 377/558/414
f 349/528/387 348/527/386 363/559/413 364/560/415
f 1045/529/388 362/511/372 377/558/414 1062/561/416
f 350/530/389 349/528/387 364/560/415 365/562/417
f 351/531/390 350/530/389 365/562/417 366/544/401
f 370/548/405 369/547/404 384/563/418 385/564/419
f 371/550/406 370/549/405 385/565/419 386/566/420
f 372/551/407 371/550/406 386/566/420 387/567/421
f 373/552/408 372/551/407 387/567/421 388/568/422
f 374/553/409 373/552/408 388/568/422 389/569/423
f 375/554/410 374/553/409 389/569/423 390/570/424
f 376/555/411 375/554/410 390/570/424 391/571/425
f 363/557/413 1047/556/412 1064/572/426 378/573/427
f 377/558/414 376/555/411 391/571/425 392/574/428
f 364/560/415 363/559/413 378/575/427 379/576/429
f 1062/561/416 377/558/414 392/574/428 1079/577/430
f 365/562/417 364/560/415 379/576/429 380/578/431
f 366/544/401 365/562/417 380/578/431 381/579/432
f 367/545/402 366/544/401 381/579/432 382/580/433
f 368/546/403 367/545/402 382/580/433 383/581/434
f 369/547/404 368/546/403 383/581/434 384/563/418
f 388/568/422 387/567/421 402/582/435 403/583/436
f 389/569/423 388/568/422 403/583/436 404/584/437
f 390/570/424 389/569/423 404/584/437 405/585/438
f 391/571/425 390/570/424 405/585/438 406/586/439
f 378/573/427 1064/572/426 1081/587/440 393/588/441
f 392/574/428 391/571/425 406/586/439 407/589/442
f 379/576/429 378/575/427 393/590/441 394/591/443
f 1079/577/430 392/574/428 407/589/442 1096/592/444
f 380/578/431 379/576/429 394/591/443 395/593/445
f 381/579/432 380/578/431 395/593/445 396/594/446
f 382/580/433 381/579/432 396/594/446 397/595/447
f 383/581/434 382/580/433 397/595/447 398/596/448
f 384/563/418 383/581/434 398/596/448 399/597/449
f 385/564/419 384/563/418 399/597/449 400/598/450
f 386/566/420 385/565/419 400/599/450 401/600/451
f 387/567/421 386/566/420 401/600/451 402/582/435
f 406/586/439 405/585/438 420/601/452 421/602/453
f 393/588/441 1081/587/440 1098/603/454 408/604/455
f 407/589/442 406/586/439 421/602/453 422/605/456
f 394/591/443 393/590/441 408/606/455 409/607/457
f 1096/592/444 407/589/442 422/605/456 1113/608/458
f 395/593/445 394/591/443 409/607/457 410/609/459
f 396/594/446 395/593/445 410/609/459 411/610/460
f 397/595/447 396/594/446 411/610/460 412/611/461
f 398/596/448 397/595/447 412/611/461 413/612/462
f 399/597/449 398/596/448 413/612/462 414/613/463
f 400/598/450 399/597/449 414/613/463 415/614/464
f 401/600/451 400/599/450 415/615/464 416/616/465
f 402/582/435 401/600/451 416/616/465 417/617/466
f 403/583/436 402/582/435 417/617/466 418/618/467
f 404/584/437 403/583/436 418/618/467 419/619/468
f 405/585/438 404/584/437 419/619/468 420/601/452
f 411/610/460 410/609/459 425/620/469 426/621/470
f 412/611/461 411/610/460 426/621/470 427/622/471
f 413/612/462 412/611/461 427/622/471 428/623/472
f 414/613/463 413/612/462 428/623/472 429/624/473
f 415/614/464 414/613/463 429/624/473 430/625/474
f 416/616/465 415/615/464 430/626/474 431/627/475
f 417/617/466 416/616/465 431/627/475 432/628/476
f 418/618/467 417/617/466 432/628/476 433/629/477
f 419/619/468 418/618/467 433/629/477 434/630/478
f 420/601/452 419/619/468 434/630/478 435/631/479
f 421/602/453 420/601/452 435/631/479 436/632/480
f 408/604/455 1098/603/454 1115/633/481 423/634/482
f 422/605/456 421/602/453 436/632/480 437/635/483
f 409/607/457 408/606/455 423/636/482 424/637/484
f 1113/608/458 422/605/456 437/635/483 1130/638/485
f 410/609/459 409/607/457 424/637/484 425/620/469
f 429/624/473 428/623/472 443/639/486 444/640/487
f 430/625/474 429/624/473 444/640/487 445/641/488
f 431/627/475 430/626/474 445/642/488 446/643/489
f 432/628/476 431/627/475 446/643/489 447/644/490
f 433/629/477 432/628/476 447/644/490 448/645/491
f 434/630/478 433/629/477 448/645/491 449/646/492
f 435/631/479 434/630/478 449/646/492 450/647/493
f 436/632/480 435/631/479 450/647/493 451/648/494
f 423/634/482 1115/633/481 1132/649/495 438/650/496
f 437/635/483 436/632/480 451/648/494 452/651/497
f 424/637/484 423/636/482 438/652/496 439/653/498
f 1130/638/485 437/635/483 452/651/497 1147/654/499
f 425/620/469 424/637/484 439/653/498 440/655/500
f 426/621/470 425/620/469 440/655/500 441/656/501
f 427/622/471 426/621/470 441/656/501 442/657/502
f 428/623/472 427/622/471 442/657/502 443/639/486
f 447/644/490 446/643/489 461/658/503 462/659/504
f 448/645/491 447/644/490 462/659/504 463/660/505
f 449/646/492 448/645/491 463/660/505 464/661/506
f 450/647/493 449/646/492 464/661/506 465/662/507
f 451/648/494 450/647/493 465/662/507 466/663/508
f 438/650/496 1132/649/495 1149/664/509 453/665/510
f 452/651/497 451/648/494 466/663/508 467/666/511
f 439/653/498 438/652/496 453/667/510 454/668/512
f 1147/654/499 452/651/497 467/666/511 1164/669/513
f 440/655/500 439/653/498 454/668/512 455/670/514
f 441/656/501 440/655/500 455/670/514 456/671/515
f 442/657/502 441/656/501 456/671/515 457/672/516
f 443/639/486 442/657/502 457/672/516 458/673/517
f 444/640/487 443/639/486 458/673/517 459/674/518
f 445/641/488 444/640/487 459/674/518 460/675/519
f 446/643/489 445/642/488 460/676/519 461/658/503
f 469/677/520 468/678/521 483/679/522 484/680/523
f 465/662/507 464/661/506 479/681/524 480/682/525
f 466/663/508 465/662/507 480/682/525 481/683/526
f 453/665/510 1149/664/509 1166/684/527 468/685/521
f 467/666/511 466/663/508 481/683/526 482/686/528
f 454/668/512 453/667/510 468/678/521 469/677/520
f 1164/669/513 467/666/511 482/686/528 1181/687/529
f 455/670/514 454/668/512 469/677/520 470/688/530
f 456/671/515 455/670/514 470/688/530 471/689/531
f 457/672/516 456/671/515 471/689/531 472/690/532
f 458/673/517 457/672/516 472/690/532 473/691/533
f 459/674/518 458/673/517 473/691/533 474/692/534
f 460/675/519 459/674/518 474/692/534 475/693/535
f 461/658/503 460/676/519 475/694/535 476/695/536
f 462/659/504 461/658/503 476/695/536 477/696/537
f 463/660/505 462/659/504 477/696/537 478/697/538
f 464/661/506 463/660/505 478/697/538 479/681/524
f 487/698/539 486/699/540 501/700/541 502/701/542
f 1181/687/529 482/686/528 497/702/543 1198/703/544
f 470/688/530 469/677/520 484/680/523 485/704/545
f 471/689/531 470/688/530 485/704/545 486/699/540
f 472/690/532 471/689/531 486/699/540 487/698/539
f 473/691/533 472/690/532 487/698/539 488/705/546
f 474/692/534 473/691/533 488/705/546 489/706/547
f 475/693/535 474/692/534 489/706/547 490/707/548
f 476/695/536 475/694/535 490/708/548 491/709/549
f 477/696/537 476/695/536 491/709/549 492/710/550
f 478/697/538 477/696/537 492/710/550 493/711/551
f 479/681/524 478/697/538 493/711/551 494/712/552
f 480/682/525 479/681/524 494/712/552 495/713/553
f 481/683/526 480/682/525 495/713/553 496/714/554
f 468/685/521 1166/684/527 1183/715/555 483/716/522
f 482/686/528 481/683/526 496/714/554 497/702/543
f 505/717/556 504/718/557 519/719/558 520/720/559
f 488/705/546 487/698/539 502/701/542 503/721/560
f 489/706/547 488/705/546 503/721/560 504/718/557
f 490/707/548 489/706/547 504/718/557 505/717/556
f 491/709/549 490/708/548 505/722/556 506/723/561
f 492/710/550 491/709/549 506/723/561 507/724/562
f 493/711/551 492/710/550 507/724/562 508/725/563
f 494/712/552 493/711/551 508/725/563 509/726/564
f 495/713/553 494/712/552 509/726/564 510/727/565
f 496/714/554 495/713/553 510/727/565 511/728/566
f 483/716/522 1183/715/555 1200/729/567 498/730/568
f 497/702/543 496/714/554 511/728/566 512/731/569
f 484/680/523 483/679/522 498/732/568 499/733/570
f 1198/703/544 497/702/543 512/731/569 1215/734/571
f 485/704/545 484/680/523 499/733/570 500/735/572
f 486/699/540 485/704/545 500/735/572 501/700/541
f 523/736/573 522/737/574 537/738/575 538/739/576
f 506/723/561 505/722/556 520/740/559 521/741/577
f 507/724/562 506/723/561 521/741/577 522/737/574
f 508/725/563 507/724/562 522/737/574 523/736/573
f 509/726/564 508/725/563 523/736/573 524/742/578
f 510/727/565 509/726/564 524/742/578 525/743/579
f 511/728/566 510/727/565 525/743/579 526/744/580
f 498/730/568 1200/729/567 1217/745/581 513/746/582
f 512/731/569 511/728/566 526/744/580 527/747/583
f 499/733/570 498/732/568 513/748/582 514/749/584
f 1215/734/571 512/731/569 527/747/583 1232/750/585
f 500/735/572 499/733/570 514/749/584 515/751/586
f 501/700/541 500/735/572 515/751/586 516/752/587
f 502/701/542 501/700/541 516/752/587 517/753/588
f 503/721/560 502/701/542 517/753/588 518/754/589
f 504/718/557 503/721/560 518/754/589 519/719/558
f 524/742/578 523/736/573 538/739/576 539/755/590
f 525/743/579 524/742/578 539/755/590 540/756/591
f 526/744/580 525/743/579 540/756/591 541/757/592
f 513/746/582 1217/745/581 1234/758/593 528/759/594
f 527/747/583 526/744/580 541/757/592 542/760/595
f 514/749/584 513/748/582 528/761/594 529/762/596
f 1232/750/585 527/747/583 542/760/595 1249/763/597
f 515/751/586 514/749/584 529/762/596 530/764/598
f 516/752/587 515/751/586 530/764/598 531/765/599
f 517/753/588 516/752/587 531/765/599 532/766/600
f 518/754/589 517/753/588 532/766/600 533/767/601
f 519/719/558 518/754/589 533/767/601 534/768/602
f 520/720/559 519/719/558 534/768/602 535/769/603
f 521/741/577 520/740/559 535/770/603 536/771/604
f 522/737/574 521/741/577 536/771/604 537/738/575
f 540/756/591 539/755/590 554/772/605 555/773/606
f 528/759/594 1234/758/593 1251/774/607 543/775/608
f 541/757/592 540/756/591 555/773/606 556/776/609
f 529/762/596 528/761/594 543/777/608 544/778/610
f 542/760/595 541/757/592 556/776/609 557/779/611
f 530/764/598 529/762/596 544/778/610 545/780/612
f 1249/763/597 542/760/595 557/779/611 1266/781/613
f 531/765/599 530/764/598 545/780/612 546/782/614
f 532/766/600 531/765/599 546/782/614 547/783/615
f 533/767/601 532/766/600 547/783/615 548/784/616
f 534/768/602 533/767/601 548/784/616 549/785/617
f 535/769/603 534/768/602 549/785/617 550/786/618
f 536/771/604 535/770/603 550/787/618 551/788/619
f 537/738/575 536/771/604 551/788/619 552/789/620
f 538/739/576 537/738/575 552/789/620 553/790/621
f 539/755/590 538/739/576 553/790/621 554/772/605
f 1266/791/613 557/792/611 572/793/622 1283/794/623
f 545/795/612 544/796/610 559/797/624 560/798/625
f 546/799/614 545/795/612 560/798/625 561/800/626
f 547/783/615 546/782/614 561/801/626 562/802/627
f 548/803/616 547/804/615 562/805/627 563/806/628
f 549/807/617 548/803/616 563/806/628 564/808/629
f 550/809/618 549/807/617 564/808/629 565/810/630
f 551/811/619 550/809/618 565/810/630 566/812/631
f 552/789/620 551/788/619 566/813/631 567/814/632
f 553/790/621 552/789/620 567/814/632 568/815/633
f 554/772/605 553/790/621 568/815/633 569/816/634
f 555/773/606 554/772/605 569/816/634 570/817/635
f 556/776/609 555/773/606 570/817/635 571/818/636
f 543/819/608 1251/820/607 1268/821/637 558/822/638
f 557/792/611 556/823/609 571/824/636 572/793/622
f 544/796/610 543/819/608 558/822/638 559/797/624
f 563/825/628 562/802/627 577/826/639 578/827/640
f 564/828/629 563/825/628 578/827/640 579/829/641
f 565/830/630 564/828/629 579/829/641 580/831/642
f 566/813/631 565/832/630 580/833/642 581/834/643
f 567/814/632 566/813/631 581/834/643 582/835/644
f 568/815/633 567/814/632 582/835/644 583/836/645
f 569/816/634 568/815/633 583/836/645 584/837/646
f 570/817/635 569/816/634 584/837/646 585/838/647
f 571/818/636 570/817/635 585/838/647 586/839/648
f 558/840/638 1268/841/637 1285/842/649 573/843/650
f 572/844/622 571/818/636 586/839/648 587/845/651
f 559/846/624 558/847/638 573/848/650 574/849/652
f 1283/850/623 572/844/622 587/845/651 1300/851/653
f 560/852/625 559/846/624 574/849/652 575/853/654
f 561/801/626 560/852/625 575/853/654 576/854/655
f 562/802/627 561/801/626 576/854/655 577/826/639
f 581/834/643 580/833/642 595/855/656 596/856/657
f 582/835/644 581/834/643 596/856/657 597/857/658
f 583/836/645 582/835/644 597/857/658 598/858/659
f 584/837/646 583/836/645 598/858/659 599/859/660
f 585/838/647 584/837/646 599/859/660 600/860/661
f 586/839/648 585/838/647 600/860/661 601/861/662
f 573/843/650 1285/842/649 1302/862/663 588/863/664
f 587/845/651 586/839/648 601/861/662 602/864/665
f 574/849/652 573/848/650 588/865/664 589/866/666
f 1300/851/653 587/845/651 602/864/665 1317/867/667
f 575/853/654 574/849/652 589/866/666 590/868/668
f 576/854/655 575/853/654 590/868/668 591/869/669
f 577/826/639 576/854/655 591/869/669 592/870/670
f 578/827/640 577/826/639 592/870/670 593/871/671
f 579/829/641 578/827/640 593/871/671 594/872/672
f 580/831/642 579/829/641 594/872/672 595/873/656
f 603/874/673 1319/875/674 1336/876/675 618/877/676
f 599/859/660 598/858/659 613/878/677 614/879/678
f 600/860/661 599/859/660 614/879/678 615/880/679
f 601/861/662 600/860/661 615/880/679 616/881/680
f 588/863/664 1302/862/663 1319/875/674 603/874/673
f 602/864/665 601/861/662 616/881/680 617/882/681
f 589/866/666 588/865/664 603/883/673 604/884/682
f 1317/867/667 602/864/665 617/882/681 1334/885/683
f 590/868/668 589/866/666 604/884/682 605/886/684
f 591/869/669 590/868/668 605/886/684 606/887/685
f 592/870/670 591/869/669 606/887/685 607/888/686
f 593/871/671 592/870/670 607/888/686 608/889/687
f 594/872/672 593/871/671 608/889/687 609/890/688
f 595/873/656 594/872/672 609/890/688 610/891/689
f 596/856/657 595/855/656 610/892/689 611/893/690
f 597/857/658 596/856/657 611/893/690 612/894/691
f 598/858/659 597/857/658 612/894/691 613/878/677
f 621/895/692 620/896/693 635/897/694 636/898/695
f 617/882/681 616/881/680 631/899/696 632/900/697
f 604/884/682 603/883/673 618/901/676 619/902/698
f 1334/885/683 617/882/681 632/900/697 1351/903/699
f 605/886/684 604/884/682 619/902/698 620/896/693
f 606/887/685 605/886/684 620/896/693 621/895/692
f 607/888/686 606/887/685 621/895/692 622/904/700
f 608/889/687 607/888/686 622/904/700 623/905/701
f 609/890/688 608/889/687 623/905/701 624/906/702
f 610/891/689 609/890/688 624/906/702 625/907/703
f 611/893/690 610/892/689 625/908/703 626/909/704
f 612/894/691 611/893/690 626/909/704 627/910/705
f 613/878/677 612/894/691 627/910/705 628/911/706
f 614/879/678 613/878/677 628/911/706 629/912/707
f 615/880/679 614/879/678 629/912/707 630/913/708
f 616/881/680 615/880/679 630/913/708 631/899/696
f 639/914/487 638/915/709 651/916/710 652/917/711
f 622/904/700 621/895/692 636/898/695 637/918/712
f 623/905/701 622/904/700 637/918/712 638/915/709
f 624/906/702 623/905/701 638/915/709 639/914/487
f 625/907/703 624/906/702 639/914/487 640/919/713
f 626/909/704 625/908/703 640/920/713 641/921/489
f 627/910/705 626/909/704 641/921/489 642/922/714
f 628/911/706 627/910/705 642/922/714 643/923/715
f 629/912/707 628/911/706 643/923/715 644/924/716
f 630/913/708 629/912/707 644/924/716 645/925/717
f 631/899/696 630/913/708 645/925/717 646/926/718
f 618/877/676 1336/876/675 1353/927/495 633/928/496
f 632/900/697 631/899/696 646/926/718 647/929/497
f 619/902/698 618/901/676 633/930/496 634/931/719
f 1351/903/699 632/900/697 647/929/497 1368/932/499
f 620/896/693 619/902/698 634/931/719 635/897/694
f 640/919/713 639/914/487 652/917/711 653/933/720
f 641/921/489 640/920/713 653/934/720 654/935/721
f 642/922/714 641/921/489 654/935/721 655/936/722
f 643/923/715 642/922/714 655/936/722 656/937/723
f 644/924/716 643/923/715 656/937/723 657/938/724
f 645/925/717 644/924/716 657/938/724 658/939/725
f 646/926/718 645/925/717 658/939/725 1715/940/726
f 633/928/496 1353/927/495 1370/941/727 1713/942/728
f 647/929/497 646/926/718 1715/940/726 659/943/729
f 634/931/719 633/930/496 1713/944/728 1714/945/730
f 1368/932/499 647/929/497 659/943/729 1379/946/731
f 635/897/694 634/931/719 1714/945/730 648/947/732
f 636/898/695 635/897/694 648/947/732 649/948/733
f 637/918/712 636/898/695 649/948/733 650/949/734
f 638/915/709 637/918/712 650/949/734 651/916/710
f 1553/950/735 663/951/736 693/952/737 1606/953/738
f 1537/954/739 672/955/740 694/956/741 1611/957/742
f 1582/958/743 672/955/740 1537/954/739 1525/959/744
f 1542/960/745 1554/961/746 667/962/747 1601/963/748
f 673/964/749 667/965/747 697/966/750 698/967/749
f 1574/968/751 665/969/83 666/970/83 1570/971/751
f 1577/972/752 664/973/753 665/969/83 1574/968/751
f 1586/974/754 671/975/72 672/955/740 1582/958/743
f 692/976/755 1581/977/756 1527/978/757 1578/979/758
f 686/980/755 692/976/755 1578/979/758 1573/981/759
f 680/982/755 686/980/755 1573/981/759 1569/983/759
f 1705/984/760 1565/985/760 675/986/755 1501/987/755
f 1706/988/761 1499/989/79 661/990/79 1566/991/761
f 1565/985/760 1561/992/760 681/993/755 675/986/755
f 1562/994/761 662/995/79 663/951/736 1558/996/762
f 681/993/755 687/997/755 688/998/755 682/999/755
f 682/999/755 688/998/755 689/1000/755 683/1001/755
f 683/1001/755 689/1000/755 690/1002/755 684/1003/755
f 684/1003/755 690/1002/755 691/1004/755 685/1005/755
f 685/1005/755 691/1004/755 692/976/755 686/980/755
f 1566/991/761 661/990/79 662/995/79 1562/994/761
f 675/986/755 681/993/755 682/999/755 676/1006/755
f 676/1006/755 682/999/755 683/1001/755 677/1007/755
f 677/1007/755 683/1001/755 684/1003/755 678/1008/755
f 678/1008/755 684/1003/755 685/1005/755 679/1009/755
f 679/1009/755 685/1005/755 686/980/755 680/982/755
f 1570/971/751 666/970/83 1500/1010/83 1709/1011/751
f 1501/987/755 675/986/755 676/1006/755 1502/1012/755
f 1502/1012/755 676/1006/755 677/1007/755 1503/1013/755
f 1503/1013/755 677/1007/755 678/1008/755 1504/1014/755
f 1504/1014/755 678/1008/755 679/1009/755 1505/1015/755
f 1505/1015/755 679/1009/755 680/982/755 1506/1016/755
f 674/1017/763 664/973/753 695/1018/764 696/1019/763
f 1558/996/762 663/951/736 1553/950/735 1541/1020/765
f 1507/1021/2 695/1022/764 694/1023/741 697/1024/750 1605/1025/766 1606/1026/738 693/1027/737 1508/1028/2
f 1601/963/748 667/962/747 668/1029/72 1598/1030/754
f 1598/1030/754 668/1029/72 669/1031/72 1594/1032/754
f 1594/1032/754 669/1031/72 670/1033/72 1590/1034/754
f 1590/1034/754 670/1033/72 671/975/72 1586/974/754
f 1557/1035/767 1543/1036/768 1602/1037/756 687/997/755
f 687/997/755 1602/1037/756 1597/1038/769 688/998/755
f 688/998/755 1597/1038/769 1593/1039/769 689/1000/755
f 689/1000/755 1593/1039/769 1589/1040/769 690/1002/755
f 690/1002/755 1589/1040/769 1585/1041/769 691/1004/755
f 691/1004/755 1585/1041/769 1581/977/756 692/976/755
f 1617/1042/770 1668/1043/771 1384/1044/772 1627/1045/773
f 664/973/753 1538/1046/774 1610/1047/775 695/1018/764
f 663/1048/736 673/964/749 698/967/749 693/1049/737
f 1561/992/760 1557/1035/767 687/997/755 681/993/755
f 672/1050/740 674/1051/763 696/1052/763 694/1053/741
f 667/962/747 1554/961/746 1605/1054/766 697/1055/750
f 700/1056/72 703/1057/72 708/1058/776 705/1059/776
f 703/1057/72 699/1060/72 704/1061/777 708/1058/776
f 701/1062/72 700/1056/72 705/1059/776 706/1063/777
f 706/1064/777 705/1065/776 709/1066/778 710/1067/779
f 705/1065/776 708/1068/776 712/1069/778 709/1066/778
f 710/1067/779 709/1066/778 713/1070/780 714/1071/781
f 709/1066/778 712/1069/778 717/1072/780 713/1070/780
f 708/1068/776 704/1073/777 702/1074/779 712/1069/778
f 713/1070/780 717/1072/780 722/1075/782 718/1076/782
f 712/1069/778 702/1074/779 707/1077/781 717/1072/780
f 718/1078/782 722/1079/782 726/1080/783 723/1081/783
f 714/1071/781 713/1070/780 718/1076/782 719/1082/784
f 717/1072/780 707/1077/781 711/1083/784 722/1075/782
f 715/1084/785 716/1085/786 721/1086/786 720/1087/787
f 723/1088/783 726/1089/783 730/1090/788 727/1091/788
f 719/1092/784 718/1078/782 723/1081/783 724/1093/789
f 722/1079/782 711/1094/784 715/1095/785 726/1080/783
f 727/1096/788 730/1097/788 734/1098/790 731/1099/790
f 724/1100/789 723/1088/783 727/1091/788 728/1101/791
f 726/1089/783 715/1084/785 720/1087/787 730/1090/788
f 731/1099/790 734/1098/790 738/1102/792 735/1103/792
f 734/1098/790 725/1104/793 729/1105/794 738/1102/792
f 728/1106/791 727/1096/788 731/1099/790 732/1107/793
f 730/1097/788 720/1108/787 725/1104/793 734/1098/790
f 735/1109/792 738/1110/792 742/1111/795 739/1112/795
f 738/1110/792 729/1113/794 733/1114/796 742/1111/795
f 736/1115/794 735/1109/792 739/1112/795 740/1116/796
f 732/1107/793 731/1099/790 735/1103/792 736/1117/794
f 739/1112/795 742/1111/795 746/1118/797 743/1119/797
f 742/1111/795 733/1114/796 737/1120/798 746/1118/797
f 740/1116/796 739/1112/795 743/1119/797 744/1121/798
f 743/1122/797 746/1123/797 750/1124/799 747/1125/799
f 746/1123/797 737/1126/798 741/1127/800 750/1124/799
f 744/1128/798 743/1122/797 747/1125/799 748/1129/800
f 747/1130/799 750/1131/799 754/1132/801 751/1133/801
f 750/1131/799 741/1134/800 745/1135/802 754/1132/801
f 748/1136/800 747/1130/799 751/1133/801 752/1137/802
f 751/1133/801 754/1132/801 758/1138/803 755/1139/803
f 754/1132/801 745/1135/802 749/1140/804 758/1138/803
f 752/1137/802 751/1133/801 755/1139/803 756/1141/804
f 758/1138/803 749/1140/804 753/1142/805 762/1143/806
f 756/1141/804 755/1139/803 759/1144/806 760/1145/805
f 762/1143/806 753/1142/805 757/1146/807 766/1147/808
f 760/1145/805 759/1144/806 763/1148/808 764/1149/807
f 755/1139/803 758/1138/803 762/1143/806 759/1144/806
f 766/1147/808 757/1146/807 761/1150/809 770/1151/810
f 764/1149/807 763/1148/808 767/1152/810 768/1153/809
f 759/1144/806 762/1143/806 766/1147/808 763/1148/808
f 770/1151/810 761/1150/809 765/1154/811 774/1155/812
f 768/1153/809 767/1152/810 771/1156/812 772/1157/811
f 763/1148/808 766/1147/808 770/1151/810 767/1152/810
f 774/1158/812 765/1159/811 769/1160/813 777/1161/814
f 772/1162/811 771/1163/812 775/1164/814 776/1165/813
f 767/1152/810 770/1151/810 774/1155/812 771/1156/812
f 776/1166/813 775/1167/814 778/1168/815 779/1169/815
f 775/1167/814 777/1170/814 780/1171/815 778/1168/815
f 771/1163/812 774/1158/812 777/1161/814 775/1164/814
f 777/1170/814 769/1172/813 773/1173/815 780/1171/815
f 1506/1016/755 680/982/755 1569/983/759 1710/1174/759
f 781/1175/816 2060/1176/817 2061/1177/818 2062/1178/819 2063/1179/820 2064/1180/821 2065/1181/822 2067/1182/823 782/1183/824 2069/1184/825 2070/1185/826 2071/1186/827 2072/1187/828 783/1188/829 2074/1189/830 2075/1190/831 2077/1191/832 784/1192/833 785/1193/834 2079/1194/835 2081/1195/836 786/1196/837 787/1197/838 2083/1198/839 2085/1199/840 788/1200/841 789/1201/842 2087/1202/843 2088/1203/844 2090/1204/845 2091/1205/846 2093/1206/847
f 790/213/131 792/1207/179 793/1208/848 791/214/132
f 792/1207/179 794/1209/178 795/1210/849 793/1208/848
f 794/1209/178 796/1211/177 797/1212/850 795/1210/849
f 796/1211/177 798/1213/176 799/1214/851 797/1212/850
f 798/1213/176 800/1215/175 801/1216/852 799/1214/851
f 800/1215/175 802/1217/174 803/1218/853 801/1216/852
f 802/1217/174 804/1219/173 805/1220/854 803/1218/853
f 804/1221/173 806/1222/172 807/1223/855 805/1224/854
f 806/1222/172 167/1225/171 808/1226/856 807/1223/855
f 167/1225/171 809/1227/170 810/1228/857 808/1226/856
f 809/1227/170 166/1229/169 811/1230/858 810/1228/857
f 166/1229/169 812/1231/168 813/1232/859 811/1230/858
f 812/1231/168 814/1233/167 815/1234/860 813/1232/859
f 814/1233/167 165/1235/166 816/1236/861 815/1234/860
f 165/1235/166 817/1237/165 818/1238/862 816/1236/861
f 817/1237/165 819/1239/164 820/1240/163 818/1238/862
f 834/1241/863 851/1242/864 850/1243/865 833/1244/866
f 799/1214/851 829/1245/867 828/1246/868 797/1212/850
f 815/1234/860 838/1247/869 837/1248/870 813/1232/859
f 808/1226/856 834/1241/863 833/1244/866 807/1223/855
f 801/1216/852 830/1249/871 829/1245/867 799/1214/851
f 816/1236/861 839/1250/872 838/1247/869 815/1234/860
f 793/1208/848 825/1251/873 826/293/190 791/214/132
f 810/1228/857 835/1252/874 834/1241/863 808/1226/856
f 803/1218/853 831/1253/875 830/1249/871 801/1216/852
f 818/1238/862 840/1254/876 839/1250/872 816/1236/861
f 795/1210/849 827/1255/877 825/1251/873 793/1208/848
f 811/1230/858 836/1256/878 835/1252/874 810/1228/857
f 805/1220/854 832/1257/879 831/1253/875 803/1218/853
f 820/1240/163 841/1258/198 840/1254/876 818/1238/862
f 797/1212/850 828/1246/868 827/1255/877 795/1210/849
f 813/1232/859 837/1248/870 836/1256/878 811/1230/858
f 807/1223/855 833/1244/866 832/1259/879 805/1224/854
f 854/1260/880 871/1261/881 870/1262/882 853/1263/883
f 835/1252/874 852/1264/884 851/1242/864 834/1241/863
f 836/1256/878 853/1263/883 852/1264/884 835/1252/874
f 837/1248/870 854/1260/880 853/1263/883 836/1256/878
f 838/1247/869 855/1265/885 854/1260/880 837/1248/870
f 839/1250/872 856/1266/886 855/1265/885 838/1247/869
f 825/1251/873 842/1267/887 843/311/206 826/293/190
f 840/1254/876 857/1268/888 856/1266/886 839/1250/872
f 827/1255/877 844/1269/889 842/1267/887 825/1251/873
f 841/1258/198 858/1270/210 857/1268/888 840/1254/876
f 828/1246/868 845/1271/890 844/1269/889 827/1255/877
f 829/1245/867 846/1272/891 845/1271/890 828/1246/868
f 830/1249/871 847/1273/892 846/1272/891 829/1245/867
f 831/1253/875 848/1274/893 847/1273/892 830/1249/871
f 832/1257/879 849/1275/894 848/1274/893 831/1253/875
f 833/1244/866 850/1243/865 849/1276/894 832/1259/879
f 874/1277/895 891/1278/896 890/1279/897 873/1280/898
f 855/1265/885 872/1281/899 871/1261/881 854/1260/880
f 856/1266/886 873/1280/898 872/1281/899 855/1265/885
f 842/1267/887 859/1282/900 860/328/221 843/311/206
f 857/1268/888 874/1277/895 873/1280/898 856/1266/886
f 844/1269/889 861/1283/901 859/1282/900 842/1267/887
f 858/1270/210 875/1284/224 874/1277/895 857/1268/888
f 845/1271/890 862/1285/902 861/1283/901 844/1269/889
f 846/1272/891 863/1286/903 862/1285/902 845/1271/890
f 847/1273/892 864/1287/904 863/1286/903 846/1272/891
f 848/1274/893 865/1288/905 864/1287/904 847/1273/892
f 849/1275/894 866/1289/906 865/1288/905 848/1274/893
f 850/1243/865 867/1290/907 866/1291/906 849/1276/894
f 851/1242/864 868/1292/908 867/1290/907 850/1243/865
f 852/1264/884 869/1293/909 868/1292/908 851/1242/864
f 853/1263/883 870/1262/882 869/1293/909 852/1264/884
f 861/1283/901 878/1294/910 876/1295/911 859/1282/900
f 875/1284/224 892/1296/235 891/1278/896 874/1277/895
f 862/1285/902 879/1297/912 878/1294/910 861/1283/901
f 863/1286/903 880/1298/913 879/1297/912 862/1285/902
f 864/1287/904 881/1299/914 880/1298/913 863/1286/903
f 865/1288/905 882/1300/915 881/1299/914 864/1287/904
f 866/1289/906 883/1301/916 882/1300/915 865/1288/905
f 867/1290/907 884/1302/917 883/1303/916 866/1291/906
f 868/1292/908 885/1304/918 884/1302/917 867/1290/907
f 869/1293/909 886/1305/919 885/1304/918 868/1292/908
f 870/1262/882 887/1306/920 886/1305/919 869/1293/909
f 871/1261/881 888/1307/921 887/1306/920 870/1262/882
f 872/1281/899 889/1308/922 888/1307/921 871/1261/881
f 873/1280/898 890/1279/897 889/1308/922 872/1281/899
f 859/1282/900 876/1295/911 877/357/247 860/328/221
f 881/1299/914 898/1309/923 897/1310/924 880/1298/913
f 882/1300/915 899/1311/925 898/1309/923 881/1299/914
f 883/1301/916 900/1312/926 899/1311/925 882/1300/915
f 884/1313/917 901/1314/927 900/1315/926 883/1316/916
f 885/1304/918 902/1317/928 901/1318/927 884/1302/917
f 886/1305/919 903/1319/929 902/1317/928 885/1304/918
f 887/1306/920 904/1320/930 903/1319/929 886/1305/919
f 888/1307/921 905/1321/931 904/1320/930 887/1306/920
f 889/1308/922 906/1322/932 905/1321/931 888/1307/921
f 890/1279/897 907/1323/933 906/1322/932 889/1308/922
f 876/1295/911 893/1324/934 894/371/259 877/357/247
f 891/1278/896 908/1325/935 907/1323/933 890/1279/897
f 878/1294/910 895/1326/936 893/1324/934 876/1295/911
f 892/1296/235 909/1327/263 908/1325/935 891/1278/896
f 879/1297/912 896/1328/937 895/1326/936 878/1294/910
f 880/1298/913 897/1310/924 896/1328/937 879/1297/912
f 901/1318/927 918/1329/938 917/1330/939 900/1331/926
f 902/1317/928 919/1332/940 918/1329/938 901/1318/927
f 903/1319/929 920/1333/941 919/1332/940 902/1317/928
f 904/1320/930 921/1334/942 920/1333/941 903/1319/929
f 905/1321/931 922/1335/943 921/1334/942 904/1320/930
f 906/1322/932 923/1336/944 922/1335/943 905/1321/931
f 907/1323/933 924/1337/945 923/1336/944 906/1322/932
f 893/1324/934 910/1338/946 911/387/273 894/371/259
f 908/1325/935 925/1339/947 924/1337/945 907/1323/933
f 895/1326/936 912/1340/948 910/1338/946 893/1324/934
f 909/1327/263 926/1341/277 925/1339/947 908/1325/935
f 896/1328/937 913/1342/949 912/1340/948 895/1326/936
f 897/1310/924 914/1343/950 913/1342/949 896/1328/937
f 898/1309/923 915/1344/951 914/1343/950 897/1310/924
f 899/1311/925 916/1345/952 915/1344/951 898/1309/923
f 900/1312/926 917/1346/939 916/1345/952 899/1311/925
f 921/1334/942 938/1347/953 937/1348/954 920/1333/941
f 922/1335/943 939/1349/955 938/1347/953 921/1334/942
f 923/1336/944 940/1350/956 939/1349/955 922/1335/943
f 924/1337/945 941/1351/957 940/1350/956 923/1336/944
f 910/1338/946 927/1352/958 928/402/287 911/387/273
f 925/1339/947 942/1353/959 941/1351/957 924/1337/945
f 912/1340/948 929/1354/960 927/1352/958 910/1338/946
f 926/1341/277 943/1355/291 942/1353/959 925/1339/947
f 913/1342/949 930/1356/961 929/1354/960 912/1340/948
f 914/1343/950 931/1357/962 930/1356/961 913/1342/949
f 915/1344/951 932/1358/963 931/1357/962 914/1343/950
f 916/1345/952 933/1359/964 932/1358/963 915/1344/951
f 917/1346/939 934/1360/965 933/1359/964 916/1345/952
f 918/1329/938 935/1361/966 934/1362/965 917/1330/939
f 919/1332/940 936/1363/967 935/1361/966 918/1329/938
f 920/1333/941 937/1348/954 936/1363/967 919/1332/940
f 947/1364/968 964/1365/969 963/1366/970 946/1367/971
f 941/1351/957 958/1368/972 957/1369/973 940/1350/956
f 927/1352/958 944/1370/974 945/462/305 928/402/287
f 942/1353/959 959/1371/975 958/1368/972 941/1351/957
f 929/1354/960 946/1367/971 944/1370/974 927/1352/958
f 943/431/291 960/432/308 959/1372/975 942/1373/959
f 930/1356/961 947/1364/968 946/1367/971 929/1354/960
f 931/1357/962 948/1374/976 947/1364/968 930/1356/961
f 932/1358/963 949/1375/977 948/1374/976 931/1357/962
f 933/1376/964 950/1377/978 949/1378/977 932/1379/963
f 934/1380/965 951/1381/979 950/1377/978 933/1376/964
f 935/1382/966 952/1383/980 951/1381/979 934/1380/965
f 936/1384/967 953/1385/981 952/1383/980 935/1382/966
f 937/1386/954 954/1387/982 953/1385/981 936/1384/967
f 938/1347/953 955/1388/983 954/1389/982 937/1348/954
f 939/1349/955 956/1390/984 955/1388/983 938/1347/953
f 940/1350/956 957/1369/973 956/1390/984 939/1349/955
f 967/1391/985 984/1392/986 983/1393/987 966/1394/988
f 948/1374/976 965/1395/989 964/1365/969 947/1364/968
f 949/1375/977 966/1394/988 965/1395/989 948/1374/976
f 950/1396/978 967/1391/985 966/1394/988 949/1375/977
f 951/1397/979 968/1398/990 967/1391/985 950/1396/978
f 952/1399/980 969/1400/991 968/1401/990 951/1402/979
f 953/1403/981 970/1404/992 969/1400/991 952/1399/980
f 954/1389/982 971/1405/993 970/1404/992 953/1403/981
f 955/1388/983 972/1406/994 971/1405/993 954/1389/982
f 956/1390/984 973/1407/995 972/1406/994 955/1388/983
f 957/1369/973 974/1408/996 973/1407/995 956/1390/984
f 958/1368/972 975/1409/997 974/1408/996 957/1369/973
f 944/1370/974 961/1410/998 962/463/331 945/462/305
f 959/1371/975 976/1411/999 975/1409/997 958/1368/972
f 946/1367/971 963/1366/970 961/1410/998 944/1370/974
f 960/1412/308 977/1413/334 976/1411/999 959/1371/975
f 987/1414/1000 1004/1415/1001 1003/1416/1002 986/1417/1003
f 968/1398/990 985/1418/1004 984/1392/986 967/1391/985
f 969/1400/991 986/1417/1003 985/1419/1004 968/1401/990
f 970/1404/992 987/1414/1000 986/1417/1003 969/1400/991
f 971/1405/993 988/1420/1005 987/1414/1000 970/1404/992
f 972/1406/994 989/1421/1006 988/1420/1005 971/1405/993
f 973/1407/995 990/1422/1007 989/1421/1006 972/1406/994
f 974/1408/996 991/1423/1008 990/1422/1007 973/1407/995
f 975/1409/997 992/1424/1009 991/1423/1008 974/1408/996
f 961/1410/998 978/1425/1010 979/481/345 962/463/331
f 976/1411/999 993/1426/1011 992/1424/1009 975/1409/997
f 963/1366/970 980/1427/1012 978/1425/1010 961/1410/998
f 977/1413/334 994/486/349 993/1426/1011 976/1411/999
f 964/1365/969 981/1428/1013 980/1427/1012 963/1366/970
f 965/1395/989 982/1429/1014 981/1428/1013 964/1365/969
f 966/1394/988 983/1393/987 982/1429/1014 965/1395/989
f 1007/1430/1015 1024/1431/1016 1023/1432/1017 1006/1433/1018
f 988/1420/1005 1005/1434/1019 1004/1415/1001 987/1414/1000
f 989/1421/1006 1006/1433/1018 1005/1434/1019 988/1420/1005
f 990/1422/1007 1007/1430/1015 1006/1433/1018 989/1421/1006
f 991/1423/1008 1008/1435/1020 1007/1430/1015 990/1422/1007
f 992/1424/1009 1009/1436/1021 1008/1435/1020 991/1423/1008
f 978/1425/1010 995/1437/1022 996/496/359 979/481/345
f 993/1426/1011 1010/1438/1023 1009/1436/1021 992/1424/1009
f 980/1427/1012 997/1439/1024 995/1437/1022 978/1425/1010
f 994/486/349 1011/1440/363 1010/1438/1023 993/1426/1011
f 981/1428/1013 998/1441/1025 997/1439/1024 980/1427/1012
f 982/1429/1014 999/1442/1026 998/1441/1025 981/1428/1013
f 983/1393/987 1000/1443/1027 999/1442/1026 982/1429/1014
f 984/1392/986 1001/1444/1028 1000/1443/1027 983/1393/987
f 985/1418/1004 1002/1445/1029 1001/1444/1028 984/1392/986
f 986/1446/1003 1003/1447/1002 1002/1448/1029 985/1449/1004
f 1027/1450/1030 1044/1451/1031 1043/1452/1032 1026/1453/1033
f 1008/1435/1020 1025/1454/1034 1024/1431/1016 1007/1430/1015
f 1009/1436/1021 1026/1453/1033 1025/1454/1034 1008/1435/1020
f 995/1437/1022 1012/1455/1035 1013/513/374 996/496/359
f 1010/1438/1023 1027/1450/1030 1026/1453/1033 1009/1436/1021
f 997/1439/1024 1014/1456/1036 1012/1455/1035 995/1437/1022
f 1011/1440/363 1028/1457/377 1027/1450/1030 1010/1438/1023
f 998/1441/1025 1015/1458/1037 1014/1456/1036 997/1439/1024
f 999/1442/1026 1016/1459/1038 1015/1458/1037 998/1441/1025
f 1000/1443/1027 1017/1460/1039 1016/1459/1038 999/1442/1026
f 1001/1444/1028 1018/1461/1040 1017/1460/1039 1000/1443/1027
f 1002/1448/1029 1019/1462/1041 1018/1463/1040 1001/1464/1028
f 1003/1447/1002 1020/1465/1042 1019/1462/1041 1002/1448/1029
f 1004/1415/1001 1021/1466/1043 1020/1467/1042 1003/1416/1002
f 1005/1434/1019 1022/1468/1044 1021/1466/1043 1004/1415/1001
f 1006/1433/1018 1023/1432/1017 1022/1468/1044 1005/1434/1019
f 1014/1456/1036 1031/1469/1045 1029/1470/1046 1012/1455/1035
f 1028/1457/377 1045/1471/388 1044/1451/1031 1027/1450/1030
f 1015/1458/1037 1032/1472/1047 1031/1469/1045 1014/1456/1036
f 1016/1459/1038 1033/1473/1048 1032/1472/1047 1015/1458/1037
f 1017/1460/1039 1034/1474/1049 1033/1473/1048 1016/1459/1038
f 1018/1461/1040 1035/1475/1050 1034/1474/1049 1017/1460/1039
f 1019/1476/1041 1036/1477/1051 1035/1475/1050 1018/1461/1040
f 1020/1467/1042 1037/1478/1052 1036/1479/1051 1019/1480/1041
f 1021/1466/1043 1038/1481/1053 1037/1478/1052 1020/1467/1042
f 1022/1468/1044 1039/1482/1054 1038/1481/1053 1021/1466/1043
f 1023/1432/1017 1040/1483/1055 1039/1482/1054 1022/1468/1044
f 1024/1431/1016 1041/1484/1056 1040/1483/1055 1023/1432/1017
f 1025/1454/1034 1042/1485/1057 1041/1484/1056 1024/1431/1016
f 1026/1453/1033 1043/1452/1032 1042/1485/1057 1025/1454/1034
f 1012/1455/1035 1029/1470/1046 1030/542/400 1013/513/374
f 1034/1474/1049 1051/1486/1058 1050/1487/1059 1033/1473/1048
f 1035/1475/1050 1052/1488/1060 1051/1486/1058 1034/1474/1049
f 1036/1477/1051 1053/1489/1061 1052/1488/1060 1035/1475/1050
f 1037/1478/1052 1054/1490/1062 1053/1491/1061 1036/1479/1051
f 1038/1481/1053 1055/1492/1063 1054/1490/1062 1037/1478/1052
f 1039/1482/1054 1056/1493/1064 1055/1492/1063 1038/1481/1053
f 1040/1483/1055 1057/1494/1065 1056/1493/1064 1039/1482/1054
f 1041/1484/1056 1058/1495/1066 1057/1494/1065 1040/1483/1055
f 1042/1485/1057 1059/1496/1067 1058/1495/1066 1041/1484/1056
f 1043/1452/1032 1060/1497/1068 1059/1496/1067 1042/1485/1057
f 1029/1470/1046 1046/1498/1069 1047/556/412 1030/542/400
f 1044/1451/1031 1061/1499/1070 1060/1497/1068 1043/1452/1032
f 1031/1469/1045 1048/1500/1071 1046/1498/1069 1029/1470/1046
f 1045/1471/388 1062/1501/416 1061/1499/1070 1044/1451/1031
f 1032/1472/1047 1049/1502/1072 1048/1500/1071 1031/1469/1045
f 1033/1473/1048 1050/1487/1059 1049/1502/1072 1032/1472/1047
f 1054/1490/1062 1071/1503/1073 1070/1504/1074 1053/1491/1061
f 1055/1492/1063 1072/1505/1075 1071/1503/1073 1054/1490/1062
f 1056/1493/1064 1073/1506/1076 1072/1505/1075 1055/1492/1063
f 1057/1494/1065 1074/1507/1077 1073/1506/1076 1056/1493/1064
f 1058/1495/1066 1075/1508/1078 1074/1507/1077 1057/1494/1065
f 1059/1496/1067 1076/1509/1079 1075/1508/1078 1058/1495/1066
f 1060/1497/1068 1077/1510/1080 1076/1509/1079 1059/1496/1067
f 1046/1498/1069 1063/1511/1081 1064/572/426 1047/556/412
f 1061/1499/1070 1078/1512/1082 1077/1510/1080 1060/1497/1068
f 1048/1500/1071 1065/1513/1083 1063/1511/1081 1046/1498/1069
f 1062/1501/416 1079/1514/430 1078/1512/1082 1061/1499/1070
f 1049/1502/1072 1066/1515/1084 1065/1513/1083 1048/1500/1071
f 1050/1487/1059 1067/1516/1085 1066/1515/1084 1049/1502/1072
f 1051/1486/1058 1068/1517/1086 1067/1516/1085 1050/1487/1059
f 1052/1488/1060 1069/1518/1087 1068/1517/1086 1051/1486/1058
f 1053/1489/1061 1070/1519/1074 1069/1518/1087 1052/1488/1060
f 1074/1507/1077 1091/1520/1088 1090/1521/1089 1073/1506/1076
f 1075/1508/1078 1092/1522/1090 1091/1520/1088 1074/1507/1077
f 1076/1509/1079 1093/1523/1091 1092/1522/1090 1075/1508/1078
f 1077/1510/1080 1094/1524/1092 1093/1523/1091 1076/1509/1079
f 1063/1511/1081 1080/1525/1093 1081/587/440 1064/572/426
f 1078/1512/1082 1095/1526/1094 1094/1524/1092 1077/1510/1080
f 1065/1513/1083 1082/1527/1095 1080/1525/1093 1063/1511/1081
f 1079/1514/430 1096/1528/444 1095/1526/1094 1078/1512/1082
f 1066/1515/1084 1083/1529/1096 1082/1527/1095 1065/1513/1083
f 1067/1516/1085 1084/1530/1097 1083/1529/1096 1066/1515/1084
f 1068/1517/1086 1085/1531/1098 1084/1530/1097 1067/1516/1085
f 1069/1518/1087 1086/1532/1099 1085/1531/1098 1068/1517/1086
f 1070/1519/1074 1087/1533/1100 1086/1532/1099 1069/1518/1087
f 1071/1534/1073 1088/1535/1101 1087/1536/1100 1070/1537/1074
f 1072/1505/1075 1089/1538/1102 1088/1539/1101 1071/1503/1073
f 1073/1506/1076 1090/1521/1089 1089/1538/1102 1072/1505/1075
f 1094/1524/1092 1111/1540/1103 1110/1541/1104 1093/1523/1091
f 1080/1525/1093 1097/1542/1105 1098/603/454 1081/587/440
f 1095/1526/1094 1112/1543/1106 1111/1540/1103 1094/1524/1092
f 1082/1527/1095 1099/1544/1107 1097/1542/1105 1080/1525/1093
f 1096/1528/444 1113/1545/458 1112/1543/1106 1095/1526/1094
f 1083/1529/1096 1100/1546/1108 1099/1544/1107 1082/1527/1095
f 1084/1530/1097 1101/1547/1109 1100/1546/1108 1083/1529/1096
f 1085/1531/1098 1102/1548/1110 1101/1547/1109 1084/1530/1097
f 1086/1532/1099 1103/1549/1111 1102/1548/1110 1085/1531/1098
f 1087/1533/1100 1104/1550/1112 1103/1549/1111 1086/1532/1099
f 1088/1539/1101 1105/1551/1113 1104/1552/1112 1087/1553/1100
f 1089/1538/1102 1106/1554/1114 1105/1551/1113 1088/1539/1101
f 1090/1521/1089 1107/1555/1115 1106/1554/1114 1089/1538/1102
f 1091/1520/1088 1108/1556/1116 1107/1555/1115 1090/1521/1089
f 1092/1522/1090 1109/1557/1117 1108/1556/1116 1091/1520/1088
f 1093/1523/1091 1110/1541/1104 1109/1557/1117 1092/1522/1090
f 1101/1547/1109 1118/1558/1118 1117/1559/1119 1100/1546/1108
f 1102/1548/1110 1119/1560/1120 1118/1558/1118 1101/1547/1109
f 1103/1549/1111 1120/1561/1121 1119/1560/1120 1102/1548/1110
f 1104/1550/1112 1121/1562/1122 1120/1561/1121 1103/1549/1111
f 1105/1551/1113 1122/1563/1123 1121/1564/1122 1104/1552/1112
f 1106/1554/1114 1123/1565/1124 1122/1563/1123 1105/1551/1113
f 1107/1555/1115 1124/1566/1125 1123/1565/1124 1106/1554/1114
f 1108/1556/1116 1125/1567/1126 1124/1566/1125 1107/1555/1115
f 1109/1557/1117 1126/1568/1127 1125/1567/1126 1108/1556/1116
f 1110/1541/1104 1127/1569/1128 1126/1568/1127 1109/1557/1117
f 1111/1540/1103 1128/1570/1129 1127/1569/1128 1110/1541/1104
f 1097/1542/1105 1114/1571/1130 1115/633/481 1098/603/454
f 1112/1543/1106 1129/1572/1131 1128/1570/1129 1111/1540/1103
f 1099/1544/1107 1116/1573/1132 1114/1571/1130 1097/1542/1105
f 1113/1545/458 1130/1574/485 1129/1572/1131 1112/1543/1106
f 1100/1546/1108 1117/1559/1119 1116/1573/1132 1099/1544/1107
f 1121/1562/1122 1138/1575/1133 1137/1576/1134 1120/1561/1121
f 1122/1563/1123 1139/1577/1135 1138/1578/1133 1121/1564/1122
f 1123/1565/1124 1140/1579/1136 1139/1577/1135 1122/1563/1123
f 1124/1566/1125 1141/1580/1137 1140/1579/1136 1123/1565/1124
f 1125/1567/1126 1142/1581/1138 1141/1580/1137 1124/1566/1125
f 1126/1568/1127 1143/1582/1139 1142/1581/1138 1125/1567/1126
f 1127/1569/1128 1144/1583/1140 1143/1582/1139 1126/1568/1127
f 1128/1570/1129 1145/1584/1141 1144/1583/1140 1127/1569/1128
f 1114/1571/1130 1131/1585/1142 1132/649/495 1115/633/481
f 1129/1572/1131 1146/1586/1143 1145/1584/1141 1128/1570/1129
f 1116/1573/1132 1133/1587/1144 1131/1585/1142 1114/1571/1130
f 1130/1574/485 1147/1588/499 1146/1586/1143 1129/1572/1131
f 1117/1559/1119 1134/1589/1145 1133/1587/1144 1116/1573/1132
f 1118/1558/1118 1135/1590/1146 1134/1589/1145 1117/1559/1119
f 1119/1560/1120 1136/1591/1147 1135/1590/1146 1118/1558/1118
f 1120/1561/1121 1137/1576/1134 1136/1591/1147 1119/1560/1120
f 1141/1580/1137 1158/1592/1148 1157/1593/1149 1140/1579/1136
f 1142/1581/1138 1159/1594/1150 1158/1592/1148 1141/1580/1137
f 1143/1582/1139 1160/1595/1151 1159/1594/1150 1142/1581/1138
f 1144/1583/1140 1161/1596/1152 1160/1595/1151 1143/1582/1139
f 1145/1584/1141 1162/1597/1153 1161/1596/1152 1144/1583/1140
f 1131/1585/1142 1148/1598/1154 1149/664/509 1132/649/495
f 1146/1586/1143 1163/1599/1155 1162/1597/1153 1145/1584/1141
f 1133/1587/1144 1150/1600/1156 1148/1598/1154 1131/1585/1142
f 1147/1588/499 1164/1601/513 1163/1599/1155 1146/1586/1143
f 1134/1589/1145 1151/1602/1157 1150/1600/1156 1133/1587/1144
f 1135/1590/1146 1152/1603/1158 1151/1602/1157 1134/1589/1145
f 1136/1591/1147 1153/1604/1159 1152/1603/1158 1135/1590/1146
f 1137/1576/1134 1154/1605/1160 1153/1604/1159 1136/1591/1147
f 1138/1575/1133 1155/1606/1161 1154/1605/1160 1137/1576/1134
f 1139/1577/1135 1156/1607/1162 1155/1608/1161 1138/1578/1133
f 1140/1579/1136 1157/1593/1149 1156/1607/1162 1139/1577/1135
f 1167/1609/1163 1184/1610/1164 1182/1611/1165 1165/1612/1166
f 1161/1596/1152 1178/1613/1167 1177/1614/1168 1160/1595/1151
f 1162/1597/1153 1179/1615/1169 1178/1613/1167 1161/1596/1152
f 1148/1598/1154 1165/1612/1166 1166/684/527 1149/664/509
f 1163/1599/1155 1180/1616/1170 1179/1615/1169 1162/1597/1153
f 1150/1600/1156 1167/1609/1163 1165/1612/1166 1148/1598/1154
f 1164/1601/513 1181/1617/529 1180/1616/1170 1163/1599/1155
f 1151/1602/1157 1168/1618/1171 1167/1609/1163 1150/1600/1156
f 1152/1603/1158 1169/1619/1172 1168/1618/1171 1151/1602/1157
f 1153/1604/1159 1170/1620/1173 1169/1619/1172 1152/1603/1158
f 1154/1605/1160 1171/1621/1174 1170/1620/1173 1153/1604/1159
f 1155/1606/1161 1172/1622/1175 1171/1621/1174 1154/1605/1160
f 1156/1607/1162 1173/1623/1176 1172/1624/1175 1155/1608/1161
f 1157/1593/1149 1174/1625/1177 1173/1623/1176 1156/1607/1162
f 1158/1592/1148 1175/1626/1178 1174/1625/1177 1157/1593/1149
f 1159/1594/1150 1176/1627/1179 1175/1626/1178 1158/1592/1148
f 1160/1595/1151 1177/1614/1168 1176/1627/1179 1159/1594/1150
f 1187/1628/1180 1204/1629/1181 1203/1630/1182 1186/1631/1183
f 1181/1617/529 1198/1632/544 1197/1633/1184 1180/1616/1170
f 1168/1618/1171 1185/1634/1185 1184/1610/1164 1167/1609/1163
f 1169/1619/1172 1186/1631/1183 1185/1634/1185 1168/1618/1171
f 1170/1620/1173 1187/1628/1180 1186/1631/1183 1169/1619/1172
f 1171/1621/1174 1188/1635/1186 1187/1628/1180 1170/1620/1173
f 1172/1622/1175 1189/1636/1187 1188/1635/1186 1171/1621/1174
f 1173/1623/1176 1190/1637/1188 1189/1638/1187 1172/1624/1175
f 1174/1625/1177 1191/1639/1189 1190/1637/1188 1173/1623/1176
f 1175/1626/1178 1192/1640/1190 1191/1639/1189 1174/1625/1177
f 1176/1627/1179 1193/1641/1191 1192/1640/1190 1175/1626/1178
f 1177/1614/1168 1194/1642/1192 1193/1641/1191 1176/1627/1179
f 1178/1613/1167 1195/1643/1193 1194/1642/1192 1177/1614/1168
f 1179/1615/1169 1196/1644/1194 1195/1643/1193 1178/1613/1167
f 1165/1612/1166 1182/1611/1165 1183/715/555 1166/684/527
f 1180/1616/1170 1197/1633/1184 1196/1644/1194 1179/1615/1169
f 1207/1645/1195 1224/1646/1196 1223/1115/1197 1206/1647/1198
f 1188/1635/1186 1205/1648/1199 1204/1629/1181 1187/1628/1180
f 1189/1636/1187 1206/1649/1198 1205/1648/1199 1188/1635/1186
f 1190/1637/1188 1207/1650/1195 1206/1651/1198 1189/1638/1187
f 1191/1639/1189 1208/1652/1200 1207/1650/1195 1190/1637/1188
f 1192/1640/1190 1209/1653/1201 1208/1652/1200 1191/1639/1189
f 1193/1641/1191 1210/1654/1202 1209/1653/1201 1192/1640/1190
f 1194/1642/1192 1211/1655/1203 1210/1654/1202 1193/1641/1191
f 1195/1643/1193 1212/1656/1204 1211/1655/1203 1194/1642/1192
f 1196/1644/1194 1213/1657/1205 1212/1656/1204 1195/1643/1193
f 1182/1611/1165 1199/1658/1206 1200/729/567 1183/715/555
f 1197/1633/1184 1214/1659/1207 1213/1657/1205 1196/1644/1194
f 1184/1610/1164 1201/1660/1208 1199/1658/1206 1182/1611/1165
f 1198/1632/544 1215/1661/571 1214/1659/1207 1197/1633/1184
f 1185/1634/1185 1202/1662/1209 1201/1660/1208 1184/1610/1164
f 1186/1631/1183 1203/1630/1182 1202/1662/1209 1185/1634/1185
f 1227/1663/1210 1244/1664/1211 1243/1665/1212 1226/1666/1213
f 1208/1652/1200 1225/1667/1214 1224/1668/1196 1207/1650/1195
f 1209/1653/1201 1226/1666/1213 1225/1667/1214 1208/1652/1200
f 1210/1654/1202 1227/1663/1210 1226/1666/1213 1209/1653/1201
f 1211/1655/1203 1228/1669/1215 1227/1663/1210 1210/1654/1202
f 1212/1656/1204 1229/1670/1216 1228/1669/1215 1211/1655/1203
f 1213/1657/1205 1230/1671/1217 1229/1670/1216 1212/1656/1204
f 1199/1658/1206 1216/1672/1218 1217/745/581 1200/729/567
f 1214/1659/1207 1231/1673/1219 1230/1671/1217 1213/1657/1205
f 1201/1660/1208 1218/1674/1220 1216/1672/1218 1199/1658/1206
f 1215/1661/571 1232/1675/585 1231/1673/1219 1214/1659/1207
f 1202/1662/1209 1219/1676/1221 1218/1674/1220 1201/1660/1208
f 1203/1630/1182 1220/1677/1222 1219/1676/1221 1202/1662/1209
f 1204/1629/1181 1221/1678/1223 1220/1677/1222 1203/1630/1182
f 1205/1648/1199 1222/1679/1224 1221/1678/1223 1204/1629/1181
f 1206/1649/1198 1223/1680/1197 1222/1679/1224 1205/1648/1199
f 1228/1669/1215 1245/1681/1225 1244/1664/1211 1227/1663/1210
f 1229/1670/1216 1246/1682/1226 1245/1681/1225 1228/1669/1215
f 1230/1671/1217 1247/1683/1227 1246/1682/1226 1229/1670/1216
f 1216/1672/1218 1233/1684/1228 1234/758/593 1217/745/581
f 1231/1673/1219 1248/1685/1229 1247/1683/1227 1230/1671/1217
f 1218/1674/1220 1235/1686/1230 1233/1684/1228 1216/1672/1218
f 1232/1675/585 1249/1687/597 1248/1685/1229 1231/1673/1219
f 1219/1676/1221 1236/1688/1231 1235/1686/1230 1218/1674/1220
f 1220/1677/1222 1237/1689/1232 1236/1688/1231 1219/1676/1221
f 1221/1678/1223 1238/1690/1233 1237/1689/1232 1220/1677/1222
f 1222/1679/1224 1239/1691/1234 1238/1690/1233 1221/1678/1223
f 1223/1680/1197 1240/1692/1235 1239/1691/1234 1222/1679/1224
f 1224/1668/1196 1241/1693/1236 1240/1694/1235 1223/1695/1197
f 1225/1667/1214 1242/1696/1237 1241/1693/1236 1224/1668/1196
f 1226/1666/1213 1243/1665/1212 1242/1696/1237 1225/1667/1214
f 1246/1682/1226 1263/1697/1238 1262/1698/1239 1245/1681/1225
f 1233/1684/1228 1250/1699/1240 1251/774/607 1234/758/593
f 1247/1683/1227 1264/1700/1241 1263/1697/1238 1246/1682/1226
f 1235/1686/1230 1252/1701/1242 1250/1699/1240 1233/1684/1228
f 1248/1685/1229 1265/1702/1243 1264/1700/1241 1247/1683/1227
f 1236/1688/1231 1253/1703/1244 1252/1701/1242 1235/1686/1230
f 1249/1687/597 1266/1704/613 1265/1702/1243 1248/1685/1229
f 1237/1689/1232 1254/1705/1245 1253/1703/1244 1236/1688/1231
f 1238/1690/1233 1255/1706/1246 1254/1705/1245 1237/1689/1232
f 1239/1691/1234 1256/1707/1247 1255/1706/1246 1238/1690/1233
f 1240/1692/1235 1257/1708/1248 1256/1707/1247 1239/1691/1234
f 1241/1693/1236 1258/1709/1249 1257/1710/1248 1240/1694/1235
f 1242/1696/1237 1259/1711/1250 1258/1709/1249 1241/1693/1236
f 1243/1665/1212 1260/1712/1251 1259/1711/1250 1242/1696/1237
f 1244/1664/1211 1261/1713/1252 1260/1712/1251 1243/1665/1212
f 1245/1681/1225 1262/1698/1239 1261/1713/1252 1244/1664/1211
f 1266/791/613 1283/794/623 1282/1714/1253 1265/1715/1243
f 1253/1703/1244 1270/1716/1254 1269/1717/1255 1252/1701/1242
f 1254/1705/1245 1271/1718/1256 1270/1716/1254 1253/1703/1244
f 1255/1706/1246 1272/1719/1257 1271/1718/1256 1254/1705/1245
f 1256/1720/1247 1273/1721/1258 1272/1722/1257 1255/1723/1246
f 1257/1724/1248 1274/1725/1259 1273/1721/1258 1256/1720/1247
f 1258/1726/1249 1275/1727/1260 1274/1725/1259 1257/1724/1248
f 1259/1728/1250 1276/1729/1261 1275/1727/1260 1258/1726/1249
f 1260/1730/1251 1277/1731/1262 1276/1729/1261 1259/1728/1250
f 1261/1713/1252 1278/1732/1263 1277/1733/1262 1260/1712/1251
f 1262/1698/1239 1279/1734/1264 1278/1732/1263 1261/1713/1252
f 1263/1697/1238 1280/1735/1265 1279/1734/1264 1262/1698/1239
f 1264/1700/1241 1281/1736/1266 1280/1735/1265 1263/1697/1238
f 1250/1699/1240 1267/1737/1267 1268/841/637 1251/774/607
f 1265/1702/1243 1282/1738/1253 1281/1736/1266 1264/1700/1241
f 1252/1701/1242 1269/1717/1255 1267/1737/1267 1250/1699/1240
f 1273/1739/1258 1290/1740/1268 1289/1741/1269 1272/1719/1257
f 1274/1742/1259 1291/1743/1270 1290/1740/1268 1273/1739/1258
f 1275/1744/1260 1292/1745/1271 1291/1746/1270 1274/1747/1259
f 1276/1748/1261 1293/1749/1272 1292/1745/1271 1275/1744/1260
f 1277/1733/1262 1294/1750/1273 1293/1749/1272 1276/1748/1261
f 1278/1732/1263 1295/1751/1274 1294/1750/1273 1277/1733/1262
f 1279/1734/1264 1296/1752/1275 1295/1751/1274 1278/1732/1263
f 1280/1735/1265 1297/1753/1276 1296/1752/1275 1279/1734/1264
f 1281/1736/1266 1298/1754/1277 1297/1753/1276 1280/1735/1265
f 1267/1737/1267 1284/1755/1278 1285/842/649 1268/841/637
f 1282/1738/1253 1299/1756/1279 1298/1754/1277 1281/1736/1266
f 1269/1717/1255 1286/1757/1280 1284/1755/1278 1267/1737/1267
f 1283/1758/623 1300/1759/653 1299/1756/1279 1282/1738/1253
f 1270/1716/1254 1287/1760/1281 1286/1757/1280 1269/1717/1255
f 1271/1718/1256 1288/1761/1282 1287/1760/1281 1270/1716/1254
f 1272/1719/1257 1289/1741/1269 1288/1761/1282 1271/1718/1256
f 1293/1749/1272 1310/1762/1283 1309/1763/1284 1292/1745/1271
f 1294/1750/1273 1311/1764/1285 1310/1762/1283 1293/1749/1272
f 1295/1751/1274 1312/1765/1286 1311/1764/1285 1294/1750/1273
f 1296/1752/1275 1313/1766/1287 1312/1765/1286 1295/1751/1274
f 1297/1753/1276 1314/1767/1288 1313/1766/1287 1296/1752/1275
f 1298/1754/1277 1315/1768/1289 1314/1767/1288 1297/1753/1276
f 1284/1755/1278 1301/1769/1290 1302/862/663 1285/842/649
f 1299/1756/1279 1316/1770/1291 1315/1768/1289 1298/1754/1277
f 1286/1757/1280 1303/1771/1292 1301/1769/1290 1284/1755/1278
f 1300/1759/653 1317/1772/667 1316/1770/1291 1299/1756/1279
f 1287/1760/1281 1304/1773/1293 1303/1771/1292 1286/1757/1280
f 1288/1761/1282 1305/1774/1294 1304/1773/1293 1287/1760/1281
f 1289/1741/1269 1306/1775/1295 1305/1774/1294 1288/1761/1282
f 1290/1740/1268 1307/1776/1296 1306/1775/1295 1289/1741/1269
f 1291/1743/1270 1308/1777/1297 1307/1776/1296 1290/1740/1268
f 1292/1745/1271 1309/1763/1284 1308/1778/1297 1291/1746/1270
f 1318/1779/1298 1335/1780/1299 1336/876/675 1319/875/674
f 1313/1766/1287 1330/1781/1300 1329/1782/1301 1312/1765/1286
f 1314/1767/1288 1331/1783/1302 1330/1781/1300 1313/1766/1287
f 1315/1768/1289 1332/1784/1303 1331/1783/1302 1314/1767/1288
f 1301/1769/1290 1318/1779/1298 1319/875/674 1302/862/663
f 1316/1770/1291 1333/1785/1304 1332/1784/1303 1315/1768/1289
f 1303/1771/1292 1320/1786/1305 1318/1779/1298 1301/1769/1290
f 1317/1772/667 1334/1787/683 1333/1785/1304 1316/1770/1291
f 1304/1773/1293 1321/1788/1306 1320/1786/1305 1303/1771/1292
f 1305/1774/1294 1322/1789/1307 1321/1788/1306 1304/1773/1293
f 1306/1775/1295 1323/1790/1308 1322/1789/1307 1305/1774/1294
f 1307/1776/1296 1324/1791/1309 1323/1790/1308 1306/1775/1295
f 1308/1777/1297 1325/1792/1310 1324/1791/1309 1307/1776/1296
f 1309/1793/1284 1326/1794/1311 1325/1795/1310 1308/1796/1297
f 1310/1762/1283 1327/1797/1312 1326/1798/1311 1309/1763/1284
f 1311/1764/1285 1328/1799/1313 1327/1797/1312 1310/1762/1283
f 1312/1765/1286 1329/1782/1301 1328/1799/1313 1311/1764/1285
f 1339/1800/1314 1356/1801/1315 1355/1802/1316 1338/1803/1317
f 1333/1785/1304 1350/1804/1318 1349/1805/1319 1332/1784/1303
f 1320/1786/1305 1337/1806/1320 1335/1780/1299 1318/1779/1298
f 1334/1787/683 1351/1807/699 1350/1804/1318 1333/1785/1304
f 1321/1788/1306 1338/1803/1317 1337/1806/1320 1320/1786/1305
f 1322/1789/1307 1339/1800/1314 1338/1803/1317 1321/1788/1306
f 1323/1790/1308 1340/1808/1321 1339/1800/1314 1322/1789/1307
f 1324/1791/1309 1341/1809/1322 1340/1808/1321 1323/1790/1308
f 1325/1792/1310 1342/1810/1323 1341/1809/1322 1324/1791/1309
f 1326/1798/1311 1343/1811/1324 1342/1812/1323 1325/1813/1310
f 1327/1797/1312 1344/1814/1325 1343/1811/1324 1326/1798/1311
f 1328/1799/1313 1345/1815/1326 1344/1814/1325 1327/1797/1312
f 1329/1782/1301 1346/1816/1327 1345/1815/1326 1328/1799/1313
f 1330/1781/1300 1347/1817/1328 1346/1816/1327 1329/1782/1301
f 1331/1783/1302 1348/1818/1329 1347/1817/1328 1330/1781/1300
f 1332/1784/1303 1349/1805/1319 1348/1818/1329 1331/1783/1302
f 1359/1819/1133 1373/1820/1330 1726/1821/1331 1358/1822/1332
f 1340/1808/1321 1357/1823/1147 1356/1801/1315 1339/1800/1314
f 1341/1809/1322 1358/1822/1332 1357/1823/1147 1340/1808/1321
f 1342/1810/1323 1359/1819/1133 1358/1822/1332 1341/1809/1322
f 1343/1811/1324 1360/1824/1135 1359/1825/1133 1342/1812/1323
f 1344/1814/1325 1361/1826/1136 1360/1824/1135 1343/1811/1324
f 1345/1815/1326 1362/1827/1333 1361/1826/1136 1344/1814/1325
f 1346/1816/1327 1363/1828/1138 1362/1827/1333 1345/1815/1326
f 1347/1817/1328 1364/1829/1334 1363/1828/1138 1346/1816/1327
f 1348/1818/1329 1365/1830/1140 1364/1829/1334 1347/1817/1328
f 1349/1805/1319 1366/1831/1335 1365/1830/1140 1348/1818/1329
f 1335/1780/1299 1352/1832/1142 1353/927/495 1336/876/675
f 1350/1804/1318 1367/1833/1143 1366/1831/1335 1349/1805/1319
f 1337/1806/1320 1354/1834/1336 1352/1832/1142 1335/1780/1299
f 1351/1807/699 1368/1835/499 1367/1833/1143 1350/1804/1318
f 1338/1803/1317 1355/1802/1316 1354/1834/1336 1337/1806/1320
f 1360/1824/1135 1727/1836/1337 1373/1837/1330 1359/1825/1133
f 1361/1826/1136 1374/1838/1338 1727/1836/1337 1360/1824/1135
f 1362/1827/1333 1375/1839/1339 1374/1838/1338 1361/1826/1136
f 1363/1828/1138 1376/1840/1340 1375/1839/1339 1362/1827/1333
f 1364/1829/1334 1728/1841/1341 1376/1840/1340 1363/1828/1138
f 1365/1830/1140 1377/1842/1342 1728/1841/1341 1364/1829/1334
f 1366/1831/1335 1729/1843/1343 1377/1842/1342 1365/1830/1140
f 1352/1832/1142 1369/1844/1344 1370/941/727 1353/927/495
f 1367/1833/1143 1378/1845/1345 1729/1843/1343 1366/1831/1335
f 1354/1834/1336 1371/1846/1346 1369/1844/1344 1352/1832/1142
f 1368/1835/499 1379/1847/731 1378/1845/1345 1367/1833/1143
f 1355/1802/1316 1372/1848/1347 1371/1846/1346 1354/1834/1336
f 1356/1801/1315 1724/1849/1348 1372/1848/1347 1355/1802/1316
f 1357/1823/1147 1725/1850/1349 1724/1849/1348 1356/1801/1315
f 1358/1822/1332 1726/1821/1331 1725/1850/1349 1357/1823/1147
f 1644/1851/1350 1695/1852/1351 1413/1853/1352 1383/1854/1353
f 1628/1855/1354 1700/1856/1355 1414/1857/1356 1392/1858/1357
f 1671/1859/1358 1615/1860/1359 1628/1855/1354 1392/1858/1357
f 1633/1861/1360 1692/1862/1358 1387/1863/1361 1643/1864/1362
f 1393/1865/1363 1418/1866/1363 1417/1867/1364 1387/1863/1361
f 1663/1868/751 1659/1869/751 1386/1870/83 1385/1871/83
f 1506/1016/755 1710/1174/759 1660/1872/759 1400/1873/755
f 1675/1874/1365 1671/1859/1358 1392/1858/1357 1391/1875/119
f 1412/1876/755 1667/1877/759 1616/1878/1366 1672/1879/1367
f 1406/1880/755 1664/1881/759 1667/1877/759 1412/1876/755
f 1668/1043/771 1663/1868/751 1385/1871/83 1384/1044/772
f 1705/984/760 1501/987/755 1395/1882/755 1656/1883/760
f 1706/988/761 1655/1884/761 1381/1885/79 1499/989/79
f 1656/1883/760 1395/1882/755 1401/1886/755 1652/1887/760
f 1651/1888/761 1647/1889/1368 1383/1854/1353 1382/1890/79
f 1401/1886/755 1402/1891/755 1408/1892/755 1407/1893/755
f 1402/1891/755 1403/1894/755 1409/1895/755 1408/1892/755
f 1403/1894/755 1404/1896/755 1410/1897/755 1409/1895/755
f 1404/1896/755 1405/1898/755 1411/1899/755 1410/1897/755
f 1405/1898/755 1406/1880/755 1412/1876/755 1411/1899/755
f 1655/1884/761 1651/1888/761 1382/1890/79 1381/1885/79
f 1395/1882/755 1396/1900/755 1402/1891/755 1401/1886/755
f 1396/1900/755 1397/1901/755 1403/1894/755 1402/1891/755
f 1397/1901/755 1398/1902/755 1404/1896/755 1403/1894/755
f 1398/1902/755 1399/1903/755 1405/1898/755 1404/1896/755
f 1399/1903/755 1400/1873/755 1406/1880/755 1405/1898/755
f 1659/1869/751 1709/1011/751 1500/1010/83 1386/1870/83
f 1501/987/755 1502/1012/755 1396/1900/755 1395/1882/755
f 1502/1012/755 1503/1013/755 1397/1901/755 1396/1900/755
f 1503/1013/755 1504/1014/755 1398/1902/755 1397/1901/755
f 1504/1014/755 1505/1015/755 1399/1903/755 1398/1902/755
f 1505/1015/755 1506/1016/755 1400/1873/755 1399/1903/755
f 1394/1904/1369 1416/1053/1369 1415/1905/1370 1384/1906/772
f 1647/1889/1368 1631/1907/1371 1644/1851/1350 1383/1854/1353
f 1507/1021/2 1508/1028/2 1413/1908/1352 1695/1909/1351 1696/1910/1372 1417/1911/1364 1414/1912/1356 1415/1913/1370
f 1692/1862/1358 1687/1914/1365 1388/1915/119 1387/1863/1361
f 1687/1914/1365 1683/1916/1365 1389/1917/119 1388/1915/119
f 1683/1916/1365 1679/1918/1365 1390/1919/119 1389/1917/119
f 1679/1918/1365 1675/1874/1365 1391/1875/119 1390/1919/119
f 1648/1920/760 1407/1893/755 1691/1921/1367 1632/1922/1373
f 1407/1893/755 1408/1892/755 1688/1923/1367 1691/1921/1367
f 1408/1892/755 1409/1895/755 1684/1924/1367 1688/1923/1367
f 1409/1895/755 1410/1897/755 1680/1925/1367 1684/1924/1367
f 1410/1897/755 1411/1899/755 1676/1926/1367 1680/1925/1367
f 1411/1899/755 1412/1876/755 1672/1879/1367 1676/1926/1367
f 1384/1044/772 1415/1927/1370 1701/1928/1374 1627/1045/773
f 1383/1929/1353 1413/1930/1352 1418/1931/1363 1393/1932/1363
f 1652/1887/760 1401/1886/755 1407/1893/755 1648/1920/760
f 1392/1933/1357 1414/1934/1356 1416/1935/1369 1394/1936/1369
f 1387/1863/1361 1417/1867/1364 1696/1937/1372 1643/1864/1362
f 1420/1938/119 1425/1939/1375 1428/1940/1375 1423/1941/119
f 1423/1941/119 1428/1940/1375 1424/1942/1376 1419/1943/119
f 1421/1944/119 1426/1945/1376 1425/1939/1375 1420/1938/119
f 1426/1945/1376 1430/1946/1377 1429/1947/1378 1425/1939/1375
f 1425/1939/1375 1429/1947/1378 1432/1948/1378 1428/1940/1375
f 1430/1946/1377 1434/1949/1379 1433/1950/1380 1429/1947/1378
f 1429/1947/1378 1433/1950/1380 1436/1951/1380 1432/1948/1378
f 1428/1940/1375 1432/1948/1378 1422/1952/1377 1424/1942/1376
f 1433/1950/1380 1437/1953/1381 1440/1954/1381 1436/1951/1380
f 1432/1948/1378 1436/1951/1380 1427/1955/1379 1422/1952/1377
f 1437/1953/1381 1441/1956/1382 1444/1957/1382 1440/1954/1381
f 1434/1949/1379 1438/1958/1383 1437/1953/1381 1433/1950/1380
f 1436/1951/1380 1440/1954/1381 1431/1959/1383 1427/1955/1379
f 1441/1960/1382 1445/1961/1384 1448/1962/1384 1444/1963/1382
f 1438/1958/1383 1442/1964/1385 1441/1956/1382 1437/1953/1381
f 1440/1954/1381 1444/1957/1382 1435/1965/1385 1431/1959/1383
f 1445/1966/1384 1449/1967/1386 1452/1968/1386 1448/1969/1384
f 1442/1970/1385 1446/1971/1387 1445/1961/1384 1441/1960/1382
f 1444/1963/1382 1448/1962/1384 1439/1972/1387 1435/1973/1385
f 1449/1967/1386 1453/1974/1388 1456/1975/1388 1452/1968/1386
f 1452/1968/1386 1456/1975/1388 1447/1976/1389 1443/1977/1390
f 1446/1978/1387 1450/1979/1390 1449/1967/1386 1445/1966/1384
f 1448/1969/1384 1452/1968/1386 1443/1977/1390 1439/1980/1387
f 1453/1981/1388 1457/1982/1391 1460/1983/1391 1456/1984/1388
f 1456/1984/1388 1460/1983/1391 1451/1985/1392 1447/1986/1389
f 1454/1987/1389 1458/1988/1392 1457/1982/1391 1453/1981/1388
f 1450/1979/1390 1454/1989/1389 1453/1974/1388 1449/1967/1386
f 1457/1982/1391 1461/1990/1393 1464/1991/1393 1460/1983/1391
f 1460/1983/1391 1464/1991/1393 1455/1992/1394 1451/1985/1392
f 1458/1988/1392 1462/1993/1394 1461/1990/1393 1457/1982/1391
f 1461/1990/1393 1465/1994/1395 1468/1995/1395 1464/1991/1393
f 1464/1991/1393 1468/1995/1395 1459/1996/1396 1455/1992/1394
f 1462/1993/1394 1466/1997/1396 1465/1994/1395 1461/1990/1393
f 1465/1998/1395 1469/1999/1397 1472/2000/1397 1468/2001/1395
f 1468/2001/1395 1472/2000/1397 1463/2002/1398 1459/2003/1396
f 1466/2004/1396 1470/2005/1398 1469/1999/1397 1465/1998/1395
f 1469/2006/1397 1473/2007/1399 1476/2008/1399 1472/2009/1397
f 1472/2009/1397 1476/2008/1399 1467/2010/1400 1463/2011/1398
f 1470/2012/1398 1474/2013/1400 1473/2007/1399 1469/2006/1397
f 1476/2014/1399 1480/2015/1401 1471/2016/1402 1467/2017/1400
f 1474/2018/1400 1478/2019/1402 1477/2020/1401 1473/2021/1399
f 1480/2015/1401 1484/2022/1403 1475/2023/1404 1471/2016/1402
f 1478/2019/1402 1482/2024/1404 1481/2025/1403 1477/2020/1401
f 1473/2021/1399 1477/2020/1401 1480/2015/1401 1476/2014/1399
f 1484/2022/1403 1488/2026/1405 1479/2027/1406 1475/2023/1404
f 1482/2024/1404 1486/2028/1406 1485/2029/1405 1481/2025/1403
f 1477/2020/1401 1481/2025/1403 1484/2022/1403 1480/2015/1401
f 1488/2026/1405 1492/2030/1407 1483/2031/1408 1479/2027/1406
f 1486/2028/1406 1490/2032/1408 1489/2033/1407 1485/2029/1405
f 1481/2025/1403 1485/2029/1405 1488/2026/1405 1484/2022/1403
f 1492/2030/1407 1495/2034/1409 1487/2035/1410 1483/2031/1408
f 1490/2032/1408 1494/2036/1410 1493/2037/1409 1489/2033/1407
f 1485/2029/1405 1489/2033/1407 1492/2030/1407 1488/2026/1405
f 1494/2038/1410 1497/2039/1411 1496/2040/1411 1493/2041/1409
f 1493/2041/1409 1496/2040/1411 1498/2042/1411 1495/2043/1409
f 1489/2033/1407 1493/2037/1409 1495/2034/1409 1492/2030/1407
f 1495/2043/1409 1498/2042/1411 1491/2044/1411 1487/2045/1410
f 1400/1873/755 1660/1872/759 1664/1881/759 1406/1880/755
f 1509/2046/1412 2058/2047/1413 1524/2048/1414 1523/2049/1415 2057/2050/1416 1522/2051/1417 1521/2052/1418 2054/2053/1419 2053/2054/1420 1520/2055/1421 2052/2056/1422 2051/2057/1423 2050/2058/1424 2048/2059/1425 1519/2060/1426 2047/2061/1427 2046/2062/1428 1518/2063/1429 2044/2064/1430 1517/2065/1431 2042/2066/1432 2040/2067/1433 1516/2068/1434 2037/2069/1435 1515/2070/1436 2035/2071/1437 1514/2072/1438 1513/2073/1439 1512/2074/1440 2032/2075/1441 1511/2076/1442 1510/2077/1443
f 1525/2078/744 1528/2079/1444 1530/2080/1445 1529/2081/1446
f 1528/2079/1444 1532/2082/1447 1533/2083/1448 1530/2080/1445
f 1526/2084/1449 1531/2085/1450 1533/2083/1448 1532/2082/1447
f 1531/2086/1450 1535/2087/1451 1536/2088/1452 1533/2089/1448
f 1527/978/757 1534/2090/1453 1536/2088/1452 1535/2087/1451
f 1534/2090/1453 1529/2091/1446 1530/2092/1445 1536/2088/1452
f 1530/2080/1445 1533/2083/1448 1536/2093/1452
f 1541/2094/765 1544/2095/1454 1546/2096/1455 1545/2097/1456
f 1544/2095/1454 1548/2098/1457 1549/2099/1458 1546/2096/1455
f 1542/960/745 1547/2100/1459 1549/2099/1458 1548/2098/1457
f 1547/2100/1459 1551/2101/1460 1552/2102/1461 1549/2099/1458
f 1543/1036/768 1550/2103/1462 1552/2104/1461 1551/2105/1460
f 1550/2103/1462 1545/2106/1456 1546/2107/1455 1552/2104/1461
f 1546/2096/1455 1549/2099/1458 1552/2102/1461
f 1605/1054/766 1608/2108/1463 1607/2109/1464
f 1608/2108/1463 1609/2110/1465 1607/2109/1464
f 1609/2111/1465 1606/2112/738 1607/2113/1464
f 1610/2114/775 1613/2115/1466 1612/2116/1467
f 1613/2115/1466 1614/2117/1468 1612/2116/1467
f 1614/2117/1468 1611/2118/742 1612/2116/1467
f 1615/1860/1359 1618/2119/1469 1620/2120/1470 1619/2121/1471
f 1618/2122/1469 1622/2123/1472 1623/2124/1473 1620/2125/1470
f 1616/1878/1366 1621/2126/1474 1623/2124/1473 1622/2123/1472
f 1621/2126/1474 1625/2127/1475 1626/2128/1476 1623/2124/1473
f 1617/1042/770 1624/2129/1477 1626/2130/1476 1625/2131/1475
f 1624/2129/1477 1619/2121/1471 1620/2120/1470 1626/2130/1476
f 1620/2120/1470 1623/2132/1473 1626/2130/1476
f 1631/1907/1371 1634/2133/1478 1636/2134/1479 1635/2135/1480
f 1634/2133/1478 1638/2136/1481 1639/2137/1482 1636/2134/1479
f 1632/1922/1373 1637/2138/1483 1639/2139/1482 1638/2140/1481
f 1637/2138/1483 1641/2141/1484 1642/2142/1485 1639/2139/1482
f 1633/2143/1360 1640/2144/1486 1642/2145/1485 1641/2146/1484
f 1640/2144/1486 1635/2135/1480 1636/2134/1479 1642/2145/1485
f 1636/2134/1479 1639/2137/1482 1642/2145/1485
f 1695/1852/1351 1698/2147/1487 1697/2148/1488
f 1698/2147/1487 1699/2149/1489 1697/2148/1488
f 1699/2150/1489 1696/2151/1372 1697/2152/1488
f 1700/1856/1355 1703/2153/1490 1702/2154/1491
f 1703/2153/1490 1704/2155/1492 1702/2154/1491
f 1704/2155/1492 1701/1928/1374 1702/2154/1491
f 1554/961/746 1542/960/745 1548/2098/1457 1556/2156/1493
f 1556/2156/1493 1548/2098/1457 1544/2095/1454 1555/2157/1494
f 1555/2157/1494 1544/2095/1454 1541/2094/765 1553/2158/735
f 1602/1037/756 1543/1036/768 1551/2105/1460 1604/2159/1495
f 1604/2159/1495 1551/2105/1460 1547/2160/1459 1603/2161/1496
f 1603/2162/1496 1547/2100/1459 1542/960/745 1601/963/748
f 1538/2163/774 1526/2084/1449 1532/2082/1447 1540/2164/1497
f 1540/2164/1497 1532/2082/1447 1528/2079/1444 1539/2165/1498
f 1539/2165/1498 1528/2079/1444 1525/2078/744 1537/2166/739
f 1578/979/758 1527/978/757 1535/2087/1451 1580/2167/1499
f 1580/2167/1499 1535/2087/1451 1531/2086/1450 1579/2168/1500
f 1579/2169/1500 1531/2170/1450 1526/2171/1449 1577/972/752
f 1543/1036/768 1557/1035/767 1559/2172/1501 1550/2103/1462
f 1550/2103/1462 1559/2172/1501 1560/2173/1502 1545/2106/1456
f 1545/2174/1456 1560/2175/1502 1558/996/762 1541/1020/765
f 1557/1035/767 1561/992/760 1563/2176/1503 1559/2172/1501
f 1559/2172/1501 1563/2176/1503 1564/2177/1504 1560/2173/1502
f 1560/2175/1502 1564/2178/1504 1562/994/761 1558/996/762
f 1561/992/760 1565/985/760 1567/2179/1503 1563/2176/1503
f 1563/2176/1503 1567/2179/1503 1568/2180/1504 1564/2177/1504
f 1564/2178/1504 1568/2181/1504 1566/991/761 1562/994/761
f 1710/1174/759 1569/983/759 1571/2182/1505 1712/2183/1505
f 1712/2183/1505 1571/2182/1505 1572/2184/1506 1711/2185/1506
f 1711/2186/1506 1572/2187/1506 1570/971/751 1709/1011/751
f 1569/983/759 1573/981/759 1575/2188/1505 1571/2182/1505
f 1571/2182/1505 1575/2188/1505 1576/2189/1506 1572/2184/1506
f 1572/2187/1506 1576/2190/1506 1574/968/751 1570/971/751
f 1573/981/759 1578/979/758 1580/2167/1499 1575/2188/1505
f 1575/2188/1505 1580/2167/1499 1579/2168/1500 1576/2189/1506
f 1576/2190/1506 1579/2169/1500 1577/972/752 1574/968/751
f 1527/978/757 1581/977/756 1583/2191/1507 1534/2090/1453
f 1534/2090/1453 1583/2191/1507 1584/2192/1508 1529/2091/1446
f 1529/2193/1446 1584/2194/1508 1582/958/743 1525/959/744
f 1581/977/756 1585/1041/769 1587/2195/1509 1583/2191/1507
f 1583/2191/1507 1587/2195/1509 1588/2196/1510 1584/2192/1508
f 1584/2194/1508 1588/2197/1510 1586/974/754 1582/958/743
f 1585/1041/769 1589/1040/769 1591/2198/1509 1587/2195/1509
f 1587/2195/1509 1591/2198/1509 1592/2199/1510 1588/2196/1510
f 1588/2197/1510 1592/2200/1510 1590/1034/754 1586/974/754
f 1589/1040/769 1593/1039/769 1595/2201/1509 1591/2198/1509
f 1591/2198/1509 1595/2201/1509 1596/2202/1510 1592/2199/1510
f 1592/2200/1510 1596/2203/1510 1594/1032/754 1590/1034/754
f 1593/1039/769 1597/1038/769 1599/2204/1509 1595/2201/1509
f 1595/2201/1509 1599/2204/1509 1600/2205/1510 1596/2202/1510
f 1596/2203/1510 1600/2206/1510 1598/1030/754 1594/1032/754
f 1597/1038/769 1602/1037/756 1604/2159/1495 1599/2204/1509
f 1599/2204/1509 1604/2159/1495 1603/2161/1496 1600/2205/1510
f 1600/2206/1510 1603/2162/1496 1601/963/748 1598/1030/754
f 1537/2166/739 1611/2118/742 1614/2117/1468 1539/2165/1498
f 1539/2165/1498 1614/2117/1468 1613/2115/1466 1540/2164/1497
f 1540/2164/1497 1613/2115/1466 1610/2114/775 1538/2163/774
f 1553/2158/735 1606/2207/738 1609/2110/1465 1555/2157/1494
f 1555/2157/1494 1609/2110/1465 1608/2108/1463 1556/2156/1493
f 1556/2156/1493 1608/2108/1463 1605/1054/766 1554/961/746
f 1565/985/760 1705/984/760 1707/2208/1503 1567/2179/1503
f 1567/2179/1503 1707/2208/1503 1708/2209/1504 1568/2180/1504
f 1568/2181/1504 1708/2210/1504 1706/988/761 1566/991/761
f 1644/1851/1350 1631/1907/1371 1635/2135/1480 1646/2211/1511
f 1646/2211/1511 1635/2135/1480 1640/2144/1486 1645/2212/1512
f 1645/2212/1512 1640/2144/1486 1633/2143/1360 1643/2213/1362
f 1692/1862/1358 1633/1861/1360 1641/2214/1484 1694/2215/1513
f 1694/2216/1513 1641/2141/1484 1637/2138/1483 1693/2217/1514
f 1693/2217/1514 1637/2138/1483 1632/1922/1373 1691/1921/1367
f 1628/1855/1354 1615/1860/1359 1619/2121/1471 1630/2218/1515
f 1630/2218/1515 1619/2121/1471 1624/2129/1477 1629/2219/1516
f 1629/2219/1516 1624/2129/1477 1617/1042/770 1627/1045/773
f 1668/1043/771 1617/1042/770 1625/2131/1475 1670/2220/1506
f 1670/2221/1506 1625/2127/1475 1621/2126/1474 1669/2222/1517
f 1669/2222/1517 1621/2126/1474 1616/1878/1366 1667/1877/759
f 1631/1907/1371 1647/1889/1368 1649/2223/1504 1634/2133/1478
f 1634/2224/1478 1649/2225/1504 1650/2226/1518 1638/2140/1481
f 1638/2140/1481 1650/2226/1518 1648/1920/760 1632/1922/1373
f 1647/1889/1368 1651/1888/761 1653/2227/1504 1649/2223/1504
f 1649/2225/1504 1653/2228/1504 1654/2229/1503 1650/2226/1518
f 1650/2226/1518 1654/2229/1503 1652/1887/760 1648/1920/760
f 1651/1888/761 1655/1884/761 1657/2230/1504 1653/2227/1504
f 1653/2228/1504 1657/2231/1504 1658/2232/1503 1654/2229/1503
f 1654/2229/1503 1658/2232/1503 1656/1883/760 1652/1887/760
f 1709/1011/751 1659/1869/751 1661/2233/1506 1711/2186/1506
f 1711/2185/1506 1661/2234/1506 1662/2235/1505 1712/2183/1505
f 1712/2183/1505 1662/2235/1505 1660/1872/759 1710/1174/759
f 1659/1869/751 1663/1868/751 1665/2236/1506 1661/2233/1506
f 1661/2234/1506 1665/2237/1506 1666/2238/1505 1662/2235/1505
f 1662/2235/1505 1666/2238/1505 1664/1881/759 1660/1872/759
f 1663/1868/751 1668/1043/771 1670/2220/1506 1665/2236/1506
f 1665/2237/1506 1670/2221/1506 1669/2222/1517 1666/2238/1505
f 1666/2238/1505 1669/2222/1517 1667/1877/759 1664/1881/759
f 1615/1860/1359 1671/1859/1358 1673/2239/1513 1618/2119/1469
f 1618/2122/1469 1673/2240/1513 1674/2241/1514 1622/2123/1472
f 1622/2123/1472 1674/2241/1514 1672/1879/1367 1616/1878/1366
f 1671/1859/1358 1675/1874/1365 1677/2242/1513 1673/2239/1513
f 1673/2240/1513 1677/2243/1513 1678/2244/1519 1674/2241/1514
f 1674/2241/1514 1678/2244/1519 1676/1926/1367 1672/1879/1367
f 1675/1874/1365 1679/1918/1365 1681/2245/1513 1677/2242/1513
f 1677/2243/1513 1681/2246/1513 1682/2247/1519 1678/2244/1519
f 1678/2244/1519 1682/2247/1519 1680/1925/1367 1676/1926/1367
f 1679/1918/1365 1683/1916/1365 1685/2248/1513 1681/2245/1513
f 1681/2246/1513 1685/2249/1513 1686/2250/1519 1682/2247/1519
f 1682/2247/1519 1686/2250/1519 1684/1924/1367 1680/1925/1367
f 1683/1916/1365 1687/1914/1365 1689/2251/1513 1685/2248/1513
f 1685/2249/1513 1689/2252/1513 1690/2253/1519 1686/2250/1519
f 1686/2250/1519 1690/2253/1519 1688/1923/1367 1684/1924/1367
f 1687/1914/1365 1692/1862/1358 1694/2215/1513 1689/2251/1513
f 1689/2252/1513 1694/2216/1513 1693/2217/1514 1690/2253/1519
f 1690/2253/1519 1693/2217/1514 1691/1921/1367 1688/1923/1367
f 1627/1045/773 1701/1928/1374 1704/2155/1492 1629/2219/1516
f 1629/2219/1516 1704/2155/1492 1703/2153/1490 1630/2218/1515
f 1630/2218/1515 1703/2153/1490 1700/1856/1355 1628/1855/1354
f 1643/2213/1362 1696/2254/1372 1699/2149/1489 1645/2212/1512
f 1645/2212/1512 1699/2149/1489 1698/2147/1487 1646/2211/1511
f 1646/2211/1511 1698/2147/1487 1695/1852/1351 1644/1851/1350
f 1655/1884/761 1706/988/761 1708/2210/1504 1657/2230/1504
f 1657/2231/1504 1708/2209/1504 1707/2208/1503 1658/2232/1503
f 1658/2232/1503 1707/2208/1503 1705/984/760 1656/1883/760
f 1526/2171/1449 1538/1046/774 664/973/753 1577/972/752
f 655/936/722 654/935/721 1969/2255/73 1720/2256/74
f 656/937/723 655/936/722 1720/2256/74 1970/2257/75
f 657/938/724 656/937/723 1970/2257/75 1971/2258/76
f 658/939/725 657/938/724 1971/2258/76 1721/2259/77
f 1715/940/726 658/939/725 1721/2259/77 1722/2260/78
f 1713/942/728 1370/941/727 1730/2261/79 1716/2262/80
f 659/943/729 1715/940/726 1722/2260/78 1723/2263/81
f 1714/945/730 1713/944/728 1716/2264/80 1717/2265/82
f 1379/946/731 659/943/729 1723/2263/81 1734/2266/83
f 648/947/732 1714/945/730 1717/2265/82 1965/2267/84
f 649/948/733 648/947/732 1965/2267/84 1718/2268/85
f 650/949/734 649/948/733 1718/2268/85 1966/2269/69
f 651/916/710 650/949/734 1966/2269/69 1719/2270/70
f 652/917/711 651/916/710 1719/2270/70 1967/2271/71
f 653/933/720 652/917/711 1967/2271/71 1968/2272/72
f 654/935/721 653/934/720 1968/2273/72 1969/2255/73
f 1375/1839/1339 1733/2274/121 1978/2275/120 1374/1838/1338
f 1376/1840/1340 1979/2276/122 1733/2274/121 1375/1839/1339
f 1728/1841/1341 1980/2277/123 1979/2276/122 1376/1840/1340
f 1377/1842/1342 1981/2278/124 1980/2277/123 1728/1841/1341
f 1729/1843/1343 1982/2279/125 1981/2278/124 1377/1842/1342
f 1369/1844/1344 1972/2280/126 1730/2261/79 1370/941/727
f 1378/1845/1345 1983/2281/127 1982/2279/125 1729/1843/1343
f 1371/1846/1346 1973/2282/128 1972/2280/126 1369/1844/1344
f 1379/1847/731 1734/2283/83 1983/2281/127 1378/1845/1345
f 1372/1848/1347 1731/2284/129 1973/2282/128 1371/1846/1346
f 1724/1849/1348 1974/2285/130 1731/2284/129 1372/1848/1347
f 1725/1850/1349 1732/2286/117 1974/2285/130 1724/1849/1348
f 1726/1821/1331 1975/2287/116 1732/2286/117 1725/1850/1349
f 1373/1820/1330 1976/2288/118 1975/2287/116 1726/1821/1331
f 1727/1836/1337 1977/2289/119 1976/2290/118 1373/1837/1330
f 1374/1838/1338 1978/2275/120 1977/2289/119 1727/1836/1337
f 1755/2291/119 1754/2292/119 1756/2293/119 1757/2294/119 1758/2295/119 1759/2296/119 1760/2297/119 1761/2298/119 1762/2299/119 1763/2300/119 1764/2301/119 1765/2302/119 1766/2303/119 1767/2304/119 1768/2305/119 1769/2306/119 1770/2307/119 1771/2308/119 1772/2309/119 1773/2310/119 1774/2311/119 1775/2312/119 1776/2313/119 1777/2314/119 1778/2315/119 1779/2316/119 1780/2317/119 1781/2318/119 1782/2319/119 1783/2320/119 1784/2321/119 1785/2322/119
f 1846/2323/72 1876/2324/72 1875/2325/72 1874/2326/72 1873/2327/72 1872/2328/72 1871/2329/72 1870/2330/72 1869/2331/72 1868/2332/72 1867/2333/72 1866/2334/72 1865/2335/72 1864/2336/72 1863/2337/72 1862/2338/72 1861/2339/72 1860/2340/72 1859/2341/72 1858/2342/72 1857/2343/72 1856/2344/72 1855/2345/72 1854/2346/72 1853/2347/72 1852/2348/72 1851/2349/72 1850/2350/72 1849/2351/72 1848/2352/72 1847/2353/72 1845/2354/72
f 1925/2355/1520 1924/2356/1521 1940/2357/1521 1941/2358/1520
f 1904/2359/1522 1919/2360/1523 1836/2361/1523 1837/2362/1522
f 1924/2356/1521 1923/2363/1524 1939/2364/1524 1940/2357/1521
f 1919/2365/1523 1903/2366/1525 1835/2367/1525 1836/2368/1523
f 1923/2363/1524 1922/2369/1526 1938/2370/1526 1939/2364/1524
f 1903/2366/1525 1902/2371/1527 1933/2372/1527 1835/2367/1525
f 1922/2369/1526 1912/2373/1528 1937/2374/1528 1938/2370/1526
f 1902/2371/1527 1901/2375/1529 1834/2376/1529 1933/2372/1527
f 1912/2373/1528 1911/2377/1530 1936/2378/1530 1937/2374/1528
f 1901/2375/1529 1900/2379/1531 1932/2380/1531 1834/2376/1529
f 1911/2377/1530 1921/2381/1532 1843/2382/1532 1936/2378/1530
f 1900/2379/1531 1918/2383/1533 1833/2384/1533 1932/2380/1531
f 1921/2381/1532 1910/2385/1534 1935/2386/1534 1843/2382/1532
f 1918/2383/1533 1917/2387/1535 1931/2388/1535 1833/2384/1533
f 1910/2389/1534 1920/2390/1536 1934/2391/1536 1935/2392/1534
f 1917/2387/1535 1899/2393/1537 1930/2394/1537 1931/2388/1535
f 1920/2390/1536 1909/2395/1538 1842/2396/1538 1934/2391/1536
f 1914/2397/1539 1913/2398/1540 1944/2399/1540 1929/2400/1539
f 1899/2393/1537 1916/2401/1541 1832/2402/1541 1930/2394/1537
f 1909/2395/1538 1908/2403/1542 1841/2404/1542 1842/2396/1538
f 1913/2398/1540 1928/2405/1543 1943/2406/1543 1944/2399/1540
f 1916/2407/1541 1898/2408/1544 1831/2409/1544 1832/2410/1541
f 1908/2403/1542 1907/2411/1545 1840/2412/1545 1841/2404/1542
f 1928/2405/1543 1927/2413/1546 1844/2414/1546 1943/2406/1543
f 1898/2408/1544 1915/2415/1547 1830/2416/1547 1831/2409/1544
f 1907/2411/1545 1906/2417/1548 1839/2418/1548 1840/2412/1545
f 1927/2413/1546 1926/2419/1549 1942/2420/1549 1844/2414/1546
f 1915/2415/1547 1897/2421/1550 1829/2422/1550 1830/2416/1547
f 1906/2417/1548 1905/2423/1551 1838/2424/1551 1839/2418/1548
f 1926/2425/1549 1925/2355/1520 1941/2358/1520 1942/2426/1549
f 1897/2421/1550 1914/2397/1539 1929/2400/1539 1829/2422/1550
f 1905/2423/1551 1904/2359/1522 1837/2362/1522 1838/2424/1551
f 1825/2427/1552 1963/2428/1552 1750/2429/1553 1824/2430/1553
f 1816/2431/1554 1958/2432/1554 1957/2433/1555 1815/2434/1555
f 1824/2430/1553 1750/2429/1553 1962/2435/1556 1950/2436/1556
f 1815/2437/1555 1957/2438/1555 1741/2439/1557 1814/2440/1557
f 1950/2436/1556 1962/2435/1556 1749/2441/1558 1823/2442/1558
f 1814/2440/1557 1741/2439/1557 1956/2443/1559 1813/2444/1559
f 1823/2442/1558 1749/2441/1558 1748/2445/1560 1949/2446/1560
f 1813/2444/1559 1956/2443/1559 1740/2447/1561 1812/2448/1561
f 1949/2446/1560 1748/2445/1560 1747/2449/1562 1822/2450/1562
f 1812/2448/1561 1740/2447/1561 1739/2451/1563 1811/2452/1563
f 1822/2450/1562 1747/2449/1562 1746/2453/1564 1821/2454/1564
f 1811/2452/1563 1739/2451/1563 1738/2455/1565 1810/2456/1565
f 1821/2454/1564 1746/2453/1564 1745/2457/1566 1820/2458/1566
f 1810/2456/1565 1738/2455/1565 1737/2459/1567 1809/2460/1567
f 1820/2461/1566 1745/2462/1566 1744/2463/1568 1948/2464/1568
f 1809/2460/1567 1737/2459/1567 1955/2465/1569 1808/2466/1569
f 1948/2464/1568 1744/2463/1568 1961/2467/1570 1947/2468/1570
f 1805/2469/1571 1953/2470/1571 1753/2471/1572 1828/2472/1572
f 1808/2473/1569 1955/2474/1569 1736/2475/1573 1807/2476/1573
f 1947/2468/1570 1961/2467/1570 1960/2477/1574 1819/2478/1574
f 1828/2472/1572 1753/2471/1572 1752/2479/1575 1951/2480/1575
f 1807/2476/1573 1736/2475/1573 1735/2481/1576 1945/2482/1576
f 1819/2478/1574 1960/2477/1574 1743/2483/1577 1946/2484/1577
f 1951/2480/1575 1752/2479/1575 1964/2485/1578 1827/2486/1578
f 1945/2482/1576 1735/2481/1576 1954/2487/1579 1806/2488/1579
f 1946/2484/1577 1743/2483/1577 1959/2489/1580 1818/2490/1580
f 1827/2486/1578 1964/2485/1578 1751/2491/1581 1826/2492/1581
f 1806/2488/1579 1954/2487/1579 1952/2493/1582 1804/2494/1582
f 1818/2490/1580 1959/2489/1580 1742/2495/1583 1817/2496/1583
f 1826/2492/1581 1751/2491/1581 1963/2497/1552 1825/2498/1552
f 1804/2494/1582 1952/2493/1582 1953/2470/1571 1805/2469/1571
f 1817/2496/1583 1742/2495/1583 1958/2432/1554 1816/2431/1554
f 2014/2499/80 1998/2500/79 2006/2501/79 1992/2502/80
f 2020/2503/81 1991/2504/78 1997/2505/78 65/2506/81
f 2015/2507/82 2014/2508/80 1992/2509/80 57/2510/82
f 2029/2511/83 2020/2503/81 65/2506/81 86/2512/83
f 1984/2513/84 2015/2507/82 57/2510/82 58/2514/84
f 2016/2515/85 1984/2513/84 58/2514/84 1993/2516/85
f 1985/2517/69 2016/2515/85 1993/2516/85 1994/2518/69
f 1986/2519/70 1985/2517/69 1994/2518/69 59/2520/70
f 2017/2521/71 1986/2519/70 59/2520/70 60/2522/71
f 2018/2523/72 2017/2521/71 60/2522/71 61/2524/72
f 1987/2525/73 2018/2526/72 61/2527/72 1995/2528/73
f 1988/2529/74 1987/2525/73 1995/2528/73 62/2530/74
f 1989/2531/75 1988/2529/74 62/2530/74 63/2532/75
f 1990/2533/76 1989/2531/75 63/2532/75 64/2534/76
f 2019/2535/77 1990/2533/76 64/2534/76 1996/2536/77
f 1991/2504/78 2019/2535/77 1996/2536/77 1997/2505/78
f 2021/2537/126 78/2538/126 2006/2501/79 1998/2500/79
f 2005/2539/127 2013/2540/127 85/2541/125 2028/2542/125
f 2022/2543/128 2007/2544/128 78/2538/126 2021/2537/126
f 2029/2545/83 86/2546/83 2013/2540/127 2005/2539/127
f 1999/2547/129 2008/2548/129 2007/2544/128 2022/2543/128
f 2000/2549/130 79/2550/130 2008/2548/129 1999/2547/129
f 2023/2551/117 80/2552/117 79/2550/130 2000/2549/130
f 2024/2553/116 2009/2554/116 80/2552/117 2023/2551/117
f 2001/2555/118 2010/2556/118 2009/2554/116 2024/2553/116
f 2002/2557/119 81/2558/119 2010/2559/118 2001/2560/118
f 2003/2561/120 82/2562/120 81/2558/119 2002/2557/119
f 2025/2563/121 2011/2564/121 82/2562/120 2003/2561/120
f 2026/2565/122 83/2566/122 2011/2564/121 2025/2563/121
f 2027/2567/123 2012/2568/123 83/2566/122 2026/2565/122
f 2004/2569/124 84/2570/124 2012/2568/123 2027/2567/123
f 2028/2542/125 85/2541/125 84/2570/124 2004/2569/124
f 1509/2571/1412 1510/2572/1443 1786/2573/1584 2030/2574/79
f 1510/2572/1443 1511/2575/1442 2031/2576/1585 1786/2573/1584
f 1511/2575/1442 2032/2577/1441 1787/2578/1586 2031/2576/1585
f 2032/2577/1441 1512/2579/1440 2033/2580/1587 1787/2578/1586
f 1512/2579/1440 1513/2581/1439 2034/2582/1588 2033/2580/1587
f 1513/2583/1439 1514/2584/1438 1788/2585/1589 2034/2586/1588
f 1514/2584/1438 2035/2587/1437 2036/2588/1590 1788/2585/1589
f 2035/2587/1437 1515/2589/1436 1789/2590/755 2036/2588/1590
f 1515/2589/1436 2037/2591/1435 2038/2592/1591 1789/2590/755
f 2037/2591/1435 1516/2593/1434 2039/2594/1592 2038/2592/1591
f 1516/2593/1434 2040/2595/1433 2041/2596/1593 2039/2594/1592
f 2040/2595/1433 2042/2597/1432 2043/2598/1594 2041/2596/1593
f 2042/2599/1432 1517/2600/1431 1790/2601/1595 2043/2602/1594
f 1517/2600/1431 2044/2603/1430 1791/2604/1596 1790/2601/1595
f 2044/2603/1430 1518/2605/1429 2045/2606/1597 1791/2604/1596
f 1518/2605/1429 2046/2607/1428 1792/2608/83 2045/2606/1597
f 2046/2607/1428 2047/2609/1427 1793/2610/1598 1792/2608/83
f 2047/2609/1427 1519/2611/1426 1794/2612/1599 1793/2610/1598
f 1519/2611/1426 2048/2613/1425 2049/2614/1600 1794/2612/1599
f 2048/2613/1425 2050/2615/1424 1795/2616/1601 2049/2614/1600
f 2050/2617/1424 2051/2618/1423 1796/2619/1602 1795/2620/1601
f 2051/2618/1423 2052/2621/1422 1797/2622/1603 1796/2619/1602
f 2052/2621/1422 1520/2623/1421 1798/2624/1604 1797/2622/1603
f 1520/2623/1421 2053/2625/1420 1799/2626/1605 1798/2624/1604
f 2053/2625/1420 2054/2627/1419 1800/2628/1606 1799/2626/1605
f 2054/2627/1419 1521/2629/1418 2055/2630/1607 1800/2628/1606
f 1521/2629/1418 1522/2583/1417 2056/2586/1608 2055/2630/1607
f 1522/2631/1417 2057/2632/1416 1801/2633/1609 2056/2634/1608
f 2057/2632/1416 1523/2635/1415 1802/2636/1610 1801/2633/1609
f 1523/2635/1415 1524/2637/1414 1803/2638/1611 1802/2636/1610
f 1524/2637/1414 2058/2639/1413 2059/2640/1612 1803/2638/1611
f 2058/2639/1413 1509/2571/1412 2030/2574/79 2059/2640/1612
f 781/2641/816 1877/2642/79 1878/2643/1584 2060/2644/817
f 2060/2644/817 1878/2643/1584 1879/2645/1585 2061/2646/818
f 2061/2646/818 1879/2645/1585 1880/2647/1586 2062/2648/819
f 2062/2648/819 1880/2647/1586 1881/2649/1587 2063/2650/820
f 2063/2650/820 1881/2649/1587 1882/2651/1613 2064/2652/821
f 2064/2653/821 1882/2654/1613 2066/2655/1589 2065/2656/822
f 2065/2656/822 2066/2655/1589 1883/2657/1590 2067/2658/823
f 2067/2658/823 1883/2657/1590 2068/2659/755 782/2660/824
f 782/2660/824 2068/2659/755 1884/2661/1591 2069/2662/825
f 2069/2662/825 1884/2661/1591 1885/2663/1592 2070/2664/826
f 2070/2664/826 1885/2663/1592 1886/2665/1593 2071/2666/827
f 2071/2666/827 1886/2665/1593 1887/2667/1594 2072/2668/828
f 2072/1187/828 1887/2669/1594 2073/2670/1595 783/1188/829
f 783/1188/829 2073/2670/1595 1888/2671/1596 2074/1189/830
f 2074/1189/830 1888/2671/1596 2076/2672/1597 2075/1190/831
f 2075/1190/831 2076/2672/1597 1889/2673/83 2077/1191/832
f 2077/1191/832 1889/2673/83 2078/2674/1598 784/1192/833
f 784/1192/833 2078/2674/1598 1890/2675/1599 785/1193/834
f 785/1193/834 1890/2675/1599 2080/2676/1600 2079/1194/835
f 2079/1194/835 2080/2676/1600 1891/2677/1601 2081/1195/836
f 2081/2678/836 1891/2679/1601 2082/2680/1614 786/2681/837
f 786/2681/837 2082/2680/1614 1892/2682/1615 787/2683/838
f 787/2683/838 1892/2682/1615 2084/2684/1604 2083/2685/839
f 2083/2685/839 2084/2684/1604 2086/2686/2 2085/2687/840
f 2085/2687/840 2086/2686/2 1893/2688/1606 788/2689/841
f 788/2689/841 1893/2688/1606 1894/2690/1616 789/2691/842
f 789/2691/842 1894/2690/1616 1895/2692/1608 2087/2693/843
f 2087/2694/843 1895/2695/1608 2089/2696/1609 2088/2697/844
f 2088/2697/844 2089/2696/1609 1896/2698/1617 2090/2699/845
f 2090/2699/845 1896/2698/1617 2092/2700/1618 2091/2701/846
f 2091/2701/846 2092/2700/1618 2094/2702/1612 2093/2703/847
f 2093/2703/847 2094/2702/1612 1877/2642/79 781/2641/816
f 2104/2704/72 2105/2705/71 660/2706/1619 2102/2707/1620
f 2106/2708/73 2104/2709/72 2102/2710/1620 5151/2711/1621
f 2107/2712/74 2106/2708/73 5151/2711/1621 5146/2713/1622
f 2108/2714/1623 2107/2712/74 5146/2713/1622 5152/2715/1624
f 2109/2716/76 2108/2714/1623 5152/2715/1624 5153/2717/1625
f 2110/2718/77 2109/2716/76 5153/2717/1625 5154/2719/1626
f 2111/2720/78 2110/2718/77 5154/2719/1626 2103/2721/1627
f 2112/2722/80 2129/2723/79 5138/2724/1628 5149/2725/1629
f 2113/2726/81 2111/2720/78 2103/2721/1627 5145/2727/1630
f 2114/2728/82 2112/2729/80 5149/2730/1629 5148/2731/1631
f 2133/2732/83 2113/2726/81 5145/2727/1630 5144/2733/1632
f 2115/2734/84 2114/2728/82 5148/2731/1631 5147/2735/1633
f 2116/2736/85 2115/2734/84 5147/2735/1633 5150/2737/1634
f 2117/2738/69 2116/2736/85 5150/2737/1634 5134/2739/1635
f 2118/2740/70 2117/2738/69 5134/2739/1635 5135/2741/1636
f 2105/2705/71 2118/2740/70 5135/2741/1636 660/2706/1619
f 2097/2742/71 118/2743/70 2118/2740/70 2105/2705/71
f 118/2743/70 117/2744/69 2117/2738/69 2118/2740/70
f 117/2744/69 2096/2745/85 2116/2736/85 2117/2738/69
f 2096/2745/85 2095/2746/84 2115/2734/84 2116/2736/85
f 2095/2746/84 116/2747/82 2114/2728/82 2115/2734/84
f 138/2748/83 122/2749/81 2113/2726/81 2133/2732/83
f 116/2747/82 115/2750/80 2112/2729/80 2114/2728/82
f 122/2749/81 121/2751/78 2111/2720/78 2113/2726/81
f 115/2752/80 124/2753/79 2129/2723/79 2112/2722/80
f 121/2751/78 120/2754/77 2110/2718/77 2111/2720/78
f 120/2754/77 2101/2755/76 2109/2716/76 2110/2718/77
f 2101/2755/76 2100/2756/75 2108/2714/1623 2109/2716/76
f 2100/2756/75 2099/2757/74 2107/2712/74 2108/2714/1623
f 2099/2757/74 119/2758/73 2106/2708/73 2107/2712/74
f 119/2758/73 2098/2759/72 2104/2709/72 2106/2708/73
f 2098/2760/72 2097/2742/71 2105/2705/71 2104/2704/72
f 2121/2761/119 5136/2762/1637 5157/2763/1638 2122/2764/118
f 2123/2765/120 5158/2766/1639 5136/2762/1637 2121/2761/119
f 2124/2767/121 5142/2768/1640 5158/2766/1639 2123/2765/120
f 2125/2769/122 5143/2770/1641 5142/2768/1640 2124/2767/121
f 2126/2771/123 5159/2772/1642 5143/2770/1641 2125/2769/122
f 2127/2773/124 1380/2774/1643 5159/2772/1642 2126/2771/123
f 2128/2775/125 2120/2776/1644 1380/2774/1643 2127/2773/124
f 2130/2777/126 5155/2778/1645 5138/2724/1628 2129/2723/79
f 2131/2779/127 5160/2780/1646 2120/2776/1644 2128/2775/125
f 2132/2781/128 5139/2782/1647 5155/2778/1645 2130/2777/126
f 2133/2783/83 5144/2784/1632 5160/2780/1646 2131/2779/127
f 2134/2785/129 5156/2786/1648 5139/2782/1647 2132/2781/128
f 2135/2787/130 5140/2788/1649 5156/2786/1648 2134/2785/129
f 2136/2789/117 5137/2790/1650 5140/2788/1649 2135/2787/130
f 2137/2791/116 5141/2792/1651 5137/2790/1650 2136/2789/117
f 2122/2793/118 5157/2794/1638 5141/2792/1651 2137/2791/116
f 129/2795/118 2122/2793/118 2137/2791/116 2119/2796/116
f 2119/2796/116 2137/2791/116 2136/2789/117 128/2797/117
f 128/2797/117 2136/2789/117 2135/2787/130 127/2798/130
f 127/2798/130 2135/2787/130 2134/2785/129 126/2799/129
f 126/2799/129 2134/2785/129 2132/2781/128 125/2800/128
f 138/2801/83 2133/2783/83 2131/2779/127 137/2802/127
f 125/2800/128 2132/2781/128 2130/2777/126 123/2803/126
f 137/2802/127 2131/2779/127 2128/2775/125 136/2804/125
f 123/2803/126 2130/2777/126 2129/2723/79 124/2753/79
f 136/2804/125 2128/2775/125 2127/2773/124 135/2805/124
f 135/2805/124 2127/2773/124 2126/2771/123 134/2806/123
f 134/2806/123 2126/2771/123 2125/2769/122 133/2807/122
f 133/2807/122 2125/2769/122 2124/2767/121 132/2808/121
f 132/2808/121 2124/2767/121 2123/2765/120 131/2809/120
f 131/2809/120 2123/2765/120 2121/2761/119 130/2810/119
f 130/2810/119 2121/2761/119 2122/2764/118 129/2811/118
f 2206/2812/1652 2238/2813/1653 2237/2814/1654 2205/2815/1655
f 2145/2816/1656 2204/2817/1657 2138/2818/1658 2143/2819/1659
f 2140/2820/1660 2142/2821/1661 2143/2819/1659 2141/2822/1662
f 2214/2823/1663 2246/2824/1664 2245/2825/1665 2213/2826/1666
f 2161/2827/1667 2212/2828/1668 2211/2829/1669 2159/2830/1670
f 2142/2821/1661 2144/2831/1671 2145/2816/1656 2143/2819/1659
f 2224/2832/1672 2256/2833/1673 2255/2834/1674 2223/2835/1675
f 2175/2836/1676 2219/2837/1677 2218/2838/1678 2173/2839/1679
f 2144/2831/1671 2146/2840/1680 2147/2841/1681 2145/2816/1656
f 2217/2842/1682 2249/2843/1683 2248/2844/1684 2216/2845/1685
f 2191/2846/1686 2227/2847/1687 2226/2848/1688 2189/2849/1689
f 2146/2840/1680 2148/2850/1690 2149/2851/1691 2147/2841/1681
f 2209/2852/1692 2241/2853/1693 2240/2854/1694 2208/2855/1695
f 2155/2856/1696 2209/2852/1692 2208/2855/1695 2153/2857/1697
f 2148/2850/1690 2150/2858/1698 2151/2859/1699 2149/2851/1691
f 2227/2847/1687 2259/2860/1700 2258/2861/1701 2226/2848/1688
f 2169/2862/1702 2216/2845/1685 2215/2863/1703 2167/2864/1704
f 2150/2865/1698 2152/2866/1705 2153/2857/1697 2151/2867/1699
f 2220/2868/1706 2252/2869/1707 2251/2870/1708 2219/2837/1677
f 2185/2871/1709 2224/2832/1672 2223/2835/1675 2183/2872/1710
f 2152/2866/1705 2154/2873/1711 2155/2856/1696 2153/2857/1697
f 2212/2828/1668 2244/2874/1712 2243/2875/1713 2211/2829/1669
f 2201/2876/1714 2232/2877/1715 2231/2878/1716 2199/2879/1717
f 2154/2873/1711 2156/2880/1718 2157/2881/1719 2155/2856/1696
f 2204/2817/1657 2236/2882/1720 2234/2883/1721 2138/2818/1658
f 2149/2851/1691 2206/2812/1652 2205/2815/1655 2147/2841/1681
f 2156/2880/1718 2158/2884/1722 2159/2830/1670 2157/2881/1719
f 2230/2885/1723 2262/2886/1724 2261/2887/1725 2229/2888/1726
f 2165/2889/1727 2214/2890/1663 2213/2891/1666 2163/2892/1728
f 2158/2884/1722 2160/2893/1729 2161/2827/1667 2159/2830/1670
f 2222/2894/1730 2254/2895/1731 2253/2896/1732 2221/2897/1733
f 2179/2898/1734 2221/2897/1733 2220/2868/1706 2177/2899/1735
f 2160/2893/1729 2162/2900/1736 2163/2892/1728 2161/2827/1667
f 2215/2863/1703 2247/2901/1737 2246/2824/1664 2214/2823/1663
f 2195/2902/1738 2229/2903/1726 2228/2904/1739 2193/2905/1740
f 2162/2906/1736 2164/2907/1741 2165/2908/1727 2163/2909/1728
f 2207/2910/1742 2239/2911/1743 2238/2813/1653 2206/2812/1652
f 2159/2830/1670 2211/2829/1669 2210/2912/1744 2157/2881/1719
f 2164/2907/1741 2166/2913/1745 2167/2864/1704 2165/2908/1727
f 2225/2914/1746 2257/2915/1747 2256/2833/1673 2224/2832/1672
f 2173/2839/1679 2218/2838/1678 2217/2842/1682 2171/2916/1748
f 2166/2913/1745 2168/2917/1749 2169/2862/1702 2167/2864/1704
f 2218/2838/1678 2250/2918/1750 2249/2843/1683 2217/2842/1682
f 2189/2849/1689 2226/2848/1688 2225/2914/1746 2187/2919/1751
f 2168/2917/1749 2170/2920/1752 2171/2916/1748 2169/2862/1702
f 2210/2912/1744 2242/2921/1753 2241/2853/1693 2209/2852/1692
f 2143/2819/1659 2138/2818/1658 2139/2922/1754 2141/2822/1662
f 2170/2920/1752 2172/2923/1755 2173/2839/1679 2171/2916/1748
f 2233/2924/1756 2265/2925/1757 2264/2926/1758 2232/2877/1715
f 2153/2857/1697 2208/2855/1695 2207/2927/1742 2151/2867/1699
f 2172/2923/1755 2174/2928/1759 2175/2836/1676 2173/2839/1679
f 2228/2904/1739 2260/2929/1760 2259/2860/1700 2227/2847/1687
f 2183/2930/1710 2223/2931/1675 2222/2894/1730 2181/2932/1761
f 2174/2928/1759 2176/2933/1762 2177/2899/1735 2175/2836/1676
f 2139/2922/1754 2235/2934/1763 2265/2925/1757 2233/2924/1756
f 2199/2879/1717 2231/2878/1716 2230/2885/1723 2197/2935/1764
f 2176/2933/1762 2178/2936/1765 2179/2898/1734 2177/2899/1735
f 2213/2891/1666 2245/2937/1665 2244/2874/1712 2212/2828/1668
f 2141/2822/1662 2139/2922/1754 2233/2924/1756 2203/2938/1766
f 2178/2936/1765 2180/2939/1767 2181/2932/1761 2179/2898/1734
f 2205/2815/1655 2237/2814/1654 2236/2882/1720 2204/2817/1657
f 2147/2841/1681 2205/2815/1655 2204/2817/1657 2145/2816/1656
f 2180/2939/1767 2182/2940/1768 2183/2930/1710 2181/2932/1761
f 2231/2878/1716 2263/2941/1769 2262/2886/1724 2230/2885/1723
f 2163/2892/1728 2213/2891/1666 2212/2828/1668 2161/2827/1667
f 2182/2942/1768 2184/2943/1770 2185/2871/1709 2183/2872/1710
f 2223/2931/1675 2255/2944/1674 2254/2895/1731 2222/2894/1730
f 2177/2899/1735 2220/2868/1706 2219/2837/1677 2175/2836/1676
f 2184/2943/1770 2186/2945/1771 2187/2919/1751 2185/2871/1709
f 2216/2845/1685 2248/2844/1684 2247/2901/1737 2215/2863/1703
f 2193/2905/1740 2228/2904/1739 2227/2847/1687 2191/2846/1686
f 2186/2945/1771 2188/2946/1772 2189/2849/1689 2187/2919/1751
f 2208/2855/1695 2240/2854/1694 2239/2947/1743 2207/2927/1742
f 2157/2881/1719 2210/2912/1744 2209/2852/1692 2155/2856/1696
f 2188/2946/1772 2190/2948/1773 2191/2846/1686 2189/2849/1689
f 2226/2848/1688 2258/2861/1701 2257/2915/1747 2225/2914/1746
f 2171/2916/1748 2217/2842/1682 2216/2845/1685 2169/2862/1702
f 2190/2948/1773 2192/2949/1774 2193/2905/1740 2191/2846/1686
f 2219/2837/1677 2251/2870/1708 2250/2918/1750 2218/2838/1678
f 2187/2919/1751 2225/2914/1746 2224/2832/1672 2185/2871/1709
f 2192/2949/1774 2194/2950/1775 2195/2902/1738 2193/2905/1740
f 2211/2829/1669 2243/2875/1713 2242/2921/1753 2210/2912/1744
f 2203/2938/1766 2233/2924/1756 2232/2877/1715 2201/2876/1714
f 2194/2951/1775 2196/2952/1776 2197/2935/1764 2195/2953/1738
f 2138/2818/1658 2234/2883/1721 2235/2934/1763 2139/2922/1754
f 2151/2859/1699 2207/2910/1742 2206/2812/1652 2149/2851/1691
f 2196/2952/1776 2198/2954/1777 2199/2879/1717 2197/2935/1764
f 2229/2903/1726 2261/2955/1725 2260/2929/1760 2228/2904/1739
f 2167/2864/1704 2215/2863/1703 2214/2823/1663 2165/2908/1727
f 2198/2954/1777 2200/2956/1778 2201/2876/1714 2199/2879/1717
f 2197/2935/1764 2230/2885/1723 2229/2888/1726 2195/2953/1738
f 2181/2932/1761 2222/2894/1730 2221/2897/1733 2179/2898/1734
f 2200/2956/1778 2202/2957/1779 2203/2938/1766 2201/2876/1714
f 2232/2877/1715 2264/2926/1758 2263/2941/1769 2231/2878/1716
f 2221/2897/1733 2253/2896/1732 2252/2869/1707 2220/2868/1706
f 2202/2957/1779 2140/2820/1660 2141/2822/1662 2203/2938/1766
f 2140/2958/1660 2202/2959/1779 2200/2960/1778 2198/2961/1777 2196/2962/1776 2194/2963/1775 2192/2964/1774 2190/2965/1773 2188/2966/1772 2186/2967/1771 2184/2968/1770 2182/2969/1768 2180/2970/1767 2178/2971/1765 2176/2972/1762 2174/2973/1759 2172/2974/1755 2170/2975/1752 2168/2976/1749 2166/2977/1745 2164/2978/1741 2162/2979/1736 2160/2980/1729 2158/2981/1722 2156/2982/1718 2154/2983/1711 2152/2984/1705 2150/2985/1698 2148/2986/1690 2146/2987/1680 2144/2988/1671 2142/2989/1661
f 2245/2937/1665 2277/2990/1780 2276/2991/1781 2244/2874/1712
f 2258/2861/1701 2290/2992/1782 2289/2993/1783 2257/2915/1747
f 2244/2874/1712 2276/2991/1781 2275/2994/1784 2243/2875/1713
f 2257/2915/1747 2289/2993/1783 2288/2995/1785 2256/2833/1673
f 2243/2875/1713 2275/2994/1784 2274/2996/1786 2242/2921/1753
f 2256/2997/1673 2288/2998/1785 2287/2999/1787 2255/2944/1674
f 2242/2921/1753 2274/2996/1786 2273/3000/1788 2241/2853/1693
f 2255/2944/1674 2287/2999/1787 2286/3001/1789 2254/2895/1731
f 2241/2853/1693 2273/3000/1788 2272/3002/1790 2240/2854/1694
f 2254/2895/1731 2286/3001/1789 2285/3003/1791 2253/2896/1732
f 2240/2854/1694 2272/3002/1790 2271/3004/1792 2239/2947/1743
f 2253/2896/1732 2285/3003/1791 2284/3005/1793 2252/2869/1707
f 2235/2934/1763 2267/3006/1794 2297/3007/1795 2265/2925/1757
f 2239/2911/1743 2271/3008/1792 2270/3009/1796 2238/2813/1653
f 2252/2869/1707 2284/3005/1793 2283/3010/1797 2251/2870/1708
f 2265/2925/1757 2297/3007/1795 2296/3011/1798 2264/2926/1758
f 2238/2813/1653 2270/3009/1796 2269/3012/1799 2237/2814/1654
f 2251/2870/1708 2283/3010/1797 2282/3013/1800 2250/2918/1750
f 2264/2926/1758 2296/3011/1798 2295/3014/1801 2263/2941/1769
f 2237/2814/1654 2269/3012/1799 2268/3015/1802 2236/2882/1720
f 2250/2918/1750 2282/3013/1800 2281/3016/1803 2249/2843/1683
f 2263/2941/1769 2295/3014/1801 2294/3017/1804 2262/2886/1724
f 2236/2882/1720 2268/3015/1802 2266/3018/1805 2234/2883/1721
f 2249/2843/1683 2281/3016/1803 2280/3019/1806 2248/2844/1684
f 2262/2886/1724 2294/3017/1804 2293/3020/1807 2261/2887/1725
f 2234/2883/1721 2266/3018/1805 2267/3006/1794 2235/2934/1763
f 2248/2844/1684 2280/3019/1806 2279/3021/1808 2247/2901/1737
f 2261/2955/1725 2293/3022/1807 2292/3023/1809 2260/2929/1760
f 2247/2901/1737 2279/3021/1808 2278/3024/1810 2246/2824/1664
f 2260/2929/1760 2292/3023/1809 2291/3025/1811 2259/2860/1700
f 2246/2824/1664 2278/3024/1810 2277/3026/1780 2245/2825/1665
f 2259/2860/1700 2291/3025/1811 2290/2992/1782 2258/2861/1701
f 2274/3027/1786 2306/3028/1812 2305/3029/1813 2273/3030/1788
f 2287/2999/1787 2319/3031/1814 2318/3032/1815 2286/3001/1789
f 2273/3030/1788 2305/3029/1813 2304/3033/1816 2272/3034/1790
f 2286/3001/1789 2318/3032/1815 2317/3035/1817 2285/3003/1791
f 2272/3036/1790 2304/3037/1816 2303/3038/1818 2271/3008/1792
f 2285/3003/1791 2317/3035/1817 2316/3039/1819 2284/3005/1793
f 2267/3006/1794 2299/3040/1820 2329/3041/1821 2297/3007/1795
f 2271/3008/1792 2303/3038/1818 2302/3042/1822 2270/3009/1796
f 2284/3005/1793 2316/3039/1819 2315/3043/1823 2283/3010/1797
f 2297/3007/1795 2329/3041/1821 2328/3044/1824 2296/3011/1798
f 2270/3009/1796 2302/3042/1822 2301/3045/1825 2269/3012/1799
f 2283/3010/1797 2315/3043/1823 2314/3046/1826 2282/3013/1800
f 2296/3011/1798 2328/3044/1824 2327/3047/1827 2295/3014/1801
f 2269/3012/1799 2301/3045/1825 2300/3048/1828 2268/3015/1802
f 2282/3013/1800 2314/3046/1826 2313/3049/1829 2281/3016/1803
f 2295/3014/1801 2327/3047/1827 2326/3050/1830 2294/3017/1804
f 2268/3015/1802 2300/3048/1828 2298/3051/1831 2266/3018/1805
f 2281/3016/1803 2313/3049/1829 2312/3052/1832 2280/3019/1806
f 2294/3017/1804 2326/3050/1830 2325/3053/1833 2293/3020/1807
f 2266/3018/1805 2298/3051/1831 2299/3040/1820 2267/3006/1794
f 2280/3019/1806 2312/3052/1832 2311/3054/1834 2279/3021/1808
f 2293/3020/1807 2325/3053/1833 2324/3055/1835 2292/3056/1809
f 2279/3021/1808 2311/3054/1834 2310/3057/1836 2278/3024/1810
f 2292/3058/1809 2324/3059/1835 2323/3060/1837 2291/3061/1811
f 2278/3062/1810 2310/3063/1836 2309/3064/1838 2277/3065/1780
f 2291/3061/1811 2323/3060/1837 2322/3066/1839 2290/3067/1782
f 2277/3065/1780 2309/3064/1838 2308/3068/1840 2276/3069/1781
f 2290/3067/1782 2322/3066/1839 2321/3070/1841 2289/3071/1783
f 2276/3069/1781 2308/3068/1840 2307/3072/1842 2275/3073/1784
f 2289/3074/1783 2321/3075/1841 2320/3076/1843 2288/2998/1785
f 2275/3073/1784 2307/3072/1842 2306/3028/1812 2274/3027/1786
f 2288/2998/1785 2320/3076/1843 2319/3031/1814 2287/2999/1787
f 2299/3040/1820 2331/3077/1844 2361/3078/1845 2329/3041/1821
f 2303/3038/1818 2335/3079/1846 2334/3080/1847 2302/3042/1822
f 2316/3039/1819 2348/3081/1848 2347/3082/1849 2315/3043/1823
f 2329/3041/1821 2361/3078/1845 2360/3083/1850 2328/3044/1824
f 2302/3042/1822 2334/3080/1847 2333/3084/1851 2301/3045/1825
f 2315/3043/1823 2347/3082/1849 2346/3085/1852 2314/3046/1826
f 2328/3044/1824 2360/3083/1850 2359/3086/1853 2327/3047/1827
f 2301/3045/1825 2333/3084/1851 2332/3087/1854 2300/3048/1828
f 2314/3046/1826 2346/3085/1852 2345/3088/1855 2313/3049/1829
f 2327/3047/1827 2359/3086/1853 2358/3089/1856 2326/3050/1830
f 2300/3048/1828 2332/3087/1854 2330/3090/1857 2298/3051/1831
f 2313/3049/1829 2345/3088/1855 2344/3091/1858 2312/3052/1832
f 2326/3050/1830 2358/3089/1856 2357/3092/1859 2325/3053/1833
f 2298/3051/1831 2330/3090/1857 2331/3077/1844 2299/3040/1820
f 2312/3052/1832 2344/3091/1858 2343/3093/1860 2311/3054/1834
f 2325/3053/1833 2357/3092/1859 2356/3094/1861 2324/3055/1835
f 2311/3054/1834 2343/3093/1860 2342/3095/1862 2310/3057/1836
f 2324/3059/1835 2356/3096/1861 2355/3097/1863 2323/3060/1837
f 2310/3063/1836 2342/3098/1862 2341/3099/1864 2309/3064/1838
f 2323/3060/1837 2355/3097/1863 2354/3100/1865 2322/3066/1839
f 2309/3064/1838 2341/3099/1864 2340/3101/1866 2308/3068/1840
f 2322/3066/1839 2354/3100/1865 2353/3102/1867 2321/3070/1841
f 2308/3068/1840 2340/3101/1866 2339/3103/1868 2307/3072/1842
f 2321/3070/1841 2353/3102/1867 2352/3104/1869 2320/3105/1843
f 2307/3072/1842 2339/3103/1868 2338/3106/1870 2306/3028/1812
f 2320/3076/1843 2352/3107/1869 2351/3108/1871 2319/3031/1814
f 2306/3028/1812 2338/3106/1870 2337/3109/1872 2305/3029/1813
f 2319/3031/1814 2351/3108/1871 2350/3110/1873 2318/3032/1815
f 2305/3029/1813 2337/3109/1872 2336/3111/1874 2304/3033/1816
f 2318/3032/1815 2350/3110/1873 2349/3112/1875 2317/3035/1817
f 2304/3037/1816 2336/3113/1874 2335/3079/1846 2303/3038/1818
f 2317/3035/1817 2349/3112/1875 2348/3081/1848 2316/3039/1819
f 2359/3086/1853 2391/3114/1876 2390/3115/1877 2358/3089/1856
f 2332/3087/1854 2364/3116/1878 2362/3117/1879 2330/3090/1857
f 2345/3088/1855 2377/3118/1880 2376/3119/1881 2344/3091/1858
f 2358/3089/1856 2390/3115/1877 2389/3120/1882 2357/3092/1859
f 2330/3090/1857 2362/3117/1879 2363/3121/1883 2331/3077/1844
f 2344/3091/1858 2376/3119/1881 2375/3122/1884 2343/3093/1860
f 2357/3092/1859 2389/3120/1882 2388/3123/1885 2356/3094/1861
f 2343/3093/1860 2375/3122/1884 2374/3124/1886 2342/3095/1862
f 2356/3096/1861 2388/3125/1885 2387/3126/1887 2355/3097/1863
f 2342/3098/1862 2374/3127/1886 2373/3128/1888 2341/3099/1864
f 2355/3097/1863 2387/3126/1887 2386/3129/1889 2354/3100/1865
f 2341/3099/1864 2373/3128/1888 2372/3130/1890 2340/3101/1866
f 2354/3100/1865 2386/3129/1889 2385/3131/1891 2353/3102/1867
f 2340/3101/1866 2372/3130/1890 2371/3132/1892 2339/3103/1868
f 2353/3102/1867 2385/3131/1891 2384/3133/1893 2352/3104/1869
f 2339/3103/1868 2371/3132/1892 2370/3134/1894 2338/3106/1870
f 2352/3107/1869 2384/3135/1893 2383/3136/1895 2351/3108/1871
f 2338/3106/1870 2370/3134/1894 2369/3137/1896 2337/3109/1872
f 2351/3108/1871 2383/3136/1895 2382/3138/1897 2350/3110/1873
f 2337/3109/1872 2369/3137/1896 2368/3139/1898 2336/3111/1874
f 2350/3110/1873 2382/3138/1897 2381/3140/1899 2349/3112/1875
f 2336/3113/1874 2368/3141/1898 2367/3142/1900 2335/3079/1846
f 2349/3112/1875 2381/3140/1899 2380/3143/1901 2348/3081/1848
f 2331/3077/1844 2363/3121/1883 2393/3144/1902 2361/3078/1845
f 2335/3079/1846 2367/3142/1900 2366/3145/1903 2334/3080/1847
f 2348/3081/1848 2380/3143/1901 2379/3146/1904 2347/3082/1849
f 2361/3078/1845 2393/3144/1902 2392/3147/1905 2360/3083/1850
f 2334/3080/1847 2366/3145/1903 2365/3148/1906 2333/3084/1851
f 2347/3082/1849 2379/3146/1904 2378/3149/1907 2346/3085/1852
f 2360/3083/1850 2392/3147/1905 2391/3114/1876 2359/3086/1853
f 2333/3084/1851 2365/3148/1906 2364/3116/1878 2332/3087/1854
f 2346/3085/1852 2378/3149/1907 2377/3118/1880 2345/3088/1855
f 2388/3125/1885 2420/3150/1908 2419/3151/1909 2387/3126/1887
f 2374/3127/1886 2406/3152/1910 2405/3153/1911 2373/3128/1888
f 2387/3126/1887 2419/3151/1909 2418/3154/1912 2386/3129/1889
f 2373/3128/1888 2405/3153/1911 2404/3155/1913 2372/3130/1890
f 2386/3129/1889 2418/3154/1912 2417/3156/1914 2385/3131/1891
f 2372/3130/1890 2404/3155/1913 2403/3157/1915 2371/3132/1892
f 2385/3131/1891 2417/3156/1914 2416/3158/1916 2384/3133/1893
f 2371/3132/1892 2403/3157/1915 2402/3159/1917 2370/3134/1894
f 2384/3133/1893 2416/3158/1916 2415/3160/1918 2383/3161/1895
f 2370/3134/1894 2402/3159/1917 2401/3162/1919 2369/3137/1896
f 2383/3136/1895 2415/3163/1918 2414/3164/1920 2382/3138/1897
f 2369/3137/1896 2401/3162/1919 2400/3165/1921 2368/3139/1898
f 2382/3138/1897 2414/3164/1920 2413/3166/1922 2381/3140/1899
f 2368/3139/1898 2400/3165/1921 2399/3167/1923 2367/3168/1900
f 2381/3140/1899 2413/3166/1922 2412/3169/1924 2380/3143/1901
f 2363/3121/1883 2395/3170/1925 2425/3171/1926 2393/3144/1902
f 2367/3142/1900 2399/3172/1923 2398/3173/1927 2366/3145/1903
f 2380/3143/1901 2412/3169/1924 2411/3174/1928 2379/3146/1904
f 2393/3144/1902 2425/3171/1926 2424/3175/1929 2392/3147/1905
f 2366/3145/1903 2398/3173/1927 2397/3176/1930 2365/3148/1906
f 2379/3146/1904 2411/3174/1928 2410/3177/1931 2378/3149/1907
f 2392/3147/1905 2424/3175/1929 2423/3178/1932 2391/3114/1876
f 2365/3148/1906 2397/3176/1930 2396/3179/1933 2364/3116/1878
f 2378/3149/1907 2410/3177/1931 2409/3180/1934 2377/3118/1880
f 2391/3114/1876 2423/3178/1932 2422/3181/1935 2390/3115/1877
f 2364/3116/1878 2396/3179/1933 2394/3182/1936 2362/3117/1879
f 2377/3118/1880 2409/3180/1934 2408/3183/1937 2376/3119/1881
f 2390/3115/1877 2422/3181/1935 2421/3184/1938 2389/3120/1882
f 2362/3117/1879 2394/3182/1936 2395/3170/1925 2363/3121/1883
f 2376/3119/1881 2408/3183/1937 2407/3185/1939 2375/3122/1884
f 2389/3186/1882 2421/3187/1938 2420/3150/1908 2388/3125/1885
f 2375/3188/1884 2407/3189/1939 2406/3152/1910 2374/3127/1886
f 2417/3156/1914 2449/3190/1940 2448/3191/1941 2416/3158/1916
f 2403/3157/1915 2435/3192/1942 2434/3193/1943 2402/3159/1917
f 2416/3158/1916 2448/3191/1941 2447/3194/1944 2415/3160/1918
f 2402/3159/1917 2434/3193/1943 2433/3195/1945 2401/3162/1919
f 2415/3163/1918 2447/3196/1944 2446/3197/1946 2414/3164/1920
f 2401/3162/1919 2433/3195/1945 2432/3198/1947 2400/3165/1921
f 2414/3164/1920 2446/3197/1946 2445/3199/1948 2413/3166/1922
f 2400/3165/1921 2432/3198/1947 2431/3200/1949 2399/3167/1923
f 2413/3166/1922 2445/3199/1948 2444/3201/1950 2412/3169/1924
f 2395/3170/1925 2427/3202/1951 2457/3203/1952 2425/3171/1926
f 2399/3172/1923 2431/3204/1949 2430/3205/1953 2398/3173/1927
f 2412/3169/1924 2444/3201/1950 2443/3206/1954 2411/3174/1928
f 2425/3171/1926 2457/3203/1952 2456/3207/1955 2424/3175/1929
f 2398/3173/1927 2430/3205/1953 2429/3208/1956 2397/3176/1930
f 2411/3174/1928 2443/3206/1954 2442/3209/1957 2410/3177/1931
f 2424/3175/1929 2456/3207/1955 2455/3210/1958 2423/3178/1932
f 2397/3176/1930 2429/3208/1956 2428/3211/1959 2396/3179/1933
f 2410/3177/1931 2442/3209/1957 2441/3212/1960 2409/3180/1934
f 2423/3178/1932 2455/3210/1958 2454/3213/1961 2422/3181/1935
f 2396/3179/1933 2428/3211/1959 2426/3214/1962 2394/3182/1936
f 2409/3180/1934 2441/3212/1960 2440/3215/1963 2408/3183/1937
f 2422/3181/1935 2454/3213/1961 2453/3216/1964 2421/3184/1938
f 2394/3182/1936 2426/3214/1962 2427/3202/1951 2395/3170/1925
f 2408/3183/1937 2440/3215/1963 2439/3217/1965 2407/3185/1939
f 2421/3187/1938 2453/3218/1964 2452/3219/1966 2420/3150/1908
f 2407/3189/1939 2439/3220/1965 2438/3221/1967 2406/3152/1910
f 2420/3150/1908 2452/3219/1966 2451/3222/1968 2419/3151/1909
f 2406/3152/1910 2438/3221/1967 2437/3223/1969 2405/3153/1911
f 2419/3151/1909 2451/3222/1968 2450/3224/1970 2418/3154/1912
f 2405/3153/1911 2437/3223/1969 2436/3225/1971 2404/3155/1913
f 2418/3154/1912 2450/3224/1970 2449/3190/1940 2417/3156/1914
f 2404/3155/1913 2436/3225/1971 2435/3192/1942 2403/3157/1915
f 2526/3226/1972 2558/3227/1973 2557/3228/1974 2525/3229/1975
f 2465/3230/1976 2524/3231/1977 2458/3232/1978 2463/3233/1979
f 2460/3234/1980 2462/3235/1981 2463/3233/1979 2461/3236/1982
f 2534/3237/1983 2566/3238/1984 2565/3239/1985 2533/3240/1986
f 2481/3241/1987 2532/3242/1988 2531/3243/1989 2479/3244/1990
f 2462/3235/1981 2464/3245/1991 2465/3230/1976 2463/3233/1979
f 2544/3246/1992 2576/3247/1993 2575/3248/1994 2543/3249/1995
f 2495/3250/1996 2539/3251/1997 2538/3252/1998 2493/3253/1999
f 2464/3245/1991 2466/3254/2000 2467/3255/2001 2465/3230/1976
f 2537/3256/2002 2569/3257/2003 2568/3258/2004 2536/3259/2005
f 2511/3260/2006 2547/3261/2007 2546/3262/2008 2509/3263/2009
f 2466/3254/2000 2468/3264/2010 2469/3265/2011 2467/3255/2001
f 2529/3266/2012 2561/3267/2013 2560/3268/2014 2528/3269/2015
f 2475/3270/2016 2529/3266/2012 2528/3269/2015 2473/3271/2017
f 2468/3264/2010 2470/3272/2018 2471/3273/2019 2469/3265/2011
f 2547/3261/2007 2579/3274/2020 2578/3275/2021 2546/3262/2008
f 2489/3276/2022 2536/3259/2005 2535/3277/2023 2487/3278/2024
f 2470/3279/2018 2472/3280/2025 2473/3271/2017 2471/3281/2019
f 2540/3282/2026 2572/3283/2027 2571/3284/2028 2539/3251/1997
f 2505/3285/2029 2544/3246/1992 2543/3249/1995 2503/3286/2030
f 2472/3280/2025 2474/3287/2031 2475/3270/2016 2473/3271/2017
f 2532/3242/1988 2564/3288/2032 2563/3289/2033 2531/3243/1989
f 2521/3290/2034 2552/3291/2035 2551/3292/2036 2519/3293/2037
f 2474/3287/2031 2476/3294/2038 2477/3295/2039 2475/3270/2016
f 2524/3231/1977 2556/3296/2040 2554/3297/2041 2458/3232/1978
f 2469/3265/2011 2526/3226/1972 2525/3229/1975 2467/3255/2001
f 2476/3294/2038 2478/3298/2042 2479/3244/1990 2477/3295/2039
f 2550/3299/2043 2582/3300/2044 2581/3301/2045 2549/3302/2046
f 2485/3303/2047 2534/3304/1983 2533/3305/1986 2483/3306/2048
f 2478/3298/2042 2480/3307/2049 2481/3241/1987 2479/3244/1990
f 2542/3308/2050 2574/3309/2051 2573/3310/2052 2541/3311/2053
f 2499/3312/2054 2541/3311/2053 2540/3282/2026 2497/3313/2055
f 2480/3307/2049 2482/3314/2056 2483/3306/2048 2481/3241/1987
f 2535/3277/2023 2567/3315/2057 2566/3238/1984 2534/3237/1983
f 2515/3316/2058 2549/3317/2046 2548/3318/2059 2513/3319/2060
f 2482/3320/2056 2484/3321/2061 2485/3322/2047 2483/3323/2048
f 2527/3324/2062 2559/3325/2063 2558/3227/1973 2526/3226/1972
f 2479/3244/1990 2531/3243/1989 2530/3326/2064 2477/3295/2039
f 2484/3321/2061 2486/3327/2065 2487/3278/2024 2485/3322/2047
f 2545/3328/2066 2577/3329/2067 2576/3247/1993 2544/3246/1992
f 2493/3253/1999 2538/3252/1998 2537/3256/2002 2491/3330/2068
f 2486/3327/2065 2488/3331/2069 2489/3276/2022 2487/3278/2024
f 2538/3252/1998 2570/3332/2070 2569/3257/2003 2537/3256/2002
f 2509/3263/2009 2546/3262/2008 2545/3328/2066 2507/3333/2071
f 2488/3331/2069 2490/3334/2072 2491/3330/2068 2489/3276/2022
f 2530/3326/2064 2562/3335/2073 2561/3267/2013 2529/3266/2012
f 2463/3233/1979 2458/3232/1978 2459/3336/2074 2461/3236/1982
f 2490/3334/2072 2492/3337/2075 2493/3253/1999 2491/3330/2068
f 2553/3338/2076 2585/3339/2077 2584/3340/2078 2552/3291/2035
f 2473/3271/2017 2528/3269/2015 2527/3341/2062 2471/3281/2019
f 2492/3337/2075 2494/3342/2079 2495/3250/1996 2493/3253/1999
f 2548/3318/2059 2580/3343/2080 2579/3274/2020 2547/3261/2007
f 2503/3344/2030 2543/3345/1995 2542/3308/2050 2501/3346/2081
f 2494/3342/2079 2496/3347/2082 2497/3313/2055 2495/3250/1996
f 2459/3336/2074 2555/3348/2083 2585/3339/2077 2553/3338/2076
f 2519/3293/2037 2551/3292/2036 2550/3299/2043 2517/3349/2084
f 2496/3347/2082 2498/3350/2085 2499/3312/2054 2497/3313/2055
f 2533/3305/1986 2565/3351/1985 2564/3288/2032 2532/3242/1988
f 2461/3236/1982 2459/3336/2074 2553/3338/2076 2523/3352/2086
f 2498/3350/2085 2500/3353/2087 2501/3346/2081 2499/3312/2054
f 2525/3229/1975 2557/3228/1974 2556/3296/2040 2524/3231/1977
f 2467/3255/2001 2525/3229/1975 2524/3231/1977 2465/3230/1976
f 2500/3354/2087 2502/3355/2088 2503/3286/2030 2501/3356/2081
f 2551/3292/2036 2583/3357/2089 2582/3300/2044 2550/3299/2043
f 2483/3306/2048 2533/3305/1986 2532/3242/1988 2481/3241/1987
f 2502/3355/2088 2504/3358/2090 2505/3285/2029 2503/3286/2030
f 2543/3345/1995 2575/3359/1994 2574/3309/2051 2542/3308/2050
f 2497/3313/2055 2540/3282/2026 2539/3251/1997 2495/3250/1996
f 2504/3358/2090 2506/3360/2091 2507/3333/2071 2505/3285/2029
f 2536/3259/2005 2568/3258/2004 2567/3315/2057 2535/3277/2023
f 2513/3319/2060 2548/3318/2059 2547/3261/2007 2511/3260/2006
f 2506/3360/2091 2508/3361/2092 2509/3263/2009 2507/3333/2071
f 2528/3269/2015 2560/3268/2014 2559/3362/2063 2527/3341/2062
f 2477/3295/2039 2530/3326/2064 2529/3266/2012 2475/3270/2016
f 2508/3361/2092 2510/3363/2093 2511/3260/2006 2509/3263/2009
f 2546/3262/2008 2578/3275/2021 2577/3329/2067 2545/3328/2066
f 2491/3330/2068 2537/3256/2002 2536/3259/2005 2489/3276/2022
f 2510/3363/2093 2512/3364/2094 2513/3319/2060 2511/3260/2006
f 2539/3251/1997 2571/3284/2028 2570/3332/2070 2538/3252/1998
f 2507/3333/2071 2545/3328/2066 2544/3246/1992 2505/3285/2029
f 2512/3364/2094 2514/3365/2095 2515/3316/2058 2513/3319/2060
f 2531/3243/1989 2563/3289/2033 2562/3335/2073 2530/3326/2064
f 2523/3352/2086 2553/3338/2076 2552/3291/2035 2521/3290/2034
f 2514/3366/2095 2516/3367/2096 2517/3349/2084 2515/3368/2058
f 2458/3232/1978 2554/3297/2041 2555/3348/2083 2459/3336/2074
f 2471/3273/2019 2527/3324/2062 2526/3226/1972 2469/3265/2011
f 2516/3367/2096 2518/3369/2097 2519/3293/2037 2517/3349/2084
f 2549/3317/2046 2581/3370/2045 2580/3343/2080 2548/3318/2059
f 2487/3278/2024 2535/3277/2023 2534/3237/1983 2485/3322/2047
f 2518/3369/2097 2520/3371/2098 2521/3290/2034 2519/3293/2037
f 2517/3349/2084 2550/3299/2043 2549/3302/2046 2515/3368/2058
f 2501/3346/2081 2542/3308/2050 2541/3311/2053 2499/3312/2054
f 2520/3371/2098 2522/3372/2099 2523/3352/2086 2521/3290/2034
f 2552/3291/2035 2584/3340/2078 2583/3357/2089 2551/3292/2036
f 2541/3311/2053 2573/3310/2052 2572/3283/2027 2540/3282/2026
f 2522/3372/2099 2460/3234/1980 2461/3236/1982 2523/3352/2086
f 2460/3373/1980 2522/3374/2099 2520/3375/2098 2518/3376/2097 2516/3377/2096 2514/3378/2095 2512/3379/2094 2510/3380/2093 2508/3381/2092 2506/3382/2091 2504/3383/2090 2502/3384/2088 2500/3385/2087 2498/3386/2085 2496/3387/2082 2494/3388/2079 2492/3389/2075 2490/3390/2072 2488/3391/2069 2486/3392/2065 2484/3393/2061 2482/3394/2056 2480/3395/2049 2478/3396/2042 2476/3397/2038 2474/3398/2031 2472/3399/2025 2470/3400/2018 2468/3401/2010 2466/3402/2000 2464/3403/1991 2462/3404/1981
f 2565/3351/1985 2597/3405/2100 2596/3406/2101 2564/3288/2032
f 2578/3275/2021 2610/3407/2102 2609/3408/2103 2577/3329/2067
f 2564/3288/2032 2596/3406/2101 2595/3409/2104 2563/3289/2033
f 2577/3329/2067 2609/3408/2103 2608/3410/2105 2576/3247/1993
f 2563/3289/2033 2595/3409/2104 2594/3411/2106 2562/3335/2073
f 2576/3412/1993 2608/3413/2105 2607/3414/2107 2575/3359/1994
f 2562/3335/2073 2594/3411/2106 2593/3415/2108 2561/3267/2013
f 2575/3359/1994 2607/3414/2107 2606/3416/2109 2574/3309/2051
f 2561/3267/2013 2593/3415/2108 2592/3417/2110 2560/3268/2014
f 2574/3309/2051 2606/3416/2109 2605/3418/2111 2573/3310/2052
f 2560/3268/2014 2592/3417/2110 2591/3419/2112 2559/3362/2063
f 2573/3310/2052 2605/3418/2111 2604/3420/2113 2572/3283/2027
f 2555/3348/2083 2587/3421/2114 2617/3422/2115 2585/3339/2077
f 2559/3325/2063 2591/3423/2112 2590/3424/2116 2558/3227/1973
f 2572/3283/2027 2604/3420/2113 2603/3425/2117 2571/3284/2028
f 2585/3339/2077 2617/3422/2115 2616/3426/2118 2584/3340/2078
f 2558/3227/1973 2590/3424/2116 2589/3427/2119 2557/3228/1974
f 2571/3284/2028 2603/3425/2117 2602/3428/2120 2570/3332/2070
f 2584/3340/2078 2616/3426/2118 2615/3429/2121 2583/3357/2089
f 2557/3228/1974 2589/3427/2119 2588/3430/2122 2556/3296/2040
f 2570/3332/2070 2602/3428/2120 2601/3431/2123 2569/3257/2003
f 2583/3357/2089 2615/3429/2121 2614/3432/2124 2582/3300/2044
f 2556/3296/2040 2588/3430/2122 2586/3433/2125 2554/3297/2041
f 2569/3257/2003 2601/3431/2123 2600/3434/2126 2568/3258/2004
f 2582/3300/2044 2614/3432/2124 2613/3435/2127 2581/3301/2045
f 2554/3297/2041 2586/3433/2125 2587/3421/2114 2555/3348/2083
f 2568/3258/2004 2600/3434/2126 2599/3436/2128 2567/3315/2057
f 2581/3370/2045 2613/3437/2127 2612/3438/2129 2580/3343/2080
f 2567/3315/2057 2599/3436/2128 2598/3439/2130 2566/3238/1984
f 2580/3343/2080 2612/3438/2129 2611/3440/2131 2579/3274/2020
f 2566/3238/1984 2598/3439/2130 2597/3441/2100 2565/3239/1985
f 2579/3274/2020 2611/3440/2131 2610/3407/2102 2578/3275/2021
f 2594/3442/2106 2626/3443/2132 2625/3444/2133 2593/3445/2108
f 2607/3414/2107 2639/3446/2134 2638/3447/2135 2606/3416/2109
f 2593/3445/2108 2625/3444/2133 2624/3448/2136 2592/3449/2110
f 2606/3416/2109 2638/3447/2135 2637/3450/2137 2605/3418/2111
f 2592/3449/2110 2624/3448/2136 2623/3451/2138 2591/3452/2112
f 2605/3418/2111 2637/3450/2137 2636/3453/2139 2604/3420/2113
f 2587/3421/2114 2619/3454/2140 2649/3455/2141 2617/3422/2115
f 2591/3423/2112 2623/3456/2138 2622/3457/2142 2590/3424/2116
f 2604/3420/2113 2636/3453/2139 2635/3458/2143 2603/3425/2117
f 2617/3422/2115 2649/3455/2141 2648/3459/2144 2616/3426/2118
f 2590/3424/2116 2622/3457/2142 2621/3460/2145 2589/3427/2119
f 2603/3425/2117 2635/3458/2143 2634/3461/2146 2602/3428/2120
f 2616/3426/2118 2648/3459/2144 2647/3462/2147 2615/3429/2121
f 2589/3427/2119 2621/3460/2145 2620/3463/2148 2588/3430/2122
f 2602/3428/2120 2634/3461/2146 2633/3464/2149 2601/3431/2123
f 2615/3429/2121 2647/3462/2147 2646/3465/2150 2614/3432/2124
f 2588/3430/2122 2620/3463/2148 2618/3466/2151 2586/3433/2125
f 2601/3431/2123 2633/3464/2149 2632/3467/2152 2600/3434/2126
f 2614/3432/2124 2646/3465/2150 2645/3468/2153 2613/3435/2127
f 2586/3433/2125 2618/3466/2151 2619/3454/2140 2587/3421/2114
f 2600/3434/2126 2632/3467/2152 2631/3469/2154 2599/3436/2128
f 2613/3435/2127 2645/3468/2153 2644/3470/2155 2612/3471/2129
f 2599/3436/2128 2631/3469/2154 2630/3472/2156 2598/3439/2130
f 2612/3473/2129 2644/3474/2155 2643/3475/2157 2611/3476/2131
f 2598/3439/2130 2630/3472/2156 2629/3477/2158 2597/3441/2100
f 2611/3476/2131 2643/3475/2157 2642/3478/2159 2610/3479/2102
f 2597/3480/2100 2629/3481/2158 2628/3482/2160 2596/3483/2101
f 2610/3479/2102 2642/3478/2159 2641/3484/2161 2609/3485/2103
f 2596/3483/2101 2628/3482/2160 2627/3486/2162 2595/3487/2104
f 2609/3488/2103 2641/3489/2161 2640/3490/2163 2608/3413/2105
f 2595/3487/2104 2627/3486/2162 2626/3443/2132 2594/3442/2106
f 2608/3413/2105 2640/3490/2163 2639/3446/2134 2607/3414/2107
f 2619/3454/2140 2651/3491/2164 2681/3492/2165 2649/3455/2141
f 2623/3456/2138 2655/3493/2166 2654/3494/2167 2622/3457/2142
f 2636/3453/2139 2668/3495/2168 2667/3496/2169 2635/3458/2143
f 2649/3455/2141 2681/3492/2165 2680/3497/2170 2648/3459/2144
f 2622/3457/2142 2654/3494/2167 2653/3498/2171 2621/3460/2145
f 2635/3458/2143 2667/3496/2169 2666/3499/2172 2634/3461/2146
f 2648/3459/2144 2680/3497/2170 2679/3500/2173 2647/3462/2147
f 2621/3460/2145 2653/3498/2171 2652/3501/2174 2620/3463/2148
f 2634/3461/2146 2666/3499/2172 2665/3502/2175 2633/3464/2149
f 2647/3462/2147 2679/3500/2173 2678/3503/2176 2646/3465/2150
f 2620/3463/2148 2652/3501/2174 2650/3504/2177 2618/3466/2151
f 2633/3464/2149 2665/3502/2175 2664/3505/2178 2632/3467/2152
f 2646/3465/2150 2678/3503/2176 2677/3506/2179 2645/3468/2153
f 2618/3466/2151 2650/3504/2177 2651/3491/2164 2619/3454/2140
f 2632/3467/2152 2664/3505/2178 2663/3507/2180 2631/3469/2154
f 2645/3468/2153 2677/3506/2179 2676/3508/2181 2644/3470/2155
f 2631/3469/2154 2663/3507/2180 2662/3509/2182 2630/3472/2156
f 2644/3474/2155 2676/3510/2181 2675/3511/2183 2643/3475/2157
f 2630/3472/2156 2662/3509/2182 2661/3512/2184 2629/3477/2158
f 2643/3475/2157 2675/3511/2183 2674/3513/2185 2642/3478/2159
f 2629/3481/2158 2661/3514/2184 2660/3515/2186 2628/3482/2160
f 2642/3478/2159 2674/3513/2185 2673/3516/2187 2641/3484/2161
f 2628/3482/2160 2660/3515/2186 2659/3517/2188 2627/3486/2162
f 2641/3489/2161 2673/3518/2187 2672/3519/2189 2640/3490/2163
f 2627/3486/2162 2659/3517/2188 2658/3520/2190 2626/3443/2132
f 2640/3490/2163 2672/3519/2189 2671/3521/2191 2639/3446/2134
f 2626/3443/2132 2658/3520/2190 2657/3522/2192 2625/3444/2133
f 2639/3446/2134 2671/3521/2191 2670/3523/2193 2638/3447/2135
f 2625/3444/2133 2657/3522/2192 2656/3524/2194 2624/3448/2136
f 2638/3447/2135 2670/3523/2193 2669/3525/2195 2637/3450/2137
f 2624/3448/2136 2656/3524/2194 2655/3526/2166 2623/3451/2138
f 2637/3450/2137 2669/3525/2195 2668/3495/2168 2636/3453/2139
f 2679/3500/2173 2711/3527/2196 2710/3528/2197 2678/3503/2176
f 2652/3501/2174 2684/3529/2198 2682/3530/2199 2650/3504/2177
f 2665/3502/2175 2697/3531/2200 2696/3532/2201 2664/3505/2178
f 2678/3503/2176 2710/3528/2197 2709/3533/2202 2677/3506/2179
f 2650/3504/2177 2682/3530/2199 2683/3534/2203 2651/3491/2164
f 2664/3505/2178 2696/3532/2201 2695/3535/2204 2663/3507/2180
f 2677/3536/2179 2709/3537/2202 2708/3538/2205 2676/3510/2181
f 2663/3507/2180 2695/3535/2204 2694/3539/2206 2662/3509/2182
f 2676/3510/2181 2708/3538/2205 2707/3540/2207 2675/3511/2183
f 2662/3541/2182 2694/3542/2206 2693/3543/2208 2661/3514/2184
f 2675/3511/2183 2707/3540/2207 2706/3544/2209 2674/3513/2185
f 2661/3514/2184 2693/3543/2208 2692/3545/2210 2660/3515/2186
f 2674/3513/2185 2706/3544/2209 2705/3546/2211 2673/3516/2187
f 2660/3515/2186 2692/3545/2210 2691/3547/2212 2659/3517/2188
f 2673/3518/2187 2705/3548/2211 2704/3549/2213 2672/3519/2189
f 2659/3517/2188 2691/3547/2212 2690/3550/2214 2658/3520/2190
f 2672/3519/2189 2704/3549/2213 2703/3551/2215 2671/3521/2191
f 2658/3520/2190 2690/3550/2214 2689/3552/2216 2657/3522/2192
f 2671/3521/2191 2703/3551/2215 2702/3553/2217 2670/3523/2193
f 2657/3522/2192 2689/3552/2216 2688/3554/2218 2656/3524/2194
f 2670/3523/2193 2702/3553/2217 2701/3555/2219 2669/3525/2195
f 2656/3524/2194 2688/3554/2218 2687/3556/2220 2655/3526/2166
f 2669/3525/2195 2701/3555/2219 2700/3557/2221 2668/3495/2168
f 2651/3491/2164 2683/3534/2203 2713/3558/2222 2681/3492/2165
f 2655/3493/2166 2687/3559/2220 2686/3560/2223 2654/3494/2167
f 2668/3495/2168 2700/3557/2221 2699/3561/2224 2667/3496/2169
f 2681/3492/2165 2713/3558/2222 2712/3562/2225 2680/3497/2170
f 2654/3494/2167 2686/3560/2223 2685/3563/2226 2653/3498/2171
f 2667/3496/2169 2699/3561/2224 2698/3564/2227 2666/3499/2172
f 2680/3497/2170 2712/3562/2225 2711/3527/2196 2679/3500/2173
f 2653/3498/2171 2685/3563/2226 2684/3529/2198 2652/3501/2174
f 2666/3499/2172 2698/3564/2227 2697/3531/2200 2665/3502/2175
f 2708/3538/2205 2740/3565/2228 2739/3566/2229 2707/3540/2207
f 2694/3542/2206 2726/3567/2230 2725/3568/2231 2693/3543/2208
f 2707/3540/2207 2739/3566/2229 2738/3569/2232 2706/3544/2209
f 2693/3543/2208 2725/3568/2231 2724/3570/2233 2692/3545/2210
f 2706/3544/2209 2738/3569/2232 2737/3571/2234 2705/3546/2211
f 2692/3545/2210 2724/3570/2233 2723/3572/2235 2691/3547/2212
f 2705/3546/2211 2737/3571/2234 2736/3573/2236 2704/3574/2213
f 2691/3547/2212 2723/3572/2235 2722/3575/2237 2690/3550/2214
f 2704/3549/2213 2736/3576/2236 2735/3577/2238 2703/3551/2215
f 2690/3550/2214 2722/3575/2237 2721/3578/2239 2689/3552/2216
f 2703/3551/2215 2735/3577/2238 2734/3579/2240 2702/3553/2217
f 2689/3552/2216 2721/3578/2239 2720/3580/2241 2688/3554/2218
f 2702/3553/2217 2734/3579/2240 2733/3581/2242 2701/3555/2219
f 2688/3554/2218 2720/3580/2241 2719/3582/2243 2687/3556/2220
f 2701/3555/2219 2733/3581/2242 2732/3583/2244 2700/3557/2221
f 2683/3534/2203 2715/3584/2245 2745/3585/2246 2713/3558/2222
f 2687/3556/2220 2719/3582/2243 2718/3586/2247 2686/3587/2223
f 2700/3557/2221 2732/3583/2244 2731/3588/2248 2699/3561/2224
f 2713/3558/2222 2745/3585/2246 2744/3589/2249 2712/3562/2225
f 2686/3560/2223 2718/3590/2247 2717/3591/2250 2685/3563/2226
f 2699/3561/2224 2731/3588/2248 2730/3592/2251 2698/3564/2227
f 2712/3562/2225 2744/3589/2249 2743/3593/2252 2711/3527/2196
f 2685/3563/2226 2717/3591/2250 2716/3594/2253 2684/3529/2198
f 2698/3564/2227 2730/3592/2251 2729/3595/2254 2697/3531/2200
f 2711/3527/2196 2743/3593/2252 2742/3596/2255 2710/3528/2197
f 2684/3529/2198 2716/3594/2253 2714/3597/2256 2682/3530/2199
f 2697/3531/2200 2729/3595/2254 2728/3598/2257 2696/3532/2201
f 2710/3528/2197 2742/3596/2255 2741/3599/2258 2709/3533/2202
f 2682/3530/2199 2714/3597/2256 2715/3584/2245 2683/3534/2203
f 2696/3532/2201 2728/3598/2257 2727/3600/2259 2695/3535/2204
f 2709/3537/2202 2741/3601/2258 2740/3565/2228 2708/3538/2205
f 2695/3535/2204 2727/3600/2259 2726/3602/2230 2694/3539/2206
f 2737/3571/2234 2769/3603/2260 2768/3604/2261 2736/3573/2236
f 2723/3572/2235 2755/3605/2262 2754/3606/2263 2722/3575/2237
f 2736/3576/2236 2768/3607/2261 2767/3608/2264 2735/3577/2238
f 2722/3575/2237 2754/3606/2263 2753/3609/2265 2721/3578/2239
f 2735/3577/2238 2767/3608/2264 2766/3610/2266 2734/3579/2240
f 2721/3578/2239 2753/3609/2265 2752/3611/2267 2720/3580/2241
f 2734/3579/2240 2766/3610/2266 2765/3612/2268 2733/3581/2242
f 2720/3580/2241 2752/3611/2267 2751/3613/2269 2719/3582/2243
f 2733/3581/2242 2765/3612/2268 2764/3614/2270 2732/3583/2244
f 2715/3584/2245 2747/3615/2271 2777/3616/2272 2745/3585/2246
f 2719/3582/2243 2751/3613/2269 2750/3617/2273 2718/3586/2247
f 2732/3583/2244 2764/3614/2270 2763/3618/2274 2731/3588/2248
f 2745/3585/2246 2777/3616/2272 2776/3619/2275 2744/3589/2249
f 2718/3590/2247 2750/3620/2273 2749/3621/2276 2717/3591/2250
f 2731/3588/2248 2763/3618/2274 2762/3622/2277 2730/3592/2251
f 2744/3589/2249 2776/3619/2275 2775/3623/2278 2743/3593/2252
f 2717/3591/2250 2749/3621/2276 2748/3624/2279 2716/3594/2253
f 2730/3592/2251 2762/3622/2277 2761/3625/2280 2729/3595/2254
f 2743/3593/2252 2775/3623/2278 2774/3626/2281 2742/3596/2255
f 2716/3594/2253 2748/3624/2279 2746/3627/2282 2714/3597/2256
f 2729/3595/2254 2761/3625/2280 2760/3628/2283 2728/3598/2257
f 2742/3629/2255 2774/3630/2281 2773/3631/2284 2741/3601/2258
f 2714/3597/2256 2746/3627/2282 2747/3615/2271 2715/3584/2245
f 2728/3598/2257 2760/3628/2283 2759/3632/2285 2727/3600/2259
f 2741/3601/2258 2773/3631/2284 2772/3633/2286 2740/3565/2228
f 2727/3600/2259 2759/3632/2285 2758/3634/2287 2726/3602/2230
f 2740/3565/2228 2772/3633/2286 2771/3635/2288 2739/3566/2229
f 2726/3567/2230 2758/3636/2287 2757/3637/2289 2725/3568/2231
f 2739/3566/2229 2771/3635/2288 2770/3638/2290 2738/3569/2232
f 2725/3568/2231 2757/3637/2289 2756/3639/2291 2724/3570/2233
f 2738/3569/2232 2770/3638/2290 2769/3603/2260 2737/3571/2234
f 2724/3570/2233 2756/3639/2291 2755/3605/2262 2723/3572/2235
f 2846/3640/2292 2878/3641/2293 2877/3642/2294 2845/3643/2295
f 2785/3644/2296 2844/3645/2297 2778/3646/2298 2783/3647/2299
f 2780/3648/2300 2782/3649/2301 2783/3647/2299 2781/3650/2302
f 2854/3651/2303 2886/3652/2304 2885/3653/2305 2853/3654/2306
f 2801/3655/2307 2852/3656/2308 2851/3657/2309 2799/3658/2310
f 2782/3649/2301 2784/3659/2311 2785/3644/2296 2783/3647/2299
f 2864/3660/2312 2896/3661/2313 2895/3662/2314 2863/3663/2315
f 2815/3664/2316 2859/3665/2317 2858/3666/2318 2813/3667/2319
f 2784/3659/2311 2786/3668/2320 2787/3669/2321 2785/3644/2296
f 2857/3670/2322 2889/3671/2323 2888/3672/2324 2856/3673/2325
f 2831/3674/2326 2867/3675/2327 2866/3676/2328 2829/3677/2329
f 2786/3668/2320 2788/3678/2330 2789/3679/2331 2787/3669/2321
f 2849/3680/2332 2881/3681/2333 2880/3682/2334 2848/3683/2335
f 2795/3684/2336 2849/3680/2332 2848/3683/2335 2793/3685/2337
f 2788/3686/2330 2790/3687/2338 2791/3688/2339 2789/3689/2331
f 2867/3675/2327 2899/3690/2340 2898/3691/2341 2866/3676/2328
f 2809/3692/2342 2856/3673/2325 2855/3693/2343 2807/3694/2344
f 2790/3687/2338 2792/3695/2345 2793/3685/2337 2791/3688/2339
f 2860/3696/2346 2892/3697/2347 2891/3698/2348 2859/3665/2317
f 2825/3699/2349 2864/3660/2312 2863/3663/2315 2823/3700/2350
f 2792/3695/2345 2794/3701/2351 2795/3684/2336 2793/3685/2337
f 2852/3656/2308 2884/3702/2352 2883/3703/2353 2851/3657/2309
f 2841/3704/2354 2872/3705/2355 2871/3706/2356 2839/3707/2357
f 2794/3701/2351 2796/3708/2358 2797/3709/2359 2795/3684/2336
f 2844/3645/2297 2876/3710/2360 2874/3711/2361 2778/3646/2298
f 2789/3679/2331 2846/3640/2292 2845/3643/2295 2787/3669/2321
f 2796/3708/2358 2798/3712/2362 2799/3658/2310 2797/3709/2359
f 2870/3713/2363 2902/3714/2364 2901/3715/2365 2869/3716/2366
f 2805/3717/2367 2854/3651/2303 2853/3654/2306 2803/3718/2368
f 2798/3712/2362 2800/3719/2369 2801/3655/2307 2799/3658/2310
f 2862/3720/2370 2894/3721/2371 2893/3722/2372 2861/3723/2373
f 2819/3724/2374 2861/3723/2373 2860/3696/2346 2817/3725/2375
f 2800/3719/2369 2802/3726/2376 2803/3727/2368 2801/3655/2307
f 2855/3693/2343 2887/3728/2377 2886/3652/2304 2854/3651/2303
f 2835/3729/2378 2869/3730/2366 2868/3731/2379 2833/3732/2380
f 2802/3733/2376 2804/3734/2381 2805/3717/2367 2803/3718/2368
f 2847/3735/2382 2879/3736/2383 2878/3641/2293 2846/3640/2292
f 2799/3658/2310 2851/3657/2309 2850/3737/2384 2797/3709/2359
f 2804/3734/2381 2806/3738/2385 2807/3694/2344 2805/3717/2367
f 2865/3739/2386 2897/3740/2387 2896/3661/2313 2864/3660/2312
f 2813/3667/2319 2858/3666/2318 2857/3670/2322 2811/3741/2388
f 2806/3738/2385 2808/3742/2389 2809/3692/2342 2807/3694/2344
f 2858/3666/2318 2890/3743/2390 2889/3671/2323 2857/3670/2322
f 2829/3677/2329 2866/3676/2328 2865/3739/2386 2827/3744/2391
f 2808/3742/2389 2810/3745/2392 2811/3741/2388 2809/3692/2342
f 2850/3737/2384 2882/3746/2393 2881/3681/2333 2849/3680/2332
f 2783/3647/2299 2778/3646/2298 2779/3747/2394 2781/3650/2302
f 2810/3745/2392 2812/3748/2395 2813/3667/2319 2811/3741/2388
f 2873/3749/2396 2905/3750/2397 2904/3751/2398 2872/3705/2355
f 2793/3685/2337 2848/3683/2335 2847/3752/2382 2791/3688/2339
f 2812/3748/2395 2814/3753/2399 2815/3664/2316 2813/3667/2319
f 2868/3731/2379 2900/3754/2400 2899/3690/2340 2867/3675/2327
f 2823/3755/2350 2863/3756/2315 2862/3720/2370 2821/3757/2401
f 2814/3753/2399 2816/3758/2402 2817/3725/2375 2815/3664/2316
f 2779/3747/2394 2875/3759/2403 2905/3750/2397 2873/3749/2396
f 2839/3707/2357 2871/3706/2356 2870/3713/2363 2837/3760/2404
f 2816/3758/2402 2818/3761/2405 2819/3724/2374 2817/3725/2375
f 2853/3762/2306 2885/3763/2305 2884/3702/2352 2852/3656/2308
f 2781/3650/2302 2779/3747/2394 2873/3749/2396 2843/3764/2406
f 2818/3761/2405 2820/3765/2407 2821/3757/2401 2819/3724/2374
f 2845/3643/2295 2877/3642/2294 2876/3710/2360 2844/3645/2297
f 2787/3669/2321 2845/3643/2295 2844/3645/2297 2785/3644/2296
f 2820/3765/2407 2822/3766/2408 2823/3755/2350 2821/3757/2401
f 2871/3706/2356 2903/3767/2409 2902/3714/2364 2870/3713/2363
f 2803/3727/2368 2853/3762/2306 2852/3656/2308 2801/3655/2307
f 2822/3768/2408 2824/3769/2410 2825/3699/2349 2823/3700/2350
f 2863/3756/2315 2895/3770/2314 2894/3721/2371 2862/3720/2370
f 2817/3725/2375 2860/3696/2346 2859/3665/2317 2815/3664/2316
f 2824/3769/2410 2826/3771/2411 2827/3744/2391 2825/3699/2349
f 2856/3673/2325 2888/3672/2324 2887/3728/2377 2855/3693/2343
f 2833/3732/2380 2868/3731/2379 2867/3675/2327 2831/3674/2326
f 2826/3771/2411 2828/3772/2412 2829/3677/2329 2827/3744/2391
f 2848/3683/2335 2880/3682/2334 2879/3773/2383 2847/3752/2382
f 2797/3709/2359 2850/3737/2384 2849/3680/2332 2795/3684/2336
f 2828/3772/2412 2830/3774/2413 2831/3674/2326 2829/3677/2329
f 2866/3676/2328 2898/3691/2341 2897/3740/2387 2865/3739/2386
f 2811/3741/2388 2857/3670/2322 2856/3673/2325 2809/3692/2342
f 2830/3774/2413 2832/3775/2414 2833/3732/2380 2831/3674/2326
f 2859/3665/2317 2891/3698/2348 2890/3743/2390 2858/3666/2318
f 2827/3744/2391 2865/3739/2386 2864/3660/2312 2825/3699/2349
f 2832/3775/2414 2834/3776/2415 2835/3729/2378 2833/3732/2380
f 2851/3657/2309 2883/3703/2353 2882/3746/2393 2850/3737/2384
f 2843/3764/2406 2873/3749/2396 2872/3705/2355 2841/3704/2354
f 2834/3777/2415 2836/3778/2416 2837/3760/2404 2835/3779/2378
f 2778/3646/2298 2874/3711/2361 2875/3759/2403 2779/3747/2394
f 2791/3780/2339 2847/3735/2382 2846/3640/2292 2789/3679/2331
f 2836/3778/2416 2838/3781/2417 2839/3707/2357 2837/3760/2404
f 2869/3730/2366 2901/3782/2365 2900/3754/2400 2868/3731/2379
f 2807/3694/2344 2855/3693/2343 2854/3651/2303 2805/3717/2367
f 2838/3781/2417 2840/3783/2418 2841/3704/2354 2839/3707/2357
f 2837/3760/2404 2870/3713/2363 2869/3716/2366 2835/3779/2378
f 2821/3757/2401 2862/3720/2370 2861/3723/2373 2819/3724/2374
f 2840/3783/2418 2842/3784/2419 2843/3764/2406 2841/3704/2354
f 2872/3705/2355 2904/3751/2398 2903/3767/2409 2871/3706/2356
f 2861/3723/2373 2893/3722/2372 2892/3697/2347 2860/3696/2346
f 2842/3784/2419 2780/3648/2300 2781/3650/2302 2843/3764/2406
f 2780/3785/2300 2842/3786/2419 2840/3787/2418 2838/3788/2417 2836/3789/2416 2834/3790/2415 2832/3791/2414 2830/3792/2413 2828/3793/2412 2826/3794/2411 2824/3795/2410 2822/3796/2408 2820/3797/2407 2818/3798/2405 2816/3799/2402 2814/3800/2399 2812/3801/2395 2810/3802/2392 2808/3803/2389 2806/3804/2385 2804/3805/2381 2802/3806/2376 2800/3807/2369 2798/3808/2362 2796/3809/2358 2794/3810/2351 2792/3811/2345 2790/3812/2338 2788/3813/2330 2786/3814/2320 2784/3815/2311 2782/3816/2301
f 2885/3653/2305 2917/3817/2420 2916/3818/2421 2884/3819/2352
f 2898/3691/2341 2930/3820/2422 2929/3821/2423 2897/3740/2387
f 2884/3702/2352 2916/3822/2421 2915/3823/2424 2883/3703/2353
f 2897/3740/2387 2929/3821/2423 2928/3824/2425 2896/3661/2313
f 2883/3703/2353 2915/3823/2424 2914/3825/2426 2882/3746/2393
f 2896/3826/2313 2928/3827/2425 2927/3828/2427 2895/3770/2314
f 2882/3746/2393 2914/3825/2426 2913/3829/2428 2881/3681/2333
f 2895/3770/2314 2927/3828/2427 2926/3830/2429 2894/3721/2371
f 2881/3681/2333 2913/3829/2428 2912/3831/2430 2880/3682/2334
f 2894/3721/2371 2926/3830/2429 2925/3832/2431 2893/3722/2372
f 2880/3682/2334 2912/3831/2430 2911/3833/2432 2879/3773/2383
f 2893/3722/2372 2925/3832/2431 2924/3834/2433 2892/3697/2347
f 2875/3759/2403 2907/3835/2434 2937/3836/2435 2905/3750/2397
f 2879/3736/2383 2911/3837/2432 2910/3838/2436 2878/3641/2293
f 2892/3697/2347 2924/3834/2433 2923/3839/2437 2891/3698/2348
f 2905/3750/2397 2937/3836/2435 2936/3840/2438 2904/3751/2398
f 2878/3641/2293 2910/3838/2436 2909/3841/2439 2877/3642/2294
f 2891/3698/2348 2923/3839/2437 2922/3842/2440 2890/3743/2390
f 2904/3751/2398 2936/3840/2438 2935/3843/2441 2903/3767/2409
f 2877/3642/2294 2909/3841/2439 2908/3844/2442 2876/3710/2360
f 2890/3743/2390 2922/3842/2440 2921/3845/2443 2889/3671/2323
f 2903/3767/2409 2935/3843/2441 2934/3846/2444 2902/3714/2364
f 2876/3710/2360 2908/3844/2442 2906/3847/2445 2874/3711/2361
f 2889/3671/2323 2921/3845/2443 2920/3848/2446 2888/3672/2324
f 2902/3714/2364 2934/3846/2444 2933/3849/2447 2901/3715/2365
f 2874/3711/2361 2906/3847/2445 2907/3835/2434 2875/3759/2403
f 2888/3672/2324 2920/3848/2446 2919/3850/2448 2887/3728/2377
f 2901/3782/2365 2933/3851/2447 2932/3852/2449 2900/3754/2400
f 2887/3728/2377 2919/3850/2448 2918/3853/2450 2886/3652/2304
f 2900/3754/2400 2932/3852/2449 2931/3854/2451 2899/3690/2340
f 2886/3652/2304 2918/3853/2450 2917/3817/2420 2885/3653/2305
f 2899/3690/2340 2931/3854/2451 2930/3820/2422 2898/3691/2341
f 2914/3855/2426 2946/3856/2452 2945/3857/2453 2913/3858/2428
f 2927/3828/2427 2959/3859/2454 2958/3860/2455 2926/3830/2429
f 2913/3858/2428 2945/3857/2453 2944/3861/2456 2912/3862/2430
f 2926/3830/2429 2958/3860/2455 2957/3863/2457 2925/3832/2431
f 2912/3862/2430 2944/3861/2456 2943/3864/2458 2911/3865/2432
f 2925/3832/2431 2957/3863/2457 2956/3866/2459 2924/3834/2433
f 2907/3835/2434 2939/3867/2460 2969/3868/2461 2937/3836/2435
f 2911/3837/2432 2943/3869/2458 2942/3870/2462 2910/3838/2436
f 2924/3834/2433 2956/3866/2459 2955/3871/2463 2923/3839/2437
f 2937/3836/2435 2969/3868/2461 2968/3872/2464 2936/3840/2438
f 2910/3838/2436 2942/3870/2462 2941/3873/2465 2909/3841/2439
f 2923/3839/2437 2955/3871/2463 2954/3874/2466 2922/3842/2440
f 2936/3840/2438 2968/3872/2464 2967/3875/2467 2935/3843/2441
f 2909/3841/2439 2941/3873/2465 2940/3876/2468 2908/3844/2442
f 2922/3842/2440 2954/3874/2466 2953/3877/2469 2921/3845/2443
f 2935/3843/2441 2967/3875/2467 2966/3878/2470 2934/3846/2444
f 2908/3844/2442 2940/3876/2468 2938/3879/2471 2906/3847/2445
f 2921/3845/2443 2953/3877/2469 2952/3880/2472 2920/3848/2446
f 2934/3846/2444 2966/3878/2470 2965/3881/2473 2933/3849/2447
f 2906/3847/2445 2938/3879/2471 2939/3867/2460 2907/3835/2434
f 2920/3848/2446 2952/3880/2472 2951/3882/2474 2919/3850/2448
f 2933/3883/2447 2965/3884/2473 2964/3885/2475 2932/3886/2449
f 2919/3850/2448 2951/3882/2474 2950/3887/2476 2918/3853/2450
f 2932/3886/2449 2964/3885/2475 2963/3888/2477 2931/3889/2451
f 2918/3853/2450 2950/3887/2476 2949/3890/2478 2917/3817/2420
f 2931/3889/2451 2963/3888/2477 2962/3891/2479 2930/3892/2422
f 2917/3817/2420 2949/3890/2478 2948/3893/2480 2916/3818/2421
f 2930/3820/2422 2962/3894/2479 2961/3895/2481 2929/3821/2423
f 2916/3896/2421 2948/3897/2480 2947/3898/2482 2915/3899/2424
f 2929/3900/2423 2961/3901/2481 2960/3902/2483 2928/3827/2425
f 2915/3899/2424 2947/3898/2482 2946/3856/2452 2914/3855/2426
f 2928/3827/2425 2960/3902/2483 2959/3859/2454 2927/3828/2427
f 2939/3867/2460 2971/3903/2484 3001/3904/2485 2969/3868/2461
f 2943/3869/2458 2975/3905/2486 2974/3906/2487 2942/3870/2462
f 2956/3866/2459 2988/3907/2488 2987/3908/2489 2955/3871/2463
f 2969/3868/2461 3001/3904/2485 3000/3909/2490 2968/3872/2464
f 2942/3870/2462 2974/3906/2487 2973/3910/2491 2941/3873/2465
f 2955/3871/2463 2987/3908/2489 2986/3911/2492 2954/3874/2466
f 2968/3872/2464 3000/3909/2490 2999/3912/2493 2967/3875/2467
f 2941/3873/2465 2973/3910/2491 2972/3913/2494 2940/3876/2468
f 2954/3874/2466 2986/3911/2492 2985/3914/2495 2953/3877/2469
f 2967/3875/2467 2999/3912/2493 2998/3915/2496 2966/3878/2470
f 2940/3876/2468 2972/3913/2494 2970/3916/2497 2938/3879/2471
f 2953/3877/2469 2985/3914/2495 2984/3917/2498 2952/3880/2472
f 2966/3878/2470 2998/3915/2496 2997/3918/2499 2965/3881/2473
f 2938/3879/2471 2970/3916/2497 2971/3903/2484 2939/3867/2460
f 2952/3880/2472 2984/3917/2498 2983/3919/2500 2951/3882/2474
f 2965/3884/2473 2997/3920/2499 2996/3921/2501 2964/3885/2475
f 2951/3882/2474 2983/3919/2500 2982/3922/2502 2950/3887/2476
f 2964/3885/2475 2996/3921/2501 2995/3923/2503 2963/3888/2477
f 2950/3887/2476 2982/3922/2502 2981/3924/2504 2949/3890/2478
f 2963/3888/2477 2995/3923/2503 2994/3925/2505 2962/3891/2479
f 2949/3926/2478 2981/3927/2504 2980/3928/2506 2948/3897/2480
f 2962/3891/2479 2994/3925/2505 2993/3929/2507 2961/3930/2481
f 2948/3897/2480 2980/3928/2506 2979/3931/2508 2947/3898/2482
f 2961/3901/2481 2993/3932/2507 2992/3933/2509 2960/3902/2483
f 2947/3898/2482 2979/3931/2508 2978/3934/2510 2946/3856/2452
f 2960/3902/2483 2992/3933/2509 2991/3935/2511 2959/3859/2454
f 2946/3856/2452 2978/3934/2510 2977/3936/2512 2945/3857/2453
f 2959/3859/2454 2991/3935/2511 2990/3937/2513 2958/3860/2455
f 2945/3857/2453 2977/3936/2512 2976/3938/2514 2944/3861/2456
f 2958/3860/2455 2990/3937/2513 2989/3939/2515 2957/3863/2457
f 2944/3861/2456 2976/3938/2514 2975/3940/2486 2943/3864/2458
f 2957/3863/2457 2989/3939/2515 2988/3907/2488 2956/3866/2459
f 2999/3912/2493 3031/3941/2516 3030/3942/2517 2998/3915/2496
f 2972/3913/2494 3004/3943/2518 3002/3944/2519 2970/3916/2497
f 2985/3914/2495 3017/3945/2520 3016/3946/2521 2984/3917/2498
f 2998/3947/2496 3030/3948/2517 3029/3949/2522 2997/3920/2499
f 2970/3916/2497 3002/3944/2519 3003/3950/2523 2971/3903/2484
f 2984/3917/2498 3016/3946/2521 3015/3951/2524 2983/3919/2500
f 2997/3920/2499 3029/3949/2522 3028/3952/2525 2996/3921/2501
f 2983/3919/2500 3015/3951/2524 3014/3953/2526 2982/3922/2502
f 2996/3921/2501 3028/3952/2525 3027/3954/2527 2995/3923/2503
f 2982/3922/2502 3014/3953/2526 3013/3955/2528 2981/3924/2504
f 2995/3923/2503 3027/3954/2527 3026/3956/2529 2994/3925/2505
f 2981/3927/2504 3013/3957/2528 3012/3958/2530 2980/3928/2506
f 2994/3925/2505 3026/3956/2529 3025/3959/2531 2993/3929/2507
f 2980/3928/2506 3012/3958/2530 3011/3960/2532 2979/3931/2508
f 2993/3929/2507 3025/3959/2531 3024/3961/2533 2992/3962/2509
f 2979/3931/2508 3011/3960/2532 3010/3963/2534 2978/3934/2510
f 2992/3933/2509 3024/3964/2533 3023/3965/2535 2991/3935/2511
f 2978/3934/2510 3010/3963/2534 3009/3966/2536 2977/3936/2512
f 2991/3935/2511 3023/3965/2535 3022/3967/2537 2990/3937/2513
f 2977/3936/2512 3009/3966/2536 3008/3968/2538 2976/3938/2514
f 2990/3937/2513 3022/3967/2537 3021/3969/2539 2989/3939/2515
f 2976/3938/2514 3008/3968/2538 3007/3970/2540 2975/3940/2486
f 2989/3939/2515 3021/3969/2539 3020/3971/2541 2988/3907/2488
f 2971/3903/2484 3003/3950/2523 3033/3972/2542 3001/3904/2485
f 2975/3905/2486 3007/3973/2540 3006/3974/2543 2974/3906/2487
f 2988/3907/2488 3020/3971/2541 3019/3975/2544 2987/3908/2489
f 3001/3904/2485 3033/3972/2542 3032/3976/2545 3000/3909/2490
f 2974/3906/2487 3006/3974/2543 3005/3977/2546 2973/3910/2491
f 2987/3908/2489 3019/3975/2544 3018/3978/2547 2986/3911/2492
f 3000/3909/2490 3032/3976/2545 3031/3941/2516 2999/3912/2493
f 2973/3910/2491 3005/3977/2546 3004/3943/2518 2972/3913/2494
f 2986/3911/2492 3018/3978/2547 3017/3945/2520 2985/3914/2495
f 3028/3952/2525 3060/3979/2548 3059/3980/2549 3027/3954/2527
f 3014/3953/2526 3046/3981/2550 3045/3982/2551 3013/3955/2528
f 3027/3954/2527 3059/3980/2549 3058/3983/2552 3026/3956/2529
f 3013/3957/2528 3045/3984/2551 3044/3985/2553 3012/3958/2530
f 3026/3956/2529 3058/3983/2552 3057/3986/2554 3025/3959/2531
f 3012/3958/2530 3044/3985/2553 3043/3987/2555 3011/3960/2532
f 3025/3959/2531 3057/3986/2554 3056/3988/2556 3024/3961/2533
f 3011/3960/2532 3043/3987/2555 3042/3989/2557 3010/3963/2534
f 3024/3964/2533 3056/3990/2556 3055/3991/2558 3023/3965/2535
f 3010/3963/2534 3042/3989/2557 3041/3992/2559 3009/3966/2536
f 3023/3965/2535 3055/3991/2558 3054/3993/2560 3022/3967/2537
f 3009/3966/2536 3041/3992/2559 3040/3994/2561 3008/3968/2538
f 3022/3967/2537 3054/3993/2560 3053/3995/2562 3021/3969/2539
f 3008/3968/2538 3040/3994/2561 3039/3996/2563 3007/3970/2540
f 3021/3969/2539 3053/3995/2562 3052/3997/2564 3020/3971/2541
f 3003/3950/2523 3035/3998/2565 3065/3999/2566 3033/3972/2542
f 3007/3973/2540 3039/4000/2563 3038/4001/2567 3006/3974/2543
f 3020/3971/2541 3052/3997/2564 3051/4002/2568 3019/3975/2544
f 3033/3972/2542 3065/3999/2566 3064/4003/2569 3032/3976/2545
f 3006/3974/2543 3038/4001/2567 3037/4004/2570 3005/3977/2546
f 3019/3975/2544 3051/4002/2568 3050/4005/2571 3018/3978/2547
f 3032/3976/2545 3064/4003/2569 3063/4006/2572 3031/3941/2516
f 3005/3977/2546 3037/4004/2570 3036/4007/2573 3004/3943/2518
f 3018/3978/2547 3050/4005/2571 3049/4008/2574 3017/3945/2520
f 3031/3941/2516 3063/4006/2572 3062/4009/2575 3030/3942/2517
f 3004/3943/2518 3036/4007/2573 3034/4010/2576 3002/3944/2519
f 3017/3945/2520 3049/4008/2574 3048/4011/2577 3016/3946/2521
f 3030/3948/2517 3062/4012/2575 3061/4013/2578 3029/3949/2522
f 3002/3944/2519 3034/4010/2576 3035/3998/2565 3003/3950/2523
f 3016/3946/2521 3048/4011/2577 3047/4014/2579 3015/3951/2524
f 3029/3949/2522 3061/4013/2578 3060/3979/2548 3028/3952/2525
f 3015/3951/2524 3047/4014/2579 3046/3981/2550 3014/3953/2526
f 3057/3986/2554 3089/4015/2580 3088/4016/2581 3056/3988/2556
f 3043/3987/2555 3075/4017/2582 3074/4018/2583 3042/3989/2557
f 3056/3988/2556 3088/4016/2581 3087/4019/2584 3055/4020/2558
f 3042/3989/2557 3074/4018/2583 3073/4021/2585 3041/3992/2559
f 3055/3991/2558 3087/4022/2584 3086/4023/2586 3054/3993/2560
f 3041/3992/2559 3073/4021/2585 3072/4024/2587 3040/3994/2561
f 3054/3993/2560 3086/4023/2586 3085/4025/2588 3053/3995/2562
f 3040/3994/2561 3072/4024/2587 3071/4026/2589 3039/3996/2563
f 3053/3995/2562 3085/4025/2588 3084/4027/2590 3052/3997/2564
f 3035/3998/2565 3067/4028/2591 3097/4029/2592 3065/3999/2566
f 3039/3996/2563 3071/4026/2589 3070/4030/2593 3038/4031/2567
f 3052/3997/2564 3084/4027/2590 3083/4032/2594 3051/4002/2568
f 3065/3999/2566 3097/4029/2592 3096/4033/2595 3064/4003/2569
f 3038/4001/2567 3070/4034/2593 3069/4035/2596 3037/4004/2570
f 3051/4002/2568 3083/4032/2594 3082/4036/2597 3050/4005/2571
f 3064/4003/2569 3096/4033/2595 3095/4037/2598 3063/4006/2572
f 3037/4004/2570 3069/4035/2596 3068/4038/2599 3036/4007/2573
f 3050/4005/2571 3082/4036/2597 3081/4039/2600 3049/4008/2574
f 3063/4040/2572 3095/4041/2598 3094/4042/2601 3062/4012/2575
f 3036/4007/2573 3068/4038/2599 3066/4043/2602 3034/4010/2576
f 3049/4008/2574 3081/4039/2600 3080/4044/2603 3048/4011/2577
f 3062/4012/2575 3094/4042/2601 3093/4045/2604 3061/4013/2578
f 3034/4010/2576 3066/4043/2602 3067/4028/2591 3035/3998/2565
f 3048/4011/2577 3080/4044/2603 3079/4046/2605 3047/4014/2579
f 3061/4013/2578 3093/4045/2604 3092/4047/2606 3060/3979/2548
f 3047/4014/2579 3079/4046/2605 3078/4048/2607 3046/3981/2550
f 3060/3979/2548 3092/4047/2606 3091/4049/2608 3059/3980/2549
f 3046/3981/2550 3078/4048/2607 3077/4050/2609 3045/3982/2551
f 3059/3980/2549 3091/4049/2608 3090/4051/2610 3058/3983/2552
f 3045/3984/2551 3077/4052/2609 3076/4053/2611 3044/3985/2553
f 3058/3983/2552 3090/4051/2610 3089/4015/2580 3057/3986/2554
f 3044/3985/2553 3076/4053/2611 3075/4017/2582 3043/3987/2555
f 3166/4054/2612 3198/4055/2613 3197/4056/2614 3165/4057/2615
f 3105/4058/2616 3164/4059/2617 3098/4060/2618 3103/4061/2619
f 3100/4062/2620 3102/4063/2621 3103/4061/2619 3101/4064/2622
f 3174/4065/2623 3206/4066/2624 3205/4067/2625 3173/4068/2626
f 3121/4069/2627 3172/4070/2628 3171/4071/2629 3119/4072/2630
f 3102/4063/2621 3104/4073/2631 3105/4058/2616 3103/4061/2619
f 3184/4074/2632 3216/4075/2633 3215/4076/2634 3183/4077/2635
f 3135/4078/2636 3179/4079/2637 3178/4080/2638 3133/4081/2639
f 3104/4073/2631 3106/4082/2640 3107/4083/2641 3105/4058/2616
f 3177/4084/2642 3209/4085/2643 3208/4086/2644 3176/4087/2645
f 3151/4088/2646 3187/4089/2647 3186/4090/2648 3149/4091/2649
f 3106/4082/2640 3108/4092/2650 3109/4093/2651 3107/4083/2641
f 3169/4094/2652 3201/4095/2653 3200/4096/2654 3168/4097/2655
f 3115/4098/2656 3169/4094/2652 3168/4097/2655 3113/4099/2657
f 3108/4100/2650 3110/4101/2658 3111/4102/2659 3109/4103/2651
f 3187/4089/2647 3219/4104/2660 3218/4105/2661 3186/4090/2648
f 3129/4106/2662 3176/4087/2645 3175/4107/2663 3127/4108/2664
f 3110/4101/2658 3112/4109/2665 3113/4099/2657 3111/4102/2659
f 3180/4110/2666 3212/4111/2667 3211/4112/2668 3179/4079/2637
f 3145/4113/2669 3184/4074/2632 3183/4077/2635 3143/4114/2670
f 3112/4109/2665 3114/4115/2671 3115/4098/2656 3113/4099/2657
f 3172/4070/2628 3204/4116/2672 3203/4117/2673 3171/4071/2629
f 3161/4118/2674 3192/4119/2675 3191/4120/2676 3159/4121/2677
f 3114/4115/2671 3116/4122/2678 3117/4123/2679 3115/4098/2656
f 3164/4059/2617 3196/4124/2680 3194/4125/2681 3098/4060/2618
f 3109/4093/2651 3166/4054/2612 3165/4057/2615 3107/4083/2641
f 3116/4122/2678 3118/4126/2682 3119/4072/2630 3117/4123/2679
f 3190/4127/2683 3222/4128/2684 3221/4129/2685 3189/4130/2686
f 3125/4131/2687 3174/4065/2623 3173/4068/2626 3123/4132/2688
f 3118/4126/2682 3120/4133/2689 3121/4069/2627 3119/4072/2630
f 3182/4134/2690 3214/4135/2691 3213/4136/2692 3181/4137/2693
f 3139/4138/2694 3181/4137/2693 3180/4110/2666 3137/4139/2695
f 3120/4133/2689 3122/4140/2696 3123/4141/2688 3121/4069/2627
f 3175/4107/2663 3207/4142/2697 3206/4066/2624 3174/4065/2623
f 3155/4143/2698 3189/4130/2686 3188/4144/2699 3153/4145/2700
f 3122/4146/2696 3124/4147/2701 3125/4131/2687 3123/4132/2688
f 3167/4148/2702 3199/4149/2703 3198/4055/2613 3166/4054/2612
f 3119/4072/2630 3171/4071/2629 3170/4150/2704 3117/4123/2679
f 3124/4147/2701 3126/4151/2705 3127/4108/2664 3125/4131/2687
f 3185/4152/2706 3217/4153/2707 3216/4075/2633 3184/4074/2632
f 3133/4081/2639 3178/4080/2638 3177/4084/2642 3131/4154/2708
f 3126/4151/2705 3128/4155/2709 3129/4106/2662 3127/4108/2664
f 3178/4080/2638 3210/4156/2710 3209/4085/2643 3177/4084/2642
f 3149/4091/2649 3186/4090/2648 3185/4152/2706 3147/4157/2711
f 3128/4155/2709 3130/4158/2712 3131/4154/2708 3129/4106/2662
f 3170/4150/2704 3202/4159/2713 3201/4095/2653 3169/4094/2652
f 3103/4061/2619 3098/4060/2618 3099/4160/2714 3101/4064/2622
f 3130/4158/2712 3132/4161/2715 3133/4081/2639 3131/4154/2708
f 3193/4162/2716 3225/4163/2717 3224/4164/2718 3192/4119/2675
f 3113/4099/2657 3168/4097/2655 3167/4165/2702 3111/4102/2659
f 3132/4161/2715 3134/4166/2719 3135/4078/2636 3133/4081/2639
f 3188/4144/2699 3220/4167/2720 3219/4104/2660 3187/4089/2647
f 3143/4168/2670 3183/4169/2635 3182/4134/2690 3141/4170/2721
f 3134/4166/2719 3136/4171/2722 3137/4139/2695 3135/4078/2636
f 3099/4160/2714 3195/4172/2723 3225/4163/2717 3193/4162/2716
f 3159/4121/2677 3191/4120/2676 3190/4173/2683 3157/4174/2724
f 3136/4171/2722 3138/4175/2725 3139/4138/2694 3137/4139/2695
f 3173/4176/2626 3205/4177/2625 3204/4116/2672 3172/4070/2628
f 3101/4064/2622 3099/4160/2714 3193/4162/2716 3163/4178/2726
f 3138/4175/2725 3140/4179/2727 3141/4170/2721 3139/4138/2694
f 3165/4057/2615 3197/4056/2614 3196/4124/2680 3164/4059/2617
f 3107/4083/2641 3165/4057/2615 3164/4059/2617 3105/4058/2616
f 3140/4179/2727 3142/4180/2728 3143/4168/2670 3141/4170/2721
f 3191/4120/2676 3223/4181/2729 3222/4182/2684 3190/4173/2683
f 3123/4141/2688 3173/4176/2626 3172/4070/2628 3121/4069/2627
f 3142/4183/2728 3144/4184/2730 3145/4113/2669 3143/4114/2670
f 3183/4169/2635 3215/4185/2634 3214/4135/2691 3182/4134/2690
f 3137/4139/2695 3180/4110/2666 3179/4079/2637 3135/4078/2636
f 3144/4184/2730 3146/4186/2731 3147/4157/2711 3145/4113/2669
f 3176/4087/2645 3208/4086/2644 3207/4142/2697 3175/4107/2663
f 3153/4145/2700 3188/4144/2699 3187/4089/2647 3151/4088/2646
f 3146/4186/2731 3148/4187/2732 3149/4091/2649 3147/4157/2711
f 3168/4097/2655 3200/4096/2654 3199/4188/2703 3167/4165/2702
f 3117/4123/2679 3170/4150/2704 3169/4094/2652 3115/4098/2656
f 3148/4187/2732 3150/4189/2733 3151/4088/2646 3149/4091/2649
f 3186/4090/2648 3218/4105/2661 3217/4153/2707 3185/4152/2706
f 3131/4154/2708 3177/4084/2642 3176/4087/2645 3129/4106/2662
f 3150/4189/2733 3152/4190/2734 3153/4145/2700 3151/4088/2646
f 3179/4079/2637 3211/4112/2668 3210/4156/2710 3178/4080/2638
f 3147/4157/2711 3185/4152/2706 3184/4074/2632 3145/4113/2669
f 3152/4190/2734 3154/4191/2735 3155/4143/2698 3153/4145/2700
f 3171/4071/2629 3203/4117/2673 3202/4159/2713 3170/4150/2704
f 3163/4178/2726 3193/4162/2716 3192/4119/2675 3161/4118/2674
f 3154/4192/2735 3156/4193/2736 3157/4174/2724 3155/4194/2698
f 3098/4060/2618 3194/4125/2681 3195/4172/2723 3099/4160/2714
f 3111/4195/2659 3167/4148/2702 3166/4054/2612 3109/4093/2651
f 3156/4193/2736 3158/4196/2737 3159/4121/2677 3157/4174/2724
f 3189/4130/2686 3221/4129/2685 3220/4167/2720 3188/4144/2699
f 3127/4108/2664 3175/4107/2663 3174/4065/2623 3125/4131/2687
f 3158/4196/2737 3160/4197/2738 3161/4118/2674 3159/4121/2677
f 3157/4198/2724 3190/4127/2683 3189/4130/2686 3155/4143/2698
f 3141/4170/2721 3182/4134/2690 3181/4137/2693 3139/4138/2694
f 3160/4197/2738 3162/4199/2739 3163/4178/2726 3161/4118/2674
f 3192/4119/2675 3224/4164/2718 3223/4181/2729 3191/4120/2676
f 3181/4137/2693 3213/4136/2692 3212/4111/2667 3180/4110/2666
f 3162/4199/2739 3100/4062/2620 3101/4064/2622 3163/4178/2726
f 3100/4200/2620 3162/4201/2739 3160/4202/2738 3158/4203/2737 3156/4204/2736 3154/4205/2735 3152/4206/2734 3150/4207/2733 3148/4208/2732 3146/4209/2731 3144/4210/2730 3142/4211/2728 3140/4212/2727 3138/4213/2725 3136/4214/2722 3134/4215/2719 3132/4216/2715 3130/4217/2712 3128/4218/2709 3126/4219/2705 3124/4220/2701 3122/4221/2696 3120/4222/2689 3118/4223/2682 3116/4224/2678 3114/4225/2671 3112/4226/2665 3110/4227/2658 3108/4228/2650 3106/4229/2640 3104/4230/2631 3102/4231/2621
f 3205/4177/2625 3237/4232/2740 3236/4233/2741 3204/4116/2672
f 3218/4105/2661 3250/4234/2742 3249/4235/2743 3217/4153/2707
f 3204/4116/2672 3236/4233/2741 3235/4236/2744 3203/4117/2673
f 3217/4153/2707 3249/4235/2743 3248/4237/2745 3216/4075/2633
f 3203/4117/2673 3235/4236/2744 3234/4238/2746 3202/4159/2713
f 3216/4239/2633 3248/4240/2745 3247/4241/2747 3215/4185/2634
f 3202/4159/2713 3234/4238/2746 3233/4242/2748 3201/4095/2653
f 3215/4185/2634 3247/4241/2747 3246/4243/2749 3214/4135/2691
f 3201/4095/2653 3233/4242/2748 3232/4244/2750 3200/4096/2654
f 3214/4135/2691 3246/4243/2749 3245/4245/2751 3213/4136/2692
f 3200/4246/2654 3232/4247/2750 3231/4248/2752 3199/4149/2703
f 3213/4136/2692 3245/4245/2751 3244/4249/2753 3212/4111/2667
f 3195/4172/2723 3227/4250/2754 3257/4251/2755 3225/4163/2717
f 3199/4149/2703 3231/4248/2752 3230/4252/2756 3198/4055/2613
f 3212/4111/2667 3244/4249/2753 3243/4253/2757 3211/4112/2668
f 3225/4163/2717 3257/4251/2755 3256/4254/2758 3224/4164/2718
f 3198/4055/2613 3230/4252/2756 3229/4255/2759 3197/4056/2614
f 3211/4112/2668 3243/4253/2757 3242/4256/2760 3210/4156/2710
f 3224/4164/2718 3256/4254/2758 3255/4257/2761 3223/4181/2729
f 3197/4056/2614 3229/4255/2759 3228/4258/2762 3196/4124/2680
f 3210/4156/2710 3242/4256/2760 3241/4259/2763 3209/4085/2643
f 3223/4181/2729 3255/4257/2761 3254/4260/2764 3222/4182/2684
f 3196/4124/2680 3228/4258/2762 3226/4261/2765 3194/4125/2681
f 3209/4085/2643 3241/4259/2763 3240/4262/2766 3208/4086/2644
f 3222/4182/2684 3254/4260/2764 3253/4263/2767 3221/4264/2685
f 3194/4125/2681 3226/4261/2765 3227/4250/2754 3195/4172/2723
f 3208/4086/2644 3240/4262/2766 3239/4265/2768 3207/4142/2697
f 3221/4129/2685 3253/4266/2767 3252/4267/2769 3220/4167/2720
f 3207/4142/2697 3239/4265/2768 3238/4268/2770 3206/4066/2624
f 3220/4167/2720 3252/4267/2769 3251/4269/2771 3219/4104/2660
f 3206/4066/2624 3238/4268/2770 3237/4270/2740 3205/4067/2625
f 3219/4104/2660 3251/4269/2771 3250/4234/2742 3218/4105/2661
f 3234/4271/2746 3266/4272/2772 3265/4273/2773 3233/4274/2748
f 3247/4241/2747 3279/4275/2774 3278/4276/2775 3246/4243/2749
f 3233/4274/2748 3265/4273/2773 3264/4277/2776 3232/4278/2750
f 3246/4243/2749 3278/4276/2775 3277/4279/2777 3245/4245/2751
f 3232/4247/2750 3264/4280/2776 3263/4281/2778 3231/4248/2752
f 3245/4245/2751 3277/4279/2777 3276/4282/2779 3244/4249/2753
f 3227/4250/2754 3259/4283/2780 3289/4284/2781 3257/4251/2755
f 3231/4248/2752 3263/4281/2778 3262/4285/2782 3230/4252/2756
f 3244/4249/2753 3276/4282/2779 3275/4286/2783 3243/4253/2757
f 3257/4251/2755 3289/4284/2781 3288/4287/2784 3256/4254/2758
f 3230/4252/2756 3262/4285/2782 3261/4288/2785 3229/4255/2759
f 3243/4253/2757 3275/4286/2783 3274/4289/2786 3242/4256/2760
f 3256/4254/2758 3288/4287/2784 3287/4290/2787 3255/4257/2761
f 3229/4255/2759 3261/4288/2785 3260/4291/2788 3228/4258/2762
f 3242/4256/2760 3274/4289/2786 3273/4292/2789 3241/4259/2763
f 3255/4257/2761 3287/4290/2787 3286/4293/2790 3254/4260/2764
f 3228/4258/2762 3260/4291/2788 3258/4294/2791 3226/4261/2765
f 3241/4259/2763 3273/4292/2789 3272/4295/2792 3240/4262/2766
f 3254/4260/2764 3286/4293/2790 3285/4296/2793 3253/4263/2767
f 3226/4261/2765 3258/4294/2791 3259/4283/2780 3227/4250/2754
f 3240/4262/2766 3272/4295/2792 3271/4297/2794 3239/4265/2768
f 3253/4298/2767 3285/4299/2793 3284/4300/2795 3252/4301/2769
f 3239/4265/2768 3271/4297/2794 3270/4302/2796 3238/4268/2770
f 3252/4301/2769 3284/4300/2795 3283/4303/2797 3251/4304/2771
f 3238/4268/2770 3270/4302/2796 3269/4305/2798 3237/4270/2740
f 3251/4304/2771 3283/4303/2797 3282/4306/2799 3250/4307/2742
f 3237/4308/2740 3269/4309/2798 3268/4310/2800 3236/4311/2741
f 3250/4307/2742 3282/4306/2799 3281/4312/2801 3249/4313/2743
f 3236/4311/2741 3268/4310/2800 3267/4314/2802 3235/4315/2744
f 3249/4313/2743 3281/4312/2801 3280/4316/2803 3248/4317/2745
f 3235/4315/2744 3267/4314/2802 3266/4272/2772 3234/4271/2746
f 3248/4240/2745 3280/4318/2803 3279/4275/2774 3247/4241/2747
f 3259/4283/2780 3291/4319/2804 3321/4320/2805 3289/4284/2781
f 3263/4281/2778 3295/4321/2806 3294/4322/2807 3262/4285/2782
f 3276/4282/2779 3308/4323/2808 3307/4324/2809 3275/4286/2783
f 3289/4284/2781 3321/4320/2805 3320/4325/2810 3288/4287/2784
f 3262/4285/2782 3294/4322/2807 3293/4326/2811 3261/4288/2785
f 3275/4286/2783 3307/4324/2809 3306/4327/2812 3274/4289/2786
f 3288/4287/2784 3320/4325/2810 3319/4328/2813 3287/4290/2787
f 3261/4288/2785 3293/4326/2811 3292/4329/2814 3260/4291/2788
f 3274/4289/2786 3306/4327/2812 3305/4330/2815 3273/4292/2789
f 3287/4290/2787 3319/4328/2813 3318/4331/2816 3286/4293/2790
f 3260/4291/2788 3292/4329/2814 3290/4332/2817 3258/4294/2791
f 3273/4292/2789 3305/4330/2815 3304/4333/2818 3272/4295/2792
f 3286/4293/2790 3318/4331/2816 3317/4334/2819 3285/4296/2793
f 3258/4294/2791 3290/4332/2817 3291/4319/2804 3259/4283/2780
f 3272/4295/2792 3304/4333/2818 3303/4335/2820 3271/4297/2794
f 3285/4299/2793 3317/4336/2819 3316/4337/2821 3284/4300/2795
f 3271/4297/2794 3303/4335/2820 3302/4338/2822 3270/4302/2796
f 3284/4300/2795 3316/4337/2821 3315/4339/2823 3283/4303/2797
f 3270/4302/2796 3302/4338/2822 3301/4340/2824 3269/4305/2798
f 3283/4303/2797 3315/4339/2823 3314/4341/2825 3282/4306/2799
f 3269/4309/2798 3301/4342/2824 3300/4343/2826 3268/4310/2800
f 3282/4306/2799 3314/4341/2825 3313/4344/2827 3281/4312/2801
f 3268/4310/2800 3300/4343/2826 3299/4345/2828 3267/4314/2802
f 3281/4312/2801 3313/4344/2827 3312/4346/2829 3280/4316/2803
f 3267/4314/2802 3299/4345/2828 3298/4347/2830 3266/4272/2772
f 3280/4316/2803 3312/4346/2829 3311/4348/2831 3279/4349/2774
f 3266/4272/2772 3298/4347/2830 3297/4350/2832 3265/4273/2773
f 3279/4275/2774 3311/4351/2831 3310/4352/2833 3278/4276/2775
f 3265/4273/2773 3297/4350/2832 3296/4353/2834 3264/4277/2776
f 3278/4276/2775 3310/4352/2833 3309/4354/2835 3277/4279/2777
f 3264/4280/2776 3296/4355/2834 3295/4321/2806 3263/4281/2778
f 3277/4279/2777 3309/4354/2835 3308/4323/2808 3276/4282/2779
f 3319/4328/2813 3351/4356/2836 3350/4357/2837 3318/4331/2816
f 3292/4329/2814 3324/4358/2838 3322/4359/2839 3290/4332/2817
f 3305/4330/2815 3337/4360/2840 3336/4361/2841 3304/4333/2818
f 3318/4331/2816 3350/4357/2837 3349/4362/2842 3317/4334/2819
f 3290/4332/2817 3322/4359/2839 3323/4363/2843 3291/4319/2804
f 3304/4333/2818 3336/4361/2841 3335/4364/2844 3303/4335/2820
f 3317/4336/2819 3349/4365/2842 3348/4366/2845 3316/4337/2821
f 3303/4335/2820 3335/4364/2844 3334/4367/2846 3302/4338/2822
f 3316/4337/2821 3348/4366/2845 3347/4368/2847 3315/4339/2823
f 3302/4338/2822 3334/4367/2846 3333/4369/2848 3301/4340/2824
f 3315/4339/2823 3347/4368/2847 3346/4370/2849 3314/4341/2825
f 3301/4342/2824 3333/4371/2848 3332/4372/2850 3300/4343/2826
f 3314/4341/2825 3346/4370/2849 3345/4373/2851 3313/4344/2827
f 3300/4343/2826 3332/4372/2850 3331/4374/2852 3299/4345/2828
f 3313/4344/2827 3345/4373/2851 3344/4375/2853 3312/4346/2829
f 3299/4345/2828 3331/4374/2852 3330/4376/2854 3298/4347/2830
f 3312/4346/2829 3344/4375/2853 3343/4377/2855 3311/4348/2831
f 3298/4347/2830 3330/4376/2854 3329/4378/2856 3297/4350/2832
f 3311/4351/2831 3343/4379/2855 3342/4380/2857 3310/4352/2833
f 3297/4350/2832 3329/4378/2856 3328/4381/2858 3296/4353/2834
f 3310/4352/2833 3342/4380/2857 3341/4382/2859 3309/4354/2835
f 3296/4355/2834 3328/4383/2858 3327/4384/2860 3295/4321/2806
f 3309/4354/2835 3341/4382/2859 3340/4385/2861 3308/4323/2808
f 3291/4319/2804 3323/4363/2843 3353/4386/2862 3321/4320/2805
f 3295/4321/2806 3327/4384/2860 3326/4387/2863 3294/4322/2807
f 3308/4323/2808 3340/4385/2861 3339/4388/2864 3307/4324/2809
f 3321/4320/2805 3353/4386/2862 3352/4389/2865 3320/4325/2810
f 3294/4322/2807 3326/4387/2863 3325/4390/2866 3293/4326/2811
f 3307/4324/2809 3339/4388/2864 3338/4391/2867 3306/4327/2812
f 3320/4325/2810 3352/4389/2865 3351/4356/2836 3319/4328/2813
f 3293/4326/2811 3325/4390/2866 3324/4358/2838 3292/4329/2814
f 3306/4327/2812 3338/4391/2867 3337/4360/2840 3305/4330/2815
f 3348/4366/2845 3380/4392/2868 3379/4393/2869 3347/4368/2847
f 3334/4394/2846 3366/4395/2870 3365/4396/2871 3333/4371/2848
f 3347/4368/2847 3379/4393/2869 3378/4397/2872 3346/4370/2849
f 3333/4371/2848 3365/4396/2871 3364/4398/2873 3332/4372/2850
f 3346/4370/2849 3378/4397/2872 3377/4399/2874 3345/4373/2851
f 3332/4372/2850 3364/4398/2873 3363/4400/2875 3331/4374/2852
f 3345/4373/2851 3377/4399/2874 3376/4401/2876 3344/4375/2853
f 3331/4374/2852 3363/4400/2875 3362/4402/2877 3330/4376/2854
f 3344/4375/2853 3376/4401/2876 3375/4403/2878 3343/4377/2855
f 3330/4376/2854 3362/4402/2877 3361/4404/2879 3329/4378/2856
f 3343/4377/2855 3375/4403/2878 3374/4405/2880 3342/4406/2857
f 3329/4378/2856 3361/4404/2879 3360/4407/2881 3328/4381/2858
f 3342/4380/2857 3374/4408/2880 3373/4409/2882 3341/4382/2859
f 3328/4383/2858 3360/4410/2881 3359/4411/2883 3327/4384/2860
f 3341/4382/2859 3373/4409/2882 3372/4412/2884 3340/4385/2861
f 3323/4363/2843 3355/4413/2885 3385/4414/2886 3353/4386/2862
f 3327/4384/2860 3359/4411/2883 3358/4415/2887 3326/4387/2863
f 3340/4385/2861 3372/4412/2884 3371/4416/2888 3339/4388/2864
f 3353/4386/2862 3385/4414/2886 3384/4417/2889 3352/4389/2865
f 3326/4387/2863 3358/4415/2887 3357/4418/2890 3325/4390/2866
f 3339/4388/2864 3371/4416/2888 3370/4419/2891 3338/4391/2867
f 3352/4389/2865 3384/4417/2889 3383/4420/2892 3351/4356/2836
f 3325/4390/2866 3357/4418/2890 3356/4421/2893 3324/4358/2838
f 3338/4391/2867 3370/4419/2891 3369/4422/2894 3337/4360/2840
f 3351/4356/2836 3383/4420/2892 3382/4423/2895 3350/4357/2837
f 3324/4358/2838 3356/4421/2893 3354/4424/2896 3322/4359/2839
f 3337/4360/2840 3369/4422/2894 3368/4425/2897 3336/4361/2841
f 3350/4426/2837 3382/4427/2895 3381/4428/2898 3349/4365/2842
f 3322/4359/2839 3354/4424/2896 3355/4413/2885 3323/4363/2843
f 3336/4361/2841 3368/4425/2897 3367/4429/2899 3335/4364/2844
f 3349/4365/2842 3381/4428/2898 3380/4392/2868 3348/4366/2845
f 3335/4364/2844 3367/4429/2899 3366/4430/2870 3334/4367/2846
f 3377/4399/2874 3409/4431/2900 3408/4432/2901 3376/4401/2876
f 3363/4400/2875 3395/4433/2902 3394/4434/2903 3362/4402/2877
f 3376/4401/2876 3408/4432/2901 3407/4435/2904 3375/4403/2878
f 3362/4402/2877 3394/4434/2903 3393/4436/2905 3361/4404/2879
f 3375/4403/2878 3407/4435/2904 3406/4437/2906 3374/4405/2880
f 3361/4404/2879 3393/4436/2905 3392/4438/2907 3360/4407/2881
f 3374/4408/2880 3406/4439/2906 3405/4440/2908 3373/4409/2882
f 3360/4407/2881 3392/4438/2907 3391/4441/2909 3359/4442/2883
f 3373/4409/2882 3405/4440/2908 3404/4443/2910 3372/4412/2884
f 3355/4413/2885 3387/4444/2911 3417/4445/2912 3385/4414/2886
f 3359/4411/2883 3391/4446/2909 3390/4447/2913 3358/4415/2887
f 3372/4412/2884 3404/4443/2910 3403/4448/2914 3371/4416/2888
f 3385/4414/2886 3417/4445/2912 3416/4449/2915 3384/4417/2889
f 3358/4415/2887 3390/4447/2913 3389/4450/2916 3357/4418/2890
f 3371/4416/2888 3403/4448/2914 3402/4451/2917 3370/4419/2891
f 3384/4417/2889 3416/4449/2915 3415/4452/2918 3383/4420/2892
f 3357/4418/2890 3389/4450/2916 3388/4453/2919 3356/4421/2893
f 3370/4419/2891 3402/4451/2917 3401/4454/2920 3369/4422/2894
f 3383/4420/2892 3415/4452/2918 3414/4455/2921 3382/4423/2895
f 3356/4421/2893 3388/4453/2919 3386/4456/2922 3354/4424/2896
f 3369/4422/2894 3401/4454/2920 3400/4457/2923 3368/4425/2897
f 3382/4427/2895 3414/4458/2921 3413/4459/2924 3381/4428/2898
f 3354/4424/2896 3386/4456/2922 3387/4444/2911 3355/4413/2885
f 3368/4425/2897 3400/4457/2923 3399/4460/2925 3367/4429/2899
f 3381/4428/2898 3413/4459/2924 3412/4461/2926 3380/4392/2868
f 3367/4429/2899 3399/4460/2925 3398/4462/2927 3366/4430/2870
f 3380/4392/2868 3412/4461/2926 3411/4463/2928 3379/4393/2869
f 3366/4395/2870 3398/4464/2927 3397/4465/2929 3365/4396/2871
f 3379/4393/2869 3411/4463/2928 3410/4466/2930 3378/4397/2872
f 3365/4396/2871 3397/4465/2929 3396/4467/2931 3364/4398/2873
f 3378/4397/2872 3410/4466/2930 3409/4431/2900 3377/4399/2874
f 3364/4398/2873 3396/4467/2931 3395/4433/2902 3363/4400/2875
f 3423/4468/2932 3492/4469/2933 3491/4470/2934 3479/4471/2935
f 3530/4472/2936 3537/4473/2937 3438/4474/2938 3494/4475/2939
f 3424/4476/2940 3493/4477/2941 3492/4469/2933 3423/4468/2932
f 3418/4478/2942 3480/4479/2943 3515/4480/2944 3426/4481/2945
f 3425/4482/2946 3494/4475/2939 3493/4477/2941 3424/4476/2940
f 3419/4483/2947 3481/4484/2948 3480/4485/2943 3418/4486/2942
f 3430/4487/2949 3530/4472/2936 3494/4475/2939 3425/4482/2946
f 3473/4488/2950 3482/4489/2951 3481/4484/2948 3419/4483/2947
f 3420/4490/2952 3483/4491/2953 3482/4489/2951 3473/4488/2950
f 3474/4492/2954 3484/4493/2955 3483/4491/2953 3420/4490/2952
f 3421/4494/2956 3485/4495/2957 3484/4493/2955 3474/4492/2954
f 3475/4496/2958 3486/4497/2959 3485/4495/2957 3421/4494/2956
f 3476/4498/2960 3487/4499/2961 3486/4497/2959 3475/4496/2958
f 3477/4500/2962 3488/4501/2963 3487/4502/2961 3476/4503/2960
f 3422/4504/2964 3489/4505/2965 3488/4501/2963 3477/4500/2962
f 3478/4506/2966 3490/4507/2967 3489/4505/2965 3422/4504/2964
f 3479/4471/2935 3491/4470/2934 3490/4507/2967 3478/4506/2966
f 3482/4489/2951 3497/4508/2968 3496/4509/2969 3481/4484/2948
f 3483/4491/2953 3498/4510/2970 3497/4508/2968 3482/4489/2951
f 3484/4493/2955 3431/4511/2971 3498/4510/2970 3483/4491/2953
f 3485/4495/2957 3432/4512/2972 3431/4511/2971 3484/4493/2955
f 3486/4497/2959 3499/4513/2973 3432/4512/2972 3485/4495/2957
f 3487/4499/2961 3500/4514/2974 3499/4513/2973 3486/4497/2959
f 3488/4501/2963 3501/4515/2975 3500/4516/2974 3487/4502/2961
f 3489/4505/2965 3433/4517/2976 3501/4515/2975 3488/4501/2963
f 3490/4507/2967 3434/4518/2977 3433/4517/2976 3489/4505/2965
f 3491/4470/2934 3435/4519/2978 3434/4518/2977 3490/4507/2967
f 3492/4469/2933 3436/4520/2979 3435/4519/2978 3491/4470/2934
f 3493/4477/2941 3437/4521/2980 3436/4520/2979 3492/4469/2933
f 3480/4479/2943 3495/4522/2981 3450/4523/2982 3515/4480/2944
f 3494/4475/2939 3438/4474/2938 3437/4521/2980 3493/4477/2941
f 3481/4484/2948 3496/4509/2969 3495/4524/2981 3480/4485/2943
f 3511/4525/2983 3510/4526/2984 3526/4527/2985 3527/4528/2986
f 3530/4529/2936 3529/4530/2987 3536/4531/2988 3537/4532/2937
f 3512/4533/2989 3511/4525/2983 3527/4528/2986 3528/4534/2990
f 3502/4535/2991 3426/4481/2945 3515/4480/2944 3514/4536/2992
f 3513/4537/2993 3512/4533/2989 3528/4534/2990 3529/4530/2987
f 3503/4538/2994 3502/4535/2991 3514/4536/2992 3516/4539/2995
f 3430/4540/2949 3513/4537/2993 3529/4530/2987 3530/4529/2936
f 3427/4541/2996 3503/4538/2994 3516/4539/2995 3517/4542/2997
f 3504/4543/2998 3427/4541/2996 3517/4542/2997 3518/4544/2999
f 3428/4545/3000 3504/4543/2998 3518/4544/2999 3519/4546/3001
f 3505/4547/3002 3428/4545/3000 3519/4546/3001 3520/4548/3003
f 3506/4549/3004 3505/4547/3002 3520/4548/3003 3521/4550/3005
f 3507/4551/3006 3506/4552/3004 3521/4553/3005 3522/4554/3007
f 3508/4555/3008 3507/4551/3006 3522/4554/3007 3523/4556/3009
f 3429/4557/3010 3508/4555/3008 3523/4556/3009 3524/4558/3011
f 3509/4559/3012 3429/4557/3010 3524/4558/3011 3525/4560/3013
f 3510/4526/2984 3509/4559/3012 3525/4560/3013 3526/4527/2985
f 3517/4542/2997 3516/4539/2995 3451/4561/3014 3532/4562/3015
f 3518/4544/2999 3517/4542/2997 3532/4562/3015 3452/4563/3016
f 3519/4546/3001 3518/4544/2999 3452/4563/3016 3453/4564/3017
f 3520/4548/3003 3519/4546/3001 3453/4564/3017 3533/4565/3018
f 3521/4550/3005 3520/4548/3003 3533/4565/3018 3454/4566/3019
f 3522/4554/3007 3521/4553/3005 3454/4566/3019 3534/4567/3020
f 3523/4556/3009 3522/4554/3007 3534/4567/3020 3535/4568/3021
f 3524/4558/3011 3523/4556/3009 3535/4568/3021 3455/4569/3022
f 3525/4560/3013 3524/4558/3011 3455/4569/3022 3456/4570/3023
f 3526/4527/2985 3525/4560/3013 3456/4570/3023 3457/4571/3024
f 3527/4528/2986 3526/4527/2985 3457/4571/3024 3458/4572/3025
f 3528/4534/2990 3527/4528/2986 3458/4572/3025 3459/4573/3026
f 3514/4536/2992 3515/4480/2944 3450/4523/2982 3531/4574/3027
f 3529/4530/2987 3528/4534/2990 3459/4573/3026 3536/4531/2988
f 3516/4539/2995 3514/4536/2992 3531/4574/3027 3451/4561/3014
f 3444/4575/3028 3556/4576/3029 3565/4577/3030 3566/4578/3031
f 3557/4579/3032 3444/4575/3028 3566/4578/3031 3567/4580/3033
f 3445/4581/3034 3557/4579/3032 3567/4580/3033 3568/4582/3035
f 3446/4583/3036 3445/4581/3034 3568/4582/3035 3569/4584/3037
f 3447/4585/3038 3446/4583/3036 3569/4584/3037 3570/4586/3039
f 3448/4587/3040 3447/4585/3038 3570/4586/3039 3571/4588/3041
f 3554/4589/3042 3460/4590/3043 3585/4591/3044 3558/4592/3045
f 3449/4593/3046 3448/4587/3040 3571/4588/3041 3572/4594/3047
f 3439/4595/3048 3554/4596/3042 3558/4597/3045 3559/4598/3049
f 3472/4599/3050 3449/4593/3046 3572/4594/3047 3600/4600/3051
f 3440/4601/3052 3439/4595/3048 3559/4598/3049 3560/4602/3053
f 3441/4603/3054 3440/4601/3052 3560/4602/3053 3561/4604/3055
f 3442/4605/3056 3441/4603/3054 3561/4604/3055 3562/4606/3057
f 3443/4607/3058 3442/4605/3056 3562/4606/3057 3563/4608/3059
f 3555/4609/3060 3443/4607/3058 3563/4608/3059 3564/4610/3061
f 3556/4611/3029 3555/4609/3060 3564/4610/3061 3565/4612/3030
f 3569/4613/3037 3568/4614/3035 3543/4615/3062 3544/4616/3063
f 3570/4617/3039 3569/4613/3037 3544/4616/3063 3578/4618/3064
f 3571/4619/3041 3570/4617/3039 3578/4618/3064 3545/4620/3065
f 3558/4621/3045 3585/4622/3044 3546/4623/3066 3573/4624/3067
f 3572/4625/3047 3571/4619/3041 3545/4620/3065 3579/4626/3068
f 3559/4627/3049 3558/4621/3045 3573/4624/3067 3574/4628/3069
f 3600/4629/3051 3572/4625/3047 3579/4626/3068 3609/4630/3070
f 3560/4631/3053 3559/4627/3049 3574/4628/3069 3538/4632/3071
f 3561/4633/3055 3560/4631/3053 3538/4632/3071 3575/4634/3072
f 3562/4635/3057 3561/4633/3055 3575/4634/3072 3539/4636/3073
f 3563/4637/3059 3562/4635/3057 3539/4636/3073 3540/4638/3074
f 3564/4639/3061 3563/4637/3059 3540/4638/3074 3576/4640/3075
f 3565/4641/3030 3564/4639/3061 3576/4640/3075 3577/4642/3076
f 3566/4643/3031 3565/4641/3030 3577/4642/3076 3541/4644/3077
f 3567/4645/3033 3566/4643/3031 3541/4644/3077 3542/4646/3078
f 3568/4614/3035 3567/4645/3033 3542/4646/3078 3543/4615/3062
f 3467/4647/3079 3593/4648/3080 3592/4649/3081 3466/4650/3082
f 3468/4651/3083 3594/4652/3084 3593/4648/3080 3467/4647/3079
f 3469/4653/3085 3595/4654/3086 3594/4652/3084 3468/4651/3083
f 3470/4655/3087 3596/4656/3088 3595/4654/3086 3469/4653/3085
f 3582/4657/3089 3597/4658/3090 3596/4656/3088 3470/4655/3087
f 3583/4659/3091 3598/4660/3092 3597/4658/3090 3582/4657/3089
f 3580/4661/3093 3584/4662/3094 3585/4591/3044 3460/4590/3043
f 3471/4663/3095 3599/4664/3096 3598/4660/3092 3583/4659/3091
f 3461/4665/3097 3586/4666/3098 3584/4662/3094 3580/4661/3093
f 3472/4667/3050 3600/4668/3051 3599/4664/3096 3471/4663/3095
f 3462/4669/3099 3587/4670/3100 3586/4666/3098 3461/4665/3097
f 3581/4671/3101 3588/4672/3102 3587/4670/3100 3462/4669/3099
f 3463/4673/3103 3589/4674/3104 3588/4672/3102 3581/4671/3101
f 3464/4675/3105 3590/4676/3106 3589/4674/3104 3463/4673/3103
f 3465/4677/3107 3591/4678/3108 3590/4676/3106 3464/4675/3105
f 3466/4650/3082 3592/4649/3081 3591/4679/3108 3465/4680/3107
f 3596/4681/3088 3607/4682/3109 3606/4683/3110 3595/4684/3086
f 3597/4685/3090 3552/4686/3111 3607/4682/3109 3596/4681/3088
f 3598/4687/3092 3608/4688/3112 3552/4686/3111 3597/4685/3090
f 3584/4689/3094 3601/4690/3113 3546/4623/3066 3585/4622/3044
f 3599/4691/3096 3553/4692/3114 3608/4688/3112 3598/4687/3092
f 3586/4693/3098 3602/4694/3115 3601/4690/3113 3584/4689/3094
f 3600/4629/3051 3609/4630/3070 3553/4692/3114 3599/4691/3096
f 3587/4695/3100 3547/4696/3116 3602/4694/3115 3586/4693/3098
f 3588/4697/3102 3548/4698/3117 3547/4696/3116 3587/4695/3100
f 3589/4699/3104 3603/4700/3118 3548/4698/3117 3588/4697/3102
f 3590/4701/3106 3604/4702/3119 3603/4700/3118 3589/4699/3104
f 3591/4703/3108 3549/4704/3120 3604/4702/3119 3590/4701/3106
f 3592/4705/3081 3550/4706/3121 3549/4704/3120 3591/4703/3108
f 3593/4707/3080 3551/4708/3122 3550/4706/3121 3592/4705/3081
f 3594/4709/3084 3605/4710/3123 3551/4708/3122 3593/4707/3080
f 3595/4684/3086 3606/4683/3110 3605/4710/3123 3594/4709/3084
f 3611/4711/70 3610/4712/69 3621/4713/69 3622/4714/70
f 3656/4715/71 3611/4711/70 3622/4714/70 3667/4716/71
f 3657/4717/72 3656/4715/71 3667/4716/71 3668/4718/72
f 3658/4719/73 3657/4720/72 3668/4721/72 3623/4722/73
f 3612/4723/74 3658/4719/73 3623/4722/73 3669/4724/74
f 3613/4725/75 3612/4723/74 3669/4724/74 3624/4726/75
f 3614/4727/76 3613/4725/75 3624/4726/75 3625/4728/76
f 3615/4729/77 3614/4727/76 3625/4728/76 3626/4730/77
f 3616/4731/78 3615/4729/77 3626/4730/77 3627/4732/78
f 3652/4733/80 3629/4734/79 3639/4735/79 3666/4736/80
f 3617/4737/81 3616/4731/78 3627/4732/78 3628/4738/81
f 3653/4739/82 3652/4740/80 3666/4741/80 3618/4742/82
f 3665/4743/83 3617/4737/81 3628/4738/81 3651/4744/83
f 3654/4745/84 3653/4739/82 3618/4742/82 3619/4746/84
f 3655/4747/85 3654/4745/84 3619/4746/84 3620/4748/85
f 3610/4712/69 3655/4747/85 3620/4748/85 3621/4713/69
f 3661/4749/116 3643/4750/116 3642/4751/117 3632/4752/117
f 3633/4753/118 3644/4754/118 3643/4750/116 3661/4749/116
f 3662/4755/119 3645/4756/119 3644/4757/118 3633/4758/118
f 3663/4759/120 3646/4760/120 3645/4756/119 3662/4755/119
f 3634/4761/121 3647/4762/121 3646/4760/120 3663/4759/120
f 3635/4763/122 3648/4764/122 3647/4762/121 3634/4761/121
f 3636/4765/123 3649/4766/123 3648/4764/122 3635/4763/122
f 3637/4767/124 3672/4768/124 3649/4766/123 3636/4765/123
f 3638/4769/125 3673/4770/125 3672/4768/124 3637/4767/124
f 3659/4771/126 3670/4772/126 3639/4735/79 3629/4734/79
f 3664/4773/127 3650/4774/127 3673/4770/125 3638/4769/125
f 3630/4775/128 3640/4776/128 3670/4772/126 3659/4771/126
f 3665/4777/83 3651/4778/83 3650/4774/127 3664/4773/127
f 3660/4779/129 3641/4780/129 3640/4776/128 3630/4775/128
f 3631/4781/130 3671/4782/130 3641/4780/129 3660/4779/129
f 3632/4752/117 3642/4751/117 3671/4782/130 3631/4781/130
f 3688/4783/3124 3717/4784/3125 3716/4785/3126 3687/4786/3127
f 4067/4787/3128 3703/4788/3129 3702/4789/3130 3679/4790/3131
f 3687/4786/3127 3716/4785/3126 3715/4791/3132 3686/4792/3133
f 3679/4790/3131 3702/4789/3130 3701/4793/3134 3678/4794/3135
f 3686/4792/3133 3715/4791/3132 3714/4795/3136 3685/4796/3137
f 3678/4797/3135 3701/4798/3134 3700/4799/3138 3677/4800/3139
f 3685/4796/3137 3714/4795/3136 3713/4801/3140 3684/4802/3141
f 3677/4800/3139 3700/4799/3138 3699/4803/3142 3676/4804/3143
f 3684/4802/3141 3713/4801/3140 3712/4805/3144 3683/4806/3145
f 3676/4804/3143 3699/4803/3142 3698/4807/3146 4066/4808/3147
f 3683/4806/3145 3712/4805/3144 3711/4809/3148 4072/4810/3149
f 4064/4811/3150 3694/4812/3151 3724/4813/3152 3692/4814/3153
f 4066/4808/3147 3698/4807/3146 3697/4815/3154 3675/4816/3155
f 4072/4810/3149 3711/4809/3148 3710/4817/3156 4071/4818/3157
f 3692/4814/3153 3724/4813/3152 3723/4819/3158 3691/4820/3159
f 3675/4816/3155 3697/4815/3154 3696/4821/3160 3674/4822/3161
f 4071/4818/3157 3710/4817/3156 3709/4823/3162 3682/4824/3163
f 3691/4820/3159 3723/4819/3158 3722/4825/3164 4075/4826/3165
f 3674/4822/3161 3696/4821/3160 3695/4827/3166 4065/4828/3167
f 3682/4824/3163 3709/4823/3162 3708/4829/3168 4070/4830/3169
f 4075/4826/3165 3722/4825/3164 3721/4831/3170 3690/4832/3171
f 4065/4828/3167 3695/4827/3166 3693/4833/3172 4063/4834/3173
f 4070/4830/3169 3708/4829/3168 3707/4835/3174 3681/4836/3175
f 3690/4832/3171 3721/4831/3170 3720/4837/3176 4074/4838/3177
f 4063/4834/3173 3693/4833/3172 3694/4812/3151 4064/4811/3150
f 3681/4836/3175 3707/4835/3174 3706/4839/3178 4069/4840/3179
f 4074/4838/3177 3720/4837/3176 3719/4841/3180 3689/4842/3181
f 4069/4840/3179 3706/4839/3178 3705/4843/3182 4068/4844/3183
f 3689/4842/3181 3719/4841/3180 3718/4845/3184 4073/4846/3185
f 4068/4844/3183 3705/4843/3182 3704/4847/3186 3680/4848/3187
f 4073/4849/3185 3718/4850/3184 3717/4851/3125 3688/4852/3124
f 3680/4848/3187 3704/4847/3186 3703/4788/3129 4067/4787/3128
f 3714/4795/3136 3746/4853/3188 3745/4854/3189 3713/4801/3140
f 3700/4855/3138 3732/4856/3190 3731/4857/3191 3699/4858/3142
f 3713/4801/3140 3745/4854/3189 3744/4859/3192 3712/4805/3144
f 3699/4858/3142 3731/4857/3191 3730/4860/3193 3698/4861/3146
f 3712/4805/3144 3744/4859/3192 3743/4862/3194 3711/4809/3148
f 3694/4812/3151 3726/4863/3195 3756/4864/3196 3724/4813/3152
f 3698/4807/3146 3730/4865/3193 3729/4866/3197 3697/4815/3154
f 3711/4809/3148 3743/4862/3194 3742/4867/3198 3710/4817/3156
f 3724/4813/3152 3756/4864/3196 3755/4868/3199 3723/4819/3158
f 3697/4815/3154 3729/4866/3197 3728/4869/3200 3696/4821/3160
f 3710/4817/3156 3742/4867/3198 3741/4870/3201 3709/4823/3162
f 3723/4819/3158 3755/4868/3199 3754/4871/3202 3722/4825/3164
f 3696/4821/3160 3728/4869/3200 3727/4872/3203 3695/4827/3166
f 3709/4823/3162 3741/4870/3201 3740/4873/3204 3708/4829/3168
f 3722/4825/3164 3754/4871/3202 3753/4874/3205 3721/4831/3170
f 3695/4827/3166 3727/4872/3203 3725/4875/3206 3693/4833/3172
f 3708/4829/3168 3740/4873/3204 3739/4876/3207 3707/4835/3174
f 3721/4831/3170 3753/4874/3205 3752/4877/3208 3720/4837/3176
f 3693/4833/3172 3725/4875/3206 3726/4863/3195 3694/4812/3151
f 3707/4835/3174 3739/4876/3207 3738/4878/3209 3706/4839/3178
f 3720/4879/3176 3752/4880/3208 3751/4881/3210 3719/4882/3180
f 3706/4839/3178 3738/4878/3209 3737/4883/3211 3705/4843/3182
f 3719/4882/3180 3751/4881/3210 3750/4884/3212 3718/4850/3184
f 3705/4843/3182 3737/4883/3211 3736/4885/3213 3704/4847/3186
f 3718/4850/3184 3750/4884/3212 3749/4886/3214 3717/4851/3125
f 3704/4887/3186 3736/4888/3213 3735/4889/3215 3703/4890/3129
f 3717/4851/3125 3749/4886/3214 3748/4891/3216 3716/4892/3126
f 3703/4890/3129 3735/4889/3215 3734/4893/3217 3702/4894/3130
f 3716/4892/3126 3748/4891/3216 3747/4895/3218 3715/4896/3132
f 3702/4894/3130 3734/4893/3217 3733/4897/3219 3701/4898/3134
f 3715/4896/3132 3747/4895/3218 3746/4899/3188 3714/4900/3136
f 3701/4898/3134 3733/4897/3219 3732/4856/3190 3700/4855/3138
f 3743/4901/3194 3775/4902/3220 3774/4903/3221 3742/4904/3198
f 3756/4905/3196 3788/4906/3222 3787/4907/3223 3755/4908/3199
f 3729/4909/3197 3761/4910/3224 3760/4911/3225 3728/4912/3200
f 3742/4904/3198 3774/4903/3221 3773/4913/3226 3741/4914/3201
f 3755/4908/3199 3787/4907/3223 3786/4915/3227 3754/4916/3202
f 3728/4912/3200 3760/4911/3225 3759/4917/3228 3727/4918/3203
f 3741/4914/3201 3773/4913/3226 3772/4919/3229 3740/4920/3204
f 3754/4916/3202 3786/4915/3227 3785/4921/3230 3753/4922/3205
f 3727/4918/3203 3759/4917/3228 3757/4923/3231 3725/4924/3206
f 3740/4920/3204 3772/4919/3229 3771/4925/3232 3739/4926/3207
f 3753/4922/3205 3785/4921/3230 3784/4927/3233 3752/4928/3208
f 3725/4924/3206 3757/4923/3231 3758/4929/3234 3726/4930/3195
f 3739/4926/3207 3771/4925/3232 3770/4931/3235 3738/4932/3209
f 3752/4880/3208 3784/4933/3233 3783/4934/3236 3751/4881/3210
f 3738/4932/3209 3770/4931/3235 3769/4935/3237 3737/4936/3211
f 3751/4881/3210 3783/4934/3236 3782/4937/3238 3750/4884/3212
f 3737/4938/3211 3769/4939/3237 3768/4940/3239 3736/4888/3213
f 3750/4884/3212 3782/4937/3238 3781/4941/3240 3749/4886/3214
f 3736/4888/3213 3768/4940/3239 3767/4942/3241 3735/4889/3215
f 3749/4886/3214 3781/4941/3240 3780/4943/3242 3748/4891/3216
f 3735/4889/3215 3767/4942/3241 3766/4944/3243 3734/4893/3217
f 3748/4891/3216 3780/4943/3242 3779/4945/3244 3747/4895/3218
f 3734/4893/3217 3766/4944/3243 3765/4946/3245 3733/4897/3219
f 3747/4895/3218 3779/4945/3244 3778/4947/3246 3746/4899/3188
f 3733/4897/3219 3765/4946/3245 3764/4948/3247 3732/4856/3190
f 3746/4899/3188 3778/4947/3246 3777/4949/3248 3745/4950/3189
f 3732/4856/3190 3764/4948/3247 3763/4951/3249 3731/4857/3191
f 3745/4952/3189 3777/4953/3248 3776/4954/3250 3744/4955/3192
f 3731/4857/3191 3763/4951/3249 3762/4956/3251 3730/4860/3193
f 3744/4955/3192 3776/4954/3250 3775/4902/3220 3743/4901/3194
f 3726/4930/3195 3758/4929/3234 3788/4906/3222 3756/4905/3196
f 3730/4957/3193 3762/4958/3251 3761/4910/3224 3729/4909/3197
f 3772/4919/3229 3804/4959/3252 3803/4960/3253 3771/4925/3232
f 3785/4921/3230 3817/4961/3254 3816/4962/3255 3784/4927/3233
f 3757/4923/3231 3789/4963/3256 3790/4964/3257 3758/4929/3234
f 3771/4925/3232 3803/4960/3253 3802/4965/3258 3770/4931/3235
f 3784/4927/3233 3816/4962/3255 3815/4966/3259 3783/4967/3236
f 3770/4931/3235 3802/4965/3258 3801/4968/3260 3769/4935/3237
f 3783/4934/3236 3815/4969/3259 3814/4970/3261 3782/4937/3238
f 3769/4935/3237 3801/4968/3260 3800/4971/3262 3768/4972/3239
f 3782/4937/3238 3814/4970/3261 3813/4973/3263 3781/4941/3240
f 3768/4972/3239 3800/4971/3262 3799/4974/3264 3767/4975/3241
f 3781/4941/3240 3813/4973/3263 3812/4976/3265 3780/4943/3242
f 3767/4942/3241 3799/4977/3264 3798/4978/3266 3766/4944/3243
f 3780/4943/3242 3812/4976/3265 3811/4979/3267 3779/4945/3244
f 3766/4944/3243 3798/4978/3266 3797/4980/3268 3765/4946/3245
f 3779/4981/3244 3811/4982/3267 3810/4983/3269 3778/4984/3246
f 3765/4946/3245 3797/4980/3268 3796/4985/3270 3764/4948/3247
f 3778/4984/3246 3810/4983/3269 3809/4986/3271 3777/4953/3248
f 3764/4948/3247 3796/4985/3270 3795/4987/3272 3763/4951/3249
f 3777/4953/3248 3809/4986/3271 3808/4988/3273 3776/4954/3250
f 3763/4989/3249 3795/4990/3272 3794/4991/3274 3762/4958/3251
f 3776/4954/3250 3808/4988/3273 3807/4992/3275 3775/4902/3220
f 3758/4929/3234 3790/4964/3257 3820/4993/3276 3788/4906/3222
f 3762/4958/3251 3794/4991/3274 3793/4994/3277 3761/4910/3224
f 3775/4902/3220 3807/4992/3275 3806/4995/3278 3774/4903/3221
f 3788/4906/3222 3820/4993/3276 3819/4996/3279 3787/4907/3223
f 3761/4910/3224 3793/4994/3277 3792/4997/3280 3760/4911/3225
f 3774/4903/3221 3806/4995/3278 3805/4998/3281 3773/4913/3226
f 3787/4907/3223 3819/4996/3279 3818/4999/3282 3786/4915/3227
f 3760/4911/3225 3792/4997/3280 3791/5000/3283 3759/4917/3228
f 3773/4913/3226 3805/4998/3281 3804/4959/3252 3772/4919/3229
f 3786/4915/3227 3818/4999/3282 3817/4961/3254 3785/4921/3230
f 3759/4917/3228 3791/5000/3283 3789/4963/3256 3757/4923/3231
f 3801/4968/3260 3833/5001/3284 3832/5002/3285 3800/4971/3262
f 3814/4970/3261 3846/5003/3286 3845/5004/3287 3813/4973/3263
f 3800/4971/3262 3832/5002/3285 3831/5005/3288 3799/4974/3264
f 3813/5006/3263 3845/5007/3287 3844/5008/3289 3812/5009/3265
f 3799/4974/3264 3831/5005/3288 3830/5010/3290 3798/5011/3266
f 3812/5009/3265 3844/5008/3289 3843/5012/3291 3811/4982/3267
f 3798/5011/3266 3830/5010/3290 3829/5013/3292 3797/5014/3268
f 3811/4982/3267 3843/5012/3291 3842/5015/3293 3810/4983/3269
f 3797/4980/3268 3829/5016/3292 3828/5017/3294 3796/4985/3270
f 3810/4983/3269 3842/5015/3293 3841/5018/3295 3809/4986/3271
f 3796/5019/3270 3828/5020/3294 3827/5021/3296 3795/4990/3272
f 3809/4986/3271 3841/5018/3295 3840/5022/3297 3808/4988/3273
f 3795/4990/3272 3827/5021/3296 3826/5023/3298 3794/4991/3274
f 3808/4988/3273 3840/5022/3297 3839/5024/3299 3807/4992/3275
f 3790/4964/3257 3822/5025/3300 3852/5026/3301 3820/4993/3276
f 3794/4991/3274 3826/5023/3298 3825/5027/3302 3793/4994/3277
f 3807/4992/3275 3839/5024/3299 3838/5028/3303 3806/4995/3278
f 3820/4993/3276 3852/5026/3301 3851/5029/3304 3819/4996/3279
f 3793/4994/3277 3825/5027/3302 3824/5030/3305 3792/4997/3280
f 3806/4995/3278 3838/5028/3303 3837/5031/3306 3805/4998/3281
f 3819/4996/3279 3851/5029/3304 3850/5032/3307 3818/4999/3282
f 3792/4997/3280 3824/5030/3305 3823/5033/3308 3791/5000/3283
f 3805/4998/3281 3837/5031/3306 3836/5034/3309 3804/4959/3252
f 3818/4999/3282 3850/5032/3307 3849/5035/3310 3817/4961/3254
f 3791/5000/3283 3823/5033/3308 3821/5036/3311 3789/4963/3256
f 3804/4959/3252 3836/5034/3309 3835/5037/3312 3803/4960/3253
f 3817/4961/3254 3849/5035/3310 3848/5038/3313 3816/4962/3255
f 3789/4963/3256 3821/5036/3311 3822/5025/3300 3790/4964/3257
f 3803/4960/3253 3835/5037/3312 3834/5039/3314 3802/4965/3258
f 3816/4962/3255 3848/5038/3313 3847/5040/3315 3815/4966/3259
f 3802/4965/3258 3834/5039/3314 3833/5001/3284 3801/4968/3260
f 3815/4966/3259 3847/5040/3315 3846/5041/3286 3814/5042/3261
f 3902/5043/3316 3934/5044/3317 3933/5045/3318 3901/5046/3319
f 3857/5047/3320 3877/5048/3321 3876/5049/3322 4079/5050/3323
f 3878/5051/3324 3910/5052/3325 3909/5053/3326 3877/5054/3321
f 3860/5055/3327 3885/5056/3328 3884/5057/3329 3859/5058/3330
f 3854/5059/3331 3904/5060/3332 3934/5044/3317 3902/5043/3316
f 3866/5061/3333 3893/5062/3334 3892/5063/3335 3865/5064/3336
f 3889/5065/3337 3921/5066/3338 3920/5067/3339 3888/5068/3340
f 3872/5069/3341 3901/5046/3319 3900/5070/3342 3871/5071/3343
f 3881/5072/3344 3913/5073/3345 3912/5074/3346 3880/5075/3347
f 3856/5076/3348 3874/5077/3349 3873/5078/3350 4077/5079/3351
f 3873/5078/3350 3905/5080/3352 3903/5081/3353 3853/5082/3354
f 4083/5083/3355 3882/5084/3356 3881/5085/3344 4082/5086/3357
f 3900/5070/3342 3932/5087/3358 3931/5088/3359 3899/5089/3360
f 4086/5090/3361 3890/5091/3362 3889/5065/3337 3863/5092/3363
f 3892/5063/3335 3924/5093/3364 3923/5094/3365 3891/5095/3366
f 4088/5096/3367 3898/5097/3368 3897/5098/3369 4087/5099/3370
f 3884/5057/3329 3916/5100/3371 3915/5101/3372 3883/5102/3373
f 3858/5103/3374 3879/5104/3375 3878/5105/3324 4080/5106/3376
f 3876/5049/3322 3908/5107/3377 3907/5108/3378 3875/5109/3379
f 3861/5110/3380 3887/5111/3381 3886/5112/3382 4085/5113/3383
f 3895/5114/3384 3927/5115/3385 3926/5116/3386 3894/5117/3387
f 3868/5118/3388 3895/5119/3384 3894/5120/3387 3867/5121/3389
f 3887/5111/3381 3919/5122/3390 3918/5123/3391 3886/5112/3382
f 4079/5050/3323 3876/5049/3322 3875/5109/3379 4078/5124/3392
f 3879/5125/3375 3911/5126/3393 3910/5052/3325 3878/5051/3324
f 3859/5058/3330 3884/5057/3329 3883/5102/3373 4084/5127/3394
f 3898/5128/3368 3930/5129/3395 3929/5130/3396 3897/5131/3369
f 3865/5064/3336 3892/5063/3335 3891/5095/3366 3864/5132/3397
f 3890/5091/3362 3922/5133/3398 3921/5066/3338 3889/5065/3337
f 3871/5071/3343 3900/5070/3342 3899/5089/3360 3870/5134/3399
f 3882/5084/3356 3914/5135/3400 3913/5136/3345 3881/5085/3344
f 4076/5137/3401 3854/5059/3331 3902/5043/3316 4089/5138/3402
f 3874/5077/3349 3906/5139/3403 3905/5080/3352 3873/5078/3350
f 4077/5079/3351 3873/5078/3350 3853/5082/3354 3855/5140/3404
f 3901/5046/3319 3933/5045/3318 3932/5087/3358 3900/5070/3342
f 4082/5086/3357 3881/5085/3344 3880/5141/3347 4081/5142/3405
f 3893/5062/3334 3925/5143/3406 3924/5093/3364 3892/5063/3335
f 3863/5092/3363 3889/5065/3337 3888/5068/3340 3862/5144/3407
f 3885/5056/3328 3917/5145/3408 3916/5100/3371 3884/5057/3329
f 4087/5099/3370 3897/5098/3369 3896/5146/3409 3869/5147/3410
f 3877/5048/3321 3909/5148/3326 3908/5107/3377 3876/5049/3322
f 4080/5106/3376 3878/5105/3324 3877/5048/3321 3857/5047/3320
f 3896/5149/3409 3928/5150/3411 3927/5115/3385 3895/5114/3384
f 4085/5113/3383 3886/5112/3382 3885/5056/3328 3860/5055/3327
f 3888/5068/3340 3920/5067/3339 3919/5122/3390 3887/5111/3381
f 3867/5121/3389 3894/5120/3387 3893/5062/3334 3866/5061/3333
f 3880/5075/3347 3912/5074/3346 3911/5126/3393 3879/5125/3375
f 4089/5138/3402 3902/5043/3316 3901/5046/3319 3872/5069/3341
f 3853/5082/3354 3903/5081/3353 3904/5060/3332 3854/5059/3331
f 4078/5124/3392 3875/5109/3379 3874/5077/3349 3856/5076/3348
f 3899/5089/3360 3931/5088/3359 3930/5151/3395 3898/5097/3368
f 4084/5127/3394 3883/5102/3373 3882/5084/3356 4083/5083/3355
f 3891/5095/3366 3923/5094/3365 3922/5133/3398 3890/5091/3362
f 3864/5132/3397 3891/5095/3366 3890/5091/3362 4086/5090/3361
f 3883/5102/3373 3915/5101/3372 3914/5135/3400 3882/5084/3356
f 3870/5134/3399 3899/5089/3360 3898/5097/3368 4088/5096/3367
f 3875/5109/3379 3907/5108/3378 3906/5139/3403 3874/5077/3349
f 4081/5142/3405 3880/5141/3347 3879/5152/3375 3858/5153/3374
f 3894/5117/3387 3926/5116/3386 3925/5154/3406 3893/5155/3334
f 3862/5144/3407 3888/5068/3340 3887/5111/3381 3861/5110/3380
f 3855/5140/3404 3853/5082/3354 3854/5059/3331 4076/5137/3401
f 3869/5147/3410 3896/5146/3409 3895/5156/3384 3868/5157/3388
f 3897/5131/3369 3929/5130/3396 3928/5150/3411 3896/5149/3409
f 3886/5112/3382 3918/5123/3391 3917/5145/3408 3885/5056/3328
f 3916/5158/3371 3948/5159/3412 3947/5160/3413 3915/5161/3372
f 3929/5130/3396 3961/5162/3414 3960/5163/3415 3928/5150/3411
f 3915/5164/3372 3947/5165/3413 3946/5166/3416 3914/5167/3400
f 3928/5150/3411 3960/5163/3415 3959/5168/3417 3927/5115/3385
f 3914/5167/3400 3946/5166/3416 3945/5169/3418 3913/5073/3345
f 3927/5115/3385 3959/5168/3417 3958/5170/3419 3926/5116/3386
f 3913/5073/3345 3945/5169/3418 3944/5171/3420 3912/5074/3346
f 3926/5116/3386 3958/5170/3419 3957/5172/3421 3925/5154/3406
f 3912/5074/3346 3944/5171/3420 3943/5173/3422 3911/5126/3393
f 3925/5154/3406 3957/5172/3421 3956/5174/3423 3924/5175/3364
f 3911/5126/3393 3943/5173/3422 3942/5176/3424 3910/5052/3325
f 3924/5175/3364 3956/5174/3423 3955/5177/3425 3923/5178/3365
f 3910/5052/3325 3942/5176/3424 3941/5179/3426 3909/5053/3326
f 3923/5180/3365 3955/5181/3425 3954/5182/3427 3922/5183/3398
f 3909/5053/3326 3941/5179/3426 3940/5184/3428 3908/5185/3377
f 3922/5183/3398 3954/5182/3427 3953/5186/3429 3921/5187/3338
f 3904/5188/3332 3936/5189/3430 3966/5190/3431 3934/5191/3317
f 3908/5192/3377 3940/5193/3428 3939/5194/3432 3907/5195/3378
f 3921/5187/3338 3953/5186/3429 3952/5196/3433 3920/5197/3339
f 3934/5191/3317 3966/5190/3431 3965/5198/3434 3933/5199/3318
f 3907/5195/3378 3939/5194/3432 3938/5200/3435 3906/5201/3403
f 3920/5197/3339 3952/5196/3433 3951/5202/3436 3919/5203/3390
f 3933/5199/3318 3965/5198/3434 3964/5204/3437 3932/5205/3358
f 3906/5201/3403 3938/5200/3435 3937/5206/3438 3905/5207/3352
f 3919/5203/3390 3951/5202/3436 3950/5208/3439 3918/5209/3391
f 3932/5205/3358 3964/5204/3437 3963/5210/3440 3931/5211/3359
f 3905/5207/3352 3937/5206/3438 3935/5212/3441 3903/5213/3353
f 3918/5209/3391 3950/5208/3439 3949/5214/3442 3917/5215/3408
f 3931/5211/3359 3963/5210/3440 3962/5216/3443 3930/5217/3395
f 3903/5213/3353 3935/5212/3441 3936/5189/3430 3904/5188/3332
f 3917/5215/3408 3949/5214/3442 3948/5159/3412 3916/5158/3371
f 3930/5129/3395 3962/5218/3443 3961/5162/3414 3929/5130/3396
f 3944/5171/3420 3976/5219/3444 3975/5220/3445 3943/5173/3422
f 3957/5172/3421 3989/5221/3446 3988/5222/3447 3956/5174/3423
f 3943/5173/3422 3975/5220/3445 3974/5223/3448 3942/5176/3424
f 3956/5224/3423 3988/5225/3447 3987/5226/3449 3955/5181/3425
f 3942/5176/3424 3974/5223/3448 3973/5227/3450 3941/5179/3426
f 3955/5181/3425 3987/5226/3449 3986/5228/3451 3954/5182/3427
f 3941/5179/3426 3973/5227/3450 3972/5229/3452 3940/5184/3428
f 3954/5182/3427 3986/5228/3451 3985/5230/3453 3953/5186/3429
f 3936/5189/3430 3968/5231/3454 3998/5232/3455 3966/5190/3431
f 3940/5193/3428 3972/5233/3452 3971/5234/3456 3939/5194/3432
f 3953/5186/3429 3985/5230/3453 3984/5235/3457 3952/5196/3433
f 3966/5190/3431 3998/5232/3455 3997/5236/3458 3965/5198/3434
f 3939/5194/3432 3971/5234/3456 3970/5237/3459 3938/5200/3435
f 3952/5196/3433 3984/5235/3457 3983/5238/3460 3951/5202/3436
f 3965/5198/3434 3997/5236/3458 3996/5239/3461 3964/5204/3437
f 3938/5200/3435 3970/5237/3459 3969/5240/3462 3937/5206/3438
f 3951/5202/3436 3983/5238/3460 3982/5241/3463 3950/5208/3439
f 3964/5204/3437 3996/5239/3461 3995/5242/3464 3963/5210/3440
f 3937/5206/3438 3969/5240/3462 3967/5243/3465 3935/5212/3441
f 3950/5208/3439 3982/5241/3463 3981/5244/3466 3949/5214/3442
f 3963/5210/3440 3995/5242/3464 3994/5245/3467 3962/5216/3443
f 3935/5212/3441 3967/5243/3465 3968/5231/3454 3936/5189/3430
f 3949/5214/3442 3981/5244/3466 3980/5246/3468 3948/5159/3412
f 3962/5218/3443 3994/5247/3467 3993/5248/3469 3961/5162/3414
f 3948/5159/3412 3980/5246/3468 3979/5249/3470 3947/5160/3413
f 3961/5162/3414 3993/5248/3469 3992/5250/3471 3960/5163/3415
f 3947/5160/3413 3979/5249/3470 3978/5251/3472 3946/5252/3416
f 3960/5163/3415 3992/5250/3471 3991/5253/3473 3959/5168/3417
f 3946/5166/3416 3978/5254/3472 3977/5255/3474 3945/5169/3418
f 3959/5168/3417 3991/5253/3473 3990/5256/3475 3958/5170/3419
f 3945/5169/3418 3977/5255/3474 3976/5219/3444 3944/5171/3420
f 3958/5170/3419 3990/5256/3475 3989/5221/3446 3957/5172/3421
f 3973/5257/3450 4005/5258/3476 4004/5259/3477 3972/5233/3452
f 3986/5228/3451 4018/5260/3478 4017/5261/3479 3985/5230/3453
f 3968/5231/3454 4000/5262/3480 4030/5263/3481 3998/5232/3455
f 3972/5233/3452 4004/5259/3477 4003/5264/3482 3971/5234/3456
f 3985/5230/3453 4017/5261/3479 4016/5265/3483 3984/5235/3457
f 3998/5232/3455 4030/5263/3481 4029/5266/3484 3997/5236/3458
f 3971/5234/3456 4003/5264/3482 4002/5267/3485 3970/5237/3459
f 3984/5235/3457 4016/5265/3483 4015/5268/3486 3983/5238/3460
f 3997/5236/3458 4029/5266/3484 4028/5269/3487 3996/5239/3461
f 3970/5237/3459 4002/5267/3485 4001/5270/3488 3969/5240/3462
f 3983/5238/3460 4015/5268/3486 4014/5271/3489 3982/5241/3463
f 3996/5239/3461 4028/5269/3487 4027/5272/3490 3995/5242/3464
f 3969/5240/3462 4001/5270/3488 3999/5273/3491 3967/5243/3465
f 3982/5241/3463 4014/5271/3489 4013/5274/3492 3981/5244/3466
f 3995/5242/3464 4027/5272/3490 4026/5275/3493 3994/5245/3467
f 3967/5243/3465 3999/5273/3491 4000/5262/3480 3968/5231/3454
f 3981/5244/3466 4013/5274/3492 4012/5276/3494 3980/5246/3468
f 3994/5245/3467 4026/5275/3493 4025/5277/3495 3993/5278/3469
f 3980/5246/3468 4012/5276/3494 4011/5279/3496 3979/5249/3470
f 3993/5248/3469 4025/5280/3495 4024/5281/3497 3992/5250/3471
f 3979/5249/3470 4011/5279/3496 4010/5282/3498 3978/5251/3472
f 3992/5250/3471 4024/5281/3497 4023/5283/3499 3991/5253/3473
f 3978/5251/3472 4010/5282/3498 4009/5284/3500 3977/5285/3474
f 3991/5253/3473 4023/5283/3499 4022/5286/3501 3990/5256/3475
f 3977/5285/3474 4009/5284/3500 4008/5287/3502 3976/5288/3444
f 3990/5289/3475 4022/5290/3501 4021/5291/3503 3989/5292/3446
f 3976/5219/3444 4008/5293/3502 4007/5294/3504 3975/5220/3445
f 3989/5292/3446 4021/5291/3503 4020/5295/3505 3988/5225/3447
f 3975/5220/3445 4007/5294/3504 4006/5296/3506 3974/5223/3448
f 3988/5225/3447 4020/5295/3505 4019/5297/3507 3987/5226/3449
f 3974/5223/3448 4006/5296/3506 4005/5298/3476 3973/5227/3450
f 3987/5226/3449 4019/5297/3507 4018/5260/3478 3986/5228/3451
f 4029/5266/3484 4062/5299/3508 4054/5300/3509 4028/5269/3487
f 4002/5267/3485 4056/5301/3510 4033/5302/3511 4001/5270/3488
f 4015/5268/3486 4057/5303/3512 4045/5304/3513 4014/5271/3489
f 4028/5269/3487 4054/5300/3509 4053/5305/3514 4027/5272/3490
f 4001/5270/3488 4033/5302/3511 4031/5306/3515 3999/5273/3491
f 4014/5271/3489 4045/5304/3513 4044/5307/3516 4013/5274/3492
f 4027/5272/3490 4053/5305/3514 4052/5308/3517 4026/5275/3493
f 3999/5273/3491 4031/5306/3515 4032/5309/3518 4000/5262/3480
f 4013/5274/3492 4044/5307/3516 4043/5310/3519 4012/5276/3494
f 4026/5275/3493 4052/5308/3517 4051/5311/3520 4025/5277/3495
f 4012/5276/3494 4043/5310/3519 4042/5312/3521 4011/5279/3496
f 4025/5277/3495 4051/5311/3520 4061/5313/3522 4024/5314/3497
f 4011/5279/3496 4042/5312/3521 4041/5315/3523 4010/5282/3498
f 4024/5281/3497 4061/5316/3522 4050/5317/3524 4023/5283/3499
f 4010/5282/3498 4041/5315/3523 4040/5318/3525 4009/5284/3500
f 4023/5319/3499 4050/5320/3524 4060/5321/3526 4022/5290/3501
f 4009/5284/3500 4040/5318/3525 4039/5322/3527 4008/5287/3502
f 4022/5290/3501 4060/5321/3526 4049/5323/3528 4021/5291/3503
f 4008/5287/3502 4039/5322/3527 4038/5324/3529 4007/5325/3504
f 4021/5291/3503 4049/5323/3528 4048/5326/3530 4020/5295/3505
f 4007/5294/3504 4038/5327/3529 4037/5328/3531 4006/5296/3506
f 4020/5295/3505 4048/5326/3530 4047/5329/3532 4019/5297/3507
f 4006/5330/3506 4037/5331/3531 4036/5332/3533 4005/5258/3476
f 4019/5297/3507 4047/5329/3532 4059/5333/3534 4018/5260/3478
f 4005/5258/3476 4036/5332/3533 4035/5334/3535 4004/5259/3477
f 4018/5260/3478 4059/5333/3534 4058/5335/3536 4017/5261/3479
f 4000/5262/3480 4032/5309/3518 4055/5336/3537 4030/5263/3481
f 4004/5259/3477 4035/5334/3535 4034/5337/3538 4003/5264/3482
f 4017/5261/3479 4058/5335/3536 4046/5338/3539 4016/5265/3483
f 4030/5263/3481 4055/5336/3537 4062/5299/3508 4029/5266/3484
f 4003/5264/3482 4034/5337/3538 4056/5301/3510 4002/5267/3485
f 4016/5265/3483 4046/5338/3539 4057/5303/3512 4015/5268/3486
f 4275/5339/3540 4274/5340/3541 4129/5341/3542 4130/5342/3543
f 4270/5343/3544 4095/5344/3545 4115/5345/3546 4116/5346/3547
f 4274/5347/3541 4273/5348/3548 4128/5349/3549 4129/5350/3542
f 4095/5351/3545 4269/5352/3550 4114/5353/3551 4115/5354/3546
f 4273/5348/3548 4104/5355/3552 4127/5356/3553 4128/5349/3549
f 4269/5352/3550 4094/5357/3554 4113/5358/3555 4114/5353/3551
f 4104/5355/3552 4272/5359/3556 4126/5360/3557 4127/5356/3553
f 4094/5357/3554 4268/5361/3558 4112/5362/3559 4113/5358/3555
f 4272/5359/3556 4271/5363/3560 4125/5364/3561 4126/5360/3557
f 4268/5365/3558 4267/5366/3562 4111/5367/3563 4112/5368/3559
f 4271/5363/3560 4103/5369/3564 4124/5370/3565 4125/5364/3561
f 4266/5371/3566 4281/5372/3567 4137/5373/3568 4107/5374/3569
f 4267/5366/3562 4093/5375/3570 4110/5376/3571 4111/5367/3563
f 4103/5369/3564 4102/5377/3572 4123/5378/3573 4124/5370/3565
f 4281/5372/3567 4280/5379/3574 4136/5380/3575 4137/5373/3568
f 4093/5375/3570 4092/5381/3576 4109/5382/3577 4110/5376/3571
f 4102/5377/3572 4101/5383/3578 4122/5384/3579 4123/5378/3573
f 4280/5379/3574 4105/5385/3580 4135/5386/3581 4136/5380/3575
f 4092/5381/3576 4091/5387/3582 4108/5388/3583 4109/5382/3577
f 4101/5383/3578 4100/5389/3584 4121/5390/3585 4122/5384/3579
f 4105/5385/3580 4279/5391/3586 4134/5392/3587 4135/5386/3581
f 4091/5387/3582 4090/5393/3588 4106/5394/3589 4108/5388/3583
f 4100/5389/3584 4099/5395/3590 4120/5396/3591 4121/5390/3585
f 4279/5391/3586 4278/5397/3592 4133/5398/3593 4134/5392/3587
f 4090/5393/3588 4266/5371/3566 4107/5374/3569 4106/5394/3589
f 4099/5395/3590 4098/5399/3594 4119/5400/3595 4120/5396/3591
f 4278/5397/3592 4277/5401/3596 4132/5402/3597 4133/5398/3593
f 4098/5399/3594 4097/5403/3598 4118/5404/3599 4119/5400/3595
f 4277/5405/3596 4276/5406/3600 4131/5407/3601 4132/5408/3597
f 4097/5403/3598 4096/5409/3602 4117/5410/3603 4118/5404/3599
f 4276/5406/3600 4275/5339/3540 4130/5342/3543 4131/5407/3601
f 4096/5409/3602 4270/5343/3544 4116/5346/3547 4117/5410/3603
f 4127/5356/3553 4126/5360/3557 4158/5411/3604 4159/5412/3605
f 4113/5358/3555 4112/5362/3559 4144/5413/3606 4145/5414/3607
f 4126/5360/3557 4125/5364/3561 4157/5415/3608 4158/5411/3604
f 4112/5362/3559 4111/5416/3563 4143/5417/3609 4144/5413/3606
f 4125/5364/3561 4124/5370/3565 4156/5418/3610 4157/5415/3608
f 4107/5374/3569 4137/5373/3568 4169/5419/3611 4139/5420/3612
f 4111/5367/3563 4110/5376/3571 4142/5421/3613 4143/5422/3609
f 4124/5370/3565 4123/5378/3573 4155/5423/3614 4156/5418/3610
f 4137/5373/3568 4136/5380/3575 4168/5424/3615 4169/5419/3611
f 4110/5376/3571 4109/5382/3577 4141/5425/3616 4142/5421/3613
f 4123/5378/3573 4122/5384/3579 4154/5426/3617 4155/5423/3614
f 4136/5380/3575 4135/5386/3581 4167/5427/3618 4168/5424/3615
f 4109/5382/3577 4108/5388/3583 4140/5428/3619 4141/5425/3616
f 4122/5384/3579 4121/5390/3585 4153/5429/3620 4154/5426/3617
f 4135/5386/3581 4134/5392/3587 4166/5430/3621 4167/5427/3618
f 4108/5388/3583 4106/5394/3589 4138/5431/3622 4140/5428/3619
f 4121/5390/3585 4120/5396/3591 4152/5432/3623 4153/5429/3620
f 4134/5392/3587 4133/5398/3593 4165/5433/3624 4166/5430/3621
f 4106/5394/3589 4107/5374/3569 4139/5420/3612 4138/5431/3622
f 4120/5396/3591 4119/5400/3595 4151/5434/3625 4152/5432/3623
f 4133/5435/3593 4132/5408/3597 4164/5436/3626 4165/5437/3624
f 4119/5400/3595 4118/5404/3599 4150/5438/3627 4151/5434/3625
f 4132/5408/3597 4131/5407/3601 4163/5439/3628 4164/5436/3626
f 4118/5404/3599 4117/5410/3603 4149/5440/3629 4150/5438/3627
f 4131/5407/3601 4130/5342/3543 4162/5441/3630 4163/5439/3628
f 4117/5442/3603 4116/5443/3547 4148/5444/3631 4149/5445/3629
f 4130/5342/3543 4129/5341/3542 4161/5446/3632 4162/5441/3630
f 4116/5443/3547 4115/5354/3546 4147/5447/3633 4148/5444/3631
f 4129/5341/3542 4128/5448/3549 4160/5449/3634 4161/5446/3632
f 4115/5354/3546 4114/5353/3551 4146/5450/3635 4147/5447/3633
f 4128/5448/3549 4127/5451/3553 4159/5452/3605 4160/5449/3634
f 4114/5353/3551 4113/5358/3555 4145/5414/3607 4146/5450/3635
f 4156/5418/3610 4155/5423/3614 4187/5453/3636 4188/5454/3637
f 4169/5419/3611 4168/5424/3615 4200/5455/3638 4201/5456/3639
f 4142/5421/3613 4141/5425/3616 4173/5457/3640 4174/5458/3641
f 4155/5423/3614 4154/5426/3617 4186/5459/3642 4187/5453/3636
f 4168/5424/3615 4167/5427/3618 4199/5460/3643 4200/5455/3638
f 4141/5425/3616 4140/5428/3619 4172/5461/3644 4173/5457/3640
f 4154/5426/3617 4153/5429/3620 4185/5462/3645 4186/5459/3642
f 4167/5427/3618 4166/5430/3621 4198/5463/3646 4199/5460/3643
f 4140/5428/3619 4138/5431/3622 4170/5464/3647 4172/5461/3644
f 4153/5429/3620 4152/5432/3623 4184/5465/3648 4185/5462/3645
f 4166/5430/3621 4165/5433/3624 4197/5466/3649 4198/5463/3646
f 4138/5431/3622 4139/5420/3612 4171/5467/3650 4170/5464/3647
f 4152/5432/3623 4151/5434/3625 4183/5468/3651 4184/5465/3648
f 4165/5437/3624 4164/5436/3626 4196/5469/3652 4197/5470/3649
f 4151/5434/3625 4150/5438/3627 4182/5471/3653 4183/5468/3651
f 4164/5436/3626 4163/5439/3628 4195/5472/3654 4196/5469/3652
f 4150/5473/3627 4149/5445/3629 4181/5474/3655 4182/5475/3653
f 4163/5439/3628 4162/5441/3630 4194/5476/3656 4195/5472/3654
f 4149/5445/3629 4148/5444/3631 4180/5477/3657 4181/5474/3655
f 4162/5441/3630 4161/5446/3632 4193/5478/3658 4194/5476/3656
f 4148/5444/3631 4147/5447/3633 4179/5479/3659 4180/5477/3657
f 4161/5446/3632 4160/5449/3634 4192/5480/3660 4193/5478/3658
f 4147/5447/3633 4146/5450/3635 4178/5481/3661 4179/5479/3659
f 4160/5449/3634 4159/5452/3605 4191/5482/3662 4192/5480/3660
f 4146/5450/3635 4145/5414/3607 4177/5483/3663 4178/5481/3661
f 4159/5452/3605 4158/5473/3604 4190/5475/3664 4191/5482/3662
f 4145/5414/3607 4144/5413/3606 4176/5484/3665 4177/5483/3663
f 4158/5411/3604 4157/5415/3608 4189/5485/3666 4190/5486/3664
f 4144/5413/3606 4143/5417/3609 4175/5487/3667 4176/5484/3665
f 4157/5415/3608 4156/5418/3610 4188/5454/3637 4189/5485/3666
f 4139/5420/3612 4169/5419/3611 4201/5456/3639 4171/5467/3650
f 4143/5422/3609 4142/5421/3613 4174/5458/3641 4175/5488/3667
f 4185/5489/3645 4184/5490/3648 4216/5491/3668 4217/5492/3669
f 4198/5493/3646 4197/5494/3649 4229/5495/3670 4230/5496/3671
f 4170/5497/3647 4171/5498/3650 4203/5499/3672 4202/5500/3673
f 4184/5490/3648 4183/5501/3651 4215/5502/3674 4216/5491/3668
f 4197/5470/3649 4196/5469/3652 4228/5503/3675 4229/5504/3670
f 4183/5501/3651 4182/5505/3653 4214/5506/3676 4215/5502/3674
f 4196/5469/3652 4195/5472/3654 4227/5507/3677 4228/5503/3675
f 4182/5505/3653 4181/5508/3655 4213/5509/3678 4214/5506/3676
f 4195/5472/3654 4194/5476/3656 4226/5510/3679 4227/5507/3677
f 4181/5508/3655 4180/5511/3657 4212/5512/3680 4213/5509/3678
f 4194/5476/3656 4193/5478/3658 4225/5513/3681 4226/5510/3679
f 4180/5477/3657 4179/5479/3659 4211/5514/3682 4212/5515/3680
f 4193/5478/3658 4192/5480/3660 4224/5516/3683 4225/5513/3681
f 4179/5479/3659 4178/5481/3661 4210/5517/3684 4211/5514/3682
f 4192/5518/3660 4191/5519/3662 4223/5520/3685 4224/5521/3683
f 4178/5481/3661 4177/5483/3663 4209/5522/3686 4210/5517/3684
f 4191/5519/3662 4190/5523/3664 4222/5524/3687 4223/5520/3685
f 4177/5483/3663 4176/5484/3665 4208/5525/3688 4209/5522/3686
f 4190/5523/3664 4189/5526/3666 4221/5527/3689 4222/5524/3687
f 4176/5528/3665 4175/5529/3667 4207/5530/3690 4208/5531/3688
f 4189/5526/3666 4188/5532/3637 4220/5533/3691 4221/5527/3689
f 4171/5498/3650 4201/5534/3639 4233/5535/3692 4203/5499/3672
f 4175/5529/3667 4174/5536/3641 4206/5537/3693 4207/5530/3690
f 4188/5532/3637 4187/5538/3636 4219/5539/3694 4220/5533/3691
f 4201/5534/3639 4200/5540/3638 4232/5541/3695 4233/5535/3692
f 4174/5536/3641 4173/5542/3640 4205/5543/3696 4206/5537/3693
f 4187/5538/3636 4186/5544/3642 4218/5545/3697 4219/5539/3694
f 4200/5540/3638 4199/5546/3643 4231/5547/3698 4232/5541/3695
f 4173/5542/3640 4172/5548/3644 4204/5549/3699 4205/5543/3696
f 4186/5544/3642 4185/5489/3645 4217/5492/3669 4218/5545/3697
f 4199/5546/3643 4198/5493/3646 4230/5496/3671 4231/5547/3698
f 4172/5548/3644 4170/5497/3647 4202/5500/3673 4204/5549/3699
f 4214/5506/3676 4213/5509/3678 4245/5550/3700 4246/5551/3701
f 4227/5552/3677 4226/5553/3679 4258/5554/3702 4259/5555/3703
f 4213/5509/3678 4212/5512/3680 4244/5556/3704 4245/5550/3700
f 4226/5557/3679 4225/5558/3681 4257/5559/3705 4258/5560/3702
f 4212/5512/3680 4211/5561/3682 4243/5562/3706 4244/5556/3704
f 4225/5558/3681 4224/5521/3683 4256/5563/3707 4257/5559/3705
f 4211/5561/3682 4210/5564/3684 4242/5565/3708 4243/5562/3706
f 4224/5521/3683 4223/5520/3685 4255/5566/3709 4256/5563/3707
f 4210/5567/3684 4209/5568/3686 4241/5569/3710 4242/5570/3708
f 4223/5520/3685 4222/5524/3687 4254/5571/3711 4255/5566/3709
f 4209/5568/3686 4208/5531/3688 4240/5572/3712 4241/5569/3710
f 4222/5524/3687 4221/5527/3689 4253/5573/3713 4254/5571/3711
f 4208/5531/3688 4207/5530/3690 4239/5574/3714 4240/5572/3712
f 4221/5527/3689 4220/5533/3691 4252/5575/3715 4253/5573/3713
f 4203/5499/3672 4233/5535/3692 4265/5576/3716 4235/5577/3717
f 4207/5530/3690 4206/5537/3693 4238/5578/3718 4239/5574/3714
f 4220/5533/3691 4219/5539/3694 4251/5579/3719 4252/5575/3715
f 4233/5535/3692 4232/5541/3695 4264/5580/3720 4265/5576/3716
f 4206/5537/3693 4205/5543/3696 4237/5581/3721 4238/5578/3718
f 4219/5539/3694 4218/5545/3697 4250/5582/3722 4251/5579/3719
f 4232/5541/3695 4231/5547/3698 4263/5583/3723 4264/5580/3720
f 4205/5543/3696 4204/5549/3699 4236/5584/3724 4237/5581/3721
f 4218/5545/3697 4217/5492/3669 4249/5585/3725 4250/5582/3722
f 4231/5547/3698 4230/5496/3671 4262/5586/3726 4263/5583/3723
f 4204/5549/3699 4202/5500/3673 4234/5587/3727 4236/5584/3724
f 4217/5492/3669 4216/5491/3668 4248/5588/3728 4249/5585/3725
f 4230/5496/3671 4229/5495/3670 4261/5589/3729 4262/5586/3726
f 4202/5500/3673 4203/5499/3672 4235/5577/3717 4234/5587/3727
f 4216/5491/3668 4215/5502/3674 4247/5590/3730 4248/5588/3728
f 4229/5495/3670 4228/5591/3675 4260/5592/3731 4261/5589/3729
f 4215/5502/3674 4214/5506/3676 4246/5551/3701 4247/5590/3730
f 4228/5591/3675 4227/5552/3677 4259/5555/3703 4260/5592/3731
f 4333/5593/3732 4332/5594/3733 4364/5595/3734 4365/5596/3735
f 4494/5597/3736 4289/5598/3737 4307/5599/3738 4308/5600/3739
f 4309/5601/3740 4308/5602/3739 4340/5603/3741 4341/5604/3742
f 4295/5605/3743 4496/5606/3744 4315/5607/3745 4316/5608/3746
f 4283/5609/3747 4333/5593/3732 4365/5596/3735 4335/5610/3748
f 4299/5611/3749 4500/5612/3750 4323/5613/3751 4324/5614/3752
f 4320/5615/3753 4319/5616/3754 4351/5617/3755 4352/5618/3756
f 4504/5619/3757 4303/5620/3758 4331/5621/3759 4332/5594/3733
f 4312/5622/3760 4311/5623/3761 4343/5624/3762 4344/5625/3763
f 4287/5626/3764 4286/5627/3765 4304/5628/3766 4305/5629/3767
f 4304/5628/3766 4282/5630/3768 4334/5631/3769 4336/5632/3770
f 4293/5633/3771 4292/5634/3772 4312/5635/3760 4313/5636/3773
f 4331/5621/3759 4330/5637/3774 4362/5638/3775 4363/5639/3776
f 4499/5640/3777 4297/5641/3778 4320/5615/3753 4321/5642/3779
f 4323/5613/3751 4322/5643/3780 4354/5644/3781 4355/5645/3782
f 4302/5646/3783 4301/5647/3784 4328/5648/3785 4329/5649/3786
f 4315/5607/3745 4314/5650/3787 4346/5651/3788 4347/5652/3789
f 4495/5653/3790 4290/5654/3791 4309/5601/3740 4310/5655/3792
f 4307/5599/3738 4306/5656/3793 4338/5657/3794 4339/5658/3795
f 4296/5659/3796 4497/5660/3797 4317/5661/3798 4318/5662/3799
f 4326/5663/3800 4325/5664/3801 4357/5665/3802 4358/5666/3803
f 4502/5667/3804 4501/5668/3805 4325/5664/3801 4326/5663/3800
f 4318/5662/3799 4317/5661/3798 4349/5669/3806 4350/5670/3807
f 4289/5598/3737 4288/5671/3808 4306/5656/3793 4307/5599/3738
f 4310/5655/3792 4309/5601/3740 4341/5604/3742 4342/5672/3809
f 4496/5606/3744 4294/5673/3810 4314/5650/3787 4315/5607/3745
f 4329/5649/3786 4328/5648/3785 4360/5674/3811 4361/5675/3812
f 4500/5612/3750 4298/5676/3813 4322/5643/3780 4323/5613/3751
f 4321/5642/3779 4320/5615/3753 4352/5618/3756 4353/5677/3814
f 4303/5620/3758 4503/5678/3815 4330/5637/3774 4331/5621/3759
f 4313/5636/3773 4312/5635/3760 4344/5679/3763 4345/5680/3816
f 4284/5681/3817 4505/5682/3818 4333/5593/3732 4283/5609/3747
f 4305/5629/3767 4304/5628/3766 4336/5632/3770 4337/5683/3819
f 4286/5627/3765 4285/5684/3820 4282/5630/3768 4304/5628/3766
f 4332/5594/3733 4331/5621/3759 4363/5639/3776 4364/5595/3734
f 4292/5634/3772 4291/5685/3821 4311/5686/3761 4312/5635/3760
f 4324/5614/3752 4323/5613/3751 4355/5645/3782 4356/5687/3822
f 4297/5641/3778 4498/5688/3823 4319/5616/3754 4320/5615/3753
f 4316/5608/3746 4315/5607/3745 4347/5652/3789 4348/5689/3824
f 4301/5647/3784 4300/5690/3825 4327/5691/3826 4328/5648/3785
f 4308/5602/3739 4307/5692/3738 4339/5693/3795 4340/5603/3741
f 4290/5694/3791 4494/5597/3736 4308/5600/3739 4309/5695/3740
f 4327/5696/3826 4326/5663/3800 4358/5666/3803 4359/5697/3827
f 4497/5660/3797 4295/5605/3743 4316/5608/3746 4317/5661/3798
f 4319/5616/3754 4318/5662/3799 4350/5670/3807 4351/5617/3755
f 4501/5698/3805 4299/5611/3749 4324/5614/3752 4325/5699/3801
f 4311/5623/3761 4310/5655/3792 4342/5672/3809 4343/5624/3762
f 4505/5682/3818 4504/5619/3757 4332/5594/3733 4333/5593/3732
f 4282/5630/3768 4283/5609/3747 4335/5610/3748 4334/5631/3769
f 4288/5671/3808 4287/5626/3764 4305/5629/3767 4306/5656/3793
f 4330/5637/3774 4329/5649/3786 4361/5675/3812 4362/5638/3775
f 4294/5673/3810 4293/5633/3771 4313/5636/3773 4314/5650/3787
f 4322/5643/3780 4321/5642/3779 4353/5677/3814 4354/5644/3781
f 4298/5676/3813 4499/5640/3777 4321/5642/3779 4322/5643/3780
f 4314/5650/3787 4313/5636/3773 4345/5680/3816 4346/5651/3788
f 4503/5678/3815 4302/5646/3783 4329/5649/3786 4330/5637/3774
f 4306/5656/3793 4305/5629/3767 4337/5683/3819 4338/5657/3794
f 4291/5700/3821 4495/5653/3790 4310/5655/3792 4311/5623/3761
f 4325/5664/3801 4324/5701/3752 4356/5702/3822 4357/5665/3802
f 4498/5688/3823 4296/5659/3796 4318/5662/3799 4319/5616/3754
f 4285/5684/3820 4284/5681/3817 4283/5609/3747 4282/5630/3768
f 4300/5703/3825 4502/5667/3804 4326/5663/3800 4327/5696/3826
f 4328/5704/3785 4327/5696/3826 4359/5697/3827 4360/5705/3811
f 4317/5661/3798 4316/5608/3746 4348/5689/3824 4349/5669/3806
f 4347/5652/3789 4346/5651/3788 4378/5706/3828 4379/5707/3829
f 4360/5705/3811 4359/5697/3827 4391/5708/3830 4392/5709/3831
f 4346/5710/3788 4345/5711/3816 4377/5712/3832 4378/5713/3828
f 4359/5697/3827 4358/5666/3803 4390/5714/3833 4391/5708/3830
f 4345/5711/3816 4344/5625/3763 4376/5715/3834 4377/5712/3832
f 4358/5666/3803 4357/5665/3802 4389/5716/3835 4390/5714/3833
f 4344/5625/3763 4343/5624/3762 4375/5717/3836 4376/5715/3834
f 4357/5665/3802 4356/5702/3822 4388/5718/3837 4389/5716/3835
f 4343/5624/3762 4342/5672/3809 4374/5719/3838 4375/5717/3836
f 4356/5702/3822 4355/5720/3782 4387/5721/3839 4388/5718/3837
f 4342/5672/3809 4341/5604/3742 4373/5722/3840 4374/5719/3838
f 4355/5720/3782 4354/5723/3781 4386/5724/3841 4387/5721/3839
f 4341/5604/3742 4340/5603/3741 4372/5725/3842 4373/5722/3840
f 4354/5644/3781 4353/5677/3814 4385/5726/3843 4386/5727/3841
f 4340/5603/3741 4339/5693/3795 4371/5728/3844 4372/5725/3842
f 4353/5677/3814 4352/5618/3756 4384/5729/3845 4385/5726/3843
f 4335/5610/3748 4365/5596/3735 4397/5730/3846 4367/5731/3847
f 4339/5658/3795 4338/5657/3794 4370/5732/3848 4371/5733/3844
f 4352/5618/3756 4351/5617/3755 4383/5734/3849 4384/5729/3845
f 4365/5596/3735 4364/5595/3734 4396/5735/3850 4397/5730/3846
f 4338/5657/3794 4337/5683/3819 4369/5736/3851 4370/5732/3848
f 4351/5617/3755 4350/5670/3807 4382/5737/3852 4383/5734/3849
f 4364/5595/3734 4363/5639/3776 4395/5738/3853 4396/5735/3850
f 4337/5683/3819 4336/5632/3770 4368/5739/3854 4369/5736/3851
f 4350/5670/3807 4349/5669/3806 4381/5740/3855 4382/5737/3852
f 4363/5639/3776 4362/5638/3775 4394/5741/3856 4395/5738/3853
f 4336/5632/3770 4334/5631/3769 4366/5742/3857 4368/5739/3854
f 4349/5669/3806 4348/5689/3824 4380/5743/3858 4381/5740/3855
f 4362/5638/3775 4361/5675/3812 4393/5744/3859 4394/5741/3856
f 4334/5631/3769 4335/5610/3748 4367/5731/3847 4366/5742/3857
f 4348/5689/3824 4347/5652/3789 4379/5707/3829 4380/5743/3858
f 4361/5745/3812 4360/5705/3811 4392/5709/3831 4393/5746/3859
f 4375/5717/3836 4374/5719/3838 4406/5747/3860 4407/5748/3861
f 4388/5718/3837 4387/5721/3839 4419/5749/3862 4420/5750/3863
f 4374/5719/3838 4373/5722/3840 4405/5751/3864 4406/5747/3860
f 4387/5752/3839 4386/5753/3841 4418/5754/3865 4419/5755/3862
f 4373/5722/3840 4372/5725/3842 4404/5756/3866 4405/5751/3864
f 4386/5753/3841 4385/5757/3843 4417/5758/3867 4418/5754/3865
f 4372/5725/3842 4371/5728/3844 4403/5759/3868 4404/5756/3866
f 4385/5757/3843 4384/5760/3845 4416/5761/3869 4417/5758/3867
f 4367/5731/3847 4397/5730/3846 4429/5762/3870 4399/5763/3871
f 4371/5764/3844 4370/5765/3848 4402/5766/3872 4403/5767/3868
f 4384/5760/3845 4383/5768/3849 4415/5769/3873 4416/5761/3869
f 4397/5730/3846 4396/5735/3850 4428/5770/3874 4429/5762/3870
f 4370/5765/3848 4369/5771/3851 4401/5772/3875 4402/5766/3872
f 4383/5768/3849 4382/5773/3852 4414/5774/3876 4415/5769/3873
f 4396/5735/3850 4395/5738/3853 4427/5775/3877 4428/5770/3874
f 4369/5771/3851 4368/5776/3854 4400/5777/3878 4401/5772/3875
f 4382/5773/3852 4381/5778/3855 4413/5779/3879 4414/5774/3876
f 4395/5738/3853 4394/5741/3856 4426/5780/3880 4427/5775/3877
f 4368/5776/3854 4366/5781/3857 4398/5782/3881 4400/5777/3878
f 4381/5778/3855 4380/5783/3858 4412/5784/3882 4413/5779/3879
f 4394/5785/3856 4393/5746/3859 4425/5786/3883 4426/5787/3880
f 4366/5742/3857 4367/5731/3847 4399/5763/3871 4398/5788/3881
f 4380/5783/3858 4379/5789/3829 4411/5790/3884 4412/5784/3882
f 4393/5746/3859 4392/5709/3831 4424/5791/3885 4425/5786/3883
f 4379/5789/3829 4378/5792/3828 4410/5793/3886 4411/5790/3884
f 4392/5709/3831 4391/5708/3830 4423/5794/3887 4424/5791/3885
f 4378/5792/3828 4377/5795/3832 4409/5796/3888 4410/5793/3886
f 4391/5708/3830 4390/5714/3833 4422/5797/3889 4423/5794/3887
f 4377/5712/3832 4376/5715/3834 4408/5798/3890 4409/5799/3888
f 4390/5714/3833 4389/5716/3835 4421/5800/3891 4422/5797/3889
f 4376/5715/3834 4375/5717/3836 4407/5748/3861 4408/5798/3890
f 4389/5716/3835 4388/5718/3837 4420/5750/3863 4421/5800/3891
f 4404/5801/3866 4403/5767/3868 4435/5802/3892 4436/5803/3893
f 4417/5758/3867 4416/5761/3869 4448/5804/3894 4449/5805/3895
f 4399/5806/3871 4429/5807/3870 4461/5808/3896 4431/5809/3897
f 4403/5767/3868 4402/5766/3872 4434/5810/3898 4435/5802/3892
f 4416/5761/3869 4415/5769/3873 4447/5811/3899 4448/5804/3894
f 4429/5807/3870 4428/5812/3874 4460/5813/3900 4461/5808/3896
f 4402/5766/3872 4401/5772/3875 4433/5814/3901 4434/5810/3898
f 4415/5769/3873 4414/5774/3876 4446/5815/3902 4447/5811/3899
f 4428/5812/3874 4427/5816/3877 4459/5817/3903 4460/5813/3900
f 4401/5772/3875 4400/5777/3878 4432/5818/3904 4433/5814/3901
f 4414/5774/3876 4413/5779/3879 4445/5819/3905 4446/5815/3902
f 4427/5816/3877 4426/5820/3880 4458/5821/3906 4459/5817/3903
f 4400/5777/3878 4398/5782/3881 4430/5822/3907 4432/5818/3904
f 4413/5779/3879 4412/5784/3882 4444/5823/3908 4445/5819/3905
f 4426/5820/3880 4425/5824/3883 4457/5825/3909 4458/5821/3906
f 4398/5782/3881 4399/5806/3871 4431/5809/3897 4430/5822/3907
f 4412/5784/3882 4411/5790/3884 4443/5826/3910 4444/5823/3908
f 4425/5824/3883 4424/5827/3885 4456/5828/3911 4457/5825/3909
f 4411/5790/3884 4410/5793/3886 4442/5829/3912 4443/5826/3910
f 4424/5827/3885 4423/5830/3887 4455/5831/3913 4456/5828/3911
f 4410/5793/3886 4409/5796/3888 4441/5832/3914 4442/5829/3912
f 4423/5794/3887 4422/5797/3889 4454/5833/3915 4455/5834/3913
f 4409/5796/3888 4408/5835/3890 4440/5836/3916 4441/5832/3914
f 4422/5837/3889 4421/5838/3891 4453/5839/3917 4454/5840/3915
f 4408/5835/3890 4407/5841/3861 4439/5842/3918 4440/5836/3916
f 4421/5838/3891 4420/5843/3863 4452/5844/3919 4453/5839/3917
f 4407/5841/3861 4406/5845/3860 4438/5846/3920 4439/5842/3918
f 4420/5843/3863 4419/5755/3862 4451/5847/3921 4452/5844/3919
f 4406/5848/3860 4405/5849/3864 4437/5850/3922 4438/5851/3920
f 4419/5755/3862 4418/5754/3865 4450/5852/3923 4451/5847/3921
f 4405/5849/3864 4404/5801/3866 4436/5803/3893 4437/5850/3922
f 4418/5754/3865 4417/5758/3867 4449/5805/3895 4450/5852/3923
f 4460/5813/3900 4459/5817/3903 4492/5853/3924 4493/5854/3925
f 4433/5814/3901 4432/5818/3904 4480/5855/3926 4463/5856/3927
f 4446/5815/3902 4445/5819/3905 4471/5857/3928 4472/5858/3929
f 4459/5817/3903 4458/5821/3906 4491/5859/3930 4492/5853/3924
f 4432/5818/3904 4430/5822/3907 4462/5860/3931 4480/5855/3926
f 4445/5819/3905 4444/5823/3908 4470/5861/3932 4471/5857/3928
f 4458/5821/3906 4457/5825/3909 4490/5862/3933 4491/5859/3930
f 4430/5822/3907 4431/5809/3897 4479/5863/3934 4462/5860/3931
f 4444/5823/3908 4443/5826/3910 4469/5864/3935 4470/5861/3932
f 4457/5825/3909 4456/5828/3911 4489/5865/3936 4490/5862/3933
f 4443/5826/3910 4442/5829/3912 4484/5866/3937 4469/5864/3935
f 4456/5828/3911 4455/5831/3913 4488/5867/3938 4489/5865/3936
f 4442/5829/3912 4441/5832/3914 4468/5868/3939 4484/5866/3937
f 4455/5831/3913 4454/5869/3915 4487/5870/3940 4488/5867/3938
f 4441/5832/3914 4440/5836/3916 4467/5871/3941 4468/5868/3939
f 4454/5840/3915 4453/5839/3917 4477/5872/3942 4487/5873/3940
f 4440/5836/3916 4439/5842/3918 4466/5874/3943 4467/5871/3941
f 4453/5839/3917 4452/5844/3919 4476/5875/3944 4477/5872/3942
f 4439/5842/3918 4438/5846/3920 4465/5876/3945 4466/5874/3943
f 4452/5844/3919 4451/5847/3921 4486/5877/3946 4476/5875/3944
f 4438/5851/3920 4437/5850/3922 4483/5878/3947 4465/5879/3945
f 4451/5847/3921 4450/5852/3923 4475/5880/3948 4486/5877/3946
f 4437/5850/3922 4436/5803/3893 4482/5881/3949 4483/5878/3947
f 4450/5852/3923 4449/5805/3895 4485/5882/3950 4475/5880/3948
f 4436/5803/3893 4435/5802/3892 4464/5883/3951 4482/5881/3949
f 4449/5805/3895 4448/5804/3894 4474/5884/3952 4485/5882/3950
f 4431/5809/3897 4461/5808/3896 4478/5885/3953 4479/5863/3934
f 4435/5802/3892 4434/5810/3898 4481/5886/3954 4464/5883/3951
f 4448/5804/3894 4447/5811/3899 4473/5887/3955 4474/5884/3952
f 4461/5808/3896 4460/5813/3900 4493/5854/3925 4478/5885/3953
f 4434/5810/3898 4433/5814/3901 4463/5856/3927 4481/5886/3954
f 4447/5811/3899 4446/5815/3902 4472/5858/3929 4473/5887/3955
f 4653/5888/3956 4517/5889/3957 4527/5890/3958 4528/5891/3959
f 4531/5892/3960 4530/5893/3961 4545/5894/3962 4546/5895/3963
f 4654/5896/3964 4653/5888/3956 4528/5891/3959 4529/5897/3965
f 4518/5898/3966 4654/5896/3964 4529/5897/3965 4530/5893/3961
f 4519/5899/3967 4518/5898/3966 4530/5893/3961 4531/5892/3960
f 4520/5900/3968 4519/5899/3967 4531/5892/3960 4532/5901/3969
f 4655/5902/3970 4520/5903/3968 4532/5904/3969 4533/5905/3971
f 4521/5906/3972 4655/5902/3970 4533/5905/3971 4534/5907/3973
f 4522/5908/3974 4521/5906/3972 4534/5907/3973 4535/5909/3975
f 4523/5910/3976 4522/5908/3974 4535/5909/3975 4536/5911/3977
f 4656/5912/3978 4523/5910/3976 4536/5911/3977 4537/5913/3979
f 4657/5914/3980 4656/5912/3978 4537/5913/3979 4538/5915/3981
f 4652/5916/3982 4658/5917/3983 4592/5918/3984 4525/5919/3985
f 4524/5920/3986 4657/5914/3980 4538/5915/3981 4539/5921/3987
f 4516/5922/3988 4652/5923/3982 4525/5924/3985 4526/5925/3989
f 4590/5926/3990 4524/5920/3986 4539/5921/3987 4607/5927/3991
f 4517/5889/3957 4516/5922/3988 4526/5925/3989 4527/5890/3958
f 4549/5928/3992 4548/5929/3993 4563/5930/3994 4564/5931/3995
f 4532/5901/3969 4531/5892/3960 4546/5895/3963 4547/5932/3996
f 4533/5905/3971 4532/5904/3969 4547/5933/3996 4548/5929/3993
f 4534/5907/3973 4533/5905/3971 4548/5929/3993 4549/5928/3992
f 4535/5909/3975 4534/5907/3973 4549/5928/3992 4550/5934/3997
f 4536/5911/3977 4535/5909/3975 4550/5934/3997 4551/5935/3998
f 4537/5913/3979 4536/5911/3977 4551/5935/3998 4552/5936/3999
f 4538/5915/3981 4537/5913/3979 4552/5936/3999 4553/5937/4000
f 4525/5919/3985 4592/5918/3984 4609/5938/4001 4540/5939/4002
f 4539/5921/3987 4538/5915/3981 4553/5937/4000 4554/5940/4003
f 4526/5925/3989 4525/5924/3985 4540/5941/4002 4541/5942/4004
f 4607/5927/3991 4539/5921/3987 4554/5940/4003 4624/5943/4005
f 4527/5890/3958 4526/5925/3989 4541/5942/4004 4542/5944/4006
f 4528/5891/3959 4527/5890/3958 4542/5944/4006 4543/5945/4007
f 4529/5897/3965 4528/5891/3959 4543/5945/4007 4544/5946/4008
f 4530/5893/3961 4529/5897/3965 4544/5946/4008 4545/5894/3962
f 4567/5947/4009 4566/5948/4010 4579/5949/4011 4508/5950/4012
f 4550/5934/3997 4549/5928/3992 4564/5931/3995 4565/5951/4013
f 4551/5935/3998 4550/5934/3997 4565/5951/4013 4566/5948/4010
f 4552/5936/3999 4551/5935/3998 4566/5948/4010 4567/5947/4009
f 4553/5937/4000 4552/5936/3999 4567/5947/4009 4568/5952/4014
f 4540/5939/4002 4609/5938/4001 4626/5953/4015 4555/5954/4016
f 4554/5940/4003 4553/5937/4000 4568/5952/4014 4569/5955/4017
f 4541/5942/4004 4540/5941/4002 4555/5956/4016 4556/5957/4018
f 4624/5943/4005 4554/5940/4003 4569/5955/4017 4641/5958/4019
f 4542/5944/4006 4541/5942/4004 4556/5957/4018 4557/5959/4020
f 4543/5945/4007 4542/5944/4006 4557/5959/4020 4558/5960/4021
f 4544/5946/4008 4543/5945/4007 4558/5960/4021 4559/5961/4022
f 4545/5894/3962 4544/5946/4008 4559/5961/4022 4560/5962/4023
f 4546/5895/3963 4545/5894/3962 4560/5962/4023 4561/5963/4024
f 4547/5932/3996 4546/5895/3963 4561/5963/4024 4562/5964/4025
f 4548/5929/3993 4547/5933/3996 4562/5965/4025 4563/5930/3994
f 4568/5952/4014 4567/5947/4009 4508/5950/4012 4580/5966/4026
f 4555/5954/4016 4626/5953/4015 4643/5967/4027 4570/5968/4028
f 4569/5955/4017 4568/5952/4014 4580/5966/4026 4581/5969/4029
f 4556/5957/4018 4555/5956/4016 4570/5970/4028 4506/5971/4030
f 4641/5958/4019 4569/5955/4017 4581/5969/4029 4515/5972/4031
f 4557/5959/4020 4556/5957/4018 4506/5971/4030 4571/5973/4032
f 4558/5960/4021 4557/5959/4020 4571/5973/4032 4572/5974/4033
f 4559/5961/4022 4558/5960/4021 4572/5974/4033 4573/5975/4034
f 4560/5962/4023 4559/5961/4022 4573/5975/4034 4574/5976/4035
f 4561/5963/4024 4560/5962/4023 4574/5976/4035 4507/5977/4036
f 4562/5964/4025 4561/5963/4024 4507/5977/4036 4575/5978/4037
f 4563/5930/3994 4562/5965/4025 4575/5979/4037 4576/5980/4038
f 4564/5931/3995 4563/5930/3994 4576/5980/4038 4577/5981/4039
f 4565/5951/4013 4564/5931/3995 4577/5981/4039 4578/5982/4040
f 4566/5948/4010 4565/5951/4013 4578/5982/4040 4579/5949/4011
f 4583/5983/4041 4595/5984/4042 4594/5985/4043 4660/5986/4044
f 4598/5987/4045 4615/5988/4046 4614/5989/4047 4597/5990/4048
f 4584/5991/4049 4596/5992/4050 4595/5984/4042 4583/5983/4041
f 4661/5993/4051 4597/5990/4048 4596/5992/4050 4584/5991/4049
f 4662/5994/4052 4598/5987/4045 4597/5990/4048 4661/5993/4051
f 4585/5995/4053 4599/5996/4054 4598/5997/4045 4662/5998/4052
f 4586/5999/4055 4600/6000/4056 4599/5996/4054 4585/5995/4053
f 4663/6001/4057 4601/6002/4058 4600/6000/4056 4586/5999/4055
f 4587/6003/4059 4602/6004/4060 4601/6002/4058 4663/6001/4057
f 4664/6005/4061 4603/6006/4062 4602/6004/4060 4587/6003/4059
f 4588/6007/4063 4604/6008/4064 4603/6006/4062 4664/6005/4061
f 4589/6009/4065 4605/6010/4066 4604/6008/4064 4588/6007/4063
f 4582/6011/4067 4591/6012/4068 4592/5918/3984 4658/5917/3983
f 4665/6013/4069 4606/6014/4070 4605/6010/4066 4589/6009/4065
f 4659/6015/4071 4593/6016/4072 4591/6012/4068 4582/6011/4067
f 4590/6017/3990 4607/6018/3991 4606/6014/4070 4665/6013/4069
f 4660/5986/4044 4594/5985/4043 4593/6016/4072 4659/6015/4071
f 4618/6019/4073 4635/6020/4074 4634/6021/4075 4617/6022/4076
f 4599/5996/4054 4616/6023/4077 4615/6024/4046 4598/5997/4045
f 4600/6000/4056 4617/6022/4076 4616/6023/4077 4599/5996/4054
f 4601/6002/4058 4618/6019/4073 4617/6022/4076 4600/6000/4056
f 4602/6004/4060 4619/6025/4078 4618/6019/4073 4601/6002/4058
f 4603/6006/4062 4620/6026/4079 4619/6025/4078 4602/6004/4060
f 4604/6008/4064 4621/6027/4080 4620/6026/4079 4603/6006/4062
f 4605/6010/4066 4622/6028/4081 4621/6027/4080 4604/6008/4064
f 4591/6012/4068 4608/6029/4082 4609/5938/4001 4592/5918/3984
f 4606/6014/4070 4623/6030/4083 4622/6028/4081 4605/6010/4066
f 4593/6016/4072 4610/6031/4084 4608/6029/4082 4591/6012/4068
f 4607/6018/3991 4624/6032/4005 4623/6030/4083 4606/6014/4070
f 4594/5985/4043 4611/6033/4085 4610/6031/4084 4593/6016/4072
f 4595/5984/4042 4612/6034/4086 4611/6033/4085 4594/5985/4043
f 4596/5992/4050 4613/6035/4087 4612/6034/4086 4595/5984/4042
f 4597/5990/4048 4614/5989/4047 4613/6035/4087 4596/5992/4050
f 4638/6036/4088 4513/6037/4089 4512/6038/4090 4637/6039/4091
f 4619/6025/4078 4636/6040/4092 4635/6020/4074 4618/6019/4073
f 4620/6026/4079 4637/6039/4091 4636/6040/4092 4619/6025/4078
f 4621/6027/4080 4638/6036/4088 4637/6039/4091 4620/6026/4079
f 4622/6028/4081 4639/6041/4093 4638/6036/4088 4621/6027/4080
f 4608/6029/4082 4625/6042/4094 4626/5953/4015 4609/5938/4001
f 4623/6030/4083 4640/6043/4095 4639/6041/4093 4622/6028/4081
f 4610/6031/4084 4627/6044/4096 4625/6042/4094 4608/6029/4082
f 4624/6032/4005 4641/6045/4019 4640/6043/4095 4623/6030/4083
f 4611/6033/4085 4628/6046/4097 4627/6044/4096 4610/6031/4084
f 4612/6034/4086 4629/6047/4098 4628/6046/4097 4611/6033/4085
f 4613/6035/4087 4630/6048/4099 4629/6047/4098 4612/6034/4086
f 4614/5989/4047 4631/6049/4100 4630/6048/4099 4613/6035/4087
f 4615/5988/4046 4632/6050/4101 4631/6049/4100 4614/5989/4047
f 4616/6023/4077 4633/6051/4102 4632/6052/4101 4615/6024/4046
f 4617/6022/4076 4634/6021/4075 4633/6051/4102 4616/6023/4077
f 4639/6041/4093 4514/6053/4103 4513/6037/4089 4638/6036/4088
f 4625/6042/4094 4642/6054/4104 4643/5967/4027 4626/5953/4015
f 4640/6043/4095 4651/6055/4105 4514/6053/4103 4639/6041/4093
f 4627/6044/4096 4644/6056/4106 4642/6054/4104 4625/6042/4094
f 4641/6045/4019 4515/6057/4031 4651/6055/4105 4640/6043/4095
f 4628/6046/4097 4645/6058/4107 4644/6056/4106 4627/6044/4096
f 4629/6047/4098 4509/6059/4108 4645/6058/4107 4628/6046/4097
f 4630/6048/4099 4510/6060/4109 4509/6059/4108 4629/6047/4098
f 4631/6049/4100 4511/6061/4110 4510/6060/4109 4630/6048/4099
f 4632/6050/4101 4646/6062/4111 4511/6061/4110 4631/6049/4100
f 4633/6051/4102 4647/6063/4112 4646/6064/4111 4632/6052/4101
f 4634/6021/4075 4648/6065/4113 4647/6063/4112 4633/6051/4102
f 4635/6020/4074 4649/6066/4114 4648/6065/4113 4634/6021/4075
f 4636/6040/4092 4650/6067/4115 4649/6066/4114 4635/6020/4074
f 4637/6039/4091 4512/6038/4090 4650/6067/4115 4636/6040/4092
f 4684/6068/4116 4759/6069/4117 4698/6070/4118 4699/6071/4119
f 4751/6072/4120 4750/6073/4121 4685/6074/4122 4686/6075/4123
f 4799/6076/4124 4684/6068/4116 4699/6071/4119 4724/6077/4125
f 4680/6078/4126 4751/6072/4120 4686/6075/4123 4687/6079/4127
f 4752/6080/4128 4680/6078/4126 4687/6079/4127 4688/6081/4129
f 4753/6082/4130 4752/6080/4128 4688/6081/4129 4689/6083/4131
f 4754/6084/4132 4753/6082/4130 4689/6083/4131 4690/6085/4133
f 4681/6086/4134 4754/6084/4132 4690/6085/4133 4691/6087/4135
f 4682/6088/4136 4681/6086/4134 4691/6087/4135 4692/6089/4137
f 4755/6090/4138 4682/6091/4136 4692/6092/4137 4693/6093/4139
f 4756/6094/4140 4755/6090/4138 4693/6093/4139 4694/6095/4141
f 4757/6096/4142 4756/6094/4140 4694/6095/4141 4695/6097/4143
f 4758/6098/4144 4757/6096/4142 4695/6097/4143 4696/6099/4145
f 4683/6100/4146 4758/6098/4144 4696/6099/4145 4697/6101/4147
f 4759/6069/4117 4683/6100/4146 4697/6101/4147 4698/6070/4118
f 4750/6102/4121 4789/6103/4148 4709/6104/4149 4685/6105/4122
f 4689/6083/4131 4688/6081/4129 4802/6106/4150 4803/6107/4151
f 4690/6085/4133 4689/6083/4131 4803/6107/4151 4804/6108/4152
f 4691/6087/4135 4690/6085/4133 4804/6108/4152 4701/6109/4153
f 4692/6089/4137 4691/6087/4135 4701/6109/4153 4805/6110/4154
f 4693/6093/4139 4692/6092/4137 4805/6111/4154 4806/6112/4155
f 4694/6095/4141 4693/6093/4139 4806/6112/4155 4807/6113/4156
f 4695/6097/4143 4694/6095/4141 4807/6113/4156 4808/6114/4157
f 4696/6099/4145 4695/6097/4143 4808/6114/4157 4809/6115/4158
f 4697/6101/4147 4696/6099/4145 4809/6115/4158 4810/6116/4159
f 4698/6070/4118 4697/6101/4147 4810/6116/4159 4702/6117/4160
f 4685/6105/4122 4709/6104/4149 4836/6118/4161 4800/6119/4162
f 4699/6071/4119 4698/6070/4118 4702/6117/4160 4811/6120/4163
f 4686/6075/4123 4685/6074/4122 4800/6121/4162 4801/6122/4164
f 4724/6077/4125 4699/6071/4119 4811/6120/4163 4848/6123/4165
f 4687/6079/4127 4686/6075/4123 4801/6122/4164 4700/6124/4166
f 4688/6081/4129 4687/6079/4127 4700/6124/4166 4802/6106/4150
f 4798/6125/4167 4723/6126/4168 4722/6127/4169 4797/6128/4170
f 4790/6129/4171 4710/6130/4172 4708/6131/4173 4788/6132/4174
f 4799/6133/4124 4724/6134/4125 4723/6126/4168 4798/6125/4167
f 4791/6135/4175 4711/6136/4176 4710/6130/4172 4790/6129/4171
f 4792/6137/4177 4712/6138/4178 4711/6136/4176 4791/6135/4175
f 4793/6139/4179 4713/6140/4180 4712/6138/4178 4792/6137/4177
f 4703/6141/4181 4714/6142/4182 4713/6140/4180 4793/6139/4179
f 4704/6143/4183 4715/6144/4184 4714/6142/4182 4703/6141/4181
f 4705/6145/4185 4716/6146/4186 4715/6147/4184 4704/6148/4183
f 4794/6149/4187 4717/6150/4188 4716/6146/4186 4705/6145/4185
f 4795/6151/4189 4718/6152/4190 4717/6150/4188 4794/6149/4187
f 4796/6153/4191 4719/6154/4192 4718/6152/4190 4795/6151/4189
f 4706/6155/4193 4720/6156/4194 4719/6154/4192 4796/6153/4191
f 4707/6157/4195 4721/6158/4196 4720/6156/4194 4706/6155/4193
f 4797/6128/4170 4722/6127/4169 4721/6158/4196 4707/6157/4195
f 4788/6132/4174 4708/6131/4173 4709/6104/4149 4789/6103/4148
f 4713/6140/4180 4839/6159/4197 4838/6160/4198 4712/6138/4178
f 4714/6142/4182 4840/6161/4199 4839/6159/4197 4713/6140/4180
f 4715/6144/4184 4726/6162/4200 4840/6161/4199 4714/6142/4182
f 4716/6146/4186 4841/6163/4201 4726/6164/4200 4715/6147/4184
f 4717/6150/4188 4842/6165/4202 4841/6163/4201 4716/6146/4186
f 4718/6152/4190 4843/6166/4203 4842/6165/4202 4717/6150/4188
f 4719/6154/4192 4844/6167/4204 4843/6166/4203 4718/6152/4190
f 4720/6156/4194 4845/6168/4205 4844/6167/4204 4719/6154/4192
f 4721/6158/4196 4727/6169/4206 4845/6168/4205 4720/6156/4194
f 4722/6127/4169 4846/6170/4207 4727/6169/4206 4721/6158/4196
f 4708/6131/4173 4835/6171/4208 4836/6118/4161 4709/6104/4149
f 4723/6126/4168 4847/6172/4209 4846/6170/4207 4722/6127/4169
f 4710/6130/4172 4837/6173/4210 4835/6171/4208 4708/6131/4173
f 4724/6134/4125 4848/6174/4165 4847/6172/4209 4723/6126/4168
f 4711/6136/4176 4725/6175/4211 4837/6173/4210 4710/6130/4172
f 4712/6138/4178 4838/6160/4198 4725/6175/4211 4711/6136/4176
f 4731/6176/4212 4670/6177/4213 4742/6178/4214 4743/6179/4215
f 4732/6180/4216 4731/6176/4212 4743/6179/4215 4744/6181/4217
f 4671/6182/4218 4732/6180/4216 4744/6181/4217 4745/6183/4219
f 4672/6184/4220 4671/6182/4218 4745/6183/4219 4746/6185/4221
f 4733/6186/4222 4672/6184/4220 4746/6185/4221 4747/6187/4223
f 4673/6188/4224 4733/6186/4222 4747/6187/4223 4748/6189/4225
f 4728/6190/4226 4761/6191/4227 4772/6192/4228 4735/6193/4229
f 4734/6194/4230 4673/6188/4224 4748/6189/4225 4749/6195/4231
f 4666/6196/4232 4728/6197/4226 4735/6198/4229 4736/6199/4233
f 4770/6200/4234 4734/6194/4230 4749/6195/4231 4787/6201/4235
f 4729/6202/4236 4666/6196/4232 4736/6199/4233 4737/6203/4237
f 4667/6204/4238 4729/6202/4236 4737/6203/4237 4738/6205/4239
f 4730/6206/4240 4667/6204/4238 4738/6205/4239 4739/6207/4241
f 4668/6208/4242 4730/6206/4240 4739/6207/4241 4740/6209/4243
f 4669/6210/4244 4668/6208/4242 4740/6209/4243 4741/6211/4245
f 4670/6212/4213 4669/6210/4244 4741/6211/4245 4742/6213/4214
f 4746/6185/4221 4745/6183/4219 4757/6096/4142 4758/6098/4144
f 4747/6187/4223 4746/6185/4221 4758/6098/4144 4683/6100/4146
f 4748/6189/4225 4747/6187/4223 4683/6100/4146 4759/6069/4117
f 4735/6193/4229 4772/6192/4228 4789/6103/4148 4750/6102/4121
f 4749/6195/4231 4748/6189/4225 4759/6069/4117 4684/6068/4116
f 4736/6199/4233 4735/6198/4229 4750/6073/4121 4751/6072/4120
f 4787/6201/4235 4749/6195/4231 4684/6068/4116 4799/6076/4124
f 4737/6203/4237 4736/6199/4233 4751/6072/4120 4680/6078/4126
f 4738/6205/4239 4737/6203/4237 4680/6078/4126 4752/6080/4128
f 4739/6207/4241 4738/6205/4239 4752/6080/4128 4753/6082/4130
f 4740/6209/4243 4739/6207/4241 4753/6082/4130 4754/6084/4132
f 4741/6211/4245 4740/6209/4243 4754/6084/4132 4681/6086/4134
f 4742/6213/4214 4741/6211/4245 4681/6086/4134 4682/6088/4136
f 4743/6179/4215 4742/6178/4214 4682/6091/4136 4755/6090/4138
f 4744/6181/4217 4743/6179/4215 4755/6090/4138 4756/6094/4140
f 4745/6183/4219 4744/6181/4217 4756/6094/4140 4757/6096/4142
f 4677/6214/4246 4780/6215/4247 4779/6216/4248 4676/6217/4249
f 4678/6218/4250 4781/6219/4251 4780/6215/4247 4677/6214/4246
f 4679/6220/4252 4782/6221/4253 4781/6219/4251 4678/6218/4250
f 4766/6222/4254 4783/6223/4255 4782/6221/4253 4679/6220/4252
f 4767/6224/4256 4784/6225/4257 4783/6223/4255 4766/6222/4254
f 4768/6226/4258 4785/6227/4259 4784/6225/4257 4767/6224/4256
f 4760/6228/4260 4771/6229/4261 4772/6192/4228 4761/6191/4227
f 4769/6230/4262 4786/6231/4263 4785/6227/4259 4768/6226/4258
f 4674/6232/4264 4773/6233/4265 4771/6229/4261 4760/6228/4260
f 4770/6234/4234 4787/6235/4235 4786/6231/4263 4769/6230/4262
f 4675/6236/4266 4774/6237/4267 4773/6233/4265 4674/6232/4264
f 4762/6238/4268 4775/6239/4269 4774/6237/4267 4675/6236/4266
f 4763/6240/4270 4776/6241/4271 4775/6239/4269 4762/6238/4268
f 4764/6242/4272 4777/6243/4273 4776/6241/4271 4763/6240/4270
f 4765/6244/4274 4778/6245/4275 4777/6243/4273 4764/6242/4272
f 4676/6246/4249 4779/6247/4248 4778/6248/4275 4765/6249/4274
f 4783/6223/4255 4706/6155/4193 4796/6153/4191 4782/6221/4253
f 4784/6225/4257 4707/6157/4195 4706/6155/4193 4783/6223/4255
f 4785/6227/4259 4797/6128/4170 4707/6157/4195 4784/6225/4257
f 4771/6229/4261 4788/6132/4174 4789/6103/4148 4772/6192/4228
f 4786/6231/4263 4798/6125/4167 4797/6128/4170 4785/6227/4259
f 4773/6233/4265 4790/6129/4171 4788/6132/4174 4771/6229/4261
f 4787/6235/4235 4799/6133/4124 4798/6125/4167 4786/6231/4263
f 4774/6237/4267 4791/6135/4175 4790/6129/4171 4773/6233/4265
f 4775/6239/4269 4792/6137/4177 4791/6135/4175 4774/6237/4267
f 4776/6241/4271 4793/6139/4179 4792/6137/4177 4775/6239/4269
f 4777/6243/4273 4703/6141/4181 4793/6139/4179 4776/6241/4271
f 4778/6245/4275 4704/6143/4183 4703/6141/4181 4777/6243/4273
f 4779/6216/4248 4705/6145/4185 4704/6148/4183 4778/6250/4275
f 4780/6215/4247 4794/6149/4187 4705/6145/4185 4779/6216/4248
f 4781/6219/4251 4795/6151/4189 4794/6149/4187 4780/6215/4247
f 4782/6221/4253 4796/6153/4191 4795/6151/4189 4781/6219/4251
f 4816/6251/4276 4815/6252/4277 4883/6253/4278 4829/6254/4279
f 4805/6110/4154 4701/6109/4153 4818/6255/4280 4819/6256/4281
f 4806/6112/4155 4805/6111/4154 4819/6257/4281 4820/6258/4282
f 4807/6113/4156 4806/6112/4155 4820/6258/4282 4821/6259/4283
f 4808/6114/4157 4807/6113/4156 4821/6259/4283 4822/6260/4284
f 4809/6115/4158 4808/6114/4157 4822/6260/4284 4823/6261/4285
f 4810/6116/4159 4809/6115/4158 4823/6261/4285 4824/6262/4286
f 4702/6117/4160 4810/6116/4159 4824/6262/4286 4825/6263/4287
f 4800/6119/4162 4836/6118/4161 4850/6264/4288 4812/6265/4289
f 4811/6120/4163 4702/6117/4160 4825/6263/4287 4826/6266/4290
f 4801/6122/4164 4800/6121/4162 4812/6267/4289 4813/6268/4291
f 4848/6123/4165 4811/6120/4163 4826/6266/4290 4865/6269/4292
f 4700/6124/4166 4801/6122/4164 4813/6268/4291 4814/6270/4293
f 4802/6106/4150 4700/6124/4166 4814/6270/4293 4815/6271/4277
f 4803/6107/4151 4802/6106/4150 4815/6271/4277 4816/6272/4276
f 4804/6108/4152 4803/6107/4151 4816/6272/4276 4817/6273/4294
f 4701/6109/4153 4804/6108/4152 4817/6273/4294 4818/6255/4280
f 4817/6274/4294 4816/6251/4276 4829/6254/4279 4830/6275/4295
f 4818/6276/4280 4817/6274/4294 4830/6275/4295 4884/6277/4296
f 4819/6278/4281 4818/6276/4280 4884/6277/4296 4885/6279/4297
f 4820/6280/4282 4819/6278/4281 4885/6279/4297 4831/6281/4298
f 4821/6282/4283 4820/6280/4282 4831/6281/4298 4886/6283/4299
f 4822/6284/4284 4821/6282/4283 4886/6283/4299 4887/6285/4300
f 4823/6286/4285 4822/6284/4284 4887/6285/4300 4888/6287/4301
f 4824/6288/4286 4823/6286/4285 4888/6287/4301 4832/6289/4302
f 4825/6290/4287 4824/6288/4286 4832/6289/4302 4833/6291/4303
f 4812/6292/4289 4850/6293/4288 4867/6294/4304 4827/6295/4305
f 4826/6296/4290 4825/6290/4287 4833/6291/4303 4834/6297/4306
f 4813/6298/4291 4812/6292/4289 4827/6295/4305 4828/6299/4307
f 4865/6300/4292 4826/6296/4290 4834/6297/4306 4881/6301/4308
f 4814/6302/4293 4813/6298/4291 4828/6299/4307 4882/6303/4309
f 4815/6252/4277 4814/6302/4293 4882/6303/4309 4883/6253/4278
f 4854/6304/4310 4871/6305/4311 4870/6306/4312 4853/6307/4313
f 4841/6163/4201 4857/6308/4314 4856/6309/4315 4726/6164/4200
f 4842/6165/4202 4858/6310/4316 4857/6308/4314 4841/6163/4201
f 4843/6166/4203 4859/6311/4317 4858/6310/4316 4842/6165/4202
f 4844/6167/4204 4860/6312/4318 4859/6311/4317 4843/6166/4203
f 4845/6168/4205 4861/6313/4319 4860/6312/4318 4844/6167/4204
f 4727/6169/4206 4862/6314/4320 4861/6313/4319 4845/6168/4205
f 4846/6170/4207 4863/6315/4321 4862/6314/4320 4727/6169/4206
f 4835/6171/4208 4849/6316/4322 4850/6264/4288 4836/6118/4161
f 4847/6172/4209 4864/6317/4323 4863/6315/4321 4846/6170/4207
f 4837/6173/4210 4851/6318/4324 4849/6316/4322 4835/6171/4208
f 4848/6174/4165 4865/6319/4292 4864/6317/4323 4847/6172/4209
f 4725/6175/4211 4852/6320/4325 4851/6318/4324 4837/6173/4210
f 4838/6160/4198 4853/6321/4313 4852/6320/4325 4725/6175/4211
f 4839/6159/4197 4854/6322/4310 4853/6321/4313 4838/6160/4198
f 4840/6161/4199 4855/6323/4326 4854/6322/4310 4839/6159/4197
f 4726/6162/4200 4856/6324/4315 4855/6323/4326 4840/6161/4199
f 4855/6325/4326 4889/6326/4327 4871/6305/4311 4854/6304/4310
f 4856/6327/4315 4872/6328/4328 4889/6326/4327 4855/6325/4326
f 4857/6329/4314 4873/6330/4329 4872/6328/4328 4856/6327/4315
f 4858/6331/4316 4874/6332/4330 4873/6330/4329 4857/6329/4314
f 4859/6333/4317 4875/6334/4331 4874/6332/4330 4858/6331/4316
f 4860/6335/4318 4876/6336/4332 4875/6334/4331 4859/6333/4317
f 4861/6337/4319 4877/6338/4333 4876/6336/4332 4860/6335/4318
f 4862/6339/4320 4878/6340/4334 4877/6338/4333 4861/6337/4319
f 4863/6341/4321 4879/6342/4335 4878/6340/4334 4862/6339/4320
f 4849/6343/4322 4866/6344/4336 4867/6294/4304 4850/6293/4288
f 4864/6345/4323 4880/6346/4337 4879/6342/4335 4863/6341/4321
f 4851/6347/4324 4868/6348/4338 4866/6344/4336 4849/6343/4322
f 4865/6300/4292 4881/6301/4308 4880/6346/4337 4864/6345/4323
f 4852/6349/4325 4869/6350/4339 4868/6348/4338 4851/6347/4324
f 4853/6307/4313 4870/6306/4312 4869/6350/4339 4852/6349/4325
f 4890/6351/4340 4893/6352/4340 4895/6353/4340 4891/6354/4340
f 4898/6355/4340 4899/6356/4340 4894/6357/4340 4893/6352/4340 4890/6351/4340
f 4891/6354/4340 4895/6353/4340 4892/6358/4340 4897/6359/4340 4896/6360/4340
f 4909/6361/4341 4908/6362/4341 4900/6363/4341 4901/6364/4341 4902/6365/4341
f 4906/6366/4341 4907/6367/4341 4901/6368/4341 4900/6369/4341
f 4910/6370/4341 4911/6371/4341 4905/6372/4341 4904/6373/4341 4903/6374/4341
f 4906/6366/4341 4903/6375/4341 4904/6376/4341 4907/6367/4341
f 4912/6377/4342 4913/6378/4342 4917/6379/4342 4915/6380/4342
f 4921/6381/4342 4920/6382/4342 4912/6377/4342 4915/6380/4342 4916/6383/4342
f 4913/6378/4342 4918/6384/4342 4919/6385/4342 4914/6386/4342 4917/6379/4342
f 4922/6387/4343 4930/6388/4343 4931/6389/4343 4923/6390/4343 4924/6391/4343
f 4922/966/4343 4924/6392/4343 4929/6393/4343 4928/6394/4343
f 4925/6395/4343 4927/6396/4343 4926/6397/4343 4933/6398/4343 4932/6399/4343
f 4925/6400/4343 4928/6394/4343 4929/6393/4343 4927/6401/4343
f 4939/6402/4344 4938/6403/4345 4937/6404/4346 4936/6405/4347
f 5015/6406/4345 5016/6407/4346 4937/6404/4346 4938/6403/4345
f 5014/6408/79 5015/6406/4345 4938/6403/4345 4934/6409/79
f 4935/6410/79 4934/6409/79 4938/6403/4345 4939/6402/4344
f 4936/6405/4347 4937/6404/4346 4941/6411/4348 4940/6412/4349
f 5016/6407/4346 5017/6413/4348 4941/6411/4348 4937/6404/4346
f 4940/6412/4349 4941/6411/4348 4943/6414/4350 4942/6415/4351
f 5017/6413/4348 5018/6416/4350 4943/6414/4350 4941/6411/4348
f 4942/6415/4351 4943/6414/4350 4945/6417/4352 4944/6418/79
f 5018/6416/4350 5019/6419/4353 4945/6417/4352 4943/6414/4350
f 5019/6420/4353 5020/6421/4354 4947/6422/4355 4945/6423/4352
f 4946/6424/4356 4947/6425/4355 4949/6426/4357 4948/6427/4358
f 5020/6428/4354 5021/6429/4357 4949/6426/4357 4947/6425/4355
f 4948/6427/4358 4949/6426/4357 4951/6430/4359 4950/6431/4360
f 5021/6429/4357 5022/6432/4359 4951/6430/4359 4949/6426/4357
f 5022/6433/4359 5023/6434/4361 4953/6435/4361 4951/6436/4359
f 5023/6434/4361 5024/6437/4362 4955/6438/4362 4953/6435/4361
f 4950/6439/4360 4951/6436/4359 4953/6435/4361 4952/6440/4363
f 4952/6440/4363 4953/6435/4361 4955/6438/4362 4954/6441/4364
f 5024/6442/4362 5025/6443/4365 4957/6444/4365 4955/6445/4362
f 4954/6446/4364 4955/6445/4362 4957/6444/4365 4956/6447/4366
f 5025/6443/4365 5026/6448/4367 4959/6449/4367 4957/6444/4365
f 4956/6447/4366 4957/6444/4365 4959/6449/4367 4958/6450/4368
f 4960/6451/4369 4961/6452/4370 4963/6453/4371 4962/6454/4372
f 5027/6455/4370 5028/6456/4371 4963/6453/4371 4961/6452/4370
f 5026/6448/4367 5027/6455/4370 4961/6452/4370 4959/6449/4367
f 4958/6450/4368 4959/6449/4367 4961/6452/4370 4960/6451/4369
f 4962/6454/4372 4963/6453/4371 4965/6457/4373 4964/6458/4374
f 5028/6456/4371 5029/6459/4373 4965/6457/4373 4963/6453/4371
f 4964/6458/4374 4965/6457/4373 4967/6460/4375 4966/6461/4376
f 5029/6459/4373 5030/6462/4375 4967/6460/4375 4965/6457/4373
f 4966/6461/4376 4967/6460/4375 4969/6463/4377 4968/6464/4378
f 5030/6462/4375 5031/6465/4377 4969/6463/4377 4967/6460/4375
f 4968/6464/4378 4969/6463/4377 4971/6466/4379 4970/6467/4380
f 5031/6465/4377 5032/6468/4381 4971/6466/4379 4969/6463/4377
f 4970/6467/4380 4971/6466/4379 4973/6469/4382 4972/6470/4383
f 5032/6468/4381 5033/6471/4382 4973/6469/4382 4971/6466/4379
f 4979/6472/4344 4976/6473/4347 4977/6474/4346 4978/6475/4345
f 5015/6406/4345 4978/6475/4345 4977/6474/4346 5016/6407/4346
f 5014/6408/79 4974/6476/79 4978/6475/4345 5015/6406/4345
f 4975/6477/79 4979/6472/4344 4978/6475/4345 4974/6476/79
f 4976/6473/4347 4980/6478/4349 4981/6479/4348 4977/6474/4346
f 5016/6407/4346 4977/6474/4346 4981/6479/4348 5017/6413/4348
f 4980/6478/4349 4982/6480/4351 4983/6481/4350 4981/6479/4348
f 5017/6413/4348 4981/6479/4348 4983/6481/4350 5018/6416/4350
f 4982/6480/4351 4984/6482/4384 4985/6483/4353 4983/6481/4350
f 5018/6416/4350 4983/6481/4350 4985/6483/4353 5019/6419/4353
f 4984/6484/4384 4986/6485/4385 4987/6486/4354 4985/6487/4353
f 5019/6420/4353 4985/6487/4353 4987/6486/4354 5020/6421/4354
f 4986/6488/4385 4988/6489/4358 4989/6490/4357 4987/6491/4354
f 5020/6428/4354 4987/6491/4354 4989/6490/4357 5021/6429/4357
f 4988/6489/4358 4990/6492/4360 4991/6493/4359 4989/6490/4357
f 5021/6429/4357 4989/6490/4357 4991/6493/4359 5022/6432/4359
f 5022/6433/4359 4991/6494/4359 4993/6495/4361 5023/6434/4361
f 5023/6434/4361 4993/6495/4361 4995/6496/4362 5024/6437/4362
f 4990/6497/4360 4992/6498/4363 4993/6495/4361 4991/6494/4359
f 4992/6498/4363 4994/6499/4364 4995/6496/4362 4993/6495/4361
f 5024/6442/4362 4995/6500/4362 4997/6501/4365 5025/6443/4365
f 4994/6502/4364 4996/6503/4366 4997/6501/4365 4995/6500/4362
f 5025/6443/4365 4997/6501/4365 4999/6504/4367 5026/6448/4367
f 4996/6503/4366 4998/6505/4368 4999/6504/4367 4997/6501/4365
f 5000/6506/4369 5002/6507/4372 5003/6508/4371 5001/6509/4370
f 5027/6455/4370 5001/6509/4370 5003/6508/4371 5028/6456/4371
f 5026/6448/4367 4999/6504/4367 5001/6509/4370 5027/6455/4370
f 4998/6505/4368 5000/6506/4369 5001/6509/4370 4999/6504/4367
f 5002/6507/4372 5004/6510/4374 5005/6511/4373 5003/6508/4371
f 5028/6456/4371 5003/6508/4371 5005/6511/4373 5029/6459/4373
f 5004/6510/4374 5006/6512/4376 5007/6513/4375 5005/6511/4373
f 5029/6459/4373 5005/6511/4373 5007/6513/4375 5030/6462/4375
f 5006/6512/4376 5008/6514/4378 5009/6515/4377 5007/6513/4375
f 5030/6462/4375 5007/6513/4375 5009/6515/4377 5031/6465/4377
f 5008/6514/4378 5010/6516/4380 5011/6517/4379 5009/6515/4377
f 5031/6465/4377 5009/6515/4377 5011/6517/4379 5032/6468/4381
f 5010/6516/4380 5012/6518/4383 5013/6519/4382 5011/6517/4379
f 5032/6468/4381 5011/6517/4379 5013/6519/4382 5033/6471/4382
f 5035/6520/83 5034/6521/83 5036/6522/4386 5037/6523/4387
f 5037/6523/4387 5036/6522/4386 5038/6524/4388 5039/6525/4389
f 5039/6525/4389 5038/6524/4388 5040/6526/4390 5041/6527/4391
f 5041/6527/4391 5040/6526/4390 5042/6528/4392 5043/6529/4393
f 5043/6529/4393 5042/6528/4392 5044/6530/4394 5045/6531/4395
f 5045/6532/4395 5044/6533/4394 5046/6534/4396 5047/6535/4397
f 5047/6536/4397 5046/6537/4396 5048/6538/4398 5049/6539/4399
f 5049/6539/4399 5048/6538/4398 5050/6540/4400 5051/6541/4401
f 5051/6542/4401 5050/6543/4400 5052/6544/4402 5053/6545/4403
f 5055/6546/4404 5054/6547/4405 5056/6548/4406 5057/6549/4407
f 5053/6545/4403 5052/6544/4402 5054/6550/4405 5055/6551/4404
f 5057/6549/4407 5056/6548/4406 5058/6552/4408 5059/6553/4409
f 5059/6553/4409 5058/6552/4408 5060/6554/4410 5061/6555/4411
f 5061/6555/4411 5060/6554/4410 5062/6556/4412 5063/6557/4413
f 5063/6557/4413 5062/6556/4412 5064/6558/4414 5065/6559/4415
f 5065/6559/4415 5064/6558/4414 5066/6560/4416 5067/6561/4417
f 5067/6561/4417 5066/6560/4416 5068/6562/4418 5069/6563/4419
f 5069/6563/4419 5068/6562/4418 5070/6564/4420 5071/6565/4421
f 5071/6566/4421 5070/6567/4420 5072/6568/4422 5073/6569/4422
f 5071/6566/4421 5073/6569/4422 5133/6570/4422 5132/6571/4421
f 5069/6563/4419 5071/6565/4421 5132/6572/4421 5131/6573/4419
f 5067/6561/4417 5069/6563/4419 5131/6573/4419 5130/6574/4417
f 5065/6559/4415 5067/6561/4417 5130/6574/4417 5129/6575/4415
f 5063/6557/4413 5065/6559/4415 5129/6575/4415 5128/6576/4413
f 5061/6555/4411 5063/6557/4413 5128/6576/4413 5127/6577/4411
f 5059/6553/4409 5061/6555/4411 5127/6577/4411 5126/6578/4409
f 5057/6549/4407 5059/6553/4409 5126/6578/4409 5125/6579/4407
f 5055/6546/4404 5057/6549/4407 5125/6579/4407 5124/6580/4404
f 5053/6545/4403 5055/6551/4404 5124/6581/4404 5123/6582/4403
f 5051/6542/4401 5053/6545/4403 5123/6582/4403 5122/6583/4423
f 5049/6539/4399 5051/6541/4401 5122/6584/4423 5121/6585/4399
f 5045/6532/4395 5047/6535/4397 5120/6586/4397 5119/6587/4395
f 5047/6536/4397 5049/6539/4399 5121/6585/4399 5120/6588/4397
f 5043/6529/4393 5045/6531/4395 5119/6589/4395 5118/6590/4393
f 5041/6527/4391 5043/6529/4393 5118/6590/4393 5117/6591/4391
f 5039/6525/4389 5041/6527/4391 5117/6591/4391 5116/6592/4389
f 5037/6523/4387 5039/6525/4389 5116/6592/4389 5115/6593/4387
f 5035/6520/83 5037/6523/4387 5115/6593/4387 5114/6594/83
f 5075/6595/83 5077/6596/4387 5076/6597/4386 5074/6598/83
f 5077/6596/4387 5079/6599/4389 5078/6600/4388 5076/6597/4386
f 5079/6599/4389 5081/6601/4391 5080/6602/4390 5078/6600/4388
f 5081/6601/4391 5083/6603/4393 5082/6604/4392 5080/6602/4390
f 5083/6603/4393 5085/6605/4395 5084/6606/4394 5082/6604/4392
f 5085/6607/4395 5087/6608/4397 5086/6609/4396 5084/6610/4394
f 5087/6611/4397 5089/6612/4399 5088/6613/4398 5086/6614/4396
f 5089/6612/4399 5091/6615/4401 5090/6616/4400 5088/6613/4398
f 5091/6617/4401 5093/6618/4403 5092/6619/4402 5090/6620/4400
f 5095/6621/4404 5097/6622/4407 5096/6623/4406 5094/6624/4405
f 5093/6618/4403 5095/6625/4404 5094/6626/4405 5092/6619/4402
f 5097/6622/4407 5099/6627/4409 5098/6628/4408 5096/6623/4406
f 5099/6627/4409 5101/6629/4411 5100/6630/4410 5098/6628/4408
f 5101/6629/4411 5103/6631/4413 5102/6632/4412 5100/6630/4410
f 5103/6631/4413 5105/6633/4415 5104/6634/4414 5102/6632/4412
f 5105/6633/4415 5107/6635/4417 5106/6636/4416 5104/6634/4414
f 5107/6635/4417 5109/6637/4419 5108/6638/4418 5106/6636/4416
f 5109/6637/4419 5111/6639/4421 5110/6640/4420 5108/6638/4418
f 5111/6641/4421 5113/6642/4422 5112/6643/4422 5110/6644/4420
f 5111/6641/4421 5132/6571/4421 5133/6570/4422 5113/6642/4422
f 5109/6637/4419 5131/6573/4419 5132/6572/4421 5111/6639/4421
f 5107/6635/4417 5130/6574/4417 5131/6573/4419 5109/6637/4419
f 5105/6633/4415 5129/6575/4415 5130/6574/4417 5107/6635/4417
f 5103/6631/4413 5128/6576/4413 5129/6575/4415 5105/6633/4415
f 5101/6629/4411 5127/6577/4411 5128/6576/4413 5103/6631/4413
f 5099/6627/4409 5126/6578/4409 5127/6577/4411 5101/6629/4411
f 5097/6622/4407 5125/6579/4407 5126/6578/4409 5099/6627/4409
f 5095/6621/4404 5124/6580/4404 5125/6579/4407 5097/6622/4407
f 5093/6618/4403 5123/6582/4403 5124/6581/4404 5095/6625/4404
f 5091/6617/4401 5122/6583/4423 5123/6582/4403 5093/6618/4403
f 5089/6612/4399 5121/6585/4399 5122/6584/4423 5091/6615/4401
f 5085/6607/4395 5119/6587/4395 5120/6586/4397 5087/6608/4397
f 5087/6611/4397 5120/6588/4397 5121/6585/4399 5089/6612/4399
f 5083/6603/4393 5118/6590/4393 5119/6589/4395 5085/6605/4395
f 5081/6601/4391 5117/6591/4391 5118/6590/4393 5083/6603/4393
f 5079/6599/4389 5116/6592/4389 5117/6591/4391 5081/6601/4391
f 5077/6596/4387 5115/6593/4387 5116/6592/4389 5079/6599/4389
f 5075/6595/83 5114/6594/83 5115/6593/4387 5077/6596/4387
f 5225/6645/4424 5234/6646/4425 5135/2741/1636 5134/2739/1635
f 5234/6646/4425 5239/6647/4426 660/2706/1619 5135/2741/1636
f 5240/6648/4427 5249/6649/4428 5142/2768/1640 5143/2770/1641
f 5250/6650/4429 5259/6651/4430 5144/2733/1632 5145/2727/1630
f 5260/6652/4431 5269/6653/4432 5147/2735/1633 5148/2731/1631
f 5270/6654/4433 5260/6652/4431 5148/2731/1631 5149/2730/1629
f 5275/6655/4434 5270/6656/4433 5149/2725/1629 5138/2724/1628
f 5280/6657/4435 5289/6658/4436 5137/2790/1650 5141/2792/1651
f 5289/6658/4436 5294/6659/4437 5140/2788/1649 5137/2790/1650
f 5295/6660/4438 5304/6661/4439 5151/2711/1621 2102/2710/1620
f 5305/6662/4440 5314/6663/4441 5153/2717/1625 5152/2715/1624
f 5314/6663/4441 5319/6664/4442 5154/2719/1626 5153/2717/1625
f 5319/6664/4442 5324/6665/4443 2103/2721/1627 5154/2719/1626
f 5325/6666/4444 5334/6667/4445 2120/2776/1644 5160/2780/1646
f 5335/6668/4446 5225/6645/4424 5134/2739/1635 5150/2737/1634
f 5340/6669/4447 5275/6655/4434 5138/2724/1628 5155/2778/1645
f 5345/6670/4448 5340/6669/4447 5155/2778/1645 5139/2782/1647
f 5350/6671/4449 5345/6670/4448 5139/2782/1647 5156/2786/1648
f 5294/6659/4437 5350/6671/4449 5156/2786/1648 5140/2788/1649
f 5355/6672/4450 5280/6657/4435 5141/2792/1651 5157/2794/1638
f 5249/6649/4428 5364/6673/4451 5158/2766/1639 5142/2768/1640
f 5365/6674/4452 5240/6648/4427 5143/2770/1641 5159/2772/1642
f 5370/6675/4453 5365/6674/4452 5159/2772/1642 1380/2774/1643
f 5334/6667/4445 5370/6675/4453 1380/2774/1643 2120/2776/1644
f 5259/6676/4430 5325/6666/4444 5160/2780/1646 5144/2784/1632
f 5324/6665/4443 5250/6650/4429 5145/2727/1630 2103/2721/1627
f 5304/6661/4439 5379/6677/4454 5146/2713/1622 5151/2711/1621
f 5269/6653/4432 5335/6668/4446 5150/2737/1634 5147/2735/1633
f 5239/6647/4426 5295/6678/4438 2102/2707/1620 660/2706/1619
f 5379/6677/4454 5305/6662/4440 5152/2715/1624 5146/2713/1622
f 5364/6673/4451 5384/6679/4455 5136/2762/1637 5158/2766/1639
f 5384/6679/4455 5355/6680/4450 5157/2763/1638 5136/2762/1637
f 5192/6681/4456 5187/6682/4457 5359/6683/4458 5380/6684/4459
f 5380/6684/4459 5359/6683/4458 5358/6685/4460 5381/6686/4461
f 5381/6686/4461 5358/6685/4460 5357/6687/4462 5382/6688/4463
f 5382/6688/4463 5357/6687/4462 5356/6689/4464 5383/6690/4465
f 5383/6691/4465 5356/6692/4464 5355/6680/4450 5384/6679/4455
f 5188/6693/4466 5192/6681/4456 5380/6684/4459 5360/6694/4467
f 5360/6694/4467 5380/6684/4459 5381/6686/4461 5361/6695/4468
f 5361/6695/4468 5381/6686/4461 5382/6688/4463 5362/6696/4469
f 5362/6696/4469 5382/6688/4463 5383/6690/4465 5363/6697/4470
f 5363/6698/4470 5383/6691/4465 5384/6679/4455 5364/6673/4451
f 5191/6699/4471 5178/6700/4472 5309/6701/4473 5375/6702/4474
f 5375/6702/4474 5309/6701/4473 5308/6703/4475 5376/6704/4476
f 5376/6704/4476 5308/6703/4475 5307/6705/4477 5377/6706/4478
f 5377/6707/4478 5307/6708/4477 5306/6709/4479 5378/6710/4480
f 5378/6710/4480 5306/6709/4479 5305/6662/4440 5379/6677/4454
f 5163/6711/4481 5176/6712/4482 5299/6713/4483 5235/6714/4484
f 5235/6714/4484 5299/6713/4483 5298/6715/4485 5236/6716/4486
f 5236/6716/4486 5298/6715/4485 5297/6717/4487 5237/6718/4488
f 5237/6718/4488 5297/6717/4487 5296/6719/4489 5238/6720/4490
f 5238/6721/4490 5296/6722/4489 5295/6678/4438 5239/6647/4426
f 5169/6723/4491 5183/6724/4492 5339/6725/4493 5265/6726/4494
f 5265/6726/4494 5339/6725/4493 5338/6727/4495 5266/6728/4496
f 5266/6728/4496 5338/6727/4495 5337/6729/4497 5267/6730/4498
f 5267/6730/4498 5337/6729/4497 5336/6731/4499 5268/6732/4500
f 5268/6733/4500 5336/6734/4499 5335/6668/4446 5269/6653/4432
f 5175/6735/4501 5191/6699/4471 5375/6702/4474 5300/6736/4502
f 5300/6736/4502 5375/6702/4474 5376/6704/4476 5301/6737/4503
f 5301/6737/4503 5376/6704/4476 5377/6706/4478 5302/6738/4504
f 5302/6738/4504 5377/6706/4478 5378/6739/4480 5303/6740/4505
f 5303/6741/4505 5378/6710/4480 5379/6677/4454 5304/6661/4439
f 5180/6742/4506 5166/6743/4507 5254/6744/4508 5320/6745/4509
f 5320/6745/4509 5254/6744/4508 5253/6746/4510 5321/6747/4511
f 5321/6747/4511 5253/6746/4510 5252/6748/4512 5322/6749/4513
f 5322/6749/4513 5252/6748/4512 5251/6750/4514 5323/6751/4515
f 5323/6752/4515 5251/6753/4514 5250/6650/4429 5324/6665/4443
f 5167/6754/4516 5181/6755/4517 5329/6756/4518 5255/6757/4519
f 5255/6757/4519 5329/6756/4518 5328/6758/4520 5256/6759/4521
f 5256/6759/4521 5328/6758/4520 5327/6760/4522 5257/6761/4523
f 5257/6761/4523 5327/6760/4522 5326/6762/4524 5258/6763/4525
f 5258/6764/4525 5326/6765/4524 5325/6666/4444 5259/6676/4430
f 5182/6766/4526 5190/6767/4527 5374/6768/4528 5330/6769/4529
f 5330/6769/4529 5374/6768/4528 5373/6770/4530 5331/6771/4531
f 5331/6771/4531 5373/6770/4530 5372/6772/4532 5332/6773/4533
f 5332/6774/4533 5372/6775/4532 5371/6776/4534 5333/6777/4535
f 5333/6777/4535 5371/6776/4534 5370/6675/4453 5334/6667/4445
f 5190/6767/4527 5189/6778/4536 5369/6779/4537 5374/6768/4528
f 5374/6768/4528 5369/6779/4537 5368/6780/4538 5373/6770/4530
f 5373/6770/4530 5368/6780/4538 5367/6781/4539 5372/6772/4532
f 5372/6775/4532 5367/6782/4539 5366/6783/4540 5371/6776/4534
f 5371/6776/4534 5366/6783/4540 5365/6674/4452 5370/6675/4453
f 5189/6778/4536 5164/6784/4541 5244/6785/4542 5369/6779/4537
f 5369/6779/4537 5244/6785/4542 5243/6786/4543 5368/6780/4538
f 5368/6780/4538 5243/6786/4543 5242/6787/4544 5367/6781/4539
f 5367/6782/4539 5242/6788/4544 5241/6789/4545 5366/6783/4540
f 5366/6783/4540 5241/6789/4545 5240/6648/4427 5365/6674/4452
f 5165/6790/4546 5188/6693/4466 5360/6694/4467 5245/6791/4547
f 5245/6791/4547 5360/6694/4467 5361/6695/4468 5246/6792/4548
f 5246/6792/4548 5361/6695/4468 5362/6696/4469 5247/6793/4549
f 5247/6793/4549 5362/6696/4469 5363/6697/4470 5248/6794/4550
f 5248/6795/4550 5363/6698/4470 5364/6673/4451 5249/6649/4428
f 5187/6682/4457 5173/6796/4551 5284/6797/4552 5359/6683/4458
f 5359/6683/4458 5284/6797/4552 5283/6798/4553 5358/6685/4460
f 5358/6685/4460 5283/6798/4553 5282/6799/4554 5357/6687/4462
f 5357/6687/4462 5282/6799/4554 5281/6800/4555 5356/6689/4464
f 5356/6801/4464 5281/6802/4555 5280/6657/4435 5355/6672/4450
f 5174/6803/4556 5186/6804/4557 5354/6805/4558 5290/6806/4559
f 5290/6806/4559 5354/6805/4558 5353/6807/4560 5291/6808/4561
f 5291/6808/4561 5353/6807/4560 5352/6809/4562 5292/6810/4563
f 5292/6811/4563 5352/6812/4562 5351/6813/4564 5293/6814/4565
f 5293/6814/4565 5351/6813/4564 5350/6671/4449 5294/6659/4437
f 5186/6804/4557 5185/6815/4566 5349/6816/4567 5354/6805/4558
f 5354/6805/4558 5349/6816/4567 5348/6817/4568 5353/6807/4560
f 5353/6807/4560 5348/6817/4568 5347/6818/4569 5352/6809/4562
f 5352/6812/4562 5347/6819/4569 5346/6820/4570 5351/6813/4564
f 5351/6813/4564 5346/6820/4570 5345/6670/4448 5350/6671/4449
f 5185/6815/4566 5184/6821/4571 5344/6822/4572 5349/6816/4567
f 5349/6816/4567 5344/6822/4572 5343/6823/4573 5348/6817/4568
f 5348/6817/4568 5343/6823/4573 5342/6824/4574 5347/6818/4569
f 5347/6819/4569 5342/6825/4574 5341/6826/4575 5346/6820/4570
f 5346/6820/4570 5341/6826/4575 5340/6669/4447 5345/6670/4448
f 5184/6821/4571 5171/6827/4576 5279/6828/4577 5344/6822/4572
f 5344/6822/4572 5279/6828/4577 5278/6829/4578 5343/6823/4573
f 5343/6823/4573 5278/6829/4578 5277/6830/4579 5342/6824/4574
f 5342/6824/4574 5277/6830/4579 5276/6831/4580 5341/6832/4575
f 5341/6826/4575 5276/6833/4580 5275/6655/4434 5340/6669/4447
f 5183/6724/4492 5162/6834/4581 5229/6835/4582 5339/6725/4493
f 5339/6725/4493 5229/6835/4582 5228/6836/4583 5338/6727/4495
f 5338/6727/4495 5228/6836/4583 5227/6837/4584 5337/6729/4497
f 5337/6729/4497 5227/6837/4584 5226/6838/4585 5336/6731/4499
f 5336/6734/4499 5226/6839/4585 5225/6645/4424 5335/6668/4446
f 5181/6755/4517 5182/6766/4526 5330/6769/4529 5329/6756/4518
f 5329/6756/4518 5330/6769/4529 5331/6771/4531 5328/6758/4520
f 5328/6758/4520 5331/6771/4531 5332/6773/4533 5327/6760/4522
f 5327/6760/4522 5332/6773/4533 5333/6840/4535 5326/6762/4524
f 5326/6765/4524 5333/6777/4535 5334/6667/4445 5325/6666/4444
f 5179/6841/4586 5180/6742/4506 5320/6745/4509 5315/6842/4587
f 5315/6842/4587 5320/6745/4509 5321/6747/4511 5316/6843/4588
f 5316/6843/4588 5321/6747/4511 5322/6749/4513 5317/6844/4589
f 5317/6844/4589 5322/6749/4513 5323/6751/4515 5318/6845/4590
f 5318/6846/4590 5323/6752/4515 5324/6665/4443 5319/6664/4442
f 5177/6847/4591 5179/6841/4586 5315/6842/4587 5310/6848/4592
f 5310/6848/4592 5315/6842/4587 5316/6843/4588 5311/6849/4593
f 5311/6849/4593 5316/6843/4588 5317/6844/4589 5312/6850/4594
f 5312/6851/4594 5317/6852/4589 5318/6846/4590 5313/6853/4595
f 5313/6853/4595 5318/6846/4590 5319/6664/4442 5314/6663/4441
f 5178/6700/4472 5177/6847/4591 5310/6848/4592 5309/6701/4473
f 5309/6701/4473 5310/6848/4592 5311/6849/4593 5308/6703/4475
f 5308/6703/4475 5311/6849/4593 5312/6850/4594 5307/6705/4477
f 5307/6708/4477 5312/6851/4594 5313/6853/4595 5306/6709/4479
f 5306/6709/4479 5313/6853/4595 5314/6663/4441 5305/6662/4440
f 5176/6712/4482 5175/6735/4501 5300/6736/4502 5299/6713/4483
f 5299/6713/4483 5300/6736/4502 5301/6737/4503 5298/6715/4485
f 5298/6715/4485 5301/6737/4503 5302/6738/4504 5297/6717/4487
f 5297/6717/4487 5302/6738/4504 5303/6740/4505 5296/6719/4489
f 5296/6854/4489 5303/6741/4505 5304/6661/4439 5295/6660/4438
f 5172/6855/4596 5174/6803/4556 5290/6806/4559 5285/6856/4597
f 5285/6856/4597 5290/6806/4559 5291/6808/4561 5286/6857/4598
f 5286/6857/4598 5291/6808/4561 5292/6810/4563 5287/6858/4599
f 5287/6858/4599 5292/6810/4563 5293/6859/4565 5288/6860/4600
f 5288/6861/4600 5293/6814/4565 5294/6659/4437 5289/6658/4436
f 5173/6796/4551 5172/6855/4596 5285/6856/4597 5284/6797/4552
f 5284/6797/4552 5285/6856/4597 5286/6857/4598 5283/6798/4553
f 5283/6798/4553 5286/6857/4598 5287/6858/4599 5282/6799/4554
f 5282/6799/4554 5287/6858/4599 5288/6860/4600 5281/6800/4555
f 5281/6802/4555 5288/6861/4600 5289/6658/4436 5280/6657/4435
f 5171/6827/4576 5170/6862/4601 5274/6863/4602 5279/6828/4577
f 5279/6828/4577 5274/6863/4602 5273/6864/4603 5278/6829/4578
f 5278/6829/4578 5273/6864/4603 5272/6865/4604 5277/6830/4579
f 5277/6830/4579 5272/6865/4604 5271/6866/4605 5276/6831/4580
f 5276/6833/4580 5271/6867/4605 5270/6656/4433 5275/6655/4434
f 5170/6862/4601 5168/6868/4606 5264/6869/4607 5274/6863/4602
f 5274/6863/4602 5264/6869/4607 5263/6870/4608 5273/6864/4603
f 5273/6864/4603 5263/6870/4608 5262/6871/4609 5272/6865/4604
f 5272/6865/4604 5262/6871/4609 5261/6872/4610 5271/6866/4605
f 5271/6873/4605 5261/6874/4610 5260/6652/4431 5270/6654/4433
f 5168/6868/4606 5169/6723/4491 5265/6726/4494 5264/6869/4607
f 5264/6869/4607 5265/6726/4494 5266/6728/4496 5263/6870/4608
f 5263/6870/4608 5266/6728/4496 5267/6730/4498 5262/6871/4609
f 5262/6871/4609 5267/6730/4498 5268/6732/4500 5261/6872/4610
f 5261/6874/4610 5268/6733/4500 5269/6653/4432 5260/6652/4431
f 5166/6743/4507 5167/6754/4516 5255/6757/4519 5254/6744/4508
f 5254/6744/4508 5255/6757/4519 5256/6759/4521 5253/6746/4510
f 5253/6746/4510 5256/6759/4521 5257/6761/4523 5252/6748/4512
f 5252/6748/4512 5257/6761/4523 5258/6763/4525 5251/6750/4514
f 5251/6753/4514 5258/6875/4525 5259/6651/4430 5250/6650/4429
f 5164/6784/4541 5165/6790/4546 5245/6791/4547 5244/6785/4542
f 5244/6785/4542 5245/6791/4547 5246/6792/4548 5243/6786/4543
f 5243/6786/4543 5246/6792/4548 5247/6793/4549 5242/6787/4544
f 5242/6787/4544 5247/6793/4549 5248/6794/4550 5241/6876/4545
f 5241/6789/4545 5248/6795/4550 5249/6649/4428 5240/6648/4427
f 5161/6877/4611 5163/6711/4481 5235/6714/4484 5230/6878/4612
f 5230/6878/4612 5235/6714/4484 5236/6716/4486 5231/6879/4613
f 5231/6879/4613 5236/6716/4486 5237/6718/4488 5232/6880/4614
f 5232/6880/4614 5237/6718/4488 5238/6720/4490 5233/6881/4615
f 5233/6882/4615 5238/6721/4490 5239/6647/4426 5234/6646/4425
f 5162/6834/4581 5161/6877/4611 5230/6878/4612 5229/6835/4582
f 5229/6835/4582 5230/6878/4612 5231/6879/4613 5228/6836/4583
f 5228/6836/4583 5231/6879/4613 5232/6880/4614 5227/6837/4584
f 5227/6837/4584 5232/6880/4614 5233/6881/4615 5226/6838/4585
f 5226/6839/4585 5233/6882/4615 5234/6646/4425 5225/6645/4424
f 5402/6883/2 5408/6884/2 5389/6885/2 5388/6886/2
f 5408/6884/2 5414/6887/2 5390/6888/2 5389/6885/2
f 5386/6889/2 5385/6890/2 5409/6891/2 5403/6892/2
f 5403/6892/2 5409/6891/2 5410/6893/2 5404/6894/2
f 5404/6894/2 5410/6893/2 5411/6895/2 5405/6896/2
f 5405/6896/2 5411/6895/2 5412/6897/2 5406/6898/2
f 5406/6898/2 5412/6897/2 5413/6899/2 5407/6900/2
f 5407/6900/2 5413/6899/2 5414/6887/2 5408/6884/2
f 5387/6901/2 5386/6889/2 5403/6892/2 5397/6902/2
f 5397/6902/2 5403/6892/2 5404/6894/2 5398/6903/2
f 5398/6903/2 5404/6894/2 5405/6896/2 5399/6904/2
f 5399/6904/2 5405/6896/2 5406/6898/2 5400/6905/2
f 5400/6905/2 5406/6898/2 5407/6900/2 5401/6906/2
f 5401/6906/2 5407/6900/2 5408/6884/2 5402/6883/2
f 5391/6907/2 5397/6902/2 5398/6903/2 5392/6908/2
f 5392/6908/2 5398/6903/2 5399/6904/2 5393/6909/2
f 5393/6909/2 5399/6904/2 5400/6905/2 5394/6910/2
f 5394/6910/2 5400/6905/2 5401/6906/2 5395/6911/2
f 5395/6911/2 5401/6906/2 5402/6883/2 5396/6912/2
f 5413/6899/2 5451/6913/2 5452/6914/2 5414/6887/2
f 5412/6897/2 5450/6915/2 5451/6913/2 5413/6899/2
f 5411/6895/2 5449/6916/2 5450/6915/2 5412/6897/2
f 5410/6893/2 5448/6917/2 5449/6916/2 5411/6895/2
f 5409/6891/2 5447/6918/2 5448/6917/2 5410/6893/2
f 5385/6890/2 5445/6919/2 5447/6918/2 5409/6891/2
f 5414/6887/2 5452/6914/2 5446/6920/2 5390/6888/2
f 5432/6921/2 5418/6922/2 5419/6923/2 5438/6924/2
f 5438/6924/2 5419/6923/2 5420/6925/2 5444/6926/2
f 5416/6927/2 5433/6928/2 5439/6929/2 5415/6930/2
f 5433/6928/2 5434/6931/2 5440/6932/2 5439/6929/2
f 5434/6931/2 5435/6933/2 5441/6934/2 5440/6932/2
f 5435/6933/2 5436/6935/2 5442/6936/2 5441/6934/2
f 5436/6935/2 5437/6937/2 5443/6938/2 5442/6936/2
f 5437/6937/2 5438/6924/2 5444/6926/2 5443/6938/2
f 5417/6939/2 5427/6940/2 5433/6928/2 5416/6927/2
f 5427/6940/2 5428/6941/2 5434/6931/2 5433/6928/2
f 5428/6941/2 5429/6942/2 5435/6933/2 5434/6931/2
f 5429/6942/2 5430/6943/2 5436/6935/2 5435/6933/2
f 5430/6943/2 5431/6944/2 5437/6937/2 5436/6935/2
f 5431/6944/2 5432/6921/2 5438/6924/2 5437/6937/2
f 5421/6945/2 5422/6946/2 5428/6941/2 5427/6940/2
f 5422/6946/2 5423/6947/2 5429/6942/2 5428/6941/2
f 5423/6947/2 5424/6948/2 5430/6943/2 5429/6942/2
f 5424/6948/2 5425/6949/2 5431/6944/2 5430/6943/2
f 5425/6949/2 5426/6950/2 5432/6921/2 5431/6944/2
f 5443/6938/2 5444/6926/2 5452/6914/2 5451/6913/2
f 5442/6936/2 5443/6938/2 5451/6913/2 5450/6915/2
f 5441/6934/2 5442/6936/2 5450/6915/2 5449/6916/2
f 5440/6932/2 5441/6934/2 5449/6916/2 5448/6917/2
f 5439/6929/2 5440/6932/2 5448/6917/2 5447/6918/2
f 5415/6930/2 5439/6929/2 5447/6918/2 5445/6919/2
f 5444/6926/2 5420/6925/2 5446/6920/2 5452/6914/2
f 5455/6951/2 5458/6952/2 5457/6953/2 5456/6954/2
f 5453/6955/2 5454/6956/2 5460/6957/2 5459/6958/2
f 5469/6959/2 5471/6960/2 5460/6957/2 5454/6956/2
f 5458/6952/2 5455/6951/2 5459/6958/2 5460/6957/2
f 5471/6960/2 5470/6961/2 5458/6952/2 5460/6957/2
f 5457/6953/2 5458/6952/2 5470/6961/2 5468/6962/2
f 5461/6963/2 5466/6964/2 5467/6965/2 5462/6966/2
f 5469/6959/2 5462/6966/2 5467/6965/2 5471/6960/2
f 5465/6967/2 5467/6965/2 5466/6964/2 5463/6968/2
f 5471/6960/2 5467/6965/2 5465/6967/2 5470/6961/2
f 5464/6969/2 5468/6962/2 5470/6961/2 5465/6967/2
f 5472/6970/2 5473/6955/2 5474/6958/2 5475/6971/2
usemtl Flame_Emission_Material
f 5480/6972/4616 5479/6972/4617 5489/6972/4618 5490/6972/4619
f 5485/6972/4620 5955/6972/4621 5497/6972/4622 5498/6972/4623
f 5481/6972/4624 5480/6972/4616 5490/6972/4619 5491/6972/4625
f 5956/6972/4626 5485/6972/4620 5498/6972/4623 5499/6972/4627
f 5482/6972/4628 5481/6972/4624 5491/6972/4625 5492/6972/4629
f 5957/6972/4630 5956/6972/4626 5499/6972/4627 5500/6972/4631
f 5483/6972/4632 5482/6972/4628 5492/6972/4629 5493/6972/4633
f 5476/6972/4634 5772/6972/2 5486/6972/4635
f 5681/6972/755 5957/6972/4630 5500/6972/4631
f 5484/6972/4636 5483/6972/4632 5493/6972/4633 5494/6972/4637
f 5477/6972/4638 5476/6972/4634 5486/6972/4635 5487/6972/4639
f 5953/6972/4640 5484/6972/4636 5494/6972/4637 5495/6972/4641
f 5478/6972/4642 5477/6972/4638 5487/6972/4639 5488/6972/4643
f 5954/6972/4644 5953/6972/4640 5495/6972/4641 5496/6972/4645
f 5479/6972/4617 5478/6972/4642 5488/6972/4643 5489/6972/4618
f 5955/6972/4621 5954/6972/4644 5496/6972/4645 5497/6972/4622
f 5496/6972/4645 5495/6972/4641 5510/6972/4646 5511/6972/4647
f 5489/6972/4618 5488/6972/4643 5503/6972/4648 5504/6972/4649
f 5497/6972/4622 5496/6972/4645 5511/6972/4647 5512/6972/4650
f 5490/6972/4619 5489/6972/4618 5504/6972/4649 5505/6972/4651
f 5498/6972/4623 5497/6972/4622 5512/6972/4650 5513/6972/4652
f 5491/6972/4625 5490/6972/4619 5505/6972/4651 5506/6972/4653
f 5499/6972/4627 5498/6972/4623 5513/6972/4652 5514/6972/4654
f 5492/6972/4629 5491/6972/4625 5506/6972/4653 5507/6972/4655
f 5500/6972/4631 5499/6972/4627 5514/6972/4654 5515/6972/4656
f 5493/6972/4633 5492/6972/4629 5507/6972/4655 5508/6972/4657
f 5486/6972/4635 5772/6972/2 5501/6972/4658
f 5681/6972/755 5500/6972/4631 5515/6972/4656
f 5494/6972/4637 5493/6972/4633 5508/6972/4657 5509/6972/4659
f 5487/6972/4639 5486/6972/4635 5501/6972/4658 5502/6972/4660
f 5495/6972/4641 5494/6972/4637 5509/6972/4659 5510/6972/4646
f 5488/6972/4643 5487/6972/4639 5502/6972/4660 5503/6972/4648
f 5515/6972/4656 5514/6972/4654 5529/6972/4661 5530/6972/4662
f 5508/6972/4657 5507/6972/4655 5522/6972/4663 5523/6972/4664
f 5501/6972/4658 5772/6972/2 5516/6972/4665
f 5681/6972/755 5515/6972/4656 5530/6972/4662
f 5509/6972/4659 5508/6972/4657 5523/6972/4664 5524/6972/4666
f 5502/6972/4660 5501/6972/4658 5516/6972/4665 5517/6972/4667
f 5510/6972/4646 5509/6972/4659 5524/6972/4666 5525/6972/4668
f 5503/6972/4648 5502/6972/4660 5517/6972/4667 5518/6972/4669
f 5511/6972/4647 5510/6972/4646 5525/6972/4668 5526/6972/4670
f 5504/6972/4649 5503/6972/4648 5518/6972/4669 5519/6972/4671
f 5512/6972/4650 5511/6972/4647 5526/6972/4670 5527/6972/4672
f 5505/6972/4651 5504/6972/4649 5519/6972/4671 5520/6972/4673
f 5513/6972/4652 5512/6972/4650 5527/6972/4672 5528/6972/4674
f 5506/6972/4653 5505/6972/4651 5520/6972/4673 5521/6972/4675
f 5514/6972/4654 5513/6972/4652 5528/6972/4674 5529/6972/4661
f 5507/6972/4655 5506/6972/4653 5521/6972/4675 5522/6972/4663
f 5527/6972/4672 5526/6972/4670 5541/6972/4676 5542/6972/4677
f 5520/6972/4673 5519/6972/4671 5534/6972/4678 5535/6972/4679
f 5528/6972/4674 5527/6972/4672 5542/6972/4677 5543/6972/4680
f 5521/6972/4675 5520/6972/4673 5535/6972/4679 5536/6972/4681
f 5529/6972/4661 5528/6972/4674 5543/6972/4680 5544/6972/4682
f 5522/6972/4663 5521/6972/4675 5536/6972/4681 5537/6972/4683
f 5530/6972/4662 5529/6972/4661 5544/6972/4682 5545/6972/4684
f 5523/6972/4664 5522/6972/4663 5537/6972/4683 5538/6972/4685
f 5516/6972/4665 5772/6972/2 5531/6972/4686
f 5681/6972/755 5530/6972/4662 5545/6972/4684
f 5524/6972/4666 5523/6972/4664 5538/6972/4685 5539/6972/4687
f 5517/6972/4667 5516/6972/4665 5531/6972/4686 5532/6972/4688
f 5525/6972/4668 5524/6972/4666 5539/6972/4687 5540/6972/4689
f 5518/6972/4669 5517/6972/4667 5532/6972/4688 5533/6972/4690
f 5526/6972/4670 5525/6972/4668 5540/6972/4689 5541/6972/4676
f 5519/6972/4671 5518/6972/4669 5533/6972/4690 5534/6972/4678
f 5531/6972/4686 5772/6972/2 5546/6972/4691
f 5681/6972/755 5545/6972/4684 5560/6972/4692
f 5539/6972/4687 5538/6972/4685 5553/6972/4693 5554/6972/4694
f 5532/6972/4688 5531/6972/4686 5546/6972/4691 5547/6972/4695
f 5540/6972/4689 5539/6972/4687 5554/6972/4694 5555/6972/4696
f 5533/6972/4690 5532/6972/4688 5547/6972/4695 5548/6972/4697
f 5541/6972/4676 5540/6972/4689 5555/6972/4696 5556/6972/4698
f 5534/6972/4678 5533/6972/4690 5548/6972/4697 5549/6972/4699
f 5542/6972/4677 5541/6972/4676 5556/6972/4698 5557/6972/4700
f 5535/6972/4679 5534/6972/4678 5549/6972/4699 5550/6972/4701
f 5543/6972/4680 5542/6972/4677 5557/6972/4700 5558/6972/4702
f 5536/6972/4681 5535/6972/4679 5550/6972/4701 5551/6972/4703
f 5544/6972/4682 5543/6972/4680 5558/6972/4702 5559/6972/4704
f 5537/6972/4683 5536/6972/4681 5551/6972/4703 5552/6972/4705
f 5545/6972/4684 5544/6972/4682 5559/6972/4704 5560/6972/4692
f 5538/6972/4685 5537/6972/4683 5552/6972/4705 5553/6972/4693
f 5550/6972/4701 5549/6972/4699 5564/6972/4706 5565/6972/4707
f 5558/6972/4702 5557/6972/4700 5572/6972/4708 5573/6972/4709
f 5551/6972/4703 5550/6972/4701 5565/6972/4707 5566/6972/4710
f 5559/6972/4704 5558/6972/4702 5573/6972/4709 5574/6972/4711
f 5552/6972/4705 5551/6972/4703 5566/6972/4710 5567/6972/4712
f 5560/6972/4692 5559/6972/4704 5574/6972/4711 5575/6972/4713
f 5553/6972/4693 5552/6972/4705 5567/6972/4712 5568/6972/4714
f 5546/6972/4691 5772/6972/2 5561/6972/4715
f 5681/6972/755 5560/6972/4692 5575/6972/4713
f 5554/6972/4694 5553/6972/4693 5568/6972/4714 5569/6972/4716
f 5547/6972/4695 5546/6972/4691 5561/6972/4715 5562/6972/4717
f 5555/6972/4696 5554/6972/4694 5569/6972/4716 5570/6972/4718
f 5548/6972/4697 5547/6972/4695 5562/6972/4717 5563/6972/4719
f 5556/6972/4698 5555/6972/4696 5570/6972/4718 5571/6972/4720
f 5549/6972/4699 5548/6972/4697 5563/6972/4719 5564/6972/4706
f 5557/6972/4700 5556/6972/4698 5571/6972/4720 5572/6972/4708
f 5569/6972/4716 5568/6972/4714 5583/6972/4721 5584/6972/4722
f 5562/6972/4717 5561/6972/4715 5576/6972/4723 5577/6972/4724
f 5570/6972/4718 5569/6972/4716 5584/6972/4722 5585/6972/4725
f 5563/6972/4719 5562/6972/4717 5577/6972/4724 5578/6972/4726
f 5571/6972/4720 5570/6972/4718 5585/6972/4725 5586/6972/4727
f 5564/6972/4706 5563/6972/4719 5578/6972/4726 5579/6972/4728
f 5572/6972/4708 5571/6972/4720 5586/6972/4727 5587/6972/4729
f 5565/6972/4707 5564/6972/4706 5579/6972/4728 5580/6972/4730
f 5573/6972/4709 5572/6972/4708 5587/6972/4729 5588/6972/4731
f 5566/6972/4710 5565/6972/4707 5580/6972/4730 5581/6972/4732
f 5574/6972/4711 5573/6972/4709 5588/6972/4731 5589/6972/4733
f 5567/6972/4712 5566/6972/4710 5581/6972/4732 5582/6972/4734
f 5575/6972/4713 5574/6972/4711 5589/6972/4733 5590/6972/4735
f 5568/6972/4714 5567/6972/4712 5582/6972/4734 5583/6972/4721
f 5561/6972/4715 5772/6972/2 5576/6972/4723
f 5681/6972/755 5575/6972/4713 5590/6972/4735
f 5588/6972/4731 5587/6972/4729 5602/6972/4736 5603/6972/4737
f 5581/6972/4732 5580/6972/4730 5595/6972/4738 5596/6972/4739
f 5589/6972/4733 5588/6972/4731 5603/6972/4737 5604/6972/4740
f 5582/6972/4734 5581/6972/4732 5596/6972/4739 5597/6972/4741
f 5590/6972/4735 5589/6972/4733 5604/6972/4740 5605/6972/4742
f 5583/6972/4721 5582/6972/4734 5597/6972/4741 5598/6972/4743
f 5576/6972/4723 5772/6972/2 5591/6972/4744
f 5681/6972/755 5590/6972/4735 5605/6972/4742
f 5584/6972/4722 5583/6972/4721 5598/6972/4743 5599/6972/4745
f 5577/6972/4724 5576/6972/4723 5591/6972/4744 5592/6972/4746
f 5585/6972/4725 5584/6972/4722 5599/6972/4745 5600/6972/4747
f 5578/6972/4726 5577/6972/4724 5592/6972/4746 5593/6972/4748
f 5586/6972/4727 5585/6972/4725 5600/6972/4747 5601/6972/4749
f 5579/6972/4728 5578/6972/4726 5593/6972/4748 5594/6972/4750
f 5587/6972/4729 5586/6972/4727 5601/6972/4749 5602/6972/4736
f 5580/6972/4730 5579/6972/4728 5594/6972/4750 5595/6972/4738
f 5592/6972/4746 5591/6972/4744 5606/6972/4751 5607/6972/4752
f 5600/6972/4747 5599/6972/4745 5614/6972/4753 5615/6972/4754
f 5593/6972/4748 5592/6972/4746 5607/6972/4752 5608/6972/4755
f 5601/6972/4749 5600/6972/4747 5615/6972/4754 5616/6972/4756
f 5594/6972/4750 5593/6972/4748 5608/6972/4755 5609/6972/4757
f 5602/6972/4736 5601/6972/4749 5616/6972/4756 5617/6972/4758
f 5595/6972/4738 5594/6972/4750 5609/6972/4757 5610/6972/4759
f 5603/6972/4737 5602/6972/4736 5617/6972/4758 5618/6972/4760
f 5596/6972/4739 5595/6972/4738 5610/6972/4759 5611/6972/4761
f 5604/6972/4740 5603/6972/4737 5618/6972/4760 5619/6972/4762
f 5597/6972/4741 5596/6972/4739 5611/6972/4761 5612/6972/4763
f 5605/6972/4742 5604/6972/4740 5619/6972/4762 5620/6972/4764
f 5598/6972/4743 5597/6972/4741 5612/6972/4763 5613/6972/4765
f 5591/6972/4744 5772/6972/2 5606/6972/4751
f 5681/6972/755 5605/6972/4742 5620/6972/4764
f 5599/6972/4745 5598/6972/4743 5613/6972/4765 5614/6972/4753
f 5611/6972/4761 5610/6972/4759 5625/6972/4766 5626/6972/4767
f 5619/6972/4762 5618/6972/4760 5633/6972/4768 5634/6972/4769
f 5612/6972/4763 5611/6972/4761 5626/6972/4767 5627/6972/4770
f 5620/6972/4764 5619/6972/4762 5634/6972/4769 5635/6972/4771
f 5613/6972/4765 5612/6972/4763 5627/6972/4770 5628/6972/4772
f 5606/6972/4751 5772/6972/2 5621/6972/4773
f 5681/6972/755 5620/6972/4764 5635/6972/4771
f 5614/6972/4753 5613/6972/4765 5628/6972/4772 5629/6972/4774
f 5607/6972/4752 5606/6972/4751 5621/6972/4773 5622/6972/4775
f 5615/6972/4754 5614/6972/4753 5629/6972/4774 5630/6972/4776
f 5608/6972/4755 5607/6972/4752 5622/6972/4775 5623/6972/4777
f 5616/6972/4756 5615/6972/4754 5630/6972/4776 5631/6972/4778
f 5609/6972/4757 5608/6972/4755 5623/6972/4777 5624/6972/4779
f 5617/6972/4758 5616/6972/4756 5631/6972/4778 5632/6972/4780
f 5610/6972/4759 5609/6972/4757 5624/6972/4779 5625/6972/4766
f 5618/6972/4760 5617/6972/4758 5632/6972/4780 5633/6972/4768
f 5630/6972/4776 5629/6972/4774 5644/6972/4781 5645/6972/4782
f 5623/6972/4777 5622/6972/4775 5637/6972/4783 5638/6972/4784
f 5631/6972/4778 5630/6972/4776 5645/6972/4782 5646/6972/4785
f 5624/6972/4779 5623/6972/4777 5638/6972/4784 5639/6972/4786
f 5632/6972/4780 5631/6972/4778 5646/6972/4785 5647/6972/4787
f 5625/6972/4766 5624/6972/4779 5639/6972/4786 5640/6972/4788
f 5633/6972/4768 5632/6972/4780 5647/6972/4787 5648/6972/4789
f 5626/6972/4767 5625/6972/4766 5640/6972/4788 5641/6972/4790
f 5634/6972/4769 5633/6972/4768 5648/6972/4789 5649/6972/4791
f 5627/6972/4770 5626/6972/4767 5641/6972/4790 5642/6972/4792
f 5635/6972/4771 5634/6972/4769 5649/6972/4791 5650/6972/4793
f 5628/6972/4772 5627/6972/4770 5642/6972/4792 5643/6972/4794
f 5621/6972/4773 5772/6972/2 5636/6972/4795
f 5681/6972/755 5635/6972/4771 5650/6972/4793
f 5629/6972/4774 5628/6972/4772 5643/6972/4794 5644/6972/4781
f 5622/6972/4775 5621/6972/4773 5636/6972/4795 5637/6972/4783
f 5649/6972/4791 5648/6972/4789 5663/6972/4796 5664/6972/4797
f 5642/6972/4792 5641/6972/4790 5656/6972/4798 5657/6972/4799
f 5650/6972/4793 5649/6972/4791 5664/6972/4797 5665/6972/4800
f 5643/6972/4794 5642/6972/4792 5657/6972/4799 5658/6972/4801
f 5636/6972/4795 5772/6972/2 5651/6972/4802
f 5681/6972/755 5650/6972/4793 5665/6972/4800
f 5644/6972/4781 5643/6972/4794 5658/6972/4801 5659/6972/4803
f 5637/6972/4783 5636/6972/4795 5651/6972/4802 5652/6972/4804
f 5645/6972/4782 5644/6972/4781 5659/6972/4803 5660/6972/4805
f 5638/6972/4784 5637/6972/4783 5652/6972/4804 5653/6972/4806
f 5646/6972/4785 5645/6972/4782 5660/6972/4805 5661/6972/4807
f 5639/6972/4786 5638/6972/4784 5653/6972/4806 5654/6972/4808
f 5647/6972/4787 5646/6972/4785 5661/6972/4807 5662/6972/4809
f 5640/6972/4788 5639/6972/4786 5654/6972/4808 5655/6972/4810
f 5648/6972/4789 5647/6972/4787 5662/6972/4809 5663/6972/4796
f 5641/6972/4790 5640/6972/4788 5655/6972/4810 5656/6972/4798
f 5661/6972/4807 5660/6972/4805 5675/6972/4811 5676/6972/4812
f 5654/6972/4808 5653/6972/4806 5668/6972/4813 5669/6972/4814
f 5662/6972/4809 5661/6972/4807 5676/6972/4812 5677/6972/4815
f 5655/6972/4810 5654/6972/4808 5669/6972/4814 5670/6972/4816
f 5663/6972/4796 5662/6972/4809 5677/6972/4815 5678/6972/4817
f 5656/6972/4798 5655/6972/4810 5670/6972/4816 5671/6972/4818
f 5664/6972/4797 5663/6972/4796 5678/6972/4817 5679/6972/4819
f 5657/6972/4799 5656/6972/4798 5671/6972/4818 5672/6972/4820
f 5665/6972/4800 5664/6972/4797 5679/6972/4819 5680/6972/4821
f 5658/6972/4801 5657/6972/4799 5672/6972/4820 5673/6972/4822
f 5651/6972/4802 5772/6972/2 5666/6972/4823
f 5681/6972/755 5665/6972/4800 5680/6972/4821
f 5659/6972/4803 5658/6972/4801 5673/6972/4822 5674/6972/4824
f 5652/6972/4804 5651/6972/4802 5666/6972/4823 5667/6972/4825
f 5660/6972/4805 5659/6972/4803 5674/6972/4824 5675/6972/4811
f 5653/6972/4806 5652/6972/4804 5667/6972/4825 5668/6972/4813
f 5680/6972/4821 5679/6972/4819 5695/6972/4826 5696/6972/4827
f 5673/6972/4822 5672/6972/4820 5688/6972/4828 5689/6972/4829
f 5666/6972/4823 5772/6972/2 5682/6972/4830
f 5681/6972/755 5680/6972/4821 5696/6972/4827
f 5674/6972/4824 5673/6972/4822 5689/6972/4829 5690/6972/4831
f 5667/6972/4825 5666/6972/4823 5682/6972/4830 5683/6972/4832
f 5675/6972/4811 5674/6972/4824 5690/6972/4831 5691/6972/4833
f 5668/6972/4813 5667/6972/4825 5683/6972/4832 5684/6972/4834
f 5676/6972/4812 5675/6972/4811 5691/6972/4833 5692/6972/4835
f 5669/6972/4814 5668/6972/4813 5684/6972/4834 5685/6972/4836
f 5677/6972/4815 5676/6972/4812 5692/6972/4835 5693/6972/4837
f 5670/6972/4816 5669/6972/4814 5685/6972/4836 5686/6972/4838
f 5678/6972/4817 5677/6972/4815 5693/6972/4837 5694/6972/4839
f 5671/6972/4818 5670/6972/4816 5686/6972/4838 5687/6972/4840
f 5679/6972/4819 5678/6972/4817 5694/6972/4839 5695/6972/4826
f 5672/6972/4820 5671/6972/4818 5687/6972/4840 5688/6972/4828
f 5685/6972/4836 5684/6972/4834 5699/6972/4841 5700/6972/4842
f 5693/6972/4837 5692/6972/4835 5707/6972/4843 5708/6972/4844
f 5686/6972/4838 5685/6972/4836 5700/6972/4842 5701/6972/4845
f 5694/6972/4839 5693/6972/4837 5708/6972/4844 5709/6972/4846
f 5687/6972/4840 5686/6972/4838 5701/6972/4845 5702/6972/4847
f 5695/6972/4826 5694/6972/4839 5709/6972/4846 5710/6972/4848
f 5688/6972/4828 5687/6972/4840 5702/6972/4847 5703/6972/4849
f 5696/6972/4827 5695/6972/4826 5710/6972/4848 5711/6972/4850
f 5689/6972/4829 5688/6972/4828 5703/6972/4849 5704/6972/4851
f 5682/6972/4830 5772/6972/2 5697/6972/4852
f 5681/6972/755 5696/6972/4827 5711/6972/4850
f 5690/6972/4831 5689/6972/4829 5704/6972/4851 5705/6972/4853
f 5683/6972/4832 5682/6972/4830 5697/6972/4852 5698/6972/4854
f 5691/6972/4833 5690/6972/4831 5705/6972/4853 5706/6972/4855
f 5684/6972/4834 5683/6972/4832 5698/6972/4854 5699/6972/4841
f 5692/6972/4835 5691/6972/4833 5706/6972/4855 5707/6972/4843
f 5704/6972/4851 5703/6972/4849 5718/6972/4856 5719/6972/4857
f 5697/6972/4852 5772/6972/2 5712/6972/4858
f 5681/6972/755 5711/6972/4850 5726/6972/4859
f 5705/6972/4853 5704/6972/4851 5719/6972/4857 5720/6972/4860
f 5698/6972/4854 5697/6972/4852 5712/6972/4858 5713/6972/4861
f 5706/6972/4855 5705/6972/4853 5720/6972/4860 5721/6972/4862
f 5699/6972/4841 5698/6972/4854 5713/6972/4861 5714/6972/4863
f 5707/6972/4843 5706/6972/4855 5721/6972/4862 5722/6972/4864
f 5700/6972/4842 5699/6972/4841 5714/6972/4863 5715/6972/4865
f 5708/6972/4844 5707/6972/4843 5722/6972/4864 5723/6972/4866
f 5701/6972/4845 5700/6972/4842 5715/6972/4865 5716/6972/4867
f 5709/6972/4846 5708/6972/4844 5723/6972/4866 5724/6972/4868
f 5702/6972/4847 5701/6972/4845 5716/6972/4867 5717/6972/4869
f 5710/6972/4848 5709/6972/4846 5724/6972/4868 5725/6972/4870
f 5703/6972/4849 5702/6972/4847 5717/6972/4869 5718/6972/4856
f 5711/6972/4850 5710/6972/4848 5725/6972/4870 5726/6972/4859
f 5723/6972/4866 5722/6972/4864 5737/6972/4871 5738/6972/4872
f 5716/6972/4867 5715/6972/4865 5730/6972/4873 5731/6972/4874
f 5724/6972/4868 5723/6972/4866 5738/6972/4872 5739/6972/4875
f 5717/6972/4869 5716/6972/4867 5731/6972/4874 5732/6972/4876
f 5725/6972/4870 5724/6972/4868 5739/6972/4875 5740/6972/4877
f 5718/6972/4856 5717/6972/4869 5732/6972/4876 5733/6972/4878
f 5726/6972/4859 5725/6972/4870 5740/6972/4877 5741/6972/4879
f 5719/6972/4857 5718/6972/4856 5733/6972/4878 5734/6972/4880
f 5712/6972/4858 5772/6972/2 5727/6972/4881
f 5681/6972/755 5726/6972/4859 5741/6972/4879
f 5720/6972/4860 5719/6972/4857 5734/6972/4880 5735/6972/4882
f 5713/6972/4861 5712/6972/4858 5727/6972/4881 5728/6972/4883
f 5721/6972/4862 5720/6972/4860 5735/6972/4882 5736/6972/4884
f 5714/6972/4863 5713/6972/4861 5728/6972/4883 5729/6972/4885
f 5722/6972/4864 5721/6972/4862 5736/6972/4884 5737/6972/4871
f 5715/6972/4865 5714/6972/4863 5729/6972/4885 5730/6972/4873
f 5727/6972/4881 5772/6972/2 5742/6972/4886
f 5681/6972/755 5741/6972/4879 5756/6972/4887
f 5735/6972/4882 5734/6972/4880 5749/6972/4888 5750/6972/4889
f 5728/6972/4883 5727/6972/4881 5742/6972/4886 5743/6972/4890
f 5736/6972/4884 5735/6972/4882 5750/6972/4889 5751/6972/4891
f 5729/6972/4885 5728/6972/4883 5743/6972/4890 5744/6972/4892
f 5737/6972/4871 5736/6972/4884 5751/6972/4891 5752/6972/4893
f 5730/6972/4873 5729/6972/4885 5744/6972/4892 5745/6972/4894
f 5738/6972/4872 5737/6972/4871 5752/6972/4893 5753/6972/4895
f 5731/6972/4874 5730/6972/4873 5745/6972/4894 5746/6972/4896
f 5739/6972/4875 5738/6972/4872 5753/6972/4895 5754/6972/4897
f 5732/6972/4876 5731/6972/4874 5746/6972/4896 5747/6972/4898
f 5740/6972/4877 5739/6972/4875 5754/6972/4897 5755/6972/4899
f 5733/6972/4878 5732/6972/4876 5747/6972/4898 5748/6972/4900
f 5741/6972/4879 5740/6972/4877 5755/6972/4899 5756/6972/4887
f 5734/6972/4880 5733/6972/4878 5748/6972/4900 5749/6972/4888
f 5746/6972/4896 5745/6972/4894 5760/6972/4901 5761/6972/4902
f 5754/6972/4897 5753/6972/4895 5768/6972/4903 5769/6972/4904
f 5747/6972/4898 5746/6972/4896 5761/6972/4902 5762/6972/4905
f 5755/6972/4899 5754/6972/4897 5769/6972/4904 5770/6972/4906
f 5748/6972/4900 5747/6972/4898 5762/6972/4905 5763/6972/4907
f 5756/6972/4887 5755/6972/4899 5770/6972/4906 5771/6972/4908
f 5749/6972/4888 5748/6972/4900 5763/6972/4907 5764/6972/4909
f 5742/6972/4886 5772/6972/2 5757/6972/4910
f 5681/6972/755 5756/6972/4887 5771/6972/4908
f 5750/6972/4889 5749/6972/4888 5764/6972/4909 5765/6972/4911
f 5743/6972/4890 5742/6972/4886 5757/6972/4910 5758/6972/4912
f 5751/6972/4891 5750/6972/4889 5765/6972/4911 5766/6972/4913
f 5744/6972/4892 5743/6972/4890 5758/6972/4912 5759/6972/4914
f 5752/6972/4893 5751/6972/4891 5766/6972/4913 5767/6972/4915
f 5745/6972/4894 5744/6972/4892 5759/6972/4914 5760/6972/4901
f 5753/6972/4895 5752/6972/4893 5767/6972/4915 5768/6972/4903
f 5765/6972/4911 5764/6972/4909 5780/6972/4916 5781/6972/4917
f 5758/6972/4912 5757/6972/4910 5773/6972/4918 5774/6972/4919
f 5766/6972/4913 5765/6972/4911 5781/6972/4917 5782/6972/4920
f 5759/6972/4914 5758/6972/4912 5774/6972/4919 5775/6972/4921
f 5767/6972/4915 5766/6972/4913 5782/6972/4920 5783/6972/4922
f 5760/6972/4901 5759/6972/4914 5775/6972/4921 5776/6972/4923
f 5768/6972/4903 5767/6972/4915 5783/6972/4922 5784/6972/4924
f 5761/6972/4902 5760/6972/4901 5776/6972/4923 5777/6972/4925
f 5769/6972/4904 5768/6972/4903 5784/6972/4924 5785/6972/4926
f 5762/6972/4905 5761/6972/4902 5777/6972/4925 5778/6972/4927
f 5770/6972/4906 5769/6972/4904 5785/6972/4926 5786/6972/4928
f 5763/6972/4907 5762/6972/4905 5778/6972/4927 5779/6972/4929
f 5771/6972/4908 5770/6972/4906 5786/6972/4928 5787/6972/4930
f 5764/6972/4909 5763/6972/4907 5779/6972/4929 5780/6972/4916
f 5757/6972/4910 5772/6972/2 5773/6972/4918
f 5681/6972/755 5771/6972/4908 5787/6972/4930
f 5785/6972/4926 5784/6972/4924 5799/6972/4931 5800/6972/4932
f 5778/6972/4927 5777/6972/4925 5792/6972/4933 5793/6972/4934
f 5786/6972/4928 5785/6972/4926 5800/6972/4932 5801/6972/4935
f 5779/6972/4929 5778/6972/4927 5793/6972/4934 5794/6972/4936
f 5787/6972/4930 5786/6972/4928 5801/6972/4935 5802/6972/4937
f 5780/6972/4916 5779/6972/4929 5794/6972/4936 5795/6972/4938
f 5773/6972/4918 5772/6972/2 5788/6972/4939
f 5681/6972/755 5787/6972/4930 5802/6972/4937
f 5781/6972/4917 5780/6972/4916 5795/6972/4938 5796/6972/4940
f 5774/6972/4919 5773/6972/4918 5788/6972/4939 5789/6972/4941
f 5782/6972/4920 5781/6972/4917 5796/6972/4940 5797/6972/4942
f 5775/6972/4921 5774/6972/4919 5789/6972/4941 5790/6972/4943
f 5783/6972/4922 5782/6972/4920 5797/6972/4942 5798/6972/4944
f 5776/6972/4923 5775/6972/4921 5790/6972/4943 5791/6972/4945
f 5784/6972/4924 5783/6972/4922 5798/6972/4944 5799/6972/4931
f 5777/6972/4925 5776/6972/4923 5791/6972/4945 5792/6972/4933
f 5797/6972/4942 5796/6972/4940 5811/6972/4946 5812/6972/4947
f 5790/6972/4943 5789/6972/4941 5804/6972/4948 5805/6972/4949
f 5798/6972/4944 5797/6972/4942 5812/6972/4947 5813/6972/4950
f 5791/6972/4945 5790/6972/4943 5805/6972/4949 5806/6972/4951
f 5799/6972/4931 5798/6972/4944 5813/6972/4950 5814/6972/4952
f 5792/6972/4933 5791/6972/4945 5806/6972/4951 5807/6972/4953
f 5800/6972/4932 5799/6972/4931 5814/6972/4952 5815/6972/4954
f 5793/6972/4934 5792/6972/4933 5807/6972/4953 5808/6972/4955
f 5801/6972/4935 5800/6972/4932 5815/6972/4954 5816/6972/4956
f 5794/6972/4936 5793/6972/4934 5808/6972/4955 5809/6972/4957
f 5802/6972/4937 5801/6972/4935 5816/6972/4956 5817/6972/4958
f 5795/6972/4938 5794/6972/4936 5809/6972/4957 5810/6972/4959
f 5788/6972/4939 5772/6972/2 5803/6972/4960
f 5681/6972/755 5802/6972/4937 5817/6972/4958
f 5796/6972/4940 5795/6972/4938 5810/6972/4959 5811/6972/4946
f 5789/6972/4941 5788/6972/4939 5803/6972/4960 5804/6972/4948
f 5816/6972/4956 5815/6972/4954 5830/6972/4961 5831/6972/4962
f 5809/6972/4957 5808/6972/4955 5823/6972/4963 5824/6972/4964
f 5817/6972/4958 5816/6972/4956 5831/6972/4962 5832/6972/4965
f 5810/6972/4959 5809/6972/4957 5824/6972/4964 5825/6972/4966
f 5803/6972/4960 5772/6972/2 5818/6972/4967
f 5681/6972/755 5817/6972/4958 5832/6972/4965
f 5811/6972/4946 5810/6972/4959 5825/6972/4966 5826/6972/4968
f 5804/6972/4948 5803/6972/4960 5818/6972/4967 5819/6972/4969
f 5812/6972/4947 5811/6972/4946 5826/6972/4968 5827/6972/4970
f 5805/6972/4949 5804/6972/4948 5819/6972/4969 5820/6972/4971
f 5813/6972/4950 5812/6972/4947 5827/6972/4970 5828/6972/4972
f 5806/6972/4951 5805/6972/4949 5820/6972/4971 5821/6972/4973
f 5814/6972/4952 5813/6972/4950 5828/6972/4972 5829/6972/4974
f 5807/6972/4953 5806/6972/4951 5821/6972/4973 5822/6972/4975
f 5815/6972/4954 5814/6972/4952 5829/6972/4974 5830/6972/4961
f 5808/6972/4955 5807/6972/4953 5822/6972/4975 5823/6972/4963
f 5820/6972/4971 5819/6972/4969 5834/6972/4976 5835/6972/4977
f 5828/6972/4972 5827/6972/4970 5842/6972/4978 5843/6972/4979
f 5821/6972/4973 5820/6972/4971 5835/6972/4977 5836/6972/4980
f 5829/6972/4974 5828/6972/4972 5843/6972/4979 5844/6972/4981
f 5822/6972/4975 5821/6972/4973 5836/6972/4980 5837/6972/4982
f 5830/6972/4961 5829/6972/4974 5844/6972/4981 5845/6972/4983
f 5823/6972/4963 5822/6972/4975 5837/6972/4982 5838/6972/4984
f 5831/6972/4962 5830/6972/4961 5845/6972/4983 5846/6972/4985
f 5824/6972/4964 5823/6972/4963 5838/6972/4984 5839/6972/4986
f 5832/6972/4965 5831/6972/4962 5846/6972/4985 5847/6972/4987
f 5825/6972/4966 5824/6972/4964 5839/6972/4986 5840/6972/4988
f 5818/6972/4967 5772/6972/2 5833/6972/4989
f 5681/6972/755 5832/6972/4965 5847/6972/4987
f 5826/6972/4968 5825/6972/4966 5840/6972/4988 5841/6972/4990
f 5819/6972/4969 5818/6972/4967 5833/6972/4989 5834/6972/4976
f 5827/6972/4970 5826/6972/4968 5841/6972/4990 5842/6972/4978
f 5839/6972/4986 5838/6972/4984 5853/6972/4991 5854/6972/4992
f 5847/6972/4987 5846/6972/4985 5861/6972/4993 5862/6972/4994
f 5840/6972/4988 5839/6972/4986 5854/6972/4992 5855/6972/4995
f 5833/6972/4989 5772/6972/2 5848/6972/4996
f 5681/6972/755 5847/6972/4987 5862/6972/4994
f 5841/6972/4990 5840/6972/4988 5855/6972/4995 5856/6972/4997
f 5834/6972/4976 5833/6972/4989 5848/6972/4996 5849/6972/4998
f 5842/6972/4978 5841/6972/4990 5856/6972/4997 5857/6972/4999
f 5835/6972/4977 5834/6972/4976 5849/6972/4998 5850/6972/5000
f 5843/6972/4979 5842/6972/4978 5857/6972/4999 5858/6972/5001
f 5836/6972/4980 5835/6972/4977 5850/6972/5000 5851/6972/5002
f 5844/6972/4981 5843/6972/4979 5858/6972/5001 5859/6972/5003
f 5837/6972/4982 5836/6972/4980 5851/6972/5002 5852/6972/5004
f 5845/6972/4983 5844/6972/4981 5859/6972/5003 5860/6972/5005
f 5838/6972/4984 5837/6972/4982 5852/6972/5004 5853/6972/4991
f 5846/6972/4985 5845/6972/4983 5860/6972/5005 5861/6972/4993
f 5858/6972/5001 5857/6972/4999 5872/6972/5006 5873/6972/5007
f 5851/6972/5002 5850/6972/5000 5865/6972/5008 5866/6972/5009
f 5859/6972/5003 5858/6972/5001 5873/6972/5007 5874/6972/5010
f 5852/6972/5004 5851/6972/5002 5866/6972/5009 5867/6972/5011
f 5860/6972/5005 5859/6972/5003 5874/6972/5010 5875/6972/5012
f 5853/6972/4991 5852/6972/5004 5867/6972/5011 5868/6972/5013
f 5861/6972/4993 5860/6972/5005 5875/6972/5012 5876/6972/5014
f 5854/6972/4992 5853/6972/4991 5868/6972/5013 5869/6972/5015
f 5862/6972/4994 5861/6972/4993 5876/6972/5014 5877/6972/5016
f 5855/6972/4995 5854/6972/4992 5869/6972/5015 5870/6972/5017
f 5848/6972/4996 5772/6972/2 5863/6972/5018
f 5681/6972/755 5862/6972/4994 5877/6972/5016
f 5856/6972/4997 5855/6972/4995 5870/6972/5017 5871/6972/5019
f 5849/6972/4998 5848/6972/4996 5863/6972/5018 5864/6972/5020
f 5857/6972/4999 5856/6972/4997 5871/6972/5019 5872/6972/5006
f 5850/6972/5000 5849/6972/4998 5864/6972/5020 5865/6972/5008
f 5877/6972/5016 5876/6972/5014 5891/6972/5021 5892/6972/5022
f 5870/6972/5017 5869/6972/5015 5884/6972/5023 5885/6972/5024
f 5863/6972/5018 5772/6972/2 5878/6972/5025
f 5681/6972/755 5877/6972/5016 5892/6972/5022
f 5871/6972/5019 5870/6972/5017 5885/6972/5024 5886/6972/5026
f 5864/6972/5020 5863/6972/5018 5878/6972/5025 5879/6972/5027
f 5872/6972/5006 5871/6972/5019 5886/6972/5026 5887/6972/5028
f 5865/6972/5008 5864/6972/5020 5879/6972/5027 5880/6972/5029
f 5873/6972/5007 5872/6972/5006 5887/6972/5028 5888/6972/5030
f 5866/6972/5009 5865/6972/5008 5880/6972/5029 5881/6972/5031
f 5874/6972/5010 5873/6972/5007 5888/6972/5030 5889/6972/5032
f 5867/6972/5011 5866/6972/5009 5881/6972/5031 5882/6972/5033
f 5875/6972/5012 5874/6972/5010 5889/6972/5032 5890/6972/5034
f 5868/6972/5013 5867/6972/5011 5882/6972/5033 5883/6972/5035
f 5876/6972/5014 5875/6972/5012 5890/6972/5034 5891/6972/5021
f 5869/6972/5015 5868/6972/5013 5883/6972/5035 5884/6972/5023
f 5881/6972/5031 5880/6972/5029 5895/6972/5036 5896/6972/5037
f 5889/6972/5032 5888/6972/5030 5903/6972/5038 5904/6972/5039
f 5882/6972/5033 5881/6972/5031 5896/6972/5037 5897/6972/5040
f 5890/6972/5034 5889/6972/5032 5904/6972/5039 5905/6972/5041
f 5883/6972/5035 5882/6972/5033 5897/6972/5040 5898/6972/5042
f 5891/6972/5021 5890/6972/5034 5905/6972/5041 5906/6972/5043
f 5884/6972/5023 5883/6972/5035 5898/6972/5042 5899/6972/5044
f 5892/6972/5022 5891/6972/5021 5906/6972/5043 5907/6972/5045
f 5885/6972/5024 5884/6972/5023 5899/6972/5044 5900/6972/5046
f 5878/6972/5025 5772/6972/2 5893/6972/5047
f 5681/6972/755 5892/6972/5022 5907/6972/5045
f 5886/6972/5026 5885/6972/5024 5900/6972/5046 5901/6972/5048
f 5879/6972/5027 5878/6972/5025 5893/6972/5047 5894/6972/5049
f 5887/6972/5028 5886/6972/5026 5901/6972/5048 5902/6972/5050
f 5880/6972/5029 5879/6972/5027 5894/6972/5049 5895/6972/5036
f 5888/6972/5030 5887/6972/5028 5902/6972/5050 5903/6972/5038
f 5900/6972/5046 5899/6972/5044 5914/6972/5051 5915/6972/5052
f 5893/6972/5047 5772/6972/2 5908/6972/5053
f 5681/6972/755 5907/6972/5045 5922/6972/5054
f 5901/6972/5048 5900/6972/5046 5915/6972/5052 5916/6972/5055
f 5894/6972/5049 5893/6972/5047 5908/6972/5053 5909/6972/5056
f 5902/6972/5050 5901/6972/5048 5916/6972/5055 5917/6972/5057
f 5895/6972/5036 5894/6972/5049 5909/6972/5056 5910/6972/5058
f 5903/6972/5038 5902/6972/5050 5917/6972/5057 5918/6972/5059
f 5896/6972/5037 5895/6972/5036 5910/6972/5058 5911/6972/5060
f 5904/6972/5039 5903/6972/5038 5918/6972/5059 5919/6972/5061
f 5897/6972/5040 5896/6972/5037 5911/6972/5060 5912/6972/5062
f 5905/6972/5041 5904/6972/5039 5919/6972/5061 5920/6972/5063
f 5898/6972/5042 5897/6972/5040 5912/6972/5062 5913/6972/5064
f 5906/6972/5043 5905/6972/5041 5920/6972/5063 5921/6972/5065
f 5899/6972/5044 5898/6972/5042 5913/6972/5064 5914/6972/5051
f 5907/6972/5045 5906/6972/5043 5921/6972/5065 5922/6972/5054
f 5919/6972/5061 5918/6972/5059 5933/6972/5066 5934/6972/5067
f 5912/6972/5062 5911/6972/5060 5926/6972/5068 5927/6972/5069
f 5920/6972/5063 5919/6972/5061 5934/6972/5067 5935/6972/5070
f 5913/6972/5064 5912/6972/5062 5927/6972/5069 5928/6972/5071
f 5921/6972/5065 5920/6972/5063 5935/6972/5070 5936/6972/5072
f 5914/6972/5051 5913/6972/5064 5928/6972/5071 5929/6972/5073
f 5922/6972/5054 5921/6972/5065 5936/6972/5072 5937/6972/5074
f 5915/6972/5052 5914/6972/5051 5929/6972/5073 5930/6972/5075
f 5908/6972/5053 5772/6972/2 5923/6972/5076
f 5681/6972/755 5922/6972/5054 5937/6972/5074
f 5916/6972/5055 5915/6972/5052 5930/6972/5075 5931/6972/5077
f 5909/6972/5056 5908/6972/5053 5923/6972/5076 5924/6972/5078
f 5917/6972/5057 5916/6972/5055 5931/6972/5077 5932/6972/5079
f 5910/6972/5058 5909/6972/5056 5924/6972/5078 5925/6972/5080
f 5918/6972/5059 5917/6972/5057 5932/6972/5079 5933/6972/5066
f 5911/6972/5060 5910/6972/5058 5925/6972/5080 5926/6972/5068
f 5681/6972/755 5937/6972/5074 5952/6972/5081
f 5931/6972/5077 5930/6972/5075 5945/6972/5082 5946/6972/5083
f 5924/6972/5078 5923/6972/5076 5938/6972/5084 5939/6972/5085
f 5932/6972/5079 5931/6972/5077 5946/6972/5083 5947/6972/5086
f 5925/6972/5080 5924/6972/5078 5939/6972/5085 5940/6972/5087
f 5933/6972/5066 5932/6972/5079 5947/6972/5086 5948/6972/5088
f 5926/6972/5068 5925/6972/5080 5940/6972/5087 5941/6972/5089
f 5934/6972/5067 5933/6972/5066 5948/6972/5088 5949/6972/5090
f 5927/6972/5069 5926/6972/5068 5941/6972/5089 5942/6972/5091
f 5935/6972/5070 5934/6972/5067 5949/6972/5090 5950/6972/5092
f 5928/6972/5071 5927/6972/5069 5942/6972/5091 5943/6972/5093
f 5936/6972/5072 5935/6972/5070 5950/6972/5092 5951/6972/5094
f 5929/6972/5073 5928/6972/5071 5943/6972/5093 5944/6972/5095
f 5937/6972/5074 5936/6972/5072 5951/6972/5094 5952/6972/5081
f 5930/6972/5075 5929/6972/5073 5944/6972/5095 5945/6972/5082
f 5923/6972/5076 5772/6972/2 5938/6972/5084
f 5950/6972/5092 5949/6972/5090 5955/6972/4621 5485/6972/4620
f 5943/6972/5093 5942/6972/5091 5480/6972/4616 5481/6972/4624
f 5951/6972/5094 5950/6972/5092 5485/6972/4620 5956/6972/4626
f 5944/6972/5095 5943/6972/5093 5481/6972/4624 5482/6972/4628
f 5952/6972/5081 5951/6972/5094 5956/6972/4626 5957/6972/4630
f 5945/6972/5082 5944/6972/5095 5482/6972/4628 5483/6972/4632
f 5938/6972/5084 5772/6972/2 5476/6972/4634
f 5681/6972/755 5952/6972/5081 5957/6972/4630
f 5946/6972/5083 5945/6972/5082 5483/6972/4632 5484/6972/4636
f 5939/6972/5085 5938/6972/5084 5476/6972/4634 5477/6972/4638
f 5947/6972/5086 5946/6972/5083 5484/6972/4636 5953/6972/4640
f 5940/6972/5087 5939/6972/5085 5477/6972/4638 5478/6972/4642
f 5948/6972/5088 5947/6972/5086 5953/6972/4640 5954/6972/4644
f 5941/6972/5089 5940/6972/5087 5478/6972/4642 5479/6972/4617
f 5949/6972/5090 5948/6972/5088 5954/6972/4644 5955/6972/4621
f 5942/6972/5091 5941/6972/5089 5479/6972/4617 5480/6972/4616
