# Blender 4.0.2
# www.blender.org
mtllib monument.mtl
o monument
v 1.998700 2.603060 -0.356624
v 1.607890 3.361560 -0.328398
v 1.613420 3.353330 -0.026945
v 1.975540 2.587850 -0.024610
v 2.485040 1.686370 -0.392277
v 2.475820 1.689520 -0.023986
v 2.498440 1.191950 -0.020454
v 2.496550 1.177620 -0.383602
v 1.586940 1.701860 -0.490852
v 2.315710 1.683320 -0.464756
v 2.341490 1.184470 -0.500256
v 1.597450 1.181970 -0.495402
v -1.606920 1.673710 0.481848
v -2.237650 1.671780 0.495659
v -2.262050 1.226200 0.493809
v -1.616890 1.225030 0.490210
v -2.486150 1.696080 -0.032508
v -2.461810 1.707680 -0.405751
v -2.478250 1.221740 -0.418708
v -2.486780 1.223360 -0.039502
v -1.578760 3.500240 -0.385233
v -1.586970 3.490390 -0.027638
v -0.945983 4.715870 -0.028699
v -0.933749 4.717440 -0.380282
v 0.477885 5.422510 -0.008370
v 0.435279 5.362110 -0.381289
v 0.221546 5.426830 -0.385703
v 0.227440 5.435060 -0.013684
v 0.832508 4.876400 -0.382272
v 0.832566 4.888580 -0.002306
v 0.988125 4.591480 0.010271
v 0.992686 4.577860 -0.362495
v -0.054621 5.446430 -0.020667
v -0.052090 5.441700 -0.380959
v -0.291467 5.449810 -0.382165
v -0.301217 5.459570 -0.028095
v 0.253909 4.419020 -0.492736
v 0.638580 4.735190 -0.493543
v 0.770774 4.468090 -0.457310
v 0.354948 4.220160 -0.480955
v 0.071110 4.793660 -0.486700
v 0.034918 4.817800 -0.487795
v 0.166581 5.257240 -0.501850
v 0.327898 5.192440 -0.498542
v -0.044350 4.804430 -0.492554
v -0.223145 5.273370 -0.495388
v -0.040563 5.288460 -0.499352
v -0.009730 4.847200 -0.491253
v -0.360986 4.183960 -0.494932
v -0.857587 3.167750 -0.494288
v -1.377830 3.401540 -0.486379
v -0.778011 4.571950 -0.490621
v -2.230510 1.702340 -0.481703
v -1.582200 1.701530 -0.481261
v -1.591880 1.232930 -0.493175
v -2.240570 1.233350 -0.490595
v 1.153150 1.664840 -0.496618
v 1.193160 1.169060 -0.496845
v 0.944239 3.056290 -0.484074
v 1.508760 3.324980 -0.478140
v 1.879570 2.586930 -0.497118
v 1.229300 2.442940 -0.496743
v 2.306210 1.696960 0.496667
v 1.565520 1.728460 0.382331
v 1.602560 1.234520 0.489250
v 2.336000 1.221230 0.491502
v 0.916068 3.030890 0.382129
v 1.203540 2.440520 0.388344
v 1.867470 2.563950 0.471769
v 1.495140 3.277290 0.451185
v 1.558440 1.724960 -0.081415
v 1.563200 1.716420 -0.442412
v 1.149600 1.698790 -0.441566
v 1.132790 1.698680 -0.037785
v 1.113370 1.663020 0.480852
v 1.139880 1.195210 0.482438
v -0.871486 3.130870 0.482590
v -0.361715 4.137910 0.486404
v -0.788485 4.549660 0.489714
v -1.382410 3.373780 0.484180
v -0.311153 4.151700 -0.439162
v -0.319706 4.135890 -0.041089
v -0.839635 3.150780 -0.036241
v -0.833658 3.159150 -0.431237
v 0.011445 4.736670 -0.454649
v -0.015326 4.712960 -0.057219
v -0.019928 4.705060 -0.050665
v -0.001914 4.728540 -0.448205
v 0.011231 4.726670 -0.444555
v 0.024316 4.704140 -0.051533
v 0.009525 4.721280 -0.055596
v 0.011387 4.731490 -0.448837
v -0.057958 4.720000 0.466623
v -0.035114 4.725230 0.458501
v -0.053250 5.259800 0.472405
v -0.239639 5.231810 0.483632
v 0.034500 4.671670 0.452945
v 0.329601 5.175370 0.471702
v 0.159943 5.225020 0.476632
v 0.006797 4.703940 0.443822
v 0.200695 4.381730 0.485491
v 0.296885 4.231220 0.492458
v 0.746398 4.501240 0.481652
v 0.599739 4.734480 0.476572
v 0.314289 4.172010 -0.422417
v 0.301414 4.177380 -0.024318
v 0.202117 4.358800 -0.037454
v 0.196753 4.358780 -0.437180
v 0.391954 4.103960 -0.403267
v 0.839925 4.328010 -0.353104
v 0.853136 4.321440 0.014994
v 0.357068 4.069160 -0.013693
v -0.590806 1.691460 -0.489215
v -0.022992 1.682630 -0.490368
v -0.006740 1.207610 -0.493686
v -0.586145 1.217710 -0.494524
v -0.025393 1.697980 -0.434431
v -0.593219 1.698600 -0.425961
v -0.612123 1.699560 -0.025591
v -0.043469 1.695810 -0.029822
v -1.195740 1.687670 -0.471705
v -1.203540 1.228390 -0.492188
v -1.564870 1.711210 -0.427055
v -1.557340 1.710770 -0.028625
v -1.218060 1.702030 -0.021357
v -1.198300 1.698630 -0.416864
v -1.243610 1.675240 0.486080
v -1.250580 1.224240 0.482369
v -0.066802 1.675220 0.489552
v -0.636517 1.674540 0.486948
v -0.634822 1.220650 0.489451
v -0.056924 1.217150 0.483974
v 1.220510 0.915731 -0.025042
v 1.223870 0.913426 -0.434667
v 1.603790 0.911249 -0.435628
v 1.611000 0.911639 -0.026217
v 2.322410 0.921362 -0.380834
v 2.338150 0.902135 -0.010781
v -1.608910 0.912872 -0.035517
v -1.598830 0.914534 -0.440813
v -1.281920 0.909919 -0.399923
v -1.305610 0.912358 -0.049038
v -2.261640 0.915411 -0.043342
v -2.257620 0.908649 -0.446202
v -0.000306 0.958447 -0.888374
v -0.563582 0.957442 -0.880261
v -0.563655 0.956300 -0.828601
v -0.000026 0.963408 -0.838675
v 0.001134 0.892381 -0.909858
v 0.009256 0.556331 -0.910903
v -0.556554 0.559590 -0.914567
v -0.562617 0.894184 -0.917247
v 1.176020 0.841586 -0.805746
v 1.178620 0.555376 -0.857462
v 1.168190 0.544808 -0.890140
v 1.168140 0.833966 -0.852538
v 1.178370 0.855300 -0.440329
v 1.176800 0.851031 -0.034206
v 1.174800 0.556575 -0.055297
v 1.180890 0.555871 -0.483587
v 1.103180 0.877127 0.886717
v 1.138080 0.551098 0.890422
v 1.170310 0.570668 0.835360
v 1.144490 0.889234 0.816679
v -0.524361 0.869173 0.914657
v -0.557184 0.562572 0.911860
v -0.001063 0.562302 0.911786
v 0.004162 0.878493 0.908961
v -0.005281 0.963774 0.835396
v -0.547190 0.965968 0.836846
v -0.517756 0.930880 0.913880
v 0.005226 0.942174 0.908551
v -1.169270 0.883732 0.845813
v -1.180820 0.585284 0.828026
v -1.140240 0.558448 0.903263
v -1.091240 0.848592 0.910825
v -1.185540 0.862675 -0.396443
v -1.182140 0.556157 -0.450037
v -1.182730 0.560137 -0.105755
v -1.187170 0.874819 -0.060035
v -1.171540 0.889003 -0.888603
v -1.149670 0.563022 -0.915251
v -1.182010 0.563803 -0.843817
v -1.181460 0.889371 -0.810300
v 2.750090 0.490335 0.855274
v 2.921080 0.484094 0.848859
v 2.922950 0.482860 0.781271
v 2.751260 0.488796 0.786730
v 2.754610 0.480912 -0.440055
v 2.755500 0.481286 -0.037593
v 2.924780 0.483193 -0.035308
v 2.922690 0.483897 -0.434706
v 2.918170 0.489570 -0.931726
v 2.749320 0.486411 -0.929705
v 2.749960 0.483702 -0.873246
v 2.918320 0.487761 -0.873599
v -1.160150 0.511875 0.921467
v -1.183960 0.535708 0.825379
v -2.098110 0.497554 0.801703
v -2.081990 0.499699 0.890871
v -1.200920 0.514602 -0.111476
v -1.201310 0.506031 -0.455239
v -2.097080 0.494890 -0.513833
v -2.095090 0.500746 -0.113542
v -1.206630 0.512254 -0.855903
v -1.158750 0.510822 -0.938990
v -2.088200 0.499964 -0.930648
v -2.099560 0.499926 -0.883637
v 2.883980 0.461016 -1.231630
v 2.715770 0.475022 -1.238100
v -1.140460 0.487842 -1.280640
v -2.076870 0.501350 -1.287590
v -0.555482 0.504834 -0.930002
v 0.010640 0.500807 -0.923047
v 0.001604 0.498781 -1.266120
v -0.551289 0.498193 -1.277680
v 2.708200 0.493071 1.226200
v 2.877410 0.488710 1.205360
v -0.001918 0.509946 0.921336
v -0.562640 0.511855 0.922369
v -0.545337 0.499336 1.226260
v 0.009333 0.494898 1.228860
v -1.136370 0.497554 1.219820
v -2.053800 0.501159 1.242650
v -3.051690 0.408118 -0.918247
v -3.048880 0.368628 -1.265320
v -3.051860 0.114878 -1.250620
v -3.048530 0.121821 -0.903830
v -3.047810 0.123694 -0.863147
v -3.051490 0.408794 -0.875908
v -3.051870 0.411501 -0.111114
v -3.050510 0.412922 -0.535205
v -3.052090 0.131816 -0.533045
v -3.049050 0.123696 -0.112187
v -3.053110 0.117568 0.861989
v -3.049120 0.388203 0.859057
v -3.050850 0.399126 0.781000
v -3.051890 0.117787 0.782789
v -3.053030 0.097406 1.270210
v -3.034250 0.362161 1.266360
v -1.106260 0.124139 1.452430
v -1.121260 0.426984 1.447600
v -2.054600 0.388232 1.447750
v -2.045330 0.106829 1.449400
v 0.016615 0.422729 1.448140
v -0.534259 0.422546 1.443290
v -0.521331 0.127856 1.447600
v 0.027594 0.131352 1.447250
v 2.711380 0.105530 1.446830
v 2.906540 0.111756 1.452080
v 2.900170 0.397602 1.441300
v 2.698850 0.411402 1.446460
v 3.047510 0.403650 0.845477
v 3.037990 0.384549 1.234720
v 3.034010 0.119431 1.252710
v 3.044550 0.121336 0.844182
v 3.045600 0.118201 0.767973
v 3.047670 0.402032 0.775478
v 3.048730 0.394368 -0.435172
v 3.048230 0.392108 -0.041083
v 3.046620 0.104039 -0.065806
v 3.042710 0.106760 -0.449073
v 3.046640 0.107306 -0.960198
v 3.042510 0.396610 -0.938857
v 3.043280 0.395947 -0.879931
v 3.044510 0.107094 -0.900498
v 3.048880 0.098762 -1.261100
v 3.041770 0.354527 -1.253970
v 2.710970 0.348031 -1.429950
v 2.902010 0.339861 -1.413340
v 2.935680 0.087051 -1.449540
v 2.747260 0.077035 -1.446740
v -0.029869 0.124091 -1.445980
v -0.582185 0.111908 -1.450800
v -0.556706 0.400986 -1.445060
v -0.008366 0.412162 -1.446180
v -1.140990 0.390045 -1.451250
v -1.170750 0.098920 -1.451670
v -2.099410 0.104689 -1.445890
v -2.083040 0.371444 -1.443610
v -1.191730 -0.022604 0.813761
v -1.129050 -0.021113 1.257670
v -2.063020 -0.017906 1.264920
v -2.110930 -0.022726 0.838834
v -2.111690 -0.025271 0.758890
v -1.191840 -0.024522 0.733846
v -1.188770 -0.022228 -0.836255
v -2.107560 -0.021558 -0.867759
v -2.105200 -0.017822 -1.266110
v -1.182200 -0.025891 -1.262950
v -1.191940 -0.022886 -0.796955
v -2.109310 -0.021091 -0.827328
v -1.211940 -0.026327 -0.482220
v -1.203270 -0.014142 -0.106838
v -2.116360 -0.021000 -0.109914
v -2.120940 -0.019816 -0.507306
v -0.594812 -0.027935 -0.837428
v -0.590836 -0.019998 -1.263090
v -0.036052 -0.019075 -1.262250
v -0.037509 -0.020665 -0.837972
v -0.039945 -0.020805 -0.798993
v -0.597632 -0.029868 -0.798075
v -0.598455 -0.022473 0.802983
v -0.041702 -0.026708 0.793134
v 0.008804 -0.024465 1.253570
v -0.542168 -0.017243 1.253940
v -0.599413 -0.023388 0.721142
v -0.043466 -0.028387 0.709250
v -0.055940 -0.021325 -0.488573
v -0.053964 -0.017313 -0.128867
v -0.610386 -0.020005 -0.118213
v -0.615558 -0.028777 -0.485496
v 2.937960 -0.028021 -0.959963
v 2.757060 -0.028307 -0.948459
v 2.756700 -0.019734 -1.286890
v 2.941330 -0.026461 -1.286090
v 2.937500 -0.027874 -0.900676
v 2.756160 -0.030221 -0.891572
v 2.748930 -0.027828 -0.459487
v 2.930050 -0.031529 -0.455606
v 2.929510 -0.021857 -0.077609
v 2.749430 -0.033210 -0.084611
v 2.940170 -0.029594 0.841842
v 2.755750 -0.030378 0.835455
v 2.754450 -0.027477 0.755479
v 2.938710 -0.029720 0.762337
v 2.906620 -0.020032 1.256950
v 2.726890 -0.025517 1.260930
v 1.964510 0.481920 0.883303
v 1.942720 0.484728 1.230330
v 1.938470 0.417600 1.446240
v 1.947740 0.123092 1.449040
v 1.947590 -0.027025 1.254260
v 1.943910 -0.019256 0.803931
v 1.941490 -0.020265 0.720542
v 1.934280 -0.023689 -0.117470
v 1.936270 -0.035380 -0.477037
v 1.947050 -0.035787 -0.895388
v 1.945850 -0.038589 -0.846990
v 1.944100 -0.023121 -1.280580
v 1.940950 0.108008 -1.449990
v 1.929390 0.387763 -1.450080
v 1.975910 0.484949 -0.921758
v 1.940900 0.495286 -1.251990
v 1.981940 0.481744 -0.870351
v 1.991380 0.483998 -0.464778
v 1.986320 0.490591 -0.047855
v 1.974010 0.482412 0.811619
v 0.593424 0.959979 -0.899722
v 0.597524 0.965240 -0.820050
v 0.595715 0.894667 -0.914988
v 0.604452 0.563266 -0.913842
v 0.606206 0.509013 -0.926685
v 0.583031 0.493445 -1.256510
v 0.568313 0.416092 -1.446880
v 0.550979 0.132086 -1.453150
v 0.547127 -0.022878 -1.268310
v 0.548559 -0.018347 -0.838749
v 0.546510 -0.018559 -0.800123
v 0.532536 -0.018582 -0.491819
v 0.531154 -0.016839 -0.140082
v 0.541109 -0.022483 0.696735
v 0.543721 -0.023644 0.782364
v 0.588230 -0.020319 1.250880
v 0.604952 0.136292 1.446610
v 0.596611 0.420093 1.439580
v 0.587732 0.508638 0.921009
v 0.592617 0.494220 1.235580
v 0.583683 0.562054 0.911048
v 0.560044 0.885488 0.911838
v 0.555059 0.950080 0.901493
v 0.556774 0.963574 0.821648
v 0.532273 1.672800 0.490402
v 0.550549 1.206020 0.483494
v 0.553583 1.694240 -0.033859
v 0.571006 1.697010 -0.437763
v 0.573995 1.672660 -0.492093
v 0.602303 1.188010 -0.491124
v 0.559711 0.976506 0.493373
v -0.052097 0.992233 0.497663
v -0.634032 1.002290 0.496136
v -1.186930 0.877878 0.441490
v -1.178900 0.556491 0.384008
v -1.194050 0.503365 0.374498
v -2.093590 0.496866 0.400479
v -3.050740 0.409302 0.433451
v -3.047070 0.113263 0.428241
v -2.111280 -0.024351 0.400633
v -1.192200 -0.023597 0.375250
v -0.603661 -0.025902 0.353465
v -0.051372 -0.020374 0.333064
v 0.529378 -0.016421 0.311618
v 1.931590 -0.020763 0.344377
v 2.749970 -0.027895 0.396699
v 2.932050 -0.027222 0.408260
v 3.047170 0.100635 0.426365
v 3.041980 0.388882 0.464967
v 2.926600 0.490399 0.477318
v 2.756600 0.487436 0.479157
v 1.978530 0.494233 0.487506
v 1.168940 0.564032 0.496966
v 1.188770 0.900346 0.505314
v 1.178810 0.863263 -0.496276
v 1.180370 0.556091 -0.542355
v 1.991900 0.482659 -0.522792
v 2.754480 0.480301 -0.495993
v 2.920740 0.480593 -0.490171
v 3.047700 0.394587 -0.489947
v 3.044100 0.107098 -0.502353
v 2.931400 -0.032404 -0.507893
v 2.748780 -0.026760 -0.511588
v 1.936510 -0.037284 -0.526998
v 0.532731 -0.018887 -0.540704
v -0.056218 -0.021522 -0.538574
v -0.616289 -0.027191 -0.536568
v -1.213130 -0.025957 -0.534399
v -2.121890 -0.020106 -0.562181
v -3.053300 0.132946 -0.591541
v -3.049750 0.413050 -0.594155
v -1.257810 0.492801 -0.549607
v -2.097910 0.494749 -0.569595
v -1.184640 0.541288 -0.551872
v -1.185740 0.878862 -0.509176
v -0.583877 0.985398 -0.497507
v 0.001216 0.974366 -0.504869
v 0.617505 0.974381 -0.524206
v -3.042070 0.491244 -0.922504
v -3.039520 0.446457 -1.259180
v -1.132240 0.474281 -1.433470
v -2.071160 0.473187 -1.445140
v -0.549398 0.493155 -1.433330
v -0.002434 0.494063 -1.419710
v 0.572657 0.496143 -1.404420
v 1.925160 0.498295 -1.399860
v 2.696910 0.417803 -1.369280
v 2.864360 0.394424 -1.354330
v 3.012120 0.450078 -1.229140
v 3.028390 0.479782 -0.932023
v 3.028580 0.479525 -0.873995
v 3.029770 0.477768 -0.486312
v 3.032870 0.480582 -0.431111
v 3.034670 0.476995 -0.033873
v 3.037330 0.472726 0.476213
v 3.035700 0.484387 0.777583
v 3.033610 0.485260 0.844788
v 2.992080 0.465512 1.188710
v 2.854180 0.464119 1.361400
v 2.689590 0.492726 1.390270
v 1.933070 0.484689 1.383850
v 0.594777 0.490896 1.374830
v 0.014337 0.492575 1.365050
v -0.537656 0.501241 1.360920
v -1.125880 0.498042 1.351950
v -2.041250 0.499699 1.398190
v -3.027270 0.465742 0.856296
v -2.999210 0.439067 1.237910
v -3.036850 0.480414 0.779961
v -3.029810 0.494541 0.435101
v -3.029760 0.493571 -0.110840
v -3.030110 0.493265 -0.535998
v -3.030650 0.493844 -0.595094
v -3.040510 0.491511 -0.879877
v -3.048610 0.039943 -0.859400
v -3.048780 0.037720 -0.899592
v -3.051900 0.050665 -0.590766
v -3.051370 0.049840 -0.532395
v -3.048450 0.042922 -0.112459
v -3.053810 0.035162 0.783325
v -3.052980 0.026351 0.426702
v -3.052960 0.038070 0.862791
v -3.044340 -0.003291 1.269400
v -1.101850 0.035165 1.449210
v -2.041630 0.020320 1.451670
v -0.517537 0.042274 1.447710
v 0.030817 0.045772 1.449800
v 0.607425 0.051001 1.450180
v 1.950440 0.036694 1.447170
v 2.715010 0.015691 1.446240
v 2.886450 0.008384 1.438720
v 3.013630 0.037657 1.229880
v 3.047580 0.038301 0.843937
v 3.046250 0.034831 0.765756
v 3.044440 0.015975 0.415048
v 3.042810 0.019511 -0.073055
v 3.038960 0.024203 -0.453148
v 3.047930 0.022265 -0.906521
v 3.040940 0.022662 -0.506004
v 3.048790 0.022355 -0.966472
v 3.048260 0.024703 -1.258130
v 2.940330 -0.011311 -1.431690
v 2.756820 -0.002789 -1.437650
v 1.943780 0.022680 -1.449110
v 0.545924 0.045263 -1.453030
v -0.036186 0.039476 -1.446660
v -0.589664 0.025685 -1.450240
v -1.179490 0.013413 -1.451430
v -2.103590 0.009623 -1.443380
v -3.051270 0.038897 -1.244950
v 1.200800 2.447750 -0.431105
v 1.195410 2.445410 -0.080809
v 0.899033 3.043930 -0.080032
v 0.906211 3.050750 -0.420975
v 0.878491 3.201150 -0.412067
v 0.844696 3.199920 -0.076610
v 1.382690 3.519880 -0.031607
v 1.384200 3.534450 -0.337648
v 2.454280 1.690910 0.448926
v 2.478540 1.217140 0.446915
v 2.498690 1.207510 0.372722
v 2.473430 1.694850 0.374780
v 2.347620 0.959196 0.489785
v 1.618810 0.987987 0.495860
v 1.618720 0.919161 0.417055
v 2.355010 0.907964 0.390124
v 1.153350 0.965931 0.493970
v 1.225960 0.899897 0.418274
v 1.170830 0.557894 0.408418
v 1.180690 0.844418 0.405460
v 2.756410 0.486317 0.398085
v 1.980820 0.496632 0.403537
v 2.927410 0.493700 0.397029
v 3.045290 0.389513 0.385578
v 3.038820 0.475401 0.396186
v 3.047570 0.101165 0.349152
v 3.044940 0.015831 0.338467
v 2.749970 -0.029125 0.321183
v 2.931650 -0.024423 0.331637
v 1.932070 -0.019848 0.271913
v -0.051778 -0.019160 0.260593
v 0.529657 -0.016288 0.240731
v -0.604726 -0.022738 0.279486
v -2.111400 -0.022359 0.320322
v -1.193950 -0.025094 0.299616
v -3.048880 0.114924 0.343462
v -3.051330 0.029822 0.342122
v -3.048950 0.409413 0.348015
v -3.028300 0.492508 0.349456
v -1.189900 0.509628 0.260659
v -2.092880 0.499915 0.319861
v -1.187630 0.888952 0.304165
v -1.176580 0.563489 0.266939
v -1.652040 0.954252 0.484742
v -1.619800 0.895987 0.403160
v -1.331760 0.911380 0.330843
v -1.268170 0.927198 0.477100
v -2.259980 0.991687 0.482240
v -2.266130 0.918579 0.392811
v -2.466350 1.669740 0.443154
v -2.481240 1.676330 0.372101
v -2.493680 1.225050 0.371086
v -2.496860 1.226920 0.460725
v -1.535620 3.445770 0.436872
v -0.944534 4.700130 0.476368
v -0.953325 4.711000 0.351968
v -1.570490 3.466730 0.359300
v -0.057889 5.454930 0.441974
v -0.057350 5.454900 0.369371
v -0.306405 5.429730 0.355076
v -0.303118 5.416940 0.427586
v 0.437672 5.359750 0.476719
v 0.466046 5.400720 0.399449
v 0.234413 5.448040 0.388943
v 0.216512 5.415900 0.479390
v 0.745736 4.863670 0.477125
v 0.910991 4.600050 0.480473
v 0.990478 4.608720 0.413731
v 0.818361 4.892370 0.409363
v 0.333640 4.107130 0.409089
v 0.857583 4.333130 0.413344
v 0.814892 4.386850 0.488036
v 0.345084 4.164810 0.488294
v 0.190639 4.349510 0.394999
v 0.280293 4.177820 0.406417
v 0.030167 4.675210 0.373849
v 0.006602 4.707040 0.370036
v -0.038027 4.676010 0.379561
v -0.039221 4.673680 0.372418
v -0.841866 3.139510 0.391385
v -0.322448 4.115410 0.389849
v -1.239520 1.700920 0.406840
v -1.553150 1.707740 0.402761
v -0.063035 1.694830 0.408230
v -0.632590 1.700040 0.407870
v 0.534715 1.694680 0.403435
v 1.563250 1.728460 0.309577
v 1.114620 1.698110 0.399370
v 0.906582 3.042330 0.289292
v 1.198940 2.447500 0.298520
v 0.874434 3.170660 0.353547
v 1.386560 3.451680 0.391353
v 1.384150 3.497870 0.299383
v 0.855647 3.180080 0.286367
v 2.010980 2.603320 0.334245
v 1.618460 3.343890 0.299422
v 1.613390 3.316910 0.391623
v 2.000510 2.587460 0.428826
v 1.399460 3.525050 -0.428395
v 0.895363 3.197360 -0.458477
v 0.406090 4.136290 -0.455255
v 0.816986 4.342770 -0.406180
v 0.921538 4.560370 -0.440866
v 0.779493 4.850880 -0.496843
v 0.416817 5.336160 -0.431167
v 0.213714 5.416950 -0.471148
v -0.051664 5.443750 -0.431137
v -0.288081 5.443190 -0.461280
v -0.930655 4.713960 -0.489291
v -1.571260 3.495950 -0.484570
v -2.449980 1.706740 -0.450658
v -2.472130 1.226940 -0.467491
v -2.249710 0.946256 -0.488605
v -1.599040 0.940493 -0.488958
v -1.213440 0.947524 -0.510203
v 1.212790 0.925448 -0.491458
v 1.602410 0.926574 -0.492443
v 2.302390 0.940490 -0.433644
v 2.457670 1.679150 -0.442745
v 2.486580 1.185800 -0.488794
v 2.000430 2.608640 -0.416508
v 1.610190 3.365150 -0.376744
v -2.490900 0.978868 -0.424173
v -2.479810 0.985344 -0.478674
v -2.494510 0.985827 -0.048262
v -2.492860 0.999443 0.435410
v -2.495070 0.994221 0.358746
v 2.486840 0.983954 0.441622
v 2.496360 0.967779 0.370526
v 2.462800 0.928464 -0.369320
v 2.497790 0.934627 -0.014412
v 2.439050 0.946902 -0.417891
v 1.519550 3.529600 -0.362679
v 1.519420 3.527810 -0.321950
v 1.530840 3.528330 -0.028151
v 1.517060 3.499330 0.288276
v 1.506360 3.464650 0.345688
v 2.186140 1.986450 -0.495123
v 1.474520 1.947560 -0.484384
v 1.451540 1.960180 -0.437391
v 1.446850 1.961820 -0.080376
v 1.441620 1.959750 0.389674
v 1.434270 1.959840 0.306069
v 2.171200 1.985060 0.483799
v 2.328460 1.996700 0.362298
v 2.317020 1.991480 0.459994
v 2.330960 1.990280 -0.381398
v 2.326970 1.991930 -0.024300
v 2.323230 1.992700 -0.455517
v -2.314600 2.035190 -0.463560
v -2.312950 2.033020 -0.390639
v -2.327090 2.018810 -0.024604
v -2.311040 1.987590 0.450868
v -2.338630 2.001610 0.371684
v -1.481650 1.933010 0.473433
v -2.089810 1.973240 0.491630
v -1.447840 1.970580 0.395498
v -1.447100 1.972380 -0.424633
v -1.444210 1.969990 -0.030856
v -1.459130 1.962650 -0.473250
v -2.092140 2.007480 -0.487911
v -0.124932 4.512980 -0.440497
v -0.181862 4.552540 -0.490419
v -0.126631 4.490410 -0.043299
v -0.178937 4.504250 0.483624
v -0.144008 4.474070 0.386760
v -0.560630 4.972930 0.488234
v -0.701337 5.142170 0.457329
v -0.702405 5.148510 0.345615
v -0.697071 5.154110 -0.033012
v -0.689907 5.157840 -0.382686
v -0.672884 5.146190 -0.468847
v -0.540997 4.988450 -0.497020
v 0.982124 4.476900 0.472187
v 1.027300 4.459110 0.401679
v 1.041630 4.426950 0.019524
v 0.999729 4.417650 -0.332919
v 0.962918 4.425010 -0.379643
v -0.502766 5.379670 -0.429101
v -0.508675 5.385380 -0.381074
v -0.542961 5.416390 -0.034720
v -0.534777 5.378120 0.410945
v -0.539853 5.389060 0.340968
v -0.080660 4.717850 0.468728
v -0.413207 5.205600 0.485674
v -0.036928 4.678280 0.386306
v -0.023329 4.698040 -0.045320
v -0.013002 4.718450 -0.443947
v -0.077210 4.764010 -0.493228
v -0.391132 5.216700 -0.489432
v -2.441990 0.992199 0.472347
v -2.460800 0.923418 0.386703
v -2.460700 0.916978 -0.044496
v -2.452350 0.924598 -0.442799
v -2.431210 0.970200 -0.490811
v -2.426420 1.233770 -0.491749
v -2.422050 1.704510 -0.479750
v -2.276090 2.022740 -0.493247
v -0.895240 4.680920 -0.493240
v -1.525330 3.467640 -0.492296
v -0.643314 5.111340 -0.492167
v -0.483621 5.351230 -0.493282
v -0.274294 5.410440 -0.496032
v -0.049028 5.422210 -0.492429
v 0.204083 5.384330 -0.495820
v 0.399922 5.307040 -0.470823
v 0.746643 4.823840 -0.497138
v 0.887375 4.537720 -0.449636
v 0.927720 4.407140 -0.384027
v 0.963309 4.395200 -0.338067
v 0.986670 4.395290 0.020383
v 0.994436 4.419560 0.408344
v 0.945018 4.453270 0.481982
v 0.872490 4.576940 0.481246
v 0.711605 4.833430 0.474335
v 0.412381 5.316570 0.477525
v 0.203022 5.371430 0.485510
v -0.058990 5.413950 0.480273
v -0.291411 5.384810 0.482713
v -0.512387 5.352170 0.483047
v -0.671192 5.106500 0.492521
v -0.909431 4.665830 0.494040
v -1.519230 3.438830 0.453805
v -2.418280 1.671950 0.483387
v -2.262610 1.985710 0.481019
v -2.446010 1.226430 0.492986
v 2.372630 0.942249 -0.427248
v 2.394930 0.921438 -0.375631
v 2.418160 0.901974 -0.010136
v 2.429060 0.958681 0.485265
v 2.436450 0.910059 0.385905
v 2.414310 1.219210 0.484971
v 2.387950 1.695190 0.493190
v 2.249140 1.990210 0.485450
v 1.940950 2.579510 0.468381
v 1.562750 3.305450 0.441511
v 1.448990 3.462600 0.372200
v 1.452780 3.511650 0.297396
v 1.454120 3.563030 -0.026991
v 1.454320 3.571350 -0.329517
v 1.474510 3.563810 -0.415890
v 1.588420 3.364470 -0.467034
v 1.963590 2.610740 -0.495035
v 2.259050 1.990770 -0.483061
v 2.388480 1.681200 -0.453684
v 2.416290 1.184720 -0.498589
v 2.975250 0.388136 -1.349630
v 3.025980 0.330811 -1.393590
v 3.050500 0.094954 -1.395880
v 3.048850 0.025188 -1.388770
v 2.989100 0.045728 1.399660
v 3.032320 0.118123 1.433570
v 3.026480 0.373709 1.406320
v 2.960010 0.434556 1.337890
v 1.159630 0.499921 0.913539
v 1.158380 0.499285 1.242840
v 1.157830 0.499165 1.388510
v 1.159150 0.425373 1.450250
v 1.165060 0.141099 1.449190
v 1.166800 0.057598 1.448810
v 1.149700 -0.019038 1.247010
v 1.111680 -0.026633 0.772241
v 1.108240 -0.023752 0.684503
v 1.092790 -0.017183 0.290754
v 1.093730 -0.017387 0.221456
v 1.098780 -0.018846 -0.150966
v 1.103440 -0.021485 -0.494946
v 1.104090 -0.021644 -0.542760
v 1.115440 -0.022578 -0.801205
v 1.117140 -0.023063 -0.839888
v 1.112020 -0.018938 -1.268710
v 1.110640 0.057211 -1.452000
v 1.114520 0.139780 -1.450270
v 1.127780 0.420932 -1.451420
v 1.130550 0.494594 -1.387510
v 1.183550 0.499676 -0.914867
v 1.146910 0.490533 -1.241270
v 1.195200 0.509188 -0.868303
v 1.210710 0.507496 -0.550290
v 1.209490 0.508005 -0.490263
v 1.198890 0.510330 -0.058407
v 1.181180 0.508318 0.496029
v 1.185950 0.510629 0.409129
v 1.178050 0.517965 0.839194
v 1.173460 0.899025 -0.795075
v 1.163850 0.891340 -0.839877
v 1.087950 0.940863 0.875295
v 1.101780 0.947595 0.806193
v -1.124180 0.941171 0.831165
v -1.074620 0.905617 0.900656
v -1.163770 0.952209 -0.867668
v -1.164920 0.953345 -0.800138
v -3.012380 0.347340 1.445170
v -2.977750 0.414169 1.405260
v -3.009020 0.089055 1.447590
v -3.005970 0.013188 1.446090
v -3.051640 0.111777 -1.405950
v -3.050200 0.041540 -1.399570
v -3.049500 0.351116 -1.420800
v -3.032970 0.420155 -1.409270
vn 0.8842 0.4654 0.0405
vn 0.8946 0.4453 0.0362
vn 0.8936 0.4489 -0.0047
vn 0.8935 0.4490 -0.0047
vn 0.8851 0.4653 -0.0088
vn 0.9988 0.0365 -0.0321
vn 0.9991 0.0415 0.0052
vn 0.9999 0.0155 -0.0040
vn 0.9987 -0.0075 -0.0504
vn 0.0125 0.0273 -0.9995
vn 0.0208 0.0435 -0.9988
vn 0.0277 -0.0188 -0.9994
vn 0.0166 -0.0124 -0.9998
vn 0.0104 0.0061 0.9999
vn 0.0032 0.0076 1.0000
vn -0.0010 -0.0099 1.0000
vn -0.0010 -0.0098 1.0000
vn 0.0098 -0.0063 0.9999
vn -0.9996 0.0164 -0.0227
vn -0.9980 0.0216 -0.0593
vn -0.9983 0.0292 -0.0507
vn -0.9996 0.0212 -0.0193
vn -0.8893 0.4569 -0.0222
vn -0.8900 0.4558 0.0076
vn -0.8835 0.4685 0.0003
vn -0.8806 0.4727 -0.0322
vn -0.8893 0.4568 -0.0222
vn 0.1424 0.9890 -0.0395
vn 0.1891 0.9736 -0.1276
vn 0.1176 0.9902 -0.0750
vn 0.1176 0.9902 -0.0751
vn 0.0878 0.9956 -0.0323
vn 0.8243 0.5416 -0.1650
vn 0.8387 0.5442 -0.0215
vn 0.9153 0.4026 -0.0129
vn 0.9153 0.4025 -0.0129
vn 0.9212 0.3623 -0.1420
vn 0.0248 0.9996 -0.0098
vn 0.0460 0.9987 -0.0232
vn -0.0942 0.9944 -0.0490
vn -0.0948 0.9955 0.0051
vn 0.0251 -0.0319 -0.9992
vn 0.0300 -0.0194 -0.9994
vn 0.1280 -0.1318 -0.9830
vn 0.1208 -0.1233 -0.9850
vn 0.0070 -0.0341 -0.9994
vn 0.0029 -0.0301 -0.9995
vn 0.0196 0.0072 -0.9998
vn 0.0489 0.0137 -0.9987
vn 0.0068 -0.0341 -0.9994
vn -0.0173 -0.0115 -0.9998
vn -0.0132 -0.0073 -0.9999
vn -0.0064 -0.0011 -1.0000
vn -0.0085 -0.0140 -0.9999
vn -0.0088 0.0021 -1.0000
vn -0.0031 -0.0036 -1.0000
vn 0.0043 -0.0064 -1.0000
vn 0.0044 -0.0064 -1.0000
vn -0.0009 -0.0021 -1.0000
vn -0.0017 0.0222 -0.9998
vn 0.0043 0.0268 -0.9996
vn -0.0016 0.0177 -0.9998
vn -0.0017 0.0177 -0.9998
vn -0.0011 0.0101 -0.9999
vn -0.0017 0.0013 -1.0000
vn 0.0166 -0.0123 -0.9998
vn 0.0047 0.0113 -0.9999
vn -0.0153 0.0520 -0.9985
vn -0.0069 0.0597 -0.9982
vn 0.0046 0.0078 -1.0000
vn -0.0041 0.0074 -1.0000
vn -0.0637 0.0896 0.9939
vn -0.0127 0.1064 0.9942
vn -0.0115 0.0786 0.9968
vn -0.0359 0.0594 0.9976
vn -0.1251 0.0048 0.9921
vn -0.1148 -0.0409 0.9925
vn -0.0981 -0.0322 0.9947
vn -0.1027 0.0156 0.9946
vn -0.1251 0.0049 0.9921
vn -0.0591 0.9982 -0.0086
vn -0.0540 0.9951 -0.0828
vn -0.0251 0.9975 -0.0654
vn -0.0284 0.9996 -0.0024
vn -0.0591 0.9982 -0.0085
vn 0.0438 0.0503 0.9978
vn 0.0273 0.0481 0.9985
vn -0.0115 0.0787 0.9968
vn 0.0090 -0.0069 0.9999
vn 0.0033 -0.0041 1.0000
vn -0.0133 0.0020 0.9999
vn -0.0163 0.0059 0.9998
vn 0.8800 -0.4621 -0.1094
vn 0.8844 -0.4667 -0.0050
vn 0.8868 -0.4622 -0.0031
vn 0.8858 -0.4599 -0.0629
vn 0.4995 -0.5970 -0.6278
vn 0.6811 -0.7322 -0.0065
vn 0.7638 -0.6454 -0.0061
vn 0.6206 -0.6514 -0.4364
vn -0.8110 -0.5743 -0.1117
vn -0.7952 -0.6059 -0.0249
vn -0.1287 -0.9908 -0.0408
vn -0.1576 -0.9132 -0.3758
vn 0.0646 -0.0157 0.9978
vn 0.0939 -0.0115 0.9955
vn 0.0702 -0.0133 0.9974
vn 0.0431 -0.0118 0.9990
vn -0.0356 -0.0347 0.9988
vn -0.0136 -0.0446 0.9989
vn -0.0040 -0.0465 0.9989
vn -0.0072 -0.0405 0.9992
vn -0.0264 0.0274 0.9993
vn 0.0013 0.0265 0.9996
vn 0.0007 0.0259 0.9997
vn -0.0254 0.0214 0.9994
vn -0.8243 -0.5469 -0.1460
vn -0.8555 -0.5170 -0.0303
vn -0.8846 -0.4662 -0.0135
vn -0.8687 -0.4690 -0.1594
vn 0.4548 -0.8878 -0.0708
vn 0.4617 -0.8838 -0.0757
vn 0.4490 -0.8934 0.0163
vn 0.4490 -0.8934 0.0162
vn 0.4367 -0.8994 0.0183
vn 0.4548 -0.8878 -0.0707
vn -0.0084 0.0187 -0.9998
vn 0.0003 0.0058 -1.0000
vn -0.0025 0.0243 -0.9997
vn -0.0047 0.0246 -0.9997
vn 0.0035 0.9995 -0.0301
vn 0.0025 0.9997 -0.0235
vn 0.0042 1.0000 -0.0005
vn 0.0038 1.0000 0.0023
vn 0.0035 0.9995 -0.0302
vn 0.0044 0.0268 -0.9996
vn -0.0043 0.0304 -0.9995
vn -0.0050 0.0318 -0.9995
vn -0.0049 0.0318 -0.9995
vn -0.0016 0.0176 -0.9998
vn 0.0318 0.9990 -0.0327
vn 0.0270 0.9996 0.0009
vn 0.0113 0.9999 -0.0010
vn 0.0119 0.9996 -0.0250
vn -0.0023 0.0010 1.0000
vn 0.0098 -0.0064 0.9999
vn -0.0034 -0.0015 1.0000
vn 0.0010 -0.0085 1.0000
vn -0.0021 -0.0023 1.0000
vn -0.0048 0.0061 1.0000
vn -0.0049 0.0063 1.0000
vn 0.0021 0.0103 0.9999
vn 0.0063 -1.0000 -0.0035
vn -0.0073 -0.9995 -0.0292
vn -0.0074 -0.9996 -0.0257
vn 0.0064 -1.0000 -0.0035
vn 0.0071 -0.9979 -0.0637
vn 0.0054 -0.9985 -0.0543
vn -0.0056 -1.0000 -0.0036
vn -0.0064 -1.0000 -0.0035
vn 0.0078 -0.9999 -0.0107
vn -0.0033 -0.9964 -0.0848
vn -0.0032 -0.9961 -0.0880
vn 0.0060 -0.9999 -0.0094
vn 0.0025 -0.9979 -0.0652
vn -0.0086 -1.0000 -0.0051
vn -0.0136 -0.9999 -0.0029
vn -0.0097 -0.9976 -0.0686
vn -0.0046 0.9981 -0.0614
vn -0.0073 0.9998 -0.0170
vn -0.0134 0.9988 -0.0461
vn -0.0003 0.9988 -0.0484
vn -0.0001 0.0577 -0.9983
vn 0.0012 0.0329 -0.9995
vn -0.0044 0.0577 -0.9983
vn -0.0044 0.0576 -0.9983
vn -0.0092 0.0875 -0.9961
vn 0.9993 -0.0175 -0.0319
vn 0.9949 0.0911 -0.0436
vn 0.9545 0.1380 -0.2643
vn 0.9722 0.0483 -0.2293
vn 0.9941 -0.1081 0.0035
vn 0.9914 -0.1308 0.0015
vn 0.9982 0.0597 0.0065
vn 0.9960 0.0890 0.0091
vn 0.8489 0.1538 0.5057
vn 0.8493 0.1462 0.5072
vn 0.9869 0.0555 0.1512
vn 0.9869 0.0555 0.1511
vn 0.9817 0.1127 0.1533
vn -0.0026 0.0030 1.0000
vn -0.0032 0.0275 0.9996
vn 0.0016 0.0288 0.9996
vn 0.0023 0.0089 1.0000
vn -0.0025 0.0030 1.0000
vn 0.0097 0.9932 0.1163
vn -0.0313 0.9894 0.1419
vn -0.0228 0.9178 0.3964
vn -0.0040 0.9588 0.2841
vn 0.0097 0.9932 0.1162
vn -0.9873 -0.0157 0.1580
vn -0.9906 0.0360 0.1318
vn -0.7816 0.0921 0.6170
vn -0.7271 0.1102 0.6776
vn -0.9873 -0.0158 0.1580
vn -0.9673 -0.2529 -0.0173
vn -0.9983 0.0586 0.0051
vn -0.9995 0.0316 0.0035
vn -0.9419 -0.3357 0.0057
vn -0.9685 0.0200 -0.2484
vn -0.9481 0.0789 -0.3081
vn -0.9895 0.1233 -0.0749
vn -0.9979 -0.0031 -0.0647
vn -0.9685 0.0200 -0.2483
vn -0.0023 0.9999 -0.0101
vn 0.0171 0.9997 -0.0182
vn 0.0297 0.9996 -0.0000
vn 0.0014 0.9999 0.0110
vn 0.0041 1.0000 -0.0085
vn 0.0050 0.9999 -0.0103
vn 0.0177 0.9998 -0.0069
vn 0.0075 1.0000 -0.0033
vn 0.0200 0.9993 0.0307
vn -0.0055 0.9986 0.0520
vn -0.0027 0.9999 0.0115
vn -0.0027 0.9999 0.0114
vn 0.0131 0.9998 0.0153
vn -0.0308 0.9920 0.1228
vn -0.0260 0.9997 -0.0049
vn -0.0201 0.9998 0.0081
vn -0.0302 0.9940 0.1052
vn -0.0131 0.9999 -0.0052
vn -0.0121 0.9996 -0.0264
vn -0.0075 0.9998 -0.0179
vn -0.0094 0.9999 -0.0039
vn -0.0131 0.9999 -0.0053
vn -0.0084 0.9996 0.0257
vn -0.0125 0.9998 -0.0164
vn -0.0114 0.9999 -0.0120
vn -0.0068 0.9998 0.0165
vn -0.0084 0.9996 0.0258
vn 0.0161 0.9997 -0.0156
vn 0.0570 0.9948 -0.0847
vn 0.0703 0.9766 -0.2031
vn 0.0345 0.9961 -0.0816
vn 0.0014 0.9995 -0.0308
vn 0.0035 0.9979 -0.0639
vn -0.0199 0.9965 -0.0811
vn -0.0171 0.9987 -0.0476
vn 0.0014 0.9995 -0.0309
vn -0.0001 0.9996 -0.0283
vn 0.0004 0.9998 -0.0195
vn 0.0008 0.9998 -0.0190
vn 0.0007 0.9998 -0.0190
vn -0.0041 0.9994 -0.0340
vn 0.0611 0.9981 0.0112
vn -0.0022 1.0000 -0.0082
vn 0.0010 1.0000 -0.0002
vn 0.0912 0.9946 0.0487
vn 0.0035 0.9989 0.0460
vn 0.0017 0.9990 0.0447
vn 0.0024 0.9996 0.0298
vn 0.0024 0.9996 0.0297
vn 0.0044 0.9994 0.0354
vn 0.0035 0.9989 0.0461
vn -0.0023 0.9999 0.0147
vn -0.0047 0.9998 0.0202
vn -0.0316 0.9990 0.0305
vn -0.0315 0.9990 0.0305
vn -0.0330 0.9988 0.0363
vn -0.9996 0.0282 -0.0048
vn -0.9995 0.0319 -0.0059
vn -1.0000 0.0009 0.0016
vn -1.0000 -0.0006 0.0026
vn -1.0000 -0.0020 -0.0062
vn -0.9992 0.0398 0.0010
vn -0.9997 0.0209 0.0134
vn -0.9999 -0.0074 0.0113
vn -0.9985 0.0549 0.0026
vn -0.9983 0.0578 0.0015
vn -1.0000 -0.0025 0.0034
vn -1.0000 -0.0026 0.0034
vn -1.0000 -0.0024 0.0025
vn -0.9985 0.0549 0.0027
vn -1.0000 0.0096 0.0024
vn -0.9985 0.0502 0.0240
vn -0.9990 0.0450 -0.0000
vn -1.0000 0.0075 -0.0057
vn -0.9920 0.1216 0.0343
vn -0.9996 0.0210 0.0175
vn -0.9973 0.0151 0.0724
vn -0.9900 0.1184 0.0768
vn -0.9920 0.1216 0.0344
vn -0.0015 0.0071 1.0000
vn 0.0007 0.1901 0.9818
vn -0.0047 0.1579 0.9874
vn -0.0021 0.0071 1.0000
vn 0.0018 0.2170 0.9762
vn 0.0015 0.2340 0.9722
vn 0.0020 0.0078 1.0000
vn 0.0020 0.0079 1.0000
vn 0.0014 0.0123 0.9999
vn 0.0015 0.0001 1.0000
vn 0.0912 -0.0135 0.9957
vn 0.1167 0.2234 0.9677
vn 0.0082 0.1614 0.9869
vn 0.9962 0.0781 0.0393
vn 0.9932 0.1043 0.0509
vn 0.9978 -0.0559 0.0369
vn 0.9989 -0.0352 0.0319
vn 1.0000 0.0014 -0.0032
vn 0.9996 0.0272 -0.0043
vn 0.9996 0.0274 0.0097
vn 0.9996 0.0273 0.0097
vn 1.0000 -0.0020 0.0061
vn 0.9996 0.0291 -0.0040
vn 0.9996 0.0294 -0.0007
vn 0.9999 -0.0138 -0.0024
vn 0.9998 -0.0205 -0.0040
vn 0.9998 0.0139 0.0148
vn 0.9991 0.0426 0.0077
vn 0.9992 0.0389 -0.0038
vn 1.0000 -0.0005 0.0006
vn 0.9998 0.0140 0.0148
vn 0.9998 0.0184 0.0011
vn 0.9996 0.0271 -0.0123
vn 0.9930 0.1082 -0.0484
vn 0.9930 0.1081 -0.0484
vn 0.9959 0.0894 -0.0164
vn 0.0344 0.1719 -0.9845
vn 0.1264 0.2511 -0.9597
vn 0.1455 0.0447 -0.9884
vn 0.1454 0.0447 -0.9884
vn 0.0169 0.0146 -0.9998
vn 0.0344 0.1718 -0.9845
vn -0.0019 0.0084 -1.0000
vn 0.0047 0.0070 -1.0000
vn 0.0045 0.0516 -0.9987
vn 0.0004 0.0792 -0.9969
vn -0.0020 0.0083 -1.0000
vn -0.0048 0.0284 -0.9996
vn -0.0072 0.0010 -1.0000
vn -0.0212 -0.0149 -0.9997
vn -0.0182 0.0129 -0.9997
vn -0.0015 -1.0000 0.0075
vn 0.0015 -0.9960 0.0895
vn -0.0130 -0.9987 0.0496
vn -0.0216 -0.9996 -0.0181
vn -0.0015 -1.0000 0.0074
vn 0.0012 -0.9996 0.0279
vn -0.0318 -0.9990 0.0314
vn -0.0300 -0.9995 0.0093
vn 0.0008 -1.0000 0.0028
vn -0.0047 -1.0000 -0.0001
vn -0.0314 -0.9995 -0.0032
vn -0.0298 -0.9985 -0.0451
vn -0.0041 -0.9984 -0.0567
vn -0.0013 -1.0000 -0.0025
vn -0.0037 -1.0000 -0.0040
vn -0.0373 -0.9993 0.0089
vn -0.0335 -0.9993 0.0150
vn -0.0013 -1.0000 -0.0024
vn -0.0008 -0.9999 0.0125
vn 0.0011 -1.0000 -0.0011
vn -0.0341 -0.9994 -0.0071
vn -0.0341 -0.9994 -0.0070
vn -0.0385 -0.9993 0.0013
vn 0.0036 -1.0000 -0.0080
vn 0.0071 -0.9966 -0.0822
vn 0.0038 -0.9954 -0.0961
vn 0.0030 -1.0000 -0.0037
vn 0.0085 -1.0000 -0.0009
vn 0.0030 -1.0000 -0.0024
vn 0.0021 -0.9996 -0.0296
vn 0.0021 -0.9996 -0.0295
vn 0.0089 -0.9999 -0.0142
vn -0.0028 -1.0000 0.0081
vn -0.0022 -1.0000 0.0074
vn -0.0001 -0.9943 0.1066
vn -0.0002 -0.9943 0.1066
vn -0.0014 -0.9951 0.0993
vn 0.0001 -1.0000 0.0091
vn -0.0032 -0.9999 0.0167
vn -0.0009 -1.0000 0.0010
vn 0.0035 -1.0000 -0.0092
vn 0.0002 -1.0000 0.0091
vn 0.0063 -0.9999 0.0107
vn 0.0051 -1.0000 0.0042
vn 0.0009 -1.0000 0.0051
vn 0.0013 -0.9998 0.0183
vn 0.1436 -0.9896 -0.0115
vn 0.0018 -0.9996 -0.0271
vn -0.0043 -0.9972 -0.0744
vn 0.1372 -0.9899 -0.0366
vn 0.0069 -0.9992 -0.0383
vn 0.1848 -0.9828 -0.0067
vn 0.1822 -0.9833 -0.0008
vn 0.1822 -0.9833 -0.0009
vn 0.0073 -1.0000 -0.0009
vn 0.0028 -1.0000 0.0078
vn 0.1740 -0.9847 0.0062
vn 0.1709 -0.9853 0.0012
vn 0.0003 -1.0000 0.0083
vn 0.0027 -1.0000 0.0078
vn 0.2251 -0.9743 -0.0061
vn -0.0094 -0.9999 -0.0125
vn -0.0083 -1.0000 -0.0018
vn -0.0083 -1.0000 -0.0019
vn 0.1884 -0.9821 0.0027
vn 0.2239 -0.9740 0.0333
vn 0.1910 -0.9788 0.0745
vn -0.0046 -0.9972 0.0746
vn -0.0017 -1.0000 0.0006
vn 0.0034 1.0000 -0.0059
vn 0.0045 1.0000 -0.0037
vn 0.0045 1.0000 -0.0036
vn 0.0083 0.1614 0.9869
vn 0.0027 0.1656 0.9862
vn 0.0018 0.0002 1.0000
vn 0.0019 0.0003 1.0000
vn -0.0071 -0.9957 0.0920
vn -0.0071 -0.9957 0.0921
vn -0.0030 -1.0000 -0.0017
vn -0.0020 -0.9999 -0.0112
vn -0.0037 -1.0000 -0.0046
vn -0.0037 -1.0000 -0.0047
vn 0.0028 -1.0000 0.0079
vn -0.0074 -0.9999 0.0112
vn -0.0063 -0.9999 0.0144
vn -0.0041 -0.9993 -0.0371
vn 0.0073 -1.0000 -0.0008
vn -0.0020 -1.0000 -0.0000
vn -0.0036 -0.9997 -0.0245
vn -0.0082 -0.9949 -0.1009
vn 0.0019 -0.9996 -0.0271
vn 0.0077 0.0057 -1.0000
vn 0.0163 0.1589 -0.9872
vn 0.0093 1.0000 -0.0010
vn 0.0167 0.9994 -0.0290
vn 0.0127 0.9999 -0.0091
vn 0.0158 0.9999 0.0014
vn -0.0028 0.9999 0.0114
vn 0.0186 0.9998 -0.0101
vn 0.0178 0.9998 -0.0093
vn 0.0162 0.9997 0.0183
vn 0.0175 0.9972 0.0726
vn 0.0551 0.9939 -0.0959
vn -0.0042 0.9981 -0.0614
vn 0.0474 0.9973 -0.0568
vn 0.0363 0.0661 -0.9972
vn 0.0320 0.0656 -0.9973
vn 0.0012 0.0330 -0.9995
vn 0.0048 0.9995 -0.0325
vn 0.0038 0.9998 -0.0195
vn -0.0011 0.1258 -0.9920
vn -0.0043 0.0094 -0.9999
vn 0.0011 -0.9941 -0.1086
vn -0.0010 -1.0000 0.0020
vn -0.0020 -1.0000 -0.0005
vn -0.0011 -1.0000 -0.0005
vn -0.0010 -1.0000 -0.0005
vn 0.0089 -0.9999 -0.0143
vn -0.0006 -1.0000 0.0069
vn -0.0002 -1.0000 0.0037
vn 0.0050 -1.0000 0.0042
vn 0.0063 -0.9999 0.0106
vn 0.0027 -0.9999 -0.0161
vn 0.0018 -0.9999 -0.0102
vn 0.0017 -0.9999 -0.0102
vn 0.0027 -1.0000 0.0083
vn 0.0042 -0.9936 0.1131
vn -0.0016 0.0145 0.9999
vn -0.0042 0.1969 0.9804
vn 0.0023 0.9994 0.0354
vn 0.0001 0.9996 0.0294
vn 0.0023 0.0090 1.0000
vn 0.0199 0.0403 0.9990
vn 0.0199 0.0404 0.9990
vn 0.0201 0.0263 0.9995
vn 0.0118 0.9829 0.1839
vn 0.0178 0.9967 0.0790
vn 0.0041 -0.0096 0.9999
vn 0.0040 0.0102 0.9999
vn 0.0040 -0.0096 0.9999
vn 0.0038 1.0000 0.0024
vn -0.0021 1.0000 0.0025
vn -0.0009 0.9988 -0.0486
vn -0.0038 0.0007 -1.0000
vn -0.0011 0.0265 -0.9996
vn -0.0011 0.0266 -0.9996
vn 0.0191 0.9982 0.0561
vn 0.0125 0.9969 0.0782
vn -0.0461 0.9963 0.0729
vn -0.9910 -0.1291 0.0364
vn -0.9996 0.0285 0.0081
vn -0.9906 0.0359 0.1317
vn -0.9873 -0.0158 0.1581
vn -0.0247 0.9990 -0.0386
vn -0.0180 0.9998 -0.0126
vn -0.0246 0.9990 -0.0386
vn -0.9990 0.0434 -0.0061
vn -0.9999 0.0075 -0.0075
vn -0.0287 -0.9996 0.0041
vn 0.0007 -1.0000 -0.0026
vn -0.0288 -0.9996 0.0041
vn -0.0003 -1.0000 -0.0026
vn 0.0043 -0.9999 -0.0133
vn 0.0028 -0.9998 -0.0174
vn 0.0026 -0.9999 -0.0161
vn -0.0038 -1.0000 -0.0037
vn -0.0081 -1.0000 0.0007
vn 0.1662 -0.9861 0.0041
vn 1.0000 0.0008 -0.0047
vn 0.9997 0.0230 -0.0073
vn 0.0341 0.9994 0.0037
vn 0.0021 0.9999 0.0154
vn 0.0163 0.9998 0.0099
vn 0.0014 0.9999 0.0109
vn 0.9817 0.1127 0.1534
vn 0.9870 0.0555 0.1511
vn 0.9988 0.0266 0.0406
vn 0.9925 0.0871 0.0857
vn 0.9983 -0.0546 -0.0191
vn 0.9974 0.0722 -0.0083
vn 0.0156 0.9999 0.0018
vn -0.0024 1.0000 0.0055
vn 0.0129 0.9998 0.0129
vn 0.9991 0.0422 -0.0054
vn 1.0000 -0.0027 -0.0019
vn 0.1749 -0.9846 0.0001
vn 0.0076 -1.0000 0.0054
vn 0.0077 -1.0000 0.0054
vn -0.0024 -1.0000 0.0053
vn -0.0006 -1.0000 -0.0005
vn 0.0088 -1.0000 0.0015
vn 0.0023 -1.0000 0.0014
vn -0.0040 -1.0000 -0.0042
vn -0.0385 -0.9992 0.0081
vn -1.0000 -0.0012 -0.0088
vn -0.9991 0.0420 -0.0010
vn -0.0071 0.9992 0.0391
vn -0.0060 0.9997 0.0220
vn -0.9895 0.1233 -0.0750
vn -0.9914 0.1307 -0.0021
vn -0.9914 0.1306 -0.0021
vn -0.9973 -0.0610 -0.0415
vn -0.0162 0.9986 -0.0503
vn 0.0005 0.9989 -0.0461
vn 0.0501 0.9975 -0.0506
vn 0.0473 0.9973 -0.0568
vn -0.9928 0.1174 -0.0223
vn -0.9909 0.1317 -0.0275
vn -0.9928 0.1173 -0.0222
vn 0.0012 0.0869 -0.9962
vn -0.0183 0.0130 -0.9997
vn -0.0136 0.0768 -0.9970
vn 0.0051 0.1901 -0.9818
vn 0.0093 0.3099 -0.9507
vn 0.0093 0.3100 -0.9507
vn 0.0085 0.4873 -0.8732
vn -0.0011 0.1258 -0.9921
vn 0.0343 0.1719 -0.9845
vn 0.0338 0.5274 -0.8489
vn 0.0338 0.5275 -0.8489
vn 0.0758 0.5536 -0.8293
vn 0.0343 0.1718 -0.9845
vn 0.1222 0.7161 -0.6872
vn 0.1264 0.2510 -0.9597
vn 0.9464 0.3050 -0.1065
vn 0.9675 0.2468 -0.0558
vn 0.9464 0.3049 -0.1065
vn 0.9853 0.1708 -0.0067
vn 0.9818 0.1898 -0.0064
vn 0.9813 0.1924 -0.0063
vn 0.9850 0.1727 -0.0050
vn 0.9900 0.1409 -0.0006
vn 0.9949 0.1003 -0.0107
vn 0.9938 0.1111 -0.0060
vn 0.9949 0.1004 -0.0107
vn 0.9877 0.1557 0.0135
vn 0.9996 0.0271 -0.0043
vn 0.9272 0.3652 0.0839
vn 0.8935 0.4366 0.1052
vn 0.9932 0.1044 0.0509
vn 0.9962 0.0780 0.0393
vn 0.9271 0.3652 0.0839
vn 0.1950 0.7423 0.6411
vn 0.0232 0.6393 0.7686
vn 0.0052 0.6437 0.7652
vn -0.0103 0.6941 0.7198
vn 0.0011 0.7348 0.6783
vn -0.0042 0.1968 0.9804
vn -0.0008 0.7556 0.6550
vn 0.0016 0.2340 0.9722
vn 0.0071 0.6223 0.7827
vn -0.0075 0.5559 0.8312
vn -0.9308 0.3579 0.0746
vn -0.9920 0.1217 0.0344
vn -0.9176 0.3865 0.0931
vn -0.9692 0.2213 0.1077
vn -0.9780 0.2079 0.0143
vn -0.9985 0.0501 0.0240
vn -0.9780 0.2079 0.0142
vn -0.9787 0.2053 -0.0029
vn -0.9678 0.2518 0.0025
vn -0.9679 0.2514 -0.0008
vn -0.9832 0.1814 0.0180
vn -0.9846 0.1736 0.0182
vn -0.9992 0.0399 0.0010
vn -0.9847 0.1736 0.0182
vn -0.9921 0.1242 0.0192
vn -0.9999 -0.0026 -0.0126
vn -0.9999 0.0068 0.0106
vn -0.9999 -0.0040 -0.0161
vn -0.9999 -0.0086 0.0078
vn -1.0000 0.0021 0.0018
vn -0.9992 0.0401 -0.0077
vn -0.9989 0.0462 -0.0088
vn -0.9992 0.0402 -0.0077
vn -0.9999 0.0109 -0.0026
vn -0.9988 -0.0490 0.0070
vn -0.9957 -0.0549 0.0750
vn -0.9957 -0.0550 0.0750
vn -0.0002 -0.0055 1.0000
vn -0.0021 0.0070 1.0000
vn -0.0020 -0.0007 1.0000
vn 0.0020 -0.0013 1.0000
vn 0.0020 -0.0014 1.0000
vn -0.0009 0.0261 0.9997
vn -0.0007 0.0274 0.9996
vn 0.0015 0.0123 0.9999
vn 0.0013 -0.0135 0.9999
vn 0.0027 -0.0271 0.9996
vn 0.0865 -0.1506 0.9848
vn 0.0026 -0.0271 0.9996
vn 0.9810 -0.1844 0.0607
vn 0.9922 -0.1121 0.0552
vn 1.0000 -0.0066 -0.0002
vn 1.0000 -0.0019 0.0061
vn 0.9998 0.0221 -0.0027
vn 0.9999 -0.0124 0.0003
vn 0.9991 -0.0409 -0.0073
vn 0.9990 -0.0443 -0.0050
vn 0.9999 0.0053 0.0115
vn 1.0000 -0.0028 -0.0019
vn 1.0000 0.0010 0.0093
vn 0.9999 0.0052 0.0115
vn 0.9992 0.0309 0.0251
vn 0.9998 0.0139 0.0149
vn 1.0000 0.0095 0.0028
vn 1.0000 0.0027 0.0044
vn 0.9998 0.0184 0.0012
vn 0.1620 -0.1434 -0.9763
vn 0.0075 -0.0807 -0.9967
vn 0.0046 -0.0281 -0.9996
vn -0.0047 0.0066 -1.0000
vn -0.0018 0.0020 -1.0000
vn -0.0019 0.0083 -1.0000
vn -0.0017 0.0020 -1.0000
vn 0.0044 -0.0027 -1.0000
vn -0.0073 0.0010 -1.0000
vn -0.0075 -0.0147 -0.9999
vn -0.0261 -0.0336 -0.9991
vn -1.0000 -0.0050 0.0050
vn -1.0000 -0.0050 0.0051
vn -1.0000 -0.0016 0.0084
vn -0.8917 -0.4456 -0.0798
vn -0.8944 -0.4471 -0.0073
vn -0.9095 -0.4156 -0.0074
vn -0.9104 -0.4033 -0.0925
vn -0.5299 0.8471 -0.0410
vn -0.5224 0.8523 0.0271
vn -0.5133 0.8576 0.0328
vn -0.5248 0.8504 -0.0379
vn 0.9659 0.0487 0.2542
vn 0.9704 0.0376 0.2386
vn 0.9988 0.0318 0.0369
vn 0.9980 0.0488 0.0414
vn 0.9660 0.0487 0.2541
vn -0.0062 -0.8362 0.5484
vn -0.0101 -0.8299 0.5579
vn -0.0136 -0.9910 0.1329
vn -0.0135 -0.9910 0.1329
vn -0.0105 -0.9923 0.1232
vn 0.0353 -0.7446 0.6665
vn 0.0248 -0.9842 0.1755
vn 0.0237 -0.9902 0.1376
vn 0.0237 -0.9902 0.1377
vn 0.9925 0.0871 0.0858
vn 0.9994 0.0346 0.0002
vn 0.9994 0.0345 0.0002
vn 0.9917 -0.1287 -0.0007
vn 0.0147 0.9997 0.0186
vn 0.0039 1.0000 0.0088
vn 0.0054 0.9999 -0.0099
vn 0.0168 0.9998 -0.0050
vn 0.0038 1.0000 0.0089
vn 0.0443 0.9987 0.0235
vn 0.0298 0.9995 -0.0091
vn 0.0299 0.9995 -0.0091
vn 0.0039 1.0000 0.0089
vn 0.9976 0.0613 0.0313
vn 0.9994 0.0233 0.0257
vn 0.9996 0.0293 0.0055
vn 0.9942 0.1070 0.0048
vn 0.9994 0.0233 0.0258
vn 0.9998 0.0015 0.0202
vn 1.0000 -0.0059 0.0037
vn 1.0000 -0.0059 0.0038
vn 0.9995 -0.0323 0.0058
vn 0.9993 -0.0367 -0.0027
vn 0.1565 -0.9876 -0.0129
vn -0.0051 -1.0000 -0.0004
vn -0.0017 -1.0000 0.0070
vn -0.0017 -1.0000 0.0069
vn 0.1660 -0.9861 -0.0044
vn -0.0069 -1.0000 -0.0013
vn -0.0082 -0.9999 0.0069
vn 0.0045 -1.0000 -0.0062
vn 0.0005 -1.0000 -0.0004
vn 0.0022 -1.0000 -0.0047
vn 0.0021 -1.0000 -0.0047
vn 0.0064 -0.9998 -0.0197
vn 0.0064 -0.9998 -0.0198
vn 0.0032 -0.9998 -0.0200
vn 0.0012 -0.9999 -0.0130
vn 0.0012 -0.9999 -0.0131
vn -0.0012 -1.0000 -0.0032
vn -0.0298 -0.9994 -0.0192
vn -0.0311 -0.9994 -0.0160
vn 0.0016 -0.9999 -0.0129
vn -1.0000 0.0060 0.0006
vn -1.0000 -0.0002 0.0017
vn -0.9998 0.0174 -0.0019
vn -0.9988 0.0485 0.0024
vn -0.9987 0.0509 -0.0050
vn -0.9986 0.0534 0.0025
vn -1.0000 -0.0002 0.0018
vn -0.9705 0.2401 -0.0215
vn -0.9685 0.2488 0.0011
vn -0.9986 0.0534 0.0024
vn -0.9987 0.0509 -0.0049
vn -0.9705 0.2400 -0.0214
vn -0.0067 0.9988 0.0476
vn -0.0118 0.9998 0.0147
vn -0.0093 0.9999 0.0089
vn -0.0059 0.9996 0.0275
vn -0.0067 0.9988 0.0477
vn -0.9138 -0.4060 0.0128
vn -0.9999 0.0144 0.0055
vn 0.0200 -0.9516 0.3067
vn 0.0217 -0.9953 0.0945
vn 0.0219 -0.9981 0.0579
vn 0.0218 -0.9981 0.0579
vn -0.0443 -0.7955 0.6044
vn -0.0428 -0.7907 0.6108
vn -0.0239 -0.9933 0.1131
vn -0.0238 -0.9961 0.0848
vn -0.0443 -0.7955 0.6043
vn -0.9960 0.0492 0.0740
vn -0.9998 0.0194 0.0093
vn -0.9998 0.0183 0.0037
vn -0.9984 0.0314 0.0479
vn -0.8404 0.4247 0.3368
vn -0.8744 0.4400 0.2044
vn -0.8855 0.4611 0.0578
vn -0.8871 0.4529 0.0889
vn -0.0181 0.9877 0.1556
vn 0.0017 0.9998 0.0221
vn -0.1070 0.9923 0.0625
vn -0.1525 0.9801 0.1273
vn 0.1933 0.8788 0.4364
vn 0.1364 0.9871 0.0832
vn 0.0865 0.9950 0.0499
vn 0.1218 0.9426 0.3109
vn 0.6141 0.4041 0.6780
vn 0.6015 0.3369 0.7243
vn 0.8948 0.4289 0.1239
vn 0.8326 0.5335 0.1491
vn 0.4165 -0.8971 0.1471
vn 0.4355 -0.8861 0.1588
vn 0.3421 -0.7191 0.6049
vn 0.3278 -0.7324 0.5968
vn 0.4165 -0.8972 0.1471
vn -0.7984 -0.4718 0.3741
vn -0.8641 -0.4554 0.2143
vn -0.8873 -0.4611 0.0118
vn -0.8873 -0.4611 0.0119
vn -0.8677 -0.4959 0.0339
vn -0.7838 -0.6206 -0.0232
vn -0.7805 -0.6252 -0.0040
vn -0.2925 -0.9393 0.1794
vn -0.1137 -0.9935 -0.0036
vn 0.4316 -0.7725 0.4657
vn 0.3044 -0.8204 0.4839
vn 0.6930 -0.6674 0.2726
vn 0.8320 -0.5532 0.0410
vn 0.4316 -0.7726 0.4657
vn 0.8295 -0.4250 0.3623
vn 0.8576 -0.4429 0.2616
vn 0.8859 -0.4616 0.0458
vn 0.8837 -0.4639 0.0625
vn 0.8295 -0.4250 0.3624
vn 0.0030 0.9353 0.3538
vn 0.0016 0.9457 0.3251
vn 0.0089 0.9983 0.0570
vn 0.0089 0.9983 0.0569
vn 0.0195 0.9966 0.0805
vn 0.0019 0.9569 0.2904
vn 0.0030 0.9670 0.2549
vn 0.0044 0.9991 0.0426
vn 0.0047 0.9989 0.0476
vn 0.0058 0.9602 0.2793
vn -0.0011 0.9989 0.0475
vn -0.0572 0.9734 0.2218
vn -0.0644 0.9976 0.0264
vn -0.0272 0.9984 0.0489
vn -0.0272 0.9984 0.0490
vn -0.0150 0.9583 0.2853
vn -0.0571 0.9734 0.2218
vn -0.8980 -0.4388 0.0339
vn -0.9053 -0.4232 0.0374
vn -0.9064 -0.4219 0.0192
vn -0.8961 -0.4438 0.0083
vn -0.4806 0.8059 0.3456
vn -0.4508 0.8166 0.3604
vn -0.4931 0.8618 0.1188
vn -0.4931 0.8619 0.1188
vn -0.5120 0.8519 0.1102
vn 0.8840 0.4673 -0.0094
vn 0.8867 0.4624 0.0046
vn 0.8560 0.4795 0.1933
vn 0.8685 0.4674 0.1649
vn -0.5094 0.8376 -0.1976
vn -0.5217 0.8289 -0.2019
vn -0.5247 0.8504 -0.0379
vn -0.8294 -0.3576 -0.4292
vn -0.8334 -0.4054 -0.3756
vn -0.9104 -0.4033 -0.0924
vn -0.0554 0.8984 -0.4356
vn -0.0224 0.8896 -0.4561
vn -0.0224 0.8896 -0.4562
vn 0.0069 0.9641 -0.2656
vn -0.0009 0.9988 -0.0487
vn 0.0041 0.9126 -0.4089
vn 0.0002 0.9857 -0.1687
vn 0.0394 0.9808 -0.1910
vn 0.0318 0.9990 -0.0326
vn 0.0097 0.9861 -0.1656
vn 0.8031 -0.4106 -0.4318
vn 0.8031 -0.4105 -0.4318
vn 0.6831 -0.3453 -0.6435
vn 0.8800 -0.4622 -0.1094
vn 0.2798 -0.3352 -0.8996
vn 0.2382 -0.3173 -0.9179
vn 0.4995 -0.5969 -0.6278
vn -0.1741 -0.3848 -0.9064
vn -0.1575 -0.9132 -0.3758
vn -0.1178 -0.3676 -0.9225
vn -0.4789 -0.2618 -0.8379
vn -0.5142 -0.3947 -0.7615
vn 0.4476 -0.8014 -0.3967
vn 0.4534 -0.7918 -0.4093
vn 0.7714 0.2512 -0.5847
vn 0.7167 0.4757 -0.5099
vn 0.9212 0.3622 -0.1420
vn 0.3427 0.8896 -0.3020
vn 0.1919 0.9669 -0.1680
vn 0.0477 0.9976 -0.0494
vn -0.1283 0.9891 -0.0726
vn -0.0941 0.9944 -0.0490
vn -0.8772 0.4738 -0.0783
vn -0.8875 0.4582 -0.0492
vn -0.8893 0.4569 -0.0223
vn -0.8772 0.4737 -0.0784
vn -0.9980 0.0217 -0.0593
vn -0.9815 0.0450 -0.1861
vn -0.9832 0.0456 -0.1770
vn -0.0160 -0.7985 -0.6018
vn 0.0023 -0.8186 -0.5744
vn 0.0026 -0.9979 -0.0652
vn -0.0034 -0.9964 -0.0848
vn 0.0135 -0.9300 -0.3673
vn -0.0013 0.9961 -0.0882
vn -0.0014 0.9990 -0.0452
vn -0.0075 0.9998 -0.0178
vn -0.9712 0.2381 -0.0004
vn -0.9980 0.0626 0.0029
vn -1.0000 0.0044 0.0063
vn -1.0000 -0.0025 0.0035
vn -1.0000 -0.0026 0.0035
vn -0.9998 -0.0127 0.0147
vn -0.9999 -0.0086 0.0079
vn -0.0434 -0.9991 -0.0023
vn -0.0435 -0.9991 -0.0023
vn -0.0068 -1.0000 -0.0006
vn 0.0039 -0.9999 -0.0165
vn 0.0081 -1.0000 -0.0043
vn -0.0001 -1.0000 0.0049
vn -0.0005 -1.0000 0.0069
vn -0.0036 -0.9999 0.0146
vn 0.0043 -1.0000 0.0063
vn 0.1728 -0.9849 0.0132
vn 0.9997 -0.0228 0.0099
vn 0.9990 -0.0443 -0.0051
vn 0.9986 -0.0428 0.0322
vn 0.9995 0.0316 -0.0069
vn 0.9795 0.1973 -0.0414
vn 0.9996 0.0291 -0.0041
vn 0.0020 0.9998 -0.0201
vn 0.0058 0.9991 -0.0430
vn 0.0186 0.9997 -0.0161
vn 0.0041 1.0000 -0.0086
vn 0.9960 0.0889 0.0091
vn 0.9974 0.0723 -0.0083
vn -0.0019 -0.9723 -0.2339
vn 0.0407 -0.9509 -0.3068
vn 0.0408 -0.9498 -0.3103
vn 0.0053 -0.9985 -0.0543
vn 0.9714 0.0478 -0.2327
vn 0.9987 -0.0075 -0.0505
vn 0.9713 -0.0202 -0.2370
vn 0.9714 0.0479 -0.2327
vn 0.8858 0.4631 0.0304
vn 0.8866 0.4573 0.0687
vn 0.8947 0.4453 0.0362
vn 0.0400 -0.1514 -0.9877
vn 0.0254 -0.0973 -0.9949
vn 0.0146 0.0259 -0.9996
vn -0.0087 0.0654 -0.9978
vn -0.0010 0.0266 -0.9996
vn 0.0083 0.0791 -0.9968
vn 0.0017 0.0360 -0.9993
vn -0.0087 0.0653 -0.9978
vn -0.0110 0.0022 -0.9999
vn -0.0050 0.0319 -0.9995
vn -0.0071 0.0339 -0.9994
vn -0.0001 -0.0096 -1.0000
vn -0.0011 0.0100 -0.9999
vn -0.9985 0.0434 -0.0335
vn -0.9831 0.0456 -0.1770
vn -0.9862 0.0468 -0.1590
vn -0.9994 0.0315 -0.0130
vn -1.0000 -0.0052 -0.0056
vn -0.9984 0.0313 0.0479
vn -0.9998 0.0161 -0.0088
vn -1.0000 -0.0053 -0.0056
vn 0.0075 -0.0287 0.9996
vn -0.0061 -0.0409 0.9991
vn -0.0036 -0.0069 1.0000
vn 0.0099 -0.0064 0.9999
vn 0.0045 0.0492 0.9988
vn -0.0103 0.0217 0.9997
vn 0.0045 0.0491 0.9988
vn 0.0046 0.0491 0.9988
vn 0.0031 0.0492 0.9988
vn -0.0023 0.0196 0.9998
vn -0.0048 0.0424 0.9991
vn -0.0024 0.0196 0.9998
vn 0.0101 0.0088 0.9999
vn 0.9800 0.0092 0.1986
vn 0.9996 -0.0041 0.0269
vn 0.9931 -0.0884 -0.0769
vn 0.9990 -0.0375 -0.0234
vn 0.9931 -0.0885 -0.0768
vn 0.9491 -0.2005 -0.2429
vn 0.9931 -0.0884 -0.0768
vn -0.1835 0.1840 0.9656
vn -0.1027 0.0157 0.9946
vn -0.1597 0.2060 0.9654
vn -0.9451 -0.3007 0.1278
vn -0.9426 -0.3325 0.0299
vn -0.9064 -0.4219 0.0191
vn -0.9053 -0.4231 0.0374
vn -0.9541 -0.2985 -0.0226
vn -0.9624 -0.2484 -0.1099
vn -0.9095 -0.4156 -0.0073
vn -0.8785 -0.1784 -0.4432
vn -0.8785 -0.1784 -0.4433
vn -0.0698 0.1842 -0.9804
vn -0.0559 0.1954 -0.9791
vn -0.0153 0.0521 -0.9985
vn -0.0697 0.1842 -0.9804
vn 0.8795 0.4731 0.0525
vn 0.8922 0.4516 -0.0104
vn 0.8836 0.4681 0.0108
vn 0.8609 0.5025 0.0793
vn 0.7526 0.5771 0.3172
vn 0.8867 0.4623 0.0046
vn 0.0150 -0.0204 -0.9997
vn -0.0020 -0.0213 -0.9998
vn -0.8539 -0.4125 -0.3173
vn -0.8934 -0.4455 -0.0579
vn -0.8934 -0.4454 -0.0579
vn -0.8934 -0.4491 -0.0102
vn -0.8944 -0.4471 -0.0074
vn -0.8945 -0.4471 -0.0073
vn -0.8911 -0.4514 0.0471
vn -0.8961 -0.4439 0.0082
vn -0.8961 -0.4439 0.0083
vn -0.8925 -0.4511 0.0005
vn -0.8911 -0.4513 0.0471
vn -0.1252 -0.0516 0.9908
vn -0.1123 -0.0430 0.9927
vn -0.1122 -0.0430 0.9927
vn -0.1149 -0.0409 0.9925
vn 0.8845 0.4665 0.0010
vn 0.8686 0.4673 0.1649
vn 0.8776 0.4519 0.1599
vn 0.8811 0.4727 0.0128
vn 0.8812 0.4727 -0.0037
vn 0.8861 0.4551 -0.0876
vn -0.0020 -0.0214 -0.9998
vn 0.0357 -0.0372 -0.9987
vn 0.0358 -0.0372 -0.9987
vn 0.0112 -0.0386 -0.9992
vn -0.8663 -0.3892 -0.3132
vn -0.9064 -0.4189 -0.0545
vn -0.8981 -0.4397 -0.0070
vn -0.8760 -0.4793 0.0537
vn -0.8925 -0.4510 0.0005
vn -0.8874 -0.4610 0.0026
vn -0.1404 -0.0594 0.9883
vn -0.1127 -0.0411 0.9928
vn -0.1123 -0.0431 0.9927
vn 0.9001 0.4348 0.0289
vn 0.8905 0.4176 0.1808
vn 0.8960 0.4431 -0.0281
vn 0.8813 0.4726 -0.0037
vn 0.8812 0.4726 -0.0037
vn 0.8971 0.4419 0.0042
vn 0.8746 0.4079 -0.2621
vn -0.8952 0.4437 -0.0406
vn -0.9144 0.3978 -0.0748
vn -0.9041 0.4257 -0.0376
vn -0.8954 0.4448 -0.0205
vn -0.9048 0.4258 -0.0088
vn -0.8939 0.4481 0.0064
vn -0.8940 0.4481 0.0064
vn -0.8669 0.3982 0.2997
vn -0.8143 0.4234 0.3970
vn -0.8880 0.4502 0.0942
vn -0.9053 0.4204 0.0603
vn -0.8669 0.3982 0.2998
vn 0.0261 0.0095 0.9996
vn 0.0167 -0.0065 0.9998
vn -0.0196 0.0174 0.9997
vn -0.0064 0.0212 0.9998
vn 0.8717 -0.3755 0.3149
vn 0.9197 -0.3871 0.0649
vn 0.8939 -0.4462 0.0428
vn 0.8725 -0.4270 0.2375
vn 0.9185 -0.3954 -0.0073
vn 0.9129 -0.4067 -0.0361
vn 0.8929 -0.4484 -0.0405
vn 0.8929 -0.4483 -0.0405
vn 0.8946 -0.4469 -0.0022
vn 0.9128 -0.4067 -0.0361
vn 0.8949 -0.4091 -0.1783
vn 0.8658 -0.4325 -0.2516
vn 0.8658 -0.4324 -0.2516
vn 0.8929 -0.4484 -0.0406
vn 0.0046 -0.0085 -1.0000
vn 0.0117 -0.0022 -0.9999
vn 0.0102 -0.0140 -0.9999
vn 0.0101 -0.0140 -0.9999
vn 0.0124 -0.0105 -0.9999
vn 0.8738 -0.4585 -0.1618
vn 0.8801 -0.4621 -0.1094
vn 0.6828 -0.3458 -0.6435
vn 0.6828 -0.3458 -0.6436
vn 0.5388 -0.2768 -0.7957
vn 0.8866 -0.4626 -0.0026
vn 0.8800 -0.4621 -0.1095
vn 0.8046 -0.3898 0.4480
vn 0.8837 -0.4639 0.0624
vn 0.8863 -0.4534 0.0941
vn 0.0189 0.0032 0.9998
vn 0.0269 0.0032 0.9996
vn -0.8554 0.5126 0.0747
vn -0.8593 0.5111 0.0184
vn -0.8854 0.4611 0.0578
vn -0.8744 0.4400 0.2045
vn -0.8581 0.5132 -0.0171
vn -0.8517 0.5203 -0.0616
vn -0.8372 0.5261 -0.1491
vn 0.0027 -0.0008 -1.0000
vn 0.0021 0.0013 -1.0000
vn 0.6786 0.5634 -0.4713
vn 0.7882 0.5919 -0.1684
vn 0.7167 0.4758 -0.5099
vn 0.8165 0.5766 -0.0287
vn 0.6349 0.4240 0.6458
vn 0.8326 0.5335 0.1490
vn 0.8199 0.5556 0.1382
vn 0.6349 0.4241 0.6458
vn -0.0445 0.0246 0.9987
vn -0.0254 0.0213 0.9994
vn -0.0312 0.0124 0.9994
vn -0.8786 -0.4530 0.1512
vn -0.8919 -0.4522 -0.0015
vn -0.8873 -0.4610 0.0119
vn -0.8917 -0.4525 -0.0081
vn -0.8696 -0.4415 -0.2212
vn -0.4630 -0.2312 -0.8557
vn -0.8687 -0.4689 -0.1594
vn -0.8695 -0.4416 -0.2212
vn -0.0127 -0.0063 -0.9999
vn 0.0141 0.0198 -0.9997
vn -0.5141 -0.3947 -0.7615
vn -0.4655 -0.5896 -0.6601
vn -0.7726 -0.6205 -0.1347
vn -0.7725 -0.6205 -0.1347
vn -0.8243 -0.5470 -0.1460
vn -0.8245 -0.5641 -0.0447
vn -0.8555 -0.5169 -0.0303
vn -0.7726 -0.6205 -0.1348
vn -0.7050 -0.5274 0.4741
vn -0.8477 -0.5292 0.0358
vn 0.0013 0.0264 0.9996
vn 0.0041 0.0149 0.9999
vn 0.0047 0.0203 0.9998
vn 0.0048 0.0203 0.9998
vn 0.0007 0.0260 0.9997
vn 0.7266 0.2395 0.6440
vn 0.9573 0.2790 0.0757
vn 0.7265 0.2396 0.6440
vn 0.9730 0.2289 -0.0284
vn 0.9794 0.1471 -0.1387
vn 0.7579 -0.0749 -0.6480
vn 0.2375 -0.2607 -0.9358
vn 0.2180 -0.2455 -0.9446
vn 0.2375 -0.2607 -0.9357
vn 0.1919 0.9669 -0.1679
vn 0.0865 0.9950 0.0500
vn 0.0303 -0.0481 0.9984
vn -0.0039 -0.0465 0.9989
vn 0.0067 -0.0497 0.9987
vn 0.4626 -0.8865 0.0128
vn -0.1136 -0.9935 -0.0035
vn 0.1841 -0.9420 0.2806
vn -0.1288 -0.9908 -0.0408
vn 0.4325 -0.9008 -0.0384
vn -0.1576 -0.9132 -0.3759
vn -0.0063 -0.6855 -0.7281
vn -0.0064 -0.6855 -0.7281
vn -0.0828 -0.3563 -0.9307
vn 0.0030 -0.0301 -0.9995
vn -0.0022 -0.0249 -0.9997
vn -0.0035 0.0062 -1.0000
vn -0.2902 0.9502 -0.1133
vn -0.2356 0.9688 -0.0766
vn -0.0942 0.9943 -0.0490
vn -0.1283 0.9891 -0.0725
vn -0.2007 0.9796 0.0059
vn -0.1770 0.9691 0.1718
vn -0.1524 0.9801 0.1272
vn -0.1766 0.9804 0.0876
vn 0.0242 -0.0215 0.9995
vn 0.0137 -0.0031 0.9999
vn 0.1969 -0.8480 0.4920
vn 0.3208 -0.8345 0.4480
vn 0.1969 -0.8480 0.4921
vn 0.8202 -0.5721 -0.0022
vn 0.6903 -0.6177 -0.3767
vn 0.6207 -0.6514 -0.4364
vn 0.3464 -0.3628 -0.8651
vn -0.0213 -0.0103 -0.9997
vn -0.0188 -0.0164 -0.9997
vn -0.0132 -0.0072 -0.9999
vn 0.8697 -0.4558 -0.1894
vn 0.8739 -0.4585 -0.1618
vn 0.4910 -0.2675 -0.8291
vn 0.8697 -0.4557 -0.1894
vn 0.8887 -0.4586 0.0005
vn 0.8866 -0.4626 -0.0027
vn 0.7892 -0.3699 0.4902
vn 0.8877 -0.4465 0.1121
vn 0.0475 0.0129 0.9988
vn 0.0383 0.0122 0.9992
vn 0.0188 0.0032 0.9998
vn -0.8159 0.5723 0.0820
vn -0.8411 0.5400 0.0314
vn -0.8358 0.5485 -0.0240
vn -0.8158 0.5709 -0.0931
vn -0.7685 0.6045 -0.2095
vn -0.8157 0.5709 -0.0931
vn 0.0105 0.0048 -0.9999
vn 0.0021 0.0012 -1.0000
vn 0.0093 0.0063 -0.9999
vn -0.1416 -0.7732 0.6182
vn -0.2431 -0.9622 0.1228
vn -0.2431 -0.9622 0.1227
vn -0.0428 -0.7906 0.6108
vn -0.2897 -0.9571 0.0033
vn -0.2488 -0.9650 -0.0833
vn -0.1824 -0.7163 -0.6735
vn -0.2487 -0.9650 -0.0833
vn -0.0514 -0.0001 -0.9987
vn -0.1035 0.0174 -0.9945
vn -0.0000 -0.0096 -1.0000
vn -0.1248 0.0269 -0.9918
vn -0.0874 0.0345 -0.9956
vn -0.1860 0.0476 -0.9814
vn -0.0278 0.0139 -0.9995
vn -0.0360 0.0171 -0.9992
vn -0.1028 0.0785 -0.9916
vn -0.1027 0.0785 -0.9916
vn -0.2274 0.1896 -0.9552
vn -0.1027 0.0784 -0.9916
vn -0.2275 0.1896 -0.9551
vn -0.1269 0.3145 -0.9407
vn -0.0516 0.3092 -0.9496
vn -0.0515 0.3092 -0.9496
vn -0.0189 -0.0164 -0.9997
vn 0.0026 0.3239 -0.9461
vn -0.0064 -0.0010 -1.0000
vn 0.0995 0.3046 -0.9473
vn 0.0196 0.3636 -0.9313
vn 0.2024 0.2693 -0.9416
vn 0.2024 0.2693 -0.9415
vn 0.1575 0.1583 -0.9747
vn 0.1254 0.0525 -0.9907
vn 0.0300 -0.0195 -0.9994
vn 0.1254 0.0524 -0.9907
vn 0.1752 -0.1634 -0.9709
vn 0.3117 -0.3106 -0.8980
vn 0.3116 -0.3106 -0.8980
vn 0.4842 -0.7265 -0.4876
vn 0.4931 -0.8667 -0.0756
vn 0.5191 -0.8547 0.0069
vn 0.4354 -0.8861 0.1588
vn 0.5441 -0.8270 0.1420
vn 0.4342 -0.6408 0.6331
vn 0.0033 0.0224 0.9997
vn 0.0330 0.0346 0.9989
vn -0.0124 0.0004 0.9999
vn -0.0137 -0.0084 0.9999
vn 0.0253 -0.0195 0.9995
vn 0.0001 0.0418 0.9991
vn -0.0204 0.1092 0.9938
vn 0.0066 -0.0497 0.9987
vn -0.0204 0.1091 0.9938
vn -0.0369 0.2993 0.9535
vn 0.0702 -0.0134 0.9974
vn -0.0197 0.2707 0.9625
vn -0.0791 0.4727 0.8777
vn -0.0369 0.2992 0.9535
vn -0.0791 0.4727 0.8776
vn -0.1346 0.1029 0.9855
vn -0.2497 0.2156 0.9440
vn -0.1414 0.0582 0.9882
vn -0.1818 0.0891 0.9793
vn -0.0163 0.0059 0.9999
vn -0.2672 0.1357 0.9540
vn -0.0063 0.0211 0.9998
vn -0.2242 0.1261 0.9664
vn 0.0033 0.0076 1.0000
vn -0.1724 0.0240 0.9847
vn -0.1812 -0.0103 0.9834
vn -0.1812 -0.0102 0.9834
vn -0.1618 -0.0765 0.9838
vn -0.1618 -0.0765 0.9839
vn -0.7637 -0.5444 0.3471
vn -0.8913 -0.4513 0.0433
vn -0.2432 -0.9622 0.1228
vn -0.8831 -0.4693 -0.0027
vn -0.8544 -0.5169 -0.0522
vn -0.2487 -0.9650 -0.0832
vn -0.6409 -0.5840 -0.4982
vn -0.6410 -0.5840 -0.4981
vn -0.3577 0.0278 -0.9334
vn -0.4962 0.0357 -0.8675
vn -0.0513 -0.0001 -0.9987
vn -0.3578 0.0278 -0.9334
vn -0.5879 0.0409 -0.8079
vn -0.1247 0.0269 -0.9918
vn -0.3860 0.1788 -0.9050
vn -0.6140 0.2364 -0.7531
vn -0.1452 0.0870 -0.9856
vn -0.2243 0.1113 -0.9682
vn -0.4296 0.3274 -0.8416
vn -0.5880 0.4637 -0.6627
vn -0.1028 0.0784 -0.9916
vn -0.5880 0.4637 -0.6628
vn -0.2714 0.7755 -0.5700
vn -0.1492 0.8272 -0.5417
vn -0.1269 0.3144 -0.9408
vn 0.0126 0.8714 -0.4904
vn 0.1951 0.7504 -0.6315
vn 0.0196 0.3637 -0.9313
vn 0.0602 0.8423 -0.5356
vn 0.1951 0.7505 -0.6315
vn 0.3540 0.5975 -0.7195
vn 0.3360 0.3299 -0.8822
vn 0.2980 0.2072 -0.9318
vn 0.1575 0.1583 -0.9748
vn 0.2384 -0.1469 -0.9600
vn 0.2980 0.2073 -0.9318
vn 0.3504 -0.3133 -0.8827
vn 0.2385 -0.1470 -0.9600
vn 0.4711 -0.7147 -0.5170
vn 0.5117 -0.8568 -0.0635
vn 0.5799 -0.8145 0.0186
vn 0.5191 -0.8547 0.0070
vn 0.6416 -0.7558 0.1309
vn 0.6131 -0.5253 0.5900
vn 0.5440 -0.8270 0.1420
vn 0.0170 0.0129 0.9998
vn 0.0033 0.0223 0.9997
vn 0.1158 0.0371 0.9926
vn -0.0206 -0.0088 0.9997
vn 0.0170 0.0128 0.9998
vn -0.0205 -0.0088 0.9998
vn -0.0169 -0.0133 0.9998
vn 0.0404 0.0609 0.9973
vn 0.0193 0.2784 0.9603
vn 0.0193 0.2783 0.9603
vn -0.0004 0.4613 0.8872
vn -0.0203 0.1092 0.9938
vn 0.0002 0.0418 0.9991
vn -0.0005 0.4613 0.8873
vn -0.1430 0.8413 0.5214
vn -0.0198 0.2707 0.9625
vn -0.1244 0.7745 0.6202
vn -0.1430 0.8412 0.5214
vn -0.1553 0.8823 0.4444
vn -0.5466 0.3883 0.7419
vn -0.2496 0.2156 0.9440
vn -0.6325 0.4963 0.5947
vn -0.5466 0.3882 0.7419
vn -0.4365 0.2152 0.8736
vn -0.4975 0.2468 0.8316
vn -0.5675 0.2729 0.7768
vn -0.2242 0.1260 0.9664
vn -0.2242 0.1261 0.9663
vn -0.5466 0.2849 0.7874
vn -0.5676 0.2729 0.7768
vn -0.1724 0.0239 0.9847
vn -0.5906 0.0633 0.8044
vn -0.5832 0.0087 0.8123
vn -0.5649 -0.0914 0.8201
vn 0.0699 -0.9202 -0.3852
vn 0.1167 -0.9892 -0.0883
vn 0.2180 -0.9759 -0.0073
vn -0.0056 -1.0000 -0.0035
vn 0.2556 -0.8662 0.4294
vn -0.0106 -0.9923 0.1232
vn 0.2913 -0.9512 0.1022
vn 0.2557 -0.8662 0.4294
vn 0.2848 0.0081 0.9586
vn 0.3077 0.0063 0.9515
vn 0.2880 0.0034 0.9576
vn 0.2881 0.0034 0.9576
vn 0.2436 0.1531 0.9577
vn 0.3000 0.1493 0.9422
vn 0.2871 0.1838 0.9401
vn 0.3003 0.2555 0.9190
vn 0.3003 0.2556 0.9190
vn 0.2121 0.4795 0.8515
vn 0.0126 0.8582 0.5132
vn -0.0348 0.9794 0.1990
vn -0.0347 0.9794 0.1990
vn -0.4507 0.8166 0.3605
vn -0.5247 0.8504 -0.0380
vn -0.0231 0.9971 0.0721
vn -0.0602 0.9982 -0.0047
vn -0.1630 0.9793 -0.1198
vn -0.5094 0.8375 -0.1976
vn -0.0602 0.9982 -0.0046
vn -0.1629 0.9793 -0.1199
vn 0.3487 0.4020 -0.8466
vn 0.5247 0.3299 -0.7848
vn 0.5246 0.3300 -0.7848
vn 0.5247 0.3300 -0.7848
vn 0.5089 0.2710 -0.8171
vn 0.0046 0.0077 -1.0000
vn 0.3949 0.1673 -0.9034
vn 0.3948 0.1674 -0.9034
vn 0.2328 0.0217 -0.9723
vn 0.1148 0.0914 -0.9892
vn 0.1146 -0.0366 -0.9927
vn 0.0208 0.0436 -0.9988
vn 0.0946 -0.2920 -0.9517
vn 0.1265 -0.9025 -0.4117
vn 0.2516 -0.9655 -0.0667
vn 0.0699 -0.9202 -0.3853
vn 0.4223 -0.9065 0.0002
vn 0.2516 -0.9655 -0.0668
vn 0.6486 -0.6879 0.3258
vn 0.2557 -0.8662 0.4293
vn 0.2912 -0.9512 0.1022
vn 0.5666 -0.8203 0.0781
vn 0.5541 0.0174 0.8323
vn 0.5411 0.0187 0.8408
vn 0.3077 0.0062 0.9515
vn 0.2847 0.0081 0.9586
vn 0.5339 0.0194 0.8453
vn 0.4385 0.2344 0.8676
vn 0.4548 0.2060 0.8665
vn 0.4906 0.2929 0.8207
vn 0.5414 0.3687 0.7556
vn 0.4906 0.2928 0.8207
vn 0.4245 0.5726 0.7014
vn 0.2263 0.8115 0.5387
vn 0.3125 0.9318 0.1846
vn 0.4048 0.9121 0.0642
vn 0.4937 0.8696 0.0092
vn -0.0231 0.9971 0.0722
vn 0.4049 0.9121 0.0642
vn 0.5569 0.8290 0.0515
vn -0.1630 0.9793 -0.1199
vn 0.4936 0.8696 0.0093
vn 0.8201 0.5083 -0.2630
vn 0.8436 0.4544 -0.2860
vn 0.5246 0.3299 -0.7848
vn 0.8436 0.4544 -0.2861
vn 0.7883 0.4113 -0.4576
vn 0.5089 0.2709 -0.8171
vn 0.7883 0.4113 -0.4575
vn 0.5317 0.2364 -0.8133
vn 0.5317 0.2365 -0.8133
vn 0.2769 0.0523 -0.9595
vn 0.2327 0.0217 -0.9723
vn 0.1470 0.0989 -0.9842
vn 0.1489 -0.0275 -0.9885
vn 0.1489 -0.0276 -0.9885
vn 0.1447 -0.3055 -0.9411
vn 0.0444 0.9987 0.0235
vn 0.1600 0.9863 0.0390
vn 0.1179 0.9930 -0.0033
vn 0.0416 0.9991 -0.0018
vn 0.0785 0.9969 -0.0035
vn 0.0299 0.9980 -0.0565
vn 0.0502 0.9987 0.0113
vn 0.0543 0.9984 0.0121
vn 0.0815 0.9965 0.0175
vn 0.0870 0.9908 -0.1040
vn 0.0858 0.9740 -0.2095
vn 0.0872 0.9907 -0.1041
vn 0.1181 0.7214 -0.6824
vn 0.2754 0.2055 -0.9391
vn 0.1265 0.2510 -0.9597
vn 0.1265 0.2511 -0.9597
vn 0.2753 0.2055 -0.9391
vn 0.3257 0.0504 -0.9441
vn 0.4148 -0.1263 -0.9011
vn 0.1454 0.0446 -0.9884
vn 0.1455 0.0446 -0.9884
vn 0.4229 -0.9062 -0.0038
vn 0.1371 -0.9899 -0.0366
vn 0.4153 -0.9096 -0.0158
vn 0.4136 -0.9104 0.0046
vn 0.4291 -0.9033 0.0028
vn 0.1848 -0.9828 -0.0066
vn 0.4141 -0.9102 0.0055
vn 0.4290 -0.9033 0.0028
vn 0.4315 -0.9021 0.0024
vn 0.4515 -0.8916 0.0349
vn 0.4066 -0.9136 0.0080
vn 0.4515 -0.8916 0.0348
vn 0.3681 -0.9298 -0.0027
vn 0.3476 -0.9375 -0.0160
vn 0.3407 -0.9401 -0.0101
vn 0.4393 -0.8982 0.0156
vn 0.4567 -0.8895 0.0145
vn 0.5244 -0.8514 0.0102
vn 0.1884 -0.9821 0.0026
vn 0.5092 -0.8590 0.0525
vn 0.4965 -0.8650 0.0730
vn 0.1909 -0.9788 0.0745
vn 0.1909 -0.9788 0.0746
vn 0.2240 -0.9740 0.0333
vn 0.2909 -0.3448 0.8925
vn 0.2283 0.0025 0.9736
vn 0.2442 0.2198 0.9445
vn 0.2443 0.2197 0.9445
vn 0.3092 0.8246 0.4737
vn 0.1949 0.7423 0.6411
vn 0.1168 0.2234 0.9677
vn 0.0995 0.9945 0.0336
vn 0.0911 0.9946 0.0487
vn 0.1390 0.9873 0.0775
vn -0.0125 0.9998 -0.0160
vn 0.0573 0.9983 -0.0079
vn 0.0719 0.9974 -0.0062
vn 0.0204 0.9998 -0.0025
vn 0.0199 0.9998 -0.0014
vn 0.0034 1.0000 -0.0060
vn 0.0136 0.6614 0.7499
vn 0.0057 0.1760 0.9844
vn 0.0028 0.1656 0.9862
vn 0.0051 0.6438 0.7652
vn 0.0023 -0.0005 1.0000
vn 0.0019 0.0002 1.0000
vn 0.0008 -0.0132 0.9999
vn 0.0013 -0.0136 0.9999
vn -0.0055 -0.9954 0.0959
vn -0.0004 -1.0000 -0.0002
vn -0.0055 -0.9954 0.0960
vn 0.0070 -0.9999 -0.0112
vn 0.0015 -1.0000 -0.0085
vn -0.0020 -0.9999 -0.0113
vn 0.0004 -1.0000 -0.0079
vn 0.0015 -1.0000 -0.0084
vn -0.0033 -1.0000 -0.0051
vn -0.0045 -1.0000 0.0051
vn -0.0082 -0.9999 0.0134
vn -0.0126 -0.9997 0.0203
vn -0.0182 -0.9996 0.0209
vn -0.0191 -0.9998 0.0028
vn -0.0190 -0.9998 -0.0003
vn -0.0021 -1.0000 -0.0000
vn -0.0189 -0.9998 0.0035
vn -0.0190 -0.9994 -0.0272
vn -0.0190 -0.9998 -0.0004
vn -0.0190 -0.9995 -0.0272
vn -0.0110 -0.9997 -0.0205
vn -0.0152 -0.9929 -0.1179
vn -0.0081 -0.9949 -0.1009
vn 0.0021 0.0051 -1.0000
vn 0.0012 -0.0005 -1.0000
vn 0.0077 0.0058 -1.0000
vn 0.0018 0.1473 -0.9891
vn 0.0017 0.1473 -0.9891
vn 0.0039 0.5267 -0.8500
vn 0.0063 1.0000 0.0011
vn 0.0167 0.9994 -0.0291
vn 0.0025 1.0000 0.0090
vn 0.0263 0.9973 -0.0689
vn 0.0323 0.9994 -0.0104
vn 0.0262 0.9973 -0.0689
vn 0.0333 0.9994 -0.0001
vn 0.0317 0.9994 -0.0152
vn 0.0286 0.9995 -0.0106
vn 0.0185 0.9998 -0.0101
vn 0.0285 0.9995 -0.0106
vn 0.0245 0.9997 -0.0081
vn 0.0179 0.9994 0.0283
vn 0.0208 0.9998 -0.0007
vn 0.0179 0.9994 0.0282
vn 0.0312 0.9995 0.0036
vn 0.0327 0.9990 0.0307
vn 0.0379 0.9904 0.1330
vn 0.0161 0.9997 0.0183
vn 0.1010 0.9925 -0.0689
vn 0.1042 0.9917 -0.0754
vn 0.0502 0.9975 -0.0506
vn 0.1245 0.9854 -0.1162
vn 0.0552 0.9939 -0.0959
vn 0.1042 0.9917 -0.0753
vn 0.0871 0.0845 -0.9926
vn 0.0729 0.1117 -0.9911
vn 0.0320 0.0655 -0.9973
vn 0.0363 0.0660 -0.9972
vn 0.0116 0.9992 -0.0387
vn 0.0094 0.9997 -0.0222
vn 0.0074 0.5688 -0.8224
vn 0.0008 0.1589 -0.9873
vn -0.0012 0.1258 -0.9921
vn -0.0005 0.0092 -1.0000
vn 0.0033 0.0094 -1.0000
vn 0.0037 -0.9933 -0.1155
vn -0.0007 -1.0000 0.0005
vn -0.0077 -1.0000 0.0031
vn -0.0062 -1.0000 0.0012
vn -0.0077 -1.0000 0.0032
vn -0.0059 -1.0000 0.0009
vn -0.0007 -1.0000 -0.0005
vn -0.0049 -1.0000 0.0047
vn -0.0043 -1.0000 0.0061
vn -0.0049 -1.0000 0.0048
vn -0.0034 -1.0000 0.0045
vn -0.0025 -1.0000 0.0023
vn -0.0016 -1.0000 0.0005
vn -0.0025 -1.0000 0.0024
vn -0.0024 -0.9999 -0.0163
vn -0.0026 -0.9998 -0.0172
vn -0.0021 -0.9999 -0.0159
vn -0.0026 -0.9998 -0.0174
vn -0.0042 -0.9997 -0.0232
vn -0.0014 -0.9999 0.0117
vn 0.0018 -0.9923 0.1235
vn 0.0026 -1.0000 0.0083
vn -0.0013 0.0189 0.9998
vn -0.0094 0.0122 0.9999
vn -0.0157 0.1802 0.9835
vn -0.0242 0.6579 0.7527
vn 0.0032 0.9997 0.0234
vn -0.0015 0.9998 0.0199
vn 0.0201 0.0264 0.9995
vn 0.0397 0.0652 0.9971
vn 0.0429 0.0306 0.9986
vn 0.0285 0.9901 0.1374
vn 0.0246 0.9977 0.0634
vn 0.0240 0.9984 0.0508
vn 0.0031 0.0493 0.9988
vn 0.0058 0.9602 0.2794
vn -0.0223 0.8896 -0.4561
vn -0.0223 0.8896 -0.4562
vn 0.0046 0.0113 -0.9999
vn 0.0112 0.9999 -0.0010
vn 0.0090 0.9983 0.0570
vn 0.0016 0.9457 0.3250
vn -0.0023 0.0011 1.0000
vn -0.0103 0.0218 0.9997
vn -0.0833 0.9947 0.0596
vn -0.0802 0.9917 0.1007
vn -0.0833 0.9947 0.0597
vn -0.0468 0.8897 0.4542
vn -0.0801 0.9917 0.1007
vn -0.0115 -0.0024 0.9999
vn -0.0102 0.0436 0.9990
vn -0.0115 -0.0025 0.9999
vn -0.0017 0.9990 0.0446
vn -0.0024 0.9996 0.0297
vn -0.0018 0.9990 0.0446
vn -0.0017 0.7652 0.6438
vn 0.0054 0.2542 0.9671
vn 0.0073 0.0085 0.9999
vn 0.0056 -0.0176 0.9998
vn 0.0035 -1.0000 0.0071
vn 0.0054 -0.9964 0.0841
vn 0.0035 -1.0000 0.0070
vn 0.0014 -0.9998 0.0175
vn -0.0005 -1.0000 0.0050
vn -0.0009 -1.0000 0.0022
vn -0.0004 -0.9999 -0.0111
vn -0.0029 -0.9999 -0.0160
vn -0.0004 -0.9999 -0.0112
vn -0.0050 -1.0000 0.0049
vn -0.0062 -0.9997 0.0224
vn -0.0032 -0.9998 -0.0189
vn -0.0074 -1.0000 -0.0051
vn -0.0107 -0.9994 -0.0337
vn 0.0002 -1.0000 -0.0050
vn 0.0048 -0.9974 -0.0713
vn 0.0071 -0.9966 -0.0821
vn 0.0018 -0.0048 -1.0000
vn 0.0048 0.0062 -1.0000
vn 0.0019 -0.0049 -1.0000
vn 0.0048 0.0424 -0.9991
vn 0.0011 0.1649 -0.9863
vn 0.0048 0.0423 -0.9991
vn -0.0032 0.9991 -0.0430
vn -0.0095 0.9988 -0.0483
vn -0.0183 0.0827 -0.9964
vn -0.0255 0.1015 -0.9945
vn -0.0183 0.0828 -0.9964
vn -0.0068 1.0000 -0.0000
vn -0.0300 0.9989 -0.0356
vn -0.0300 0.9989 -0.0355
vn -0.0337 0.9986 -0.0412
vn 0.0018 0.0360 -0.9994
vn -0.0047 0.0245 -0.9997
vn -0.0049 0.0319 -0.9995
vn -0.0515 0.9979 0.0383
vn -0.0589 0.9969 0.0525
vn -0.0316 0.9990 0.0306
vn -0.0515 0.9979 0.0382
vn -0.0078 0.0987 0.9951
vn -0.0074 0.5559 0.8312
vn -0.0282 0.4543 0.8904
vn -0.0028 0.0068 1.0000
vn -0.0039 0.0045 1.0000
vn -0.0299 -0.9995 0.0116
vn -0.0398 -0.9984 -0.0411
vn -0.0300 -0.9995 0.0116
vn -0.0633 -0.9974 0.0347
vn -0.0595 -0.9981 0.0154
vn -0.0586 -0.9982 0.0109
vn -0.0554 -0.9979 -0.0336
vn -0.0610 -0.9980 -0.0190
vn -0.0665 -0.9977 -0.0128
vn -0.0719 -0.9974 -0.0086
vn -0.0665 -0.9977 -0.0129
vn -0.0719 -0.9974 -0.0085
vn -0.0752 -0.9972 -0.0037
vn -0.0701 -0.9973 0.0214
vn -0.0710 -0.9973 0.0197
vn -0.0649 -0.9974 0.0320
vn -0.0701 -0.9973 0.0215
vn -0.0613 -0.9981 -0.0065
vn -0.0578 -0.9978 -0.0321
vn -0.0613 -0.9981 -0.0066
vn -0.0356 -0.0307 -0.9989
vn -0.0451 -0.0529 -0.9976
vn -0.0326 -0.0046 -0.9995
vn -0.0183 0.0129 -0.9997
vn -0.0328 0.0639 -0.9974
vn -0.0136 0.0769 -0.9969
vn -0.0424 0.9944 -0.0971
vn -0.0343 0.9974 -0.0631
vn -0.0423 0.9944 -0.0971
vn -0.0056 1.0000 0.0037
vn -0.0091 1.0000 -0.0035
vn -0.0050 1.0000 0.0049
vn -0.0061 0.9997 0.0220
vn -0.0050 1.0000 0.0048
vn -0.0014 0.9990 -0.0453
vn -0.0015 1.0000 0.0038
vn -0.0042 1.0000 -0.0060
vn -0.0063 1.0000 -0.0024
vn -0.0050 1.0000 0.0061
vn -0.0093 0.9999 0.0088
vn -0.0073 1.0000 0.0028
vn -0.0050 1.0000 0.0060
vn -0.0103 0.9998 0.0178
vn -0.0135 0.9995 0.0283
vn -0.0294 0.9964 0.0800
vn 0.9737 -0.2196 -0.0607
vn 0.9721 0.0483 -0.2293
vn 0.9742 0.0994 -0.2027
vn 0.9737 -0.2195 -0.0607
vn 0.9486 -0.3080 -0.0729
vn 0.8125 -0.5827 -0.0162
vn 0.9983 -0.0546 -0.0192
vn 0.8071 -0.5903 -0.0114
vn 0.9914 -0.1308 0.0016
vn 0.8580 0.4779 0.1882
vn 0.9917 -0.1287 -0.0008
vn 0.8529 -0.5196 0.0506
vn 0.8580 0.4779 0.1881
vn 0.8245 0.5329 0.1905
vn 0.8070 0.4513 0.3809
vn 0.8489 0.1537 0.5057
vn 0.0249 0.1268 0.9916
vn 0.0498 0.1747 0.9834
vn 0.0062 0.0485 0.9988
vn 0.0063 0.0485 0.9988
vn -0.0031 0.0485 0.9988
vn 0.0062 0.0486 0.9988
vn -0.0190 0.0955 0.9953
vn -0.9150 -0.1921 0.3548
vn -0.5242 0.4406 0.7288
vn -0.9150 -0.1920 0.3547
vn -0.7135 -0.6804 0.1674
vn -0.7135 -0.6804 0.1673
vn -0.2380 -0.9709 0.0283
vn -0.9910 -0.1290 0.0364
vn -0.2379 -0.9709 0.0283
vn -0.4188 -0.9064 -0.0561
vn -0.2797 -0.9601 0.0081
vn -0.9343 -0.3001 -0.1926
vn -0.9673 -0.2529 -0.0172
vn -0.4188 -0.9063 -0.0561
vn -0.9956 -0.0299 -0.0889
vn -0.9758 0.2051 -0.0762
vn -0.9758 0.2051 -0.0761
vn -0.0346 0.4177 -0.9079
vn -0.0181 0.4150 -0.9096
vn -0.0072 0.3421 -0.9396
vn -0.0093 0.0875 -0.9961
vn -0.0181 0.4150 -0.9097
vn 0.0496 0.2509 -0.9668
vn 0.1290 0.2267 -0.9654
vn 0.0012 0.1860 0.9825
vn 0.0157 0.2477 0.9687
vn 0.0200 0.0404 0.9990
vn 0.0012 0.1861 0.9825
vn 0.0157 0.2478 0.9687
vn 0.0291 0.3079 0.9510
vn 0.8350 0.3464 0.4275
vn 0.9727 0.2169 0.0821
vn 0.9727 0.2169 0.0822
vn 0.9804 0.1967 0.0049
vn 0.9805 0.1967 0.0049
vn 0.9308 0.3650 0.0186
vn 0.8982 0.4393 0.0157
vn 0.8704 0.4922 0.0135
vn 0.8982 0.4394 0.0157
vn 0.8887 0.4581 -0.0197
vn 0.8919 0.4471 -0.0676
vn 0.8378 0.4260 -0.3415
vn 0.0378 0.3590 -0.9326
vn 0.0141 0.2890 -0.9572
vn 0.0009 0.2319 -0.9727
vn 0.0141 0.2891 -0.9572
vn 0.0105 0.2941 -0.9557
vn 0.0103 0.3432 -0.9392
vn 0.0105 0.2942 -0.9557
vn -0.8074 0.4091 -0.4251
vn -0.7481 0.6564 -0.0975
vn -0.7178 0.6962 0.0120
vn -0.8777 0.4779 0.0369
vn -0.9983 0.0586 0.0052
vn -0.9428 0.3334 0.0074
vn -0.8776 0.4779 0.0369
vn -0.9568 0.2903 0.0146
vn -0.9803 0.1975 -0.0054
vn -0.9786 0.1948 0.0663
vn -0.9786 0.1947 0.0663
vn -0.8704 0.2748 0.4085
vn -0.9906 0.0359 0.1318
vn -0.0087 0.2851 0.9584
vn -0.0041 0.2419 0.9703
vn -0.0102 0.0435 0.9990
vn 0.0015 0.0288 0.9996
vn 0.6921 0.6977 0.1849
vn 0.9917 0.1126 0.0616
vn 0.9932 0.1043 0.0508
vn 0.9917 0.1125 0.0616
vn 0.9957 -0.0803 0.0464
vn 0.9957 -0.0803 0.0463
vn 0.9116 -0.4040 0.0760
vn 0.9810 -0.1844 0.0608
vn 0.4467 -0.8823 0.1484
vn 0.1357 -0.9744 0.1791
vn 0.1357 -0.9744 0.1792
vn -0.0109 -0.9671 0.2542
vn -0.0159 -0.9528 0.3031
vn -0.0109 -0.9671 0.2541
vn -0.0184 -0.9418 0.3358
vn -0.0159 -0.9528 0.3030
vn 0.0082 -0.9384 0.3454
vn 0.0083 -0.9400 0.3410
vn 0.0083 -0.9400 0.3411
vn 0.0042 -0.9936 0.1130
vn 0.0029 -0.9449 0.3272
vn 0.0029 -0.9532 0.3022
vn 0.0103 -0.9580 0.2865
vn 0.0073 -0.9704 0.2415
vn 0.0022 -0.9799 0.1996
vn -0.0039 -0.9888 0.1495
vn -0.9807 0.0050 0.1956
vn -0.9714 -0.0675 0.2275
vn -0.9774 0.1054 0.1834
vn -0.9807 0.0050 0.1955
vn -0.9774 0.1054 0.1833
vn -0.8550 0.4922 0.1635
vn -0.0778 0.9930 0.0893
vn -0.0391 0.9981 0.0480
vn -0.0589 0.9969 0.0526
vn -0.0778 0.9930 0.0892
vn 0.0030 1.0000 0.0031
vn 0.0030 1.0000 0.0032
vn -0.0028 0.9996 0.0297
vn -0.0041 1.0000 -0.0087
vn 0.0040 1.0000 -0.0038
vn -0.0024 0.9996 0.0296
vn 0.0065 0.9999 0.0113
vn 0.0040 1.0000 -0.0037
vn -0.0053 0.9999 0.0162
vn -0.0120 0.9999 0.0121
vn -0.0120 0.9999 0.0122
vn 0.0187 0.9998 0.0009
vn 0.0042 1.0000 0.0007
vn 0.0043 1.0000 0.0007
vn 0.0069 0.9999 0.0134
vn 0.0068 0.9999 0.0134
vn 0.1593 0.9784 0.1315
vn 0.0010 1.0000 -0.0003
vn 0.1594 0.9784 0.1315
vn 0.2646 0.9392 0.2189
vn 0.0033 0.9997 0.0227
vn 0.0031 1.0000 0.0066
vn 0.0011 0.9998 -0.0195
vn -0.0131 0.9988 -0.0467
vn 0.0007 0.9998 -0.0191
vn -0.0247 0.9978 -0.0610
vn 0.0079 0.9911 -0.1329
vn -0.0260 0.9877 -0.1544
vn -0.0610 0.9824 -0.1763
vn -0.0610 0.9824 -0.1764
vn -0.9829 0.1786 -0.0447
vn -0.9991 0.0424 -0.0080
vn -0.9909 0.1316 -0.0275
vn -1.0000 0.0051 -0.0004
vn -1.0000 0.0051 -0.0005
vn -0.9999 -0.0142 -0.0042
vn -0.0497 -0.9946 -0.0906
vn -0.0248 -0.9901 -0.1381
vn -0.0578 -0.9978 -0.0322
vn -0.0028 -0.9837 -0.1796
vn 0.0152 -0.9753 -0.2205
vn 0.0146 -0.9695 -0.2447
vn 0.0058 -0.9544 -0.2984
vn 0.0039 -0.9954 -0.0961
vn 0.0057 -0.9544 -0.2984
vn 0.0057 -0.9387 -0.3448
vn 0.0133 -0.9309 -0.3651
vn -0.0152 -0.9929 -0.1178
vn -0.0237 -0.9446 -0.3273
vn -0.0188 -0.9636 -0.2669
vn -0.0188 -0.9635 -0.2669
vn -0.0151 -0.9929 -0.1179
vn -0.0171 -0.9838 -0.1786
vn -0.0043 -0.9972 -0.0745
vn -0.0171 -0.9838 -0.1787
vn 0.0970 -0.9910 -0.0923
vn 0.3912 -0.9188 -0.0526
vn 0.9998 -0.0152 0.0085
vn 0.9979 0.0479 -0.0436
vn 0.9979 0.0478 -0.0436
vn 0.9835 0.1471 -0.1053
vn 0.9996 0.0268 -0.0123
vn 0.9979 0.0478 -0.0437
vn 0.7628 0.5523 -0.3363
vn 0.9930 0.1081 -0.0485
vn 0.7628 0.5524 -0.3363
vn 0.0774 0.8739 -0.4799
vn 0.1091 0.8805 -0.4612
vn 0.0786 0.9680 -0.2383
vn 0.0345 0.9961 -0.0817
vn 0.0284 0.9967 -0.0755
vn -0.0050 0.9997 0.0246
vn -0.8893 0.4568 -0.0223
vn -0.8954 0.4449 -0.0205
vn -0.8871 0.4528 0.0889
vn -0.8871 0.4529 0.0888
vn -0.5466 0.2850 0.7874
vn 0.0091 -0.0069 0.9999
vn 0.8868 -0.4621 -0.0031
vn 0.0124 -0.0104 -0.9999
vn -0.0031 -0.0035 -1.0000
vn 0.4223 -0.9065 0.0001
vn 0.9917 -0.1286 -0.0007
vn 0.9982 0.0596 0.0065
vn 0.0207 0.9998 -0.0007
vn 0.0786 0.9969 -0.0035
vn 0.9999 -0.0139 -0.0024
vn -0.0034 -1.0000 0.0044
vn 0.0009 -1.0000 0.0052
vn -1.0000 -0.0003 0.0018
vn -0.9998 0.0173 -0.0019
vn -0.9985 0.0550 0.0026
vn -0.0074 1.0000 0.0027
vn -0.0094 0.9999 -0.0038
vn -0.9999 0.0144 0.0054
vn -0.9427 0.3334 0.0074
vn -0.9419 -0.3357 0.0056
vn 0.0060 -0.9999 -0.0095
vn 0.0218 -0.9981 0.0580
vn 0.0216 -0.9953 0.0945
vn -0.0240 -0.9933 0.1131
vn -0.2897 -0.9571 0.0034
vn -0.8913 -0.4514 0.0433
vn -0.9996 0.0213 -0.0193
vn -0.9053 0.4204 0.0604
vn -0.8880 0.4501 0.0942
vn -0.8834 0.4685 0.0003
vn -0.8593 0.5112 0.0184
vn 0.0018 0.9998 0.0221
vn 0.1365 0.9871 0.0832
vn 0.8165 0.5766 -0.0288
vn 0.5799 -0.8145 0.0185
vn -0.8478 -0.5292 0.0358
vn -0.8873 -0.4610 0.0118
vn -0.8846 -0.4661 -0.0135
vn -0.7952 -0.6058 -0.0249
vn -0.1136 -0.9935 -0.0036
vn 0.4324 -0.9008 -0.0384
vn 0.6811 -0.7321 -0.0065
vn 0.6931 -0.6674 0.2726
vn 0.3208 -0.8344 0.4481
vn 0.7638 -0.6455 -0.0061
vn 0.8887 -0.4585 0.0006
vn 0.8877 -0.4465 0.1120
vn 0.8844 -0.4667 -0.0051
vn 0.9185 -0.3954 -0.0074
vn 0.0271 0.9996 0.0009
vn 0.0090 0.9983 0.0569
vn 0.0113 0.9999 -0.0009
vn 0.0042 1.0000 -0.0004
vn 0.0041 1.0000 -0.0005
vn -0.8981 -0.4396 -0.0070
vn -0.5133 0.8576 0.0327
vn 0.3125 0.9318 0.1847
vn -0.0230 0.9971 0.0722
vn 0.8935 0.4489 -0.0047
vn 0.8971 0.4419 0.0041
vt 0.270128 0.630498
vt 0.267868 0.691212
vt 0.243739 0.690553
vt 0.243552 0.629281
vt 0.272981 0.557122
vt 0.243502 0.557374
vt 0.243219 0.517547
vt 0.272287 0.516400
vt 0.872972 0.073873
vt 0.874456 0.015539
vt 0.914386 0.013475
vt 0.914586 0.073031
vt 0.695343 0.728460
vt 0.695189 0.778947
vt 0.659522 0.780899
vt 0.659429 0.729258
vt 0.587391 0.552060
vt 0.557515 0.552988
vt 0.556478 0.514092
vt 0.586831 0.514222
vt 0.559157 0.696473
vt 0.587781 0.695684
vt 0.587696 0.793777
vt 0.559554 0.793902
vt 0.466394 0.752235
vt 0.496244 0.755646
vt 0.496597 0.772754
vt 0.466819 0.772282
vt 0.410483 0.786179
vt 0.380069 0.787154
vt 0.379063 0.763373
vt 0.408900 0.762282
vt 0.467378 0.794859
vt 0.496217 0.794657
vt 0.496314 0.813818
vt 0.467973 0.814598
vt 0.655479 0.180574
vt 0.630171 0.149783
vt 0.651551 0.139202
vt 0.671396 0.172486
vt 0.625491 0.195206
vt 0.623559 0.198103
vt 0.588385 0.187564
vt 0.593571 0.174652
vt 0.624629 0.204448
vt 0.587093 0.218759
vt 0.585885 0.204145
vt 0.621206 0.201677
vt 0.674294 0.229793
vt 0.755636 0.269543
vt 0.736922 0.311185
vt 0.643238 0.263173
vt 0.872934 0.379438
vt 0.872999 0.327544
vt 0.910507 0.328319
vt 0.910474 0.380242
vt 0.875935 0.108595
vt 0.915620 0.105392
vt 0.764557 0.125317
vt 0.743051 0.080130
vt 0.802128 0.050449
vt 0.813653 0.102499
vt 0.697204 0.415237
vt 0.699725 0.474524
vt 0.660188 0.471560
vt 0.659125 0.412852
vt 0.803977 0.526509
vt 0.756722 0.503499
vt 0.766601 0.450355
vt 0.823700 0.480157
vt 0.511138 0.494875
vt 0.540034 0.494494
vt 0.539967 0.527601
vt 0.507646 0.528945
vt 0.694488 0.510716
vt 0.657042 0.508595
vt 0.811980 0.669593
vt 0.892588 0.628788
vt 0.925547 0.662949
vt 0.831424 0.710489
vt 0.454768 0.690943
vt 0.422905 0.689678
vt 0.422517 0.610825
vt 0.454134 0.611495
vt 0.456008 0.737766
vt 0.424196 0.735869
vt 0.423672 0.735236
vt 0.455492 0.737116
vt 0.565442 0.928843
vt 0.563639 0.897384
vt 0.565011 0.897710
vt 0.565828 0.929186
vt 0.939181 0.604474
vt 0.939600 0.602646
vt 0.982389 0.604098
vt 0.980149 0.619017
vt 0.935313 0.597074
vt 0.975631 0.573453
vt 0.979605 0.587033
vt 0.937895 0.599291
vt 0.912105 0.583771
vt 0.900057 0.576071
vt 0.921671 0.540090
vt 0.940340 0.551830
vt 0.521045 0.927071
vt 0.521475 0.895206
vt 0.535997 0.896257
vt 0.535995 0.928253
vt 0.579447 0.860059
vt 0.615304 0.864075
vt 0.616362 0.893539
vt 0.576654 0.891243
vt 0.873805 0.248189
vt 0.874511 0.202738
vt 0.912534 0.201437
vt 0.911726 0.247815
vt 0.539395 0.621652
vt 0.538718 0.667103
vt 0.506670 0.668616
vt 0.507009 0.623099
vt 0.874108 0.296611
vt 0.910871 0.297235
vt 0.538805 0.744878
vt 0.506913 0.744275
vt 0.506331 0.717118
vt 0.537989 0.715536
vt 0.695465 0.699379
vt 0.659365 0.699937
vt 0.695464 0.605182
vt 0.695409 0.650785
vt 0.659078 0.650649
vt 0.658798 0.604392
vt 0.205261 0.814234
vt 0.172473 0.813966
vt 0.172396 0.783555
vt 0.205167 0.782978
vt 0.176782 0.726034
vt 0.206402 0.724774
vt 0.291598 0.760073
vt 0.259156 0.759265
vt 0.262429 0.733898
vt 0.290515 0.735795
vt 0.290971 0.812319
vt 0.258725 0.811998
vt 0.195061 0.591437
vt 0.194412 0.636524
vt 0.190277 0.636530
vt 0.191083 0.591415
vt 0.084624 0.588982
vt 0.111523 0.588331
vt 0.111262 0.633621
vt 0.084480 0.634107
vt 0.150390 0.701268
vt 0.127480 0.697128
vt 0.126634 0.694512
vt 0.149780 0.697522
vt 0.151488 0.730517
vt 0.151146 0.763025
vt 0.127576 0.761337
vt 0.127520 0.727055
vt 0.153235 0.836740
vt 0.127138 0.837036
vt 0.128704 0.832629
vt 0.154204 0.831134
vt 0.066602 0.629130
vt 0.042060 0.631757
vt 0.042038 0.587243
vt 0.067348 0.586824
vt 0.128475 0.587077
vt 0.128359 0.630454
vt 0.122193 0.628098
vt 0.122620 0.586236
vt 0.033284 0.690068
vt 0.009395 0.691491
vt 0.007247 0.685469
vt 0.030471 0.684864
vt 0.031598 0.789503
vt 0.007063 0.793793
vt 0.007382 0.766235
vt 0.032570 0.762576
vt 0.033706 0.828898
vt 0.007613 0.831031
vt 0.007675 0.825313
vt 0.033735 0.822630
vt 0.336307 0.024973
vt 0.336821 0.011286
vt 0.342231 0.011137
vt 0.341794 0.024880
vt 0.439991 0.024612
vt 0.407776 0.024540
vt 0.407593 0.010990
vt 0.439563 0.011158
vt 0.479346 0.011519
vt 0.479184 0.025035
vt 0.474665 0.024983
vt 0.474693 0.011508
vt 0.331009 0.337965
vt 0.338700 0.339872
vt 0.340595 0.413044
vt 0.333458 0.411754
vt 0.413690 0.341229
vt 0.441206 0.341260
vt 0.445896 0.412962
vt 0.413855 0.412802
vt 0.473277 0.341686
vt 0.479928 0.337854
vt 0.479260 0.412251
vt 0.475497 0.413160
vt 0.503352 0.014256
vt 0.503869 0.027720
vt 0.507274 0.336390
vt 0.507831 0.411344
vt 0.479208 0.289565
vt 0.478651 0.244250
vt 0.506113 0.244974
vt 0.507038 0.289230
vt 0.306616 0.028326
vt 0.308284 0.014782
vt 0.331019 0.245256
vt 0.330936 0.290138
vt 0.306612 0.288753
vt 0.306404 0.244355
vt 0.307127 0.336062
vt 0.305300 0.409497
vt 0.367629 0.681966
vt 0.364468 0.709747
vt 0.344157 0.708571
vt 0.344713 0.680812
vt 0.344863 0.677556
vt 0.367683 0.678577
vt 0.367900 0.617360
vt 0.368014 0.651306
vt 0.345513 0.651133
vt 0.344863 0.617446
vt 0.344372 0.539468
vt 0.366035 0.539703
vt 0.366910 0.545951
vt 0.344390 0.545808
vt 0.342759 0.506792
vt 0.363951 0.507101
vt 0.537670 0.333131
vt 0.561911 0.334332
vt 0.558809 0.409041
vt 0.536284 0.408298
vt 0.561570 0.243252
vt 0.561556 0.287346
vt 0.537967 0.286311
vt 0.538247 0.242373
vt 0.536180 0.027551
vt 0.536678 0.011929
vt 0.559559 0.012439
vt 0.560663 0.028554
vt 0.322031 0.672002
vt 0.320502 0.703158
vt 0.299281 0.704598
vt 0.299433 0.671898
vt 0.299182 0.665798
vt 0.321901 0.666399
vt 0.321288 0.569493
vt 0.321107 0.601037
vt 0.298048 0.599059
vt 0.298266 0.568380
vt 0.298310 0.527468
vt 0.321467 0.529176
vt 0.321414 0.533893
vt 0.298293 0.532246
vt 0.297626 0.503382
vt 0.318099 0.503953
vt 0.253764 0.029038
vt 0.254418 0.013747
vt 0.274654 0.011052
vt 0.275455 0.026134
vt 0.271689 0.248427
vt 0.272664 0.292637
vt 0.249525 0.290598
vt 0.248630 0.246706
vt 0.250401 0.337366
vt 0.273704 0.339749
vt 0.273242 0.414083
vt 0.251890 0.412772
vt 0.183436 0.341296
vt 0.218969 0.336279
vt 0.219549 0.411037
vt 0.185443 0.414872
vt 0.179044 0.414933
vt 0.177039 0.341305
vt 0.051362 0.341058
vt 0.048840 0.414603
vt 0.016954 0.414414
vt 0.017207 0.340533
vt 0.054507 0.341312
vt 0.052076 0.414743
vt 0.079700 0.342913
vt 0.109747 0.342219
vt 0.109501 0.415307
vt 0.077692 0.415674
vt 0.051268 0.293516
vt 0.017196 0.293197
vt 0.017263 0.248790
vt 0.051224 0.248907
vt 0.054344 0.249102
vt 0.054418 0.293741
vt 0.182573 0.293807
vt 0.181785 0.249242
vt 0.218641 0.245200
vt 0.218670 0.289302
vt 0.176022 0.293884
vt 0.175070 0.249384
vt 0.079192 0.250382
vt 0.107984 0.250224
vt 0.108837 0.294762
vt 0.079438 0.295176
vt 0.041459 0.010738
vt 0.042380 0.025218
vt 0.015291 0.025247
vt 0.015355 0.010468
vt 0.046205 0.010774
vt 0.046934 0.025290
vt 0.081520 0.025868
vt 0.081830 0.011371
vt 0.112087 0.011414
vt 0.111526 0.025828
vt 0.185684 0.010561
vt 0.185172 0.025323
vt 0.178771 0.025426
vt 0.179320 0.010677
vt 0.218911 0.013246
vt 0.219229 0.027632
vt 0.334063 0.087854
vt 0.306286 0.089599
vt 0.561160 0.089418
vt 0.537586 0.088676
vt 0.218695 0.090011
vt 0.182649 0.090305
vt 0.175974 0.090499
vt 0.108896 0.091077
vt 0.080115 0.090917
vt 0.046628 0.090054
vt 0.050502 0.090151
vt 0.015796 0.090290
vt 0.272976 0.090674
vt 0.250583 0.091600
vt 0.478548 0.086942
vt 0.504982 0.089744
vt 0.474433 0.086459
vt 0.441970 0.085703
vt 0.408597 0.086109
vt 0.339801 0.087094
vt 0.195970 0.543913
vt 0.189592 0.543584
vt 0.084441 0.541389
vt 0.110968 0.540689
vt 0.478943 0.196579
vt 0.505343 0.198434
vt 0.248316 0.200546
vt 0.271049 0.201934
vt 0.016778 0.202110
vt 0.051162 0.201995
vt 0.054254 0.202159
vt 0.078932 0.203278
vt 0.107086 0.203389
vt 0.174069 0.202592
vt 0.180923 0.202383
vt 0.218425 0.198820
vt 0.538642 0.196159
vt 0.561359 0.196826
vt 0.331045 0.198058
vt 0.305866 0.197667
vt 0.042019 0.540437
vt 0.067908 0.542329
vt 0.123185 0.542225
vt 0.129576 0.542088
vt 0.695270 0.557230
vt 0.657907 0.555767
vt 0.507332 0.575308
vt 0.539662 0.573913
vt 0.875310 0.154953
vt 0.914103 0.152687
vt 0.155852 0.541853
vt 0.155509 0.590825
vt 0.155631 0.637405
vt 0.032815 0.722432
vt 0.007090 0.727033
vt 0.374790 0.340679
vt 0.372711 0.412682
vt 0.367724 0.573770
vt 0.344028 0.574187
vt 0.150367 0.414900
vt 0.148336 0.341333
vt 0.146592 0.294224
vt 0.144959 0.250016
vt 0.143242 0.203531
vt 0.145864 0.091291
vt 0.150053 0.025785
vt 0.150978 0.011210
vt 0.297776 0.638454
vt 0.320849 0.641544
vt 0.366560 0.010845
vt 0.366413 0.024452
vt 0.365745 0.086732
vt 0.128173 0.805542
vt 0.155093 0.806211
vt 0.152125 0.726039
vt 0.127538 0.722351
vt 0.446613 0.085662
vt 0.444468 0.024622
vt 0.444002 0.011313
vt 0.321305 0.565108
vt 0.298293 0.564115
vt 0.077645 0.011262
vt 0.077349 0.025880
vt 0.076116 0.090898
vt 0.075019 0.203262
vt 0.075189 0.250404
vt 0.075350 0.295235
vt 0.075523 0.343008
vt 0.073300 0.415749
vt 0.345603 0.655815
vt 0.368024 0.656024
vt 0.448760 0.345783
vt 0.450360 0.413028
vt 0.005873 0.801944
vt 0.032894 0.798527
vt 0.163774 0.638149
vt 0.164364 0.591315
vt 0.165912 0.541985
vt 0.374283 0.682307
vt 0.370698 0.709256
vt 0.243658 0.336666
vt 0.243746 0.411821
vt 0.242147 0.290013
vt 0.242075 0.246231
vt 0.241908 0.200199
vt 0.519226 0.028104
vt 0.520837 0.090665
vt 0.516817 0.091004
vt 0.514370 0.029230
vt 0.513173 0.015827
vt 0.517897 0.012813
vt 0.325747 0.505940
vt 0.328125 0.529723
vt 0.328104 0.534368
vt 0.327963 0.565399
vt 0.328189 0.569818
vt 0.327901 0.601615
vt 0.327560 0.642444
vt 0.328493 0.666567
vt 0.328563 0.671946
vt 0.326982 0.699475
vt 0.288986 0.029074
vt 0.289399 0.012960
vt 0.295794 0.016641
vt 0.293484 0.029816
vt 0.293998 0.090371
vt 0.289003 0.089939
vt 0.294720 0.197494
vt 0.295502 0.243955
vt 0.288852 0.243772
vt 0.289537 0.197347
vt 0.295833 0.288138
vt 0.289240 0.287867
vt 0.288895 0.334853
vt 0.296551 0.335222
vt 0.292850 0.408492
vt 0.288883 0.409561
vt 0.372242 0.539924
vt 0.370107 0.509378
vt 0.373416 0.546034
vt 0.374547 0.573638
vt 0.374469 0.617338
vt 0.374445 0.651369
vt 0.374491 0.656099
vt 0.374304 0.678895
vt 0.338159 0.677256
vt 0.337981 0.680473
vt 0.339017 0.655753
vt 0.338951 0.651081
vt 0.338397 0.617467
vt 0.337776 0.545765
vt 0.337071 0.574311
vt 0.338009 0.539404
vt 0.334698 0.506857
vt 0.530548 0.332778
vt 0.529360 0.408002
vt 0.531117 0.286007
vt 0.531397 0.242115
vt 0.531815 0.195961
vt 0.530670 0.088460
vt 0.528989 0.027260
vt 0.528404 0.013537
vt 0.292735 0.702771
vt 0.292787 0.671878
vt 0.292509 0.665620
vt 0.291000 0.637548
vt 0.291282 0.598478
vt 0.291658 0.568054
vt 0.291503 0.531764
vt 0.291535 0.563823
vt 0.291510 0.526965
vt 0.291698 0.503619
vt 0.282527 0.010680
vt 0.281845 0.025369
vt 0.279806 0.090448
vt 0.277998 0.202338
vt 0.278462 0.248933
vt 0.279566 0.293236
vt 0.280548 0.340448
vt 0.280851 0.414417
vt 0.338075 0.708116
vt 0.050318 0.746543
vt 0.078357 0.746355
vt 0.078419 0.794264
vt 0.051129 0.794809
vt 0.051842 0.806849
vt 0.078693 0.806750
vt 0.082295 0.832360
vt 0.057798 0.833527
vt 0.205648 0.557486
vt 0.205809 0.519563
vt 0.211748 0.518792
vt 0.211583 0.557801
vt 0.246470 0.724016
vt 0.246956 0.782353
vt 0.240648 0.782360
vt 0.238492 0.723424
vt 0.246805 0.819611
vt 0.240746 0.813799
vt 0.127682 0.798455
vt 0.150617 0.798218
vt 0.372902 0.024467
vt 0.372466 0.086549
vt 0.372987 0.010779
vt 0.320899 0.635189
vt 0.327774 0.636038
vt 0.297818 0.632273
vt 0.290988 0.631418
vt 0.144008 0.025785
vt 0.144845 0.011243
vt 0.140064 0.091253
vt 0.139158 0.250049
vt 0.137568 0.203508
vt 0.140670 0.294309
vt 0.143939 0.414910
vt 0.142282 0.341474
vt 0.344161 0.580974
vt 0.337349 0.581081
vt 0.367733 0.580609
vt 0.374384 0.580494
vt 0.383903 0.340347
vt 0.379164 0.412625
vt 0.033702 0.733424
vt 0.007650 0.736403
vt 0.333241 0.763524
vt 0.326711 0.760943
vt 0.320923 0.737887
vt 0.332630 0.732798
vt 0.333041 0.812186
vt 0.325883 0.812678
vt 0.625465 0.549951
vt 0.619777 0.550479
vt 0.619696 0.514356
vt 0.626871 0.514506
vt 0.624962 0.692113
vt 0.628123 0.792517
vt 0.618166 0.793387
vt 0.618753 0.693790
vt 0.430346 0.795121
vt 0.436158 0.795078
vt 0.437302 0.815013
vt 0.431498 0.814750
vt 0.427565 0.755454
vt 0.433750 0.753183
vt 0.434591 0.771724
vt 0.427351 0.773157
vt 0.341694 0.785160
vt 0.341426 0.764059
vt 0.346768 0.764752
vt 0.347118 0.787457
vt 0.574779 0.925084
vt 0.616718 0.925424
vt 0.613300 0.931403
vt 0.575695 0.931424
vt 0.525784 0.853841
vt 0.537832 0.854399
vt 0.535253 0.861642
vt 0.521510 0.860728
vt 0.561324 0.863335
vt 0.561040 0.857004
vt 0.563623 0.857734
vt 0.563871 0.863640
vt 0.717332 0.840896
vt 0.715504 0.841546
vt 0.717099 0.834577
vt 0.717003 0.834006
vt 0.380682 0.689839
vt 0.380988 0.609231
vt 0.388288 0.609923
vt 0.388411 0.688038
vt 0.466053 0.748244
vt 0.465714 0.719163
vt 0.472057 0.718836
vt 0.472383 0.743940
vt 0.465644 0.670569
vt 0.465436 0.624966
vt 0.471945 0.624665
vt 0.471974 0.670254
vt 0.465368 0.577014
vt 0.472329 0.576818
vt 0.474018 0.494308
vt 0.479842 0.494490
vt 0.472654 0.530400
vt 0.466132 0.530500
vt 0.115910 0.745964
vt 0.115413 0.793220
vt 0.107981 0.794135
vt 0.108720 0.746523
vt 0.648794 0.806657
vt 0.689787 0.803631
vt 0.689594 0.810992
vt 0.647290 0.812034
vt 0.214827 0.630519
vt 0.217615 0.689797
vt 0.210235 0.687638
vt 0.207257 0.629249
vt 0.050535 0.832775
vt 0.048127 0.806545
vt 0.046078 0.795254
vt 0.045064 0.746158
vt 0.543912 0.492594
vt 0.544373 0.527316
vt 0.543873 0.621460
vt 0.544011 0.573674
vt 0.543781 0.666910
vt 0.543144 0.746265
vt 0.542379 0.715332
vt 0.459181 0.612184
vt 0.459233 0.693525
vt 0.630053 0.199982
vt 0.630703 0.201051
vt 0.630854 0.199999
vt 0.630468 0.199987
vt 0.540817 0.932700
vt 0.524900 0.931757
vt 0.580578 0.855898
vt 0.613468 0.859826
vt 0.415174 0.760882
vt 0.419654 0.784137
vt 0.500236 0.757123
vt 0.503436 0.773381
vt 0.500234 0.794623
vt 0.502647 0.813546
vt 0.550828 0.793624
vt 0.551206 0.696129
vt 0.553920 0.552913
vt 0.552573 0.514508
vt 0.255331 0.811364
vt 0.255302 0.759282
vt 0.253602 0.728417
vt 0.167927 0.814853
vt 0.167848 0.783666
vt 0.172554 0.727636
vt 0.277021 0.556544
vt 0.280707 0.517054
vt 0.274921 0.630945
vt 0.271738 0.691499
vt 0.933915 0.016605
vt 0.935029 0.072634
vt 0.935119 0.103821
vt 0.931204 0.200801
vt 0.931203 0.151470
vt 0.930321 0.247634
vt 0.933915 0.328892
vt 0.933352 0.298027
vt 0.933454 0.380974
vt 0.556040 0.494651
vt 0.551678 0.495169
vt 0.586130 0.495208
vt 0.624845 0.496298
vt 0.618708 0.495880
vt 0.637754 0.732072
vt 0.640751 0.780734
vt 0.635589 0.701345
vt 0.640795 0.604005
vt 0.641599 0.650586
vt 0.639536 0.555034
vt 0.640455 0.470259
vt 0.638689 0.507517
vt 0.638150 0.411921
vt 0.206233 0.500898
vt 0.211923 0.499603
vt 0.271144 0.496456
vt 0.242735 0.496950
vt 0.275032 0.497932
vt 0.815165 0.529842
vt 0.837660 0.488849
vt 0.113125 0.804408
vt 0.107747 0.805162
vt 0.753266 0.129229
vt 0.727036 0.088879
vt 0.270612 0.704662
vt 0.267352 0.704519
vt 0.243835 0.704560
vt 0.218507 0.702239
vt 0.213911 0.699464
vt 0.850192 0.025910
vt 0.853305 0.082871
vt 0.046053 0.706506
vt 0.049815 0.707516
vt 0.078392 0.707647
vt 0.116016 0.707482
vt 0.109324 0.707488
vt 0.718239 0.484441
vt 0.720264 0.426043
vt 0.212582 0.581963
vt 0.204762 0.581544
vt 0.272111 0.581449
vt 0.243527 0.581581
vt 0.278043 0.581642
vt 0.045535 0.686839
vt 0.049413 0.688004
vt 0.078309 0.688688
vt 0.115429 0.688968
vt 0.109605 0.688968
vt 0.552888 0.579203
vt 0.558724 0.579030
vt 0.588023 0.577892
vt 0.626082 0.575393
vt 0.619744 0.576516
vt 0.716098 0.718433
vt 0.719318 0.767112
vt 0.381047 0.492594
vt 0.387377 0.495318
vt 0.387959 0.516357
vt 0.381720 0.513349
vt 0.421907 0.495560
vt 0.453799 0.495596
vt 0.453606 0.516501
vt 0.422086 0.516309
vt 0.458138 0.494821
vt 0.457497 0.515722
vt 0.852097 0.317693
vt 0.848509 0.368362
vt 0.454875 0.719861
vt 0.458871 0.723028
vt 0.423082 0.718055
vt 0.380905 0.719163
vt 0.388658 0.716747
vt 0.921912 0.614158
vt 0.959427 0.644710
vt 0.626599 0.827900
vt 0.617657 0.828407
vt 0.587350 0.828855
vt 0.559361 0.829154
vt 0.552464 0.828222
vt 0.644792 0.215455
vt 0.609900 0.244202
vt 0.414397 0.822980
vt 0.410405 0.825057
vt 0.380555 0.829892
vt 0.341726 0.824868
vt 0.347911 0.828148
vt 0.660301 0.185149
vt 0.576485 0.853841
vt 0.573230 0.858527
vt 0.515599 0.925539
vt 0.512812 0.894355
vt 0.520469 0.854174
vt 0.515852 0.860514
vt 0.894741 0.572213
vt 0.912515 0.534608
vt 0.342089 0.754202
vt 0.347733 0.752778
vt 0.378322 0.750203
vt 0.406533 0.749458
vt 0.410273 0.750048
vt 0.661582 0.135503
vt 0.678110 0.168393
vt 0.635597 0.865818
vt 0.639264 0.865627
vt 0.639280 0.871533
vt 0.635925 0.872708
vt 0.639647 0.800081
vt 0.639498 0.831558
vt 0.637509 0.831428
vt 0.639652 0.799616
vt 0.500071 0.830731
vt 0.496227 0.831204
vt 0.468503 0.833948
vt 0.432830 0.833293
vt 0.438431 0.833699
vt 0.939009 0.606292
vt 0.978051 0.632910
vt 0.738406 0.799616
vt 0.736810 0.806585
vt 0.734993 0.806753
vt 0.738494 0.800156
vt 0.423244 0.734674
vt 0.455151 0.736308
vt 0.631511 0.201939
vt 0.627865 0.207078
vt 0.591629 0.232206
vt 0.647958 0.210898
vt 0.382097 0.736260
vt 0.388695 0.733093
vt 0.622887 0.846786
vt 0.617285 0.847662
vt 0.587214 0.849850
vt 0.559490 0.847367
vt 0.555646 0.846910
vt 0.332249 0.826756
vt 0.325394 0.828261
vt 0.290879 0.828253
vt 0.258997 0.827585
vt 0.255154 0.825892
vt 0.931537 0.395502
vt 0.910440 0.395119
vt 0.872760 0.394769
vt 0.847288 0.383086
vt 0.634516 0.272557
vt 0.731632 0.322992
vt 0.600062 0.252392
vt 0.580861 0.239609
vt 0.576121 0.222854
vt 0.575179 0.204822
vt 0.578211 0.184562
vt 0.584398 0.168886
vt 0.623076 0.141133
vt 0.645978 0.129869
vt 0.656430 0.126639
vt 0.622332 0.861599
vt 0.625180 0.865278
vt 0.627050 0.893970
vt 0.627672 0.925024
vt 0.623716 0.930919
vt 0.927730 0.529997
vt 0.917831 0.524192
vt 0.948261 0.542875
vt 0.986933 0.566826
vt 0.991325 0.583584
vt 0.994728 0.604557
vt 0.992395 0.623161
vt 0.989782 0.640849
vt 0.970118 0.653560
vt 0.934845 0.672630
vt 0.836631 0.721441
vt 0.695203 0.793405
vt 0.720317 0.780944
vt 0.659541 0.795624
vt 0.640792 0.795303
vt 0.620946 0.490213
vt 0.627802 0.495718
vt 0.554549 0.490307
vt 0.586431 0.489697
vt 0.550706 0.493957
vt 0.930325 0.399393
vt 0.910986 0.398778
vt 0.551592 0.552735
vt 0.550631 0.515054
vt 0.550511 0.578207
vt 0.631870 0.275392
vt 0.729366 0.326668
vt 0.597273 0.254758
vt 0.550508 0.844634
vt 0.550598 0.825432
vt 0.505428 0.812443
vt 0.505208 0.829198
vt 0.505140 0.794412
vt 0.505411 0.774152
vt 0.503410 0.758476
vt 0.582067 0.167534
vt 0.620911 0.138504
vt 0.644165 0.127134
vt 0.654999 0.123822
vt 0.625149 0.861950
vt 0.628096 0.865690
vt 0.378253 0.747668
vt 0.406945 0.747661
vt 0.341305 0.752310
vt 0.347199 0.749612
vt 0.929580 0.526916
vt 0.919723 0.521222
vt 0.950681 0.540143
vt 0.990389 0.564802
vt 0.994884 0.582505
vt 0.998008 0.604469
vt 0.427085 0.813813
vt 0.427281 0.795209
vt 0.427059 0.831501
vt 0.629416 0.825044
vt 0.628658 0.844709
vt 0.937591 0.675440
vt 0.972974 0.655973
vt 0.837186 0.722753
vt 0.628685 0.550129
vt 0.628496 0.575243
vt 0.629454 0.514467
vt 0.173066 0.722014
vt 0.177198 0.720229
vt 0.206454 0.718369
vt 0.246108 0.717497
vt 0.238155 0.716905
vt 0.638109 0.405402
vt 0.658963 0.406584
vt 0.697062 0.408693
vt 0.720677 0.419805
vt 0.767847 0.444473
vt 0.825955 0.474746
vt 0.838533 0.483851
vt 0.694784 0.805164
vt 0.695087 0.811151
vt 0.689598 0.861983
vt 0.689477 0.837486
vt 0.695195 0.837117
vt 0.695211 0.861332
vt 0.696826 0.868246
vt 0.690820 0.869247
vt 0.723934 0.082872
vt 0.739889 0.073754
vt 0.800221 0.043724
vt 0.849846 0.020074
vt 0.874626 0.009714
vt 0.914367 0.007488
vt 0.933775 0.010982
vt 0.173815 0.716698
vt 0.177703 0.714796
vt 0.206112 0.711996
vt 0.202739 0.498875
vt 0.210692 0.494983
vt 0.202763 0.519729
vt 0.202105 0.557828
vt 0.720779 0.414371
vt 0.696720 0.403384
vt 0.768483 0.439706
vt 0.206241 0.686721
vt 0.204091 0.628613
vt 0.699376 0.807286
vt 0.703890 0.799616
vt 0.707943 0.803609
vt 0.700232 0.811881
vt 0.701335 0.837209
vt 0.700422 0.860726
vt 0.274872 0.707401
vt 0.267958 0.708004
vt 0.278965 0.691445
vt 0.281207 0.631113
vt 0.280248 0.581488
vt 0.849692 0.014937
vt 0.874790 0.004175
vt 0.914280 0.001862
vt 0.933402 0.005666
vt 0.366649 0.001981
vt 0.373054 0.001862
vt 0.439275 0.002338
vt 0.407478 0.002194
vt 0.443693 0.002586
vt 0.474725 0.002682
vt 0.479370 0.002697
vt 0.503152 0.003999
vt 0.512797 0.006950
vt 0.516316 0.002890
vt 0.255142 0.003824
vt 0.274021 0.001862
vt 0.279605 0.001994
vt 0.040939 0.001866
vt 0.017593 0.001909
vt 0.045737 0.001935
vt 0.077796 0.002494
vt 0.082027 0.002653
vt 0.112451 0.002345
vt 0.151521 0.002214
vt 0.145391 0.002174
vt 0.179593 0.002069
vt 0.287352 0.671711
vt 0.287342 0.665347
vt 0.288117 0.704938
vt 0.531393 0.005321
vt 0.537188 0.001862
vt 0.557646 0.002329
vt 0.292199 0.002850
vt 0.297677 0.008170
vt 0.337146 0.002279
vt 0.309617 0.005603
vt 0.342526 0.002111
vt 0.331643 0.152280
vt 0.305285 0.152381
vt 0.293624 0.152425
vt 0.288683 0.152319
vt 0.561782 0.151799
vt 0.539027 0.151325
vt 0.532343 0.151186
vt 0.218115 0.153877
vt 0.180113 0.156921
vt 0.173090 0.157196
vt 0.141572 0.158433
vt 0.136025 0.158357
vt 0.106215 0.157953
vt 0.078681 0.157580
vt 0.074854 0.157529
vt 0.054167 0.156620
vt 0.051071 0.156484
vt 0.016746 0.156894
vt 0.277042 0.157136
vt 0.270433 0.156825
vt 0.247928 0.155764
vt 0.520945 0.154830
vt 0.515829 0.154608
vt 0.477997 0.150366
vt 0.504123 0.153299
vt 0.474270 0.149433
vt 0.448814 0.148192
vt 0.444010 0.148290
vt 0.409442 0.149138
vt 0.365062 0.150555
vt 0.372018 0.150174
vt 0.337594 0.150806
vt 0.163290 0.494336
vt 0.187593 0.497484
vt 0.191179 0.498253
vt 0.089300 0.495569
vt 0.112445 0.495566
vt 0.520582 0.199612
vt 0.517183 0.199264
vt 0.041142 0.496061
vt 0.067238 0.498854
vt 0.125282 0.499570
vt 0.130813 0.498463
vt 0.155805 0.494336
vt 0.157155 0.688164
vt 0.128814 0.676639
vt 0.123252 0.672672
vt 0.064954 0.674505
vt 0.041730 0.678427
vt 0.110987 0.681097
vt 0.084894 0.682847
vt 0.193404 0.684566
vt 0.187998 0.684658
vt 0.164791 0.688542
vt 0.336225 0.487418
vt 0.305679 0.485172
vt 0.555536 0.485706
vt 0.567731 0.407972
vt 0.560885 0.482933
vt 0.534861 0.485437
vt 0.528789 0.485192
vt 0.219907 0.489586
vt 0.187361 0.490277
vt 0.181000 0.490344
vt 0.152454 0.490278
vt 0.145684 0.490146
vt 0.109297 0.489915
vt 0.075684 0.490149
vt 0.071012 0.490192
vt 0.049509 0.489928
vt 0.046292 0.489942
vt 0.018648 0.490141
vt 0.272675 0.490303
vt 0.278296 0.490187
vt 0.253517 0.490131
vt 0.247991 0.488809
vt 0.505557 0.488398
vt 0.478608 0.488602
vt 0.475196 0.488478
vt 0.452401 0.487688
vt 0.447670 0.487645
vt 0.413639 0.487617
vt 0.369939 0.487621
vt 0.376795 0.487500
vt 0.342335 0.488185
vt 0.154988 0.702122
vt 0.154372 0.698536
vt 0.157103 0.726425
vt 0.156140 0.730970
vt 0.156325 0.763759
vt 0.160343 0.805303
vt 0.155057 0.799243
vt 0.158875 0.830294
vt 0.158336 0.835825
vt 0.073078 0.542728
vt 0.072340 0.500073
vt 0.072445 0.586739
vt 0.071541 0.628601
vt 0.069519 0.673175
vt 0.037881 0.691240
vt 0.035036 0.685678
vt 0.036763 0.719581
vt 0.318787 0.726351
vt 0.329779 0.726295
vt 0.262708 0.726184
vt 0.289635 0.726314
vt 0.038390 0.798609
vt 0.035380 0.789782
vt 0.038856 0.821817
vt 0.038765 0.827222
vt 0.079835 0.682226
vt 0.079416 0.634184
vt 0.079336 0.589097
vt 0.079213 0.541572
vt 0.084707 0.495913
vt 0.037848 0.587311
vt 0.037743 0.540113
vt 0.037045 0.494336
vt 0.123042 0.838887
vt 0.124486 0.832936
vt 0.123714 0.805467
vt 0.123899 0.798511
vt 0.123875 0.761088
vt 0.123689 0.726520
vt 0.123648 0.721715
vt 0.123783 0.696260
vt 0.123022 0.692533
vt 0.116058 0.494336
vt 0.115310 0.540549
vt 0.115967 0.588221
vt 0.115645 0.633536
vt 0.115166 0.681824
vt 0.003435 0.832931
vt 0.003549 0.826280
vt 0.001992 0.801763
vt 0.003051 0.794210
vt 0.003737 0.766693
vt 0.003339 0.736906
vt 0.002838 0.727794
vt 0.005426 0.691703
vt 0.003519 0.684012
vt 0.038002 0.680021
vt 0.038000 0.632194
vt 0.324504 0.711416
vt 0.319634 0.716894
vt 0.299176 0.719075
vt 0.293381 0.716361
vt 0.230334 0.006644
vt 0.233461 0.014860
vt 0.216744 0.004680
vt 0.234062 0.028583
vt 0.234137 0.089783
vt 0.234268 0.152509
vt 0.234378 0.197283
vt 0.234347 0.243438
vt 0.234180 0.287330
vt 0.234300 0.334101
vt 0.234497 0.409325
vt 0.234050 0.486515
vt 0.342090 0.492594
vt 0.336017 0.492714
vt 0.362764 0.492788
vt 0.368114 0.495982
vt 0.292283 0.483454
vt 0.518406 0.245297
vt 0.519497 0.289078
vt 0.519508 0.335731
vt 0.520442 0.410886
vt 0.517571 0.487874
vt 0.368593 0.721270
vt 0.363067 0.722192
vt 0.343909 0.721004
vt 0.338287 0.720493
vt 0.006272 0.490055
vt 0.002765 0.414284
vt 0.002120 0.340316
vt 0.002215 0.293104
vt 0.002502 0.248801
vt 0.001992 0.202206
vt 0.002075 0.157004
vt 0.002306 0.090316
vt 0.003223 0.025237
vt 0.003701 0.010548
vt 0.007136 0.001862
vt 0.291737 0.493162
vt 0.297321 0.492594
vt 0.316200 0.492777
vt 0.320789 0.496296
vt 0.626317 0.691557
vt 0.846291 0.386169
vt 0.242393 0.494336
vt 0.346799 0.742693
vt 0.378684 0.741758
vt 0.718548 0.800140
vt 0.718916 0.799616
vt 0.725430 0.834593
vt 0.727011 0.800044
vt 0.727573 0.799616
vt 0.725248 0.834053
vt 0.108789 0.830599
s 0
usemtl 1001
f 1/1/1 2/2/2 3/3/3
f 3/3/4 4/4/5 1/1/1
f 5/5/6 6/6/7 7/7/8
f 7/7/8 8/8/9 5/5/6
f 9/9/10 10/10/11 11/11/12
f 11/11/12 12/12/13 9/9/10
f 13/13/14 14/14/15 15/15/16
f 15/15/17 16/16/18 13/13/14
f 17/17/19 18/18/20 19/19/21
f 19/19/21 20/20/22 17/17/19
f 21/21/23 22/22/24 23/23/25
f 23/23/25 24/24/26 21/21/27
f 25/25/28 26/26/29 27/27/30
f 27/27/31 28/28/32 25/25/28
f 29/29/33 30/30/34 31/31/35
f 31/31/36 32/32/37 29/29/33
f 33/33/38 34/34/39 35/35/40
f 35/35/40 36/36/41 33/33/38
f 37/37/42 38/38/43 39/39/44
f 39/39/44 40/40/45 37/37/42
f 41/41/46 42/42/47 43/43/48
f 43/43/48 44/44/49 41/41/50
f 45/45/51 46/46/52 47/47/53
f 47/47/53 48/48/54 45/45/51
f 49/49/55 50/50/56 51/51/57
f 51/51/58 52/52/59 49/49/55
f 53/53/60 54/54/61 55/55/62
f 55/55/63 56/56/64 53/53/60
f 57/57/65 9/9/10 12/12/66
f 12/12/13 58/58/67 57/57/65
f 59/59/68 60/60/69 61/61/70
f 61/61/70 62/62/71 59/59/68
f 63/63/72 64/64/73 65/65/74
f 65/65/74 66/66/75 63/63/72
f 67/67/76 68/68/77 69/69/78
f 69/69/78 70/70/79 67/67/80
f 71/71/81 72/72/82 73/73/83
f 73/73/83 74/74/84 71/71/85
f 64/64/73 75/75/86 76/76/87
f 76/76/87 65/65/88 64/64/73
f 77/77/89 78/78/90 79/79/91
f 79/79/91 80/80/92 77/77/89
f 81/81/93 82/82/94 83/83/95
f 83/83/95 84/84/96 81/81/93
f 85/85/97 86/86/98 87/87/99
f 87/87/99 88/88/100 85/85/97
f 89/89/101 90/90/102 91/91/103
f 91/91/103 92/92/104 89/89/101
f 93/93/105 94/94/106 95/95/107
f 95/95/107 96/96/108 93/93/105
f 97/97/109 98/98/110 99/99/111
f 99/99/111 100/100/112 97/97/109
f 101/101/113 102/102/114 103/103/115
f 103/103/115 104/104/116 101/101/113
f 105/105/117 106/106/118 107/107/119
f 107/107/119 108/108/120 105/105/117
f 109/109/121 110/110/122 111/111/123
f 111/111/124 112/112/125 109/109/126
f 113/113/127 114/114/128 115/115/129
f 115/115/129 116/116/130 113/113/127
f 117/117/131 118/118/132 119/119/133
f 119/119/133 120/120/134 117/117/135
f 54/54/136 121/121/137 122/122/138
f 122/122/139 55/55/140 54/54/61
f 123/123/141 124/124/142 125/125/143
f 125/125/143 126/126/144 123/123/141
f 127/127/145 13/13/14 16/16/146
f 16/16/146 128/128/147 127/127/145
f 129/129/148 130/130/149 131/131/150
f 131/131/151 132/132/152 129/129/148
f 133/133/153 134/134/154 135/135/155
f 135/135/155 136/136/156 133/133/153
f 135/135/157 137/137/158 138/138/159
f 138/138/159 136/136/160 135/135/157
f 139/139/161 140/140/162 141/141/163
f 141/141/163 142/142/164 139/139/161
f 140/140/165 139/139/166 143/143/167
f 143/143/167 144/144/168 140/140/165
f 145/145/169 146/146/170 147/147/171
f 147/147/171 148/148/172 145/145/169
f 149/149/173 150/150/174 151/151/175
f 151/151/176 152/152/177 149/149/173
f 153/153/178 154/154/179 155/155/180
f 155/155/180 156/156/181 153/153/178
f 157/157/182 158/158/183 159/159/184
f 159/159/184 160/160/185 157/157/182
f 161/161/186 162/162/187 163/163/188
f 163/163/189 164/164/190 161/161/186
f 165/165/191 166/166/192 167/167/193
f 167/167/193 168/168/194 165/165/195
f 169/169/196 170/170/197 171/171/198
f 171/171/198 172/172/199 169/169/200
f 173/173/201 174/174/202 175/175/203
f 175/175/203 176/176/204 173/173/205
f 177/177/206 178/178/207 179/179/208
f 179/179/208 180/180/209 177/177/206
f 181/181/210 182/182/211 183/183/212
f 183/183/212 184/184/213 181/181/214
f 185/185/215 186/186/216 187/187/217
f 187/187/217 188/188/218 185/185/215
f 189/189/219 190/190/220 191/191/221
f 191/191/221 192/192/222 189/189/219
f 193/193/223 194/194/224 195/195/225
f 195/195/226 196/196/227 193/193/223
f 197/197/228 198/198/229 199/199/230
f 199/199/230 200/200/231 197/197/228
f 201/201/232 202/202/233 203/203/234
f 203/203/234 204/204/235 201/201/236
f 205/205/237 206/206/238 207/207/239
f 207/207/239 208/208/240 205/205/241
f 194/194/242 193/193/243 209/209/244
f 209/209/244 210/210/245 194/194/242
f 206/206/246 211/211/247 212/212/248
f 212/212/248 207/207/249 206/206/250
f 213/213/251 214/214/252 215/215/253
f 215/215/254 216/216/255 213/213/251
f 186/186/256 185/185/257 217/217/258
f 217/217/258 218/218/259 186/186/256
f 219/219/260 220/220/261 221/221/262
f 221/221/263 222/222/264 219/219/265
f 223/223/266 197/197/267 200/200/268
f 200/200/269 224/224/270 223/223/266
f 225/225/271 226/226/272 227/227/273
f 227/227/273 228/228/274 225/225/271
f 229/229/275 230/230/276 225/225/277
f 225/225/277 228/228/278 229/229/275
f 231/231/279 232/232/280 233/233/281
f 233/233/282 234/234/283 231/231/284
f 235/235/285 236/236/286 237/237/287
f 237/237/287 238/238/288 235/235/285
f 236/236/289 235/235/290 239/239/291
f 239/239/291 240/240/292 236/236/293
f 241/241/294 242/242/295 243/243/296
f 243/243/296 244/244/297 241/241/294
f 245/245/298 246/246/299 247/247/300
f 247/247/301 248/248/302 245/245/298
f 249/249/303 250/250/304 251/251/305
f 251/251/305 252/252/306 249/249/303
f 253/253/307 254/254/308 255/255/309
f 255/255/309 256/256/310 253/253/307
f 257/257/311 258/258/312 253/253/313
f 253/253/314 256/256/315 257/257/311
f 259/259/316 260/260/317 261/261/318
f 261/261/318 262/262/319 259/259/316
f 263/263/320 264/264/321 265/265/322
f 265/265/322 266/266/323 263/263/324
f 263/263/325 267/267/326 268/268/327
f 268/268/328 264/264/329 263/263/325
f 269/269/330 270/270/331 271/271/332
f 271/271/333 272/272/334 269/269/335
f 273/273/336 274/274/337 275/275/338
f 275/275/338 276/276/339 273/273/340
f 277/277/341 278/278/342 279/279/343
f 279/279/343 280/280/344 277/277/341
f 281/281/345 282/282/346 283/283/347
f 283/283/347 284/284/348 281/281/349
f 281/281/350 284/284/351 285/285/352
f 285/285/352 286/286/353 281/281/350
f 287/287/354 288/288/355 289/289/356
f 289/289/356 290/290/357 287/287/354
f 287/287/358 291/291/359 292/292/360
f 292/292/360 288/288/361 287/287/362
f 293/293/363 294/294/364 295/295/365
f 295/295/366 296/296/367 293/293/363
f 297/297/368 298/298/369 299/299/370
f 299/299/370 300/300/371 297/297/368
f 301/301/372 302/302/373 297/297/374
f 297/297/375 300/300/376 301/301/372
f 303/303/377 304/304/378 305/305/379
f 305/305/380 306/306/381 303/303/377
f 304/304/382 303/303/383 307/307/384
f 307/307/384 308/308/385 304/304/386
f 309/309/387 310/310/388 311/311/389
f 311/311/389 312/312/390 309/309/387
f 313/313/391 314/314/392 315/315/393
f 315/315/393 316/316/394 313/313/391
f 314/314/395 313/313/396 317/317/397
f 317/317/398 318/318/399 314/314/395
f 319/319/400 320/320/401 321/321/402
f 321/321/402 322/322/403 319/319/404
f 323/323/405 324/324/406 325/325/407
f 325/325/408 326/326/409 323/323/405
f 323/323/410 327/327/411 328/328/412
f 328/328/412 324/324/413 323/323/410
f 185/185/257 329/329/414 330/330/415
f 330/330/416 217/217/258 185/185/257
f 252/252/417 331/331/418 332/332/419
f 332/332/420 249/249/303 252/252/306
f 324/324/413 328/328/412 333/333/421
f 333/333/422 334/334/423 324/324/413
f 324/324/406 334/334/424 335/335/425
f 335/335/426 325/325/407 324/324/406
f 319/319/427 322/322/403 336/336/428
f 336/336/428 337/337/429 319/319/400
f 338/338/430 314/314/395 318/318/431
f 318/318/431 339/339/432 338/338/430
f 314/314/392 338/338/433 340/340/434
f 340/340/434 315/315/393 314/314/435
f 272/272/334 341/341/436 342/342/437
f 342/342/437 269/269/330 272/272/334
f 343/343/438 194/194/242 210/210/245
f 210/210/245 344/344/439 343/343/438
f 194/194/224 343/343/440 345/345/441
f 345/345/441 195/195/442 194/194/224
f 189/189/219 346/346/443 347/347/444
f 347/347/444 190/190/220 189/189/219
f 188/188/218 348/348/445 329/329/446
f 329/329/446 185/185/215 188/188/218
f 349/349/447 145/145/448 148/148/172
f 148/148/172 350/350/449 349/349/447
f 351/351/450 352/352/451 150/150/452
f 150/150/452 149/149/173 351/351/450
f 214/214/252 353/353/453 354/354/454
f 354/354/454 215/215/253 214/214/252
f 276/276/339 355/355/455 356/356/456
f 356/356/456 273/273/340 276/276/339
f 300/300/371 299/299/370 357/357/457
f 357/357/457 358/358/458 300/300/371
f 300/300/376 358/358/459 359/359/460
f 359/359/461 301/301/372 300/300/462
f 309/309/387 360/360/463 361/361/464
f 361/361/464 310/310/465 309/309/466
f 308/308/385 362/362/467 363/363/468
f 363/363/469 304/304/386 308/308/385
f 304/304/378 363/363/470 364/364/471
f 364/364/471 305/305/379 304/304/378
f 248/248/302 365/365/472 366/366/473
f 366/366/473 245/245/298 248/248/302
f 367/367/474 219/219/260 222/222/264
f 222/222/264 368/368/475 367/367/474
f 168/168/476 167/167/193 369/369/477
f 369/369/478 370/370/479 168/168/194
f 172/172/199 371/371/480 372/372/481
f 372/372/481 169/169/200 172/172/199
f 373/373/482 129/129/148 132/132/152
f 132/132/152 374/374/483 373/373/484
f 117/117/135 120/120/485 375/375/486
f 375/375/486 376/376/487 117/117/135
f 114/114/128 377/377/488 378/378/489
f 378/378/490 115/115/129 114/114/128
f 379/379/491 380/380/492 169/169/196
f 169/169/200 372/372/481 379/379/491
f 380/380/492 381/381/493 170/170/197
f 170/170/197 169/169/200 380/380/492
f 382/382/494 383/383/495 174/174/496
f 174/174/496 173/173/497 382/382/494
f 384/384/498 385/385/499 199/199/230
f 199/199/230 198/198/229 384/384/500
f 238/238/288 237/237/287 386/386/501
f 386/386/501 387/387/502 238/238/288
f 388/388/503 389/389/504 286/286/353
f 286/286/353 285/285/352 388/388/505
f 390/390/506 391/391/507 308/308/385
f 308/308/385 307/307/384 390/390/506
f 391/391/507 392/392/508 362/362/509
f 362/362/509 308/308/385 391/391/507
f 325/325/407 335/335/426 393/393/510
f 393/393/510 394/394/511 325/325/407
f 394/394/511 395/395/512 326/326/409
f 326/326/409 325/325/407 394/394/511
f 396/396/513 397/397/514 258/258/312
f 258/258/312 257/257/311 396/396/513
f 398/398/515 399/399/516 188/188/218
f 188/188/218 187/187/217 398/398/515
f 399/399/516 400/400/517 348/348/445
f 348/348/445 188/188/518 399/399/516
f 164/164/519 163/163/520 401/401/521
f 401/401/521 402/402/522 164/164/190
f 403/403/523 404/404/524 154/154/179
f 154/154/179 153/153/178 403/403/523
f 195/195/226 345/345/441 405/405/525
f 405/405/525 406/406/526 195/195/225
f 406/406/526 407/407/527 196/196/227
f 196/196/227 195/195/226 406/406/526
f 266/266/323 265/265/322 408/408/528
f 408/408/528 409/409/529 266/266/323
f 318/318/399 317/317/397 410/410/530
f 410/410/530 411/411/531 318/318/431
f 411/411/532 412/412/533 339/339/432
f 339/339/432 318/318/399 411/411/531
f 413/413/534 414/414/535 301/301/372
f 301/301/372 359/359/460 413/413/534
f 414/414/535 415/415/536 302/302/373
f 302/302/373 301/301/372 414/414/535
f 291/291/359 416/416/537 417/417/538
f 417/417/538 292/292/360 291/291/359
f 418/418/539 419/419/540 230/230/276
f 230/230/276 229/229/275 418/418/539
f 420/420/541 205/205/237 208/208/240
f 208/208/240 421/421/542 420/420/541
f 184/184/213 183/183/543 422/422/544
f 422/422/545 423/423/546 184/184/213
f 148/148/172 147/147/171 424/424/547
f 424/424/547 425/425/548 148/148/172
f 425/425/548 426/426/549 350/350/550
f 350/350/449 148/148/172 425/425/548
f 427/427/551 428/428/552 226/226/272
f 226/226/272 225/225/271 427/427/553
f 429/429/554 277/277/341 280/280/555
f 280/280/344 430/430/556 429/429/554
f 276/276/339 275/275/338 431/431/557
f 431/431/557 432/432/558 276/276/339
f 432/432/559 433/433/560 355/355/561
f 355/355/561 276/276/339 432/432/558
f 269/434/562 342/435/437 434/436/563
f 434/436/564 435/437/565 269/434/566
f 435/437/565 436/438/567 270/439/568
f 270/439/568 269/434/562 435/437/565
f 437/440/569 438/441/570 264/264/329
f 264/264/329 268/268/328 437/440/571
f 438/441/572 439/442/573 265/265/322
f 265/265/322 264/264/321 438/441/572
f 439/442/573 440/443/574 408/408/528
f 408/408/528 265/265/322 439/442/573
f 441/444/575 442/445/576 260/260/317
f 260/260/317 259/259/316 441/444/575
f 443/446/577 444/447/578 258/258/312
f 258/258/312 397/397/514 443/446/579
f 444/447/578 445/448/580 253/253/313
f 253/253/314 258/258/581 444/447/578
f 445/448/582 446/449/583 254/254/584
f 254/254/308 253/253/585 445/448/586
f 252/450/306 251/451/305 447/452/587
f 447/452/587 448/453/588 252/450/306
f 448/453/588 449/454/589 331/455/418
f 331/455/418 252/450/417 448/453/588
f 450/456/590 451/457/591 245/458/298
f 245/458/298 366/459/592 450/456/590
f 451/457/591 452/460/593 246/461/594
f 246/461/299 245/458/298 451/457/591
f 242/462/295 453/463/595 454/464/596
f 454/464/596 243/465/296 242/462/295
f 455/466/597 236/236/598 240/240/292
f 240/240/292 456/467/599 455/466/597
f 455/466/600 457/468/601 237/237/287
f 237/237/287 236/236/602 455/466/600
f 457/468/603 458/469/604 386/386/501
f 386/386/501 237/237/287 457/468/603
f 459/470/605 460/471/606 232/232/280
f 232/232/280 231/231/279 459/470/605
f 461/472/607 462/473/608 230/230/609
f 230/230/276 419/419/540 461/472/607
f 462/473/610 427/427/611 225/225/277
f 225/225/277 230/230/276 462/473/608
f 463/474/612 229/229/275 228/228/278
f 228/228/278 464/475/613 463/474/612
f 465/476/614 418/418/539 229/229/275
f 229/229/275 463/474/612 465/476/614
f 234/234/283 233/233/282 466/477/615
f 466/477/615 467/478/616 234/234/283
f 468/479/617 238/238/288 387/387/502
f 387/387/502 469/480/618 468/479/619
f 470/481/620 235/235/285 238/238/288
f 238/238/288 468/479/617 470/481/620
f 235/235/290 470/481/621 471/482/622
f 471/482/623 239/239/291 235/235/290
f 472/483/624 241/241/294 244/244/625
f 244/244/297 473/484/626 472/483/624
f 248/248/302 247/247/300 474/485/627
f 474/485/628 475/486/629 248/248/302
f 475/486/629 476/487/630 365/365/472
f 365/365/472 248/248/631 475/486/629
f 477/488/632 478/489/633 249/249/303
f 249/249/303 332/332/419 477/488/632
f 478/489/633 479/490/634 250/250/304
f 250/250/304 249/249/303 478/489/635
f 256/256/310 255/255/309 480/491/636
f 480/491/636 481/492/637 256/256/310
f 482/493/638 257/257/311 256/256/639
f 256/256/315 481/492/640 482/493/638
f 483/494/641 396/396/513 257/257/311
f 257/257/311 482/493/638 483/494/641
f 262/262/319 261/261/318 484/495/642
f 484/495/642 485/496/643 262/262/319
f 486/497/644 266/266/323 409/409/645
f 409/409/645 487/498/646 486/497/647
f 488/499/648 263/263/649 266/266/323
f 266/266/323 486/497/644 488/499/648
f 488/499/650 489/500/651 267/267/326
f 267/267/326 263/263/652 488/499/650
f 490/501/653 491/502/654 272/272/334
f 272/272/334 271/271/332 490/501/653
f 491/502/654 492/503/655 341/341/436
f 341/341/436 272/272/334 491/502/654
f 493/504/656 494/505/657 273/273/658
f 273/273/336 356/356/456 493/504/656
f 494/505/659 495/506/660 274/274/337
f 274/274/337 273/273/658 494/505/659
f 278/278/661 496/507/662 497/508/663
f 497/508/663 279/279/343 278/278/661
f 228/228/274 227/227/273 498/509/664
f 498/509/665 464/475/666 228/228/274
f 499/510/667 500/511/668 501/512/669
f 501/512/669 502/513/670 499/510/667
f 503/514/671 504/515/672 505/516/673
f 505/516/673 506/517/674 503/514/671
f 507/518/675 508/519/676 509/520/677
f 509/520/677 510/521/678 507/518/679
f 511/522/680 512/523/681 513/524/682
f 513/524/683 514/525/684 511/522/680
f 515/526/685 516/527/686 513/524/687
f 513/524/688 512/523/685 515/526/685
f 402/402/689 401/401/521 517/528/690
f 517/528/691 518/529/692 402/402/522
f 400/400/693 399/399/694 519/530/695
f 519/530/695 520/531/696 400/400/693
f 399/399/697 398/398/698 521/532/699
f 521/532/700 519/530/695 399/399/701
f 443/446/702 397/397/703 522/533/704
f 522/533/704 523/534/705 443/446/702
f 397/397/706 396/396/707 524/535/708
f 524/535/709 522/533/704 397/397/706
f 396/396/707 483/494/710 525/536/711
f 525/536/711 524/535/708 396/396/707
f 395/395/712 394/394/713 526/537/714
f 526/537/715 527/538/716 395/395/712
f 394/394/713 393/393/717 528/539/718
f 528/539/718 526/537/715 394/394/713
f 529/540/719 530/541/720 392/392/721
f 392/392/722 391/391/723 529/540/719
f 391/391/724 390/390/725 531/542/726
f 531/542/727 529/540/719 391/391/723
f 389/389/728 388/388/729 532/543/730
f 532/543/730 533/544/731 389/389/728
f 387/387/732 534/545/733 535/546/734
f 535/546/734 469/480/735 387/387/732
f 386/386/736 536/547/737 534/545/738
f 534/545/733 387/387/732 386/386/736
f 458/469/739 537/548/740 536/547/741
f 536/547/737 386/386/742 458/469/743
f 384/384/744 538/549/745 539/550/746
f 539/550/746 385/385/747 384/384/748
f 540/551/749 541/552/750 383/383/495
f 383/383/495 382/382/494 540/551/749
f 542/553/751 543/554/752 544/555/753
f 544/555/754 545/556/751 542/553/751
f 542/553/755 546/557/756 547/558/757
f 547/558/757 543/554/758 542/553/759
f 548/559/760 549/560/761 550/561/762
f 550/561/762 551/562/763 548/559/760
f 552/563/764 553/564/765 554/565/766
f 554/565/766 555/566/767 552/563/764
f 556/567/768 557/568/769 558/569/770
f 558/569/770 559/570/771 556/567/768
f 560/571/772 561/572/773 562/573/774
f 562/573/774 563/574/775 560/571/772
f 564/575/776 565/576/777 566/577/778
f 566/577/778 567/578/779 564/575/776
f 568/579/780 569/580/781 570/581/782
f 570/581/782 571/582/783 568/579/784
f 102/583/785 101/584/786 572/585/787
f 572/585/788 573/586/789 102/583/785
f 574/587/790 97/588/791 100/589/792
f 100/589/792 575/590/793 574/587/790
f 94/591/794 93/592/795 576/593/796
f 576/593/796 577/594/797 94/591/798
f 78/595/799 77/596/800 578/597/801
f 578/597/801 579/598/802 78/595/803
f 13/599/804 127/600/805 580/601/806
f 580/601/807 581/602/808 13/599/804
f 130/603/809 129/604/810 582/605/811
f 582/605/811 583/606/812 130/603/809
f 129/604/810 373/607/813 584/608/814
f 584/608/814 582/605/811 129/604/810
f 64/609/815 585/610/816 586/611/817
f 586/611/818 75/612/819 64/609/820
f 68/613/821 67/614/822 587/615/823
f 587/615/823 588/616/824 68/613/821
f 589/617/825 590/618/826 591/619/827
f 591/619/828 592/620/829 589/617/825
f 593/621/830 594/622/831 595/623/832
f 595/623/832 596/624/833 593/621/830
f 597/625/834 598/626/835 503/514/671
f 503/514/671 506/517/836 597/625/834
f 59/627/837 62/628/838 499/510/667
f 499/510/667 502/513/839 59/627/837
f 72/72/82 9/629/840 57/630/841
f 57/630/842 73/73/83 72/72/82
f 114/631/843 117/117/135 376/376/844
f 376/376/844 377/632/845 114/631/843
f 114/631/843 113/633/846 118/118/132
f 118/118/132 117/117/135 114/631/843
f 54/634/847 123/123/848 126/126/144
f 126/126/144 121/635/849 54/634/847
f 81/81/93 84/84/96 50/636/850
f 50/636/851 49/637/852 81/81/853
f 85/638/97 88/639/100 45/45/854
f 45/45/854 48/48/855 85/638/856
f 41/41/857 89/640/101 92/641/104
f 92/641/858 42/42/859 41/41/857
f 37/642/860 40/643/861 105/105/117
f 105/105/117 108/108/120 37/642/860
f 599/644/862 600/645/863 110/110/122
f 110/110/122 109/109/126 599/644/862
f 601/646/864 602/647/865 29/29/33
f 29/29/33 32/32/866 601/646/864
f 603/648/867 604/649/868 27/27/31
f 27/27/30 26/26/29 603/648/867
f 605/650/869 606/651/870 35/35/871
f 35/35/40 34/34/39 605/650/869
f 607/652/872 608/653/873 21/21/874
f 21/21/874 24/24/26 607/652/875
f 18/18/876 609/654/877 610/655/878
f 610/655/878 19/19/21 18/18/20
f 611/656/879 612/657/880 140/140/165
f 140/140/881 144/144/168 611/656/879
f 140/140/882 612/657/883 613/658/883
f 613/658/883 141/141/163 140/140/162
f 423/423/546 422/422/544 178/178/207
f 178/178/207 177/177/206 423/423/546
f 420/420/884 421/421/885 203/203/234
f 203/203/886 202/202/233 420/420/884
f 461/472/887 419/419/888 232/232/280
f 232/232/280 460/471/606 461/472/887
f 419/419/888 418/418/889 233/233/890
f 233/233/891 232/232/280 419/419/888
f 418/418/889 465/476/892 466/477/893
f 466/477/893 233/233/281 418/418/889
f 293/293/363 296/296/367 417/417/894
f 417/417/895 416/416/896 293/293/363
f 415/415/897 414/414/898 309/309/466
f 309/309/466 312/312/390 415/415/897
f 414/414/898 413/413/899 360/360/900
f 360/360/463 309/309/466 414/414/898
f 319/319/400 337/337/429 412/412/901
f 412/412/901 411/411/902 319/319/427
f 411/411/902 410/410/903 320/320/401
f 320/320/401 319/319/400 411/411/902
f 409/409/904 262/262/319 485/496/643
f 485/496/905 487/498/906 409/409/904
f 408/408/907 259/259/316 262/262/319
f 262/262/319 409/409/904 408/408/907
f 440/443/908 441/444/575 259/259/316
f 259/259/909 408/408/907 440/443/908
f 406/406/910 189/189/219 192/192/222
f 192/192/222 407/407/911 406/406/910
f 406/406/910 405/405/912 346/346/443
f 346/346/443 189/189/913 406/406/910
f 157/157/182 160/160/914 404/404/524
f 404/404/915 403/403/523 157/157/182
f 134/134/154 614/659/916 615/660/916
f 615/660/916 135/135/155 134/134/154
f 615/660/917 616/661/918 137/137/158
f 137/137/919 135/135/157 615/660/917
f 617/662/920 5/5/6 8/8/921
f 8/8/921 618/663/922 617/662/923
f 619/664/924 620/665/925 2/2/926
f 2/2/2 1/1/1 619/664/924
f 12/12/13 11/11/12 616/666/927
f 616/666/927 615/667/928 12/12/13
f 614/668/929 58/58/67 12/12/13
f 12/12/66 615/667/928 614/668/929
f 425/669/930 115/115/129 378/378/931
f 378/378/489 426/670/932 425/669/930
f 425/669/930 424/671/933 116/116/130
f 116/116/130 115/115/129 425/669/934
f 612/672/935 55/55/140 122/122/138
f 122/122/936 613/673/937 612/672/935
f 612/672/935 611/674/938 56/56/64
f 56/56/939 55/55/62 612/672/935
f 621/675/940 19/19/21 610/655/941
f 610/655/941 622/676/942 621/675/940
f 621/675/940 623/677/943 20/20/22
f 20/20/22 19/19/21 621/675/940
f 624/678/944 551/562/945 550/561/762
f 550/561/762 625/679/946 624/678/947
f 542/680/948 16/16/146 15/15/17
f 15/15/16 546/681/949 542/680/948
f 545/682/950 128/128/147 16/16/951
f 16/16/951 542/680/948 545/682/950
f 380/683/952 132/132/152 131/131/151
f 131/131/151 381/684/953 380/683/954
f 380/683/955 379/685/956 374/374/483
f 374/374/483 132/132/152 380/683/952
f 512/686/957 65/65/74 76/76/87
f 76/76/87 515/687/958 512/686/959
f 512/686/959 511/688/960 66/66/75
f 66/66/75 65/65/74 512/686/959
f 508/519/676 626/689/961 627/690/962
f 627/690/962 509/520/677 508/519/676
f 628/691/963 8/8/921 7/7/8
f 7/7/8 629/692/964 628/691/965
f 630/693/966 618/663/922 8/8/921
f 8/8/921 628/691/967 630/693/966
f 589/694/968 67/67/80 70/70/79
f 70/70/969 590/695/970 589/694/968
f 589/696/971 592/697/972 587/615/973
f 587/615/823 67/614/974 589/696/971
f 504/515/975 503/514/976 502/513/670
f 502/513/670 501/512/977 504/515/975
f 598/626/978 59/627/837 502/513/670
f 502/513/839 503/514/976 598/626/979
f 598/698/980 597/699/981 60/60/69
f 60/60/69 59/59/982 598/698/983
f 631/700/984 632/701/985 2/2/926
f 2/2/926 620/665/925 631/700/984
f 632/701/985 633/702/986 3/3/4
f 3/3/4 2/2/926 632/701/985
f 634/703/987 635/704/988 595/623/832
f 595/623/832 594/622/989 634/703/987
f 62/62/71 61/61/70 636/705/990
f 636/705/990 637/706/991 62/62/71
f 62/628/838 637/707/992 638/708/993
f 638/708/994 499/510/667 62/628/838
f 638/708/994 639/709/995 500/511/996
f 500/511/997 499/510/667 638/708/994
f 640/710/998 68/613/821 588/616/999
f 588/616/1000 641/711/1001 640/710/1002
f 68/68/77 640/712/1003 642/713/1004
f 642/713/1005 69/69/78 68/68/1006
f 643/714/1007 593/621/830 596/624/1008
f 596/624/833 644/715/1009 643/714/1007
f 645/716/1010 1/1/1 4/4/5
f 4/4/5 646/717/1011 645/716/1010
f 647/718/1012 619/664/924 1/1/1
f 1/1/1 645/716/1010 647/718/1012
f 637/706/1013 636/705/990 10/10/1014
f 10/10/1015 9/9/1016 637/706/991
f 637/707/992 9/719/1017 72/720/1018
f 72/720/1018 638/708/994 637/707/992
f 72/720/1018 71/721/1019 639/709/995
f 639/709/995 638/708/994 72/720/1018
f 64/722/1020 640/710/1002 641/711/1021
f 641/711/1001 585/723/1022 64/722/1020
f 640/712/1003 64/64/1023 63/63/1024
f 63/63/1024 642/713/1025 640/712/1003
f 510/521/1026 643/714/1007 644/715/1009
f 644/715/1009 507/518/1027 510/521/1026
f 5/5/1028 645/716/1010 646/717/1029
f 646/717/1030 6/6/1031 5/5/1028
f 617/662/1032 647/718/1012 645/716/1010
f 645/716/1010 5/5/1028 617/662/1032
f 648/724/1033 609/654/1034 18/18/1035
f 18/18/1035 649/725/1036 648/724/1033
f 18/18/1035 17/17/1037 650/726/1038
f 650/726/1039 649/725/1036 18/18/1035
f 548/559/1040 651/727/1041 652/728/1042
f 652/728/1042 549/560/1043 548/559/1044
f 13/13/1045 653/729/1046 654/730/1047
f 654/730/1047 14/14/1048 13/13/1045
f 13/731/1049 581/732/1050 655/733/1051
f 655/733/1051 653/734/1052 13/731/1049
f 124/735/1053 123/736/1054 656/737/1055
f 656/737/1056 657/738/1057 124/735/1053
f 123/736/1058 54/739/1059 658/740/1060
f 658/740/1061 656/737/1062 123/736/1054
f 658/741/1063 54/54/1064 53/53/1065
f 53/53/1066 659/742/1067 658/741/1063
f 660/743/1068 81/81/1069 49/637/1070
f 49/637/1071 661/744/1072 660/743/1068
f 660/743/1068 662/745/1073 82/82/94
f 82/82/94 81/81/1074 660/743/1068
f 663/746/1075 78/595/799 579/598/802
f 579/598/1076 664/747/1077 663/746/1075
f 78/78/90 663/748/1078 665/749/1079
f 665/749/1079 79/79/91 78/78/90
f 553/564/765 666/750/1080 667/751/1081
f 667/751/1081 554/565/1082 553/564/1083
f 24/24/26 23/23/25 668/752/1084
f 668/752/1084 669/753/1085 24/24/26
f 670/754/1086 607/652/875 24/24/26
f 24/24/26 669/753/1085 670/754/1086
f 661/755/1087 49/49/55 52/52/59
f 52/52/59 671/756/1088 661/755/1087
f 602/647/865 603/757/1089 26/758/1090
f 26/758/1090 29/29/33 602/647/1091
f 26/758/1090 25/759/1092 30/30/34
f 30/30/34 29/29/33 26/758/1090
f 560/760/1093 564/575/776 567/578/1094
f 567/578/779 561/761/1095 560/760/1096
f 97/97/1097 101/101/113 104/104/116
f 104/104/1098 98/98/1099 97/97/1097
f 97/588/1100 574/587/1101 572/585/1102
f 572/585/1102 101/584/786 97/588/1100
f 90/90/1103 89/89/1104 108/108/120
f 108/108/120 107/107/119 90/90/1103
f 41/41/1105 37/37/860 108/762/120
f 108/762/1106 89/640/1107 41/41/1105
f 41/41/1108 44/44/1109 38/38/43
f 38/38/43 37/37/42 41/41/1108
f 40/763/1110 599/644/1111 109/109/1112
f 109/109/1113 105/764/1114 40/763/1110
f 109/765/1112 112/766/1115 106/106/1116
f 106/106/118 105/105/117 109/765/1117
f 571/767/1118 102/583/785 573/586/789
f 573/586/789 568/768/1119 571/767/1118
f 102/102/1120 571/769/1121 570/770/1122
f 570/770/1123 103/103/1124 102/102/114
f 672/771/1125 673/772/1126 566/577/778
f 566/577/778 565/576/777 672/771/1127
f 674/773/1128 675/774/1129 32/32/37
f 32/32/37 31/31/36 674/773/1128
f 676/775/1130 601/646/864 32/32/37
f 32/32/866 675/774/1129 676/775/1130
f 600/776/1131 599/777/1132 40/40/45
f 40/40/45 39/39/44 600/776/1133
f 604/649/1134 605/650/869 34/34/39
f 34/34/39 27/27/30 604/649/868
f 34/34/39 33/33/38 28/28/32
f 28/28/32 27/27/30 34/34/39
f 556/567/768 563/574/775 562/573/774
f 562/573/1135 557/568/769 556/567/768
f 94/94/1136 100/100/112 99/99/1137
f 99/99/1137 95/95/1138 94/94/1136
f 577/778/1139 575/779/1140 100/780/792
f 100/780/792 94/781/1141 577/778/1139
f 92/782/858 91/783/1142 86/784/1143
f 92/782/1144 86/784/1143 85/785/1145
f 42/42/859 92/641/104 85/638/1145
f 42/42/859 85/638/1146 48/48/1147
f 42/42/1148 48/48/1149 47/47/1150
f 47/47/1150 43/43/48 42/42/1148
f 606/651/870 677/786/1151 678/787/1152
f 678/787/1152 35/35/1153 606/651/1154
f 678/787/1152 679/788/1155 36/36/41
f 36/36/41 35/35/1153 678/787/1152
f 680/789/1156 559/570/1157 558/569/770
f 558/569/770 681/790/1158 680/789/1156
f 682/791/1159 93/93/105 96/96/108
f 96/96/108 683/792/1160 682/791/1159
f 576/793/796 93/794/795 682/795/1161
f 684/796/1162 576/793/796 682/795/1163
f 685/797/1164 686/798/1165 88/88/1166
f 88/88/100 87/87/99 685/797/1164
f 686/799/1165 687/800/1167 45/45/854
f 45/45/854 88/639/1166 686/799/1165
f 687/800/1168 688/801/1169 46/46/52
f 46/46/1170 45/45/51 687/800/1168
f 686/799/1171 660/802/1172 661/755/1072
f 661/755/1072 687/800/1173 686/799/1174
f 686/798/1171 685/797/1175 662/745/1176
f 662/745/1176 660/743/1172 686/798/1171
f 682/803/1177 663/746/1075 664/747/1077
f 664/747/1077 684/804/1178 682/803/1177
f 663/748/1078 682/791/1179 683/792/1180
f 683/792/1180 665/749/1079 663/748/1181
f 680/805/1182 681/806/1183 667/751/1081
f 667/751/1081 666/750/1080 680/805/1182
f 679/807/1184 678/808/1185 669/753/1085
f 669/753/1085 668/752/1084 679/807/1184
f 677/809/1186 670/754/1086 669/753/1085
f 669/753/1085 678/808/1187 677/809/1186
f 687/800/1188 661/755/1087 671/756/1189
f 671/756/1189 688/801/1190 687/800/1188
f 546/557/756 689/810/1191 690/811/1192
f 690/811/1193 547/558/757 546/557/1194
f 144/144/168 143/143/167 691/812/1195
f 691/812/1195 692/813/1196 144/144/168
f 693/814/1197 611/656/879 144/144/168
f 144/144/168 692/813/1198 693/814/1197
f 611/674/938 693/815/1199 694/816/1200
f 694/816/1200 56/56/939 611/674/1201
f 695/817/1202 53/53/60 56/56/64
f 56/56/64 694/816/1200 695/817/1202
f 696/818/1203 659/742/1067 53/53/1066
f 53/53/1065 695/817/1204 696/818/1203
f 697/819/1205 52/52/59 51/51/58
f 51/51/58 698/820/1206 697/819/1205
f 699/821/1207 671/756/1189 52/52/59
f 52/52/59 697/819/1205 699/821/1208
f 700/822/1209 688/801/1190 671/756/1189
f 671/756/1189 699/821/1210 700/822/1211
f 688/801/1169 700/822/1212 701/823/1213
f 701/823/1214 46/46/52 688/801/1215
f 46/46/1170 701/823/1213 702/824/1216
f 702/824/1216 47/47/1217 46/46/52
f 703/825/1218 43/43/48 47/47/1150
f 47/47/1150 702/824/1219 703/825/1218
f 704/826/1220 44/44/49 43/43/48
f 43/43/48 703/825/1218 704/826/1221
f 44/44/1109 704/826/1222 705/827/1223
f 705/827/1223 38/38/43 44/44/1109
f 38/38/1224 705/827/1225 706/828/1226
f 706/828/1226 39/39/44 38/38/43
f 707/829/1227 600/776/1133 39/39/44
f 39/39/44 706/828/1226 707/829/1228
f 600/645/863 707/830/1229 708/831/1230
f 708/831/1230 110/110/122 600/645/863
f 110/110/122 708/831/1230 709/832/1231
f 709/832/1231 111/111/124 110/110/122
f 569/580/1232 710/833/1233 711/834/1234
f 711/834/1234 570/581/782 569/580/781
f 712/835/1235 103/103/1124 570/770/1123
f 570/770/1123 711/836/1236 712/835/1235
f 713/837/1237 104/104/116 103/103/115
f 103/103/1124 712/835/1235 713/837/1237
f 714/838/1238 98/98/1099 104/104/116
f 104/104/1098 713/837/1237 714/838/1238
f 98/98/110 714/838/1239 715/839/1240
f 715/839/1240 99/99/111 98/98/110
f 716/840/1241 95/95/1242 99/99/1137
f 99/99/111 715/839/1240 716/840/1243
f 717/841/1244 96/96/108 95/95/1245
f 95/95/1245 716/840/1246 717/841/1244
f 718/842/1247 683/792/1160 96/96/108
f 96/96/108 717/841/1248 718/842/1249
f 719/843/1250 665/749/1079 683/792/1180
f 683/792/1180 718/842/1251 719/843/1250
f 720/844/1252 79/79/91 665/749/1079
f 665/749/1079 719/843/1250 720/844/1252
f 720/844/1252 721/845/1253 80/80/1254
f 80/80/92 79/79/91 720/844/1252
f 722/846/1255 14/14/1256 654/730/1047
f 654/730/1047 723/847/1257 722/846/1255
f 14/14/1258 722/846/1259 724/848/1260
f 724/848/1261 15/15/16 14/14/15
f 689/849/1262 546/681/949 15/15/16
f 15/15/16 724/848/1260 689/849/1263
f 624/678/1264 625/679/1265 690/850/1266
f 690/850/1266 689/851/1191 624/678/1264
f 623/677/1267 621/675/1268 692/852/1269
f 692/852/1198 691/853/1195 623/677/1267
f 622/676/1270 693/854/1197 692/852/1196
f 692/852/1198 621/675/1268 622/676/1271
f 622/855/1272 610/856/1273 694/816/1200
f 694/816/1200 693/815/1274 622/855/1275
f 609/654/1276 695/857/1277 694/858/1200
f 694/858/1200 610/655/1273 609/654/1276
f 648/724/1278 696/859/1203 695/857/1204
f 695/857/1204 609/654/1279 648/724/1278
f 607/860/1280 697/819/1205 698/820/1206
f 698/820/1206 608/861/1281 607/860/1280
f 670/862/1282 699/821/1208 697/819/1205
f 697/819/1205 607/860/1280 670/862/1282
f 677/809/1283 700/863/1209 699/864/1284
f 699/864/1284 670/754/1282 677/809/1285
f 677/786/1286 606/651/1287 701/865/1214
f 701/865/1214 700/866/1288 677/786/1286
f 606/651/1287 605/650/1289 702/867/1216
f 702/867/1216 701/865/1213 606/651/1287
f 604/649/1290 703/868/1218 702/867/1291
f 702/867/1219 605/650/1292 604/649/1293
f 603/648/1294 704/869/1221 703/868/1218
f 703/868/1218 604/649/1290 603/648/1294
f 603/870/1295 602/871/1296 705/827/1223
f 705/827/1223 704/826/1297 603/870/1295
f 602/871/1296 601/872/1298 706/828/1226
f 706/828/1226 705/827/1223 602/871/1299
f 676/873/1300 707/829/1227 706/828/1226
f 706/828/1226 601/872/1301 676/873/1300
f 676/874/1302 675/875/1303 708/831/1230
f 708/831/1230 707/830/1229 676/874/1302
f 675/774/1303 674/773/1304 709/876/1305
f 709/876/1305 708/877/1230 675/774/1303
f 673/772/1306 672/771/1307 711/878/1234
f 711/878/1234 710/879/1308 673/772/1306
f 565/880/1309 712/835/1310 711/836/1236
f 711/836/1236 672/881/1311 565/880/1309
f 564/882/1312 713/837/1237 712/835/1310
f 712/835/1235 565/880/1313 564/882/1314
f 560/883/1315 714/838/1238 713/837/1237
f 713/837/1237 564/882/1312 560/883/1315
f 714/838/1239 560/883/1316 563/884/1317
f 563/884/1318 715/839/1240 714/838/1239
f 556/885/1319 716/840/1320 715/839/1321
f 715/839/1240 563/884/1318 556/885/1322
f 559/570/1323 717/886/1248 716/887/1324
f 716/887/1246 556/567/1325 559/570/1326
f 680/789/1327 718/888/1247 717/886/1244
f 717/886/1244 559/570/1323 680/789/1327
f 666/750/1328 719/889/1250 718/890/1329
f 718/890/1329 680/805/1330 666/750/1331
f 553/891/1332 720/844/1252 719/843/1250
f 719/843/1250 666/892/1328 553/891/1332
f 553/891/1332 552/893/1333 721/845/1253
f 721/845/1253 720/844/1252 553/891/1332
f 548/559/1334 722/894/1255 723/895/1335
f 723/895/1336 651/727/1337 548/559/1338
f 722/894/1339 548/559/1340 551/562/1341
f 551/562/1341 724/896/1261 722/894/1339
f 624/678/1342 689/851/1262 724/896/1261
f 724/896/1260 551/562/1341 624/678/1342
f 616/661/918 725/897/1343 726/898/1344
f 726/898/1344 137/137/919 616/661/918
f 137/137/919 726/898/1344 727/899/1345
f 727/899/1345 138/138/1346 137/137/158
f 728/900/1347 511/522/680 514/525/684
f 514/525/1348 729/901/1349 728/900/1350
f 511/688/960 728/902/1351 730/903/1352
f 730/903/1352 66/66/75 511/688/960
f 731/904/1353 63/63/72 66/66/75
f 66/66/75 730/903/1352 731/904/1354
f 732/905/1355 642/713/1004 63/63/1024
f 63/63/1024 731/904/1356 732/905/1355
f 733/906/1357 69/69/78 642/713/1005
f 642/713/1025 732/905/1355 733/906/1357
f 734/907/1358 70/70/79 69/69/78
f 69/69/78 733/906/1357 734/907/1359
f 735/908/1360 590/695/970 70/70/969
f 70/70/969 734/907/1359 735/908/1360
f 590/618/826 735/909/1361 736/910/1362
f 736/910/1363 591/619/827 590/618/1364
f 506/911/1365 505/912/673 737/913/1366
f 737/913/1366 738/914/1367 506/911/1365
f 739/915/1368 597/916/1369 506/911/1365
f 506/911/1365 738/914/1370 739/915/1371
f 597/699/981 739/917/1372 740/918/1373
f 740/918/1374 60/60/69 597/699/981
f 60/60/69 740/918/1375 741/919/1376
f 741/919/1376 61/61/70 60/60/69
f 61/61/1377 741/919/1376 742/920/1378
f 742/920/1379 636/705/990 61/61/70
f 636/705/990 742/920/1378 743/921/1380
f 743/921/1380 10/10/1014 636/705/990
f 10/10/11 743/921/1381 744/922/1382
f 744/922/1382 11/11/12 10/10/1383
f 11/11/12 744/922/1382 725/923/1384
f 725/923/1384 616/666/927 11/11/12
f 630/924/1385 628/925/1386 726/898/1344
f 726/898/1344 725/897/1387 630/924/1385
f 628/925/1386 629/926/1388 727/899/1345
f 727/899/1345 726/898/1344 628/925/1389
f 626/689/1390 728/927/1391 729/928/1392
f 729/928/1392 627/690/1393 626/689/1390
f 626/689/1394 508/519/1395 730/929/1352
f 730/929/1396 728/927/1397 626/689/1394
f 507/518/1398 731/930/1354 730/929/1352
f 730/929/1352 508/519/1395 507/518/1398
f 644/931/1399 732/905/1355 731/904/1356
f 731/904/1356 507/932/1400 644/931/1399
f 596/933/1401 733/906/1357 732/905/1355
f 732/905/1355 644/931/1399 596/933/1401
f 595/623/1402 734/934/1359 733/935/1357
f 733/935/1357 596/624/1403 595/623/1402
f 635/936/1404 735/909/1360 734/937/1358
f 734/937/1358 595/938/1402 635/936/1404
f 635/936/1405 634/939/1406 736/910/1362
f 736/910/1362 735/909/1361 635/936/1405
f 633/940/1407 632/941/1408 738/914/1370
f 738/914/1367 737/913/1409 633/940/1410
f 631/700/1411 739/942/1412 738/943/1367
f 738/943/1367 632/701/1413 631/700/1411
f 631/700/1414 620/665/1415 740/944/1374
f 740/944/1416 739/942/1372 631/700/1414
f 620/665/1417 619/664/1418 741/945/1419
f 741/945/1376 740/944/1373 620/665/1417
f 619/664/1420 647/718/1421 742/946/1379
f 742/946/1378 741/945/1376 619/664/1418
f 647/947/1422 617/948/1423 743/921/1424
f 743/921/1424 742/920/1378 647/947/1421
f 617/948/1425 618/949/1426 744/922/1382
f 744/922/1382 743/921/1381 617/948/1425
f 618/949/1427 630/950/1428 725/923/1384
f 725/923/1384 744/922/1382 618/949/1426
f 398/398/1429 443/951/1430 523/952/1431
f 523/952/1431 521/532/699 398/398/698
f 441/953/1432 192/192/222 191/191/221
f 191/191/221 442/954/1433 441/953/1432
f 440/955/1434 407/407/911 192/192/222
f 192/192/222 441/953/1432 440/955/1434
f 440/955/1435 439/956/1436 196/196/227
f 196/196/227 407/407/527 440/955/1435
f 438/957/1437 193/193/223 196/196/227
f 196/196/227 439/956/1436 438/957/1437
f 438/957/1438 437/958/1439 209/209/244
f 209/209/244 193/193/243 438/957/1440
f 745/959/1441 746/960/1442 270/439/1443
f 270/439/1444 436/438/567 745/959/1441
f 746/961/1445 747/962/1446 271/271/332
f 271/271/332 270/270/331 746/961/1445
f 748/963/1447 490/501/653 271/271/1448
f 271/271/1449 747/962/1446 748/963/1447
f 488/964/1450 313/313/391 316/316/1451
f 316/316/394 489/965/1452 488/964/1450
f 488/964/1453 486/966/1454 317/317/397
f 317/317/397 313/313/1455 488/964/1456
f 486/966/1457 487/967/1458 410/410/530
f 410/410/530 317/317/397 486/966/1454
f 487/967/1459 485/968/1460 320/320/401
f 320/320/401 410/410/903 487/967/1461
f 485/968/1460 484/969/1462 321/321/402
f 321/321/402 320/320/401 485/968/1460
f 483/970/1463 395/395/712 527/538/716
f 527/538/716 525/971/1464 483/970/1463
f 483/970/1465 482/972/1466 326/326/409
f 326/326/409 395/395/512 483/970/1465
f 481/492/1467 323/973/405 326/974/409
f 326/974/1468 482/493/1466 481/492/1467
f 481/492/1469 480/491/1470 327/975/1471
f 327/975/1472 323/973/1473 481/492/1469
f 749/976/1474 750/977/1475 250/250/304
f 250/250/304 479/490/634 749/976/1474
f 750/977/1475 751/978/1476 251/251/305
f 251/251/305 250/250/304 750/977/1475
f 751/979/1477 752/980/1478 447/452/1479
f 447/452/1479 251/451/1480 751/979/1476
f 445/981/1481 186/186/256 218/218/1482
f 218/218/1482 446/982/1483 445/981/1481
f 445/981/1484 444/983/1485 187/187/217
f 187/187/217 186/186/216 445/981/1484
f 443/951/1486 398/398/515 187/187/217
f 187/187/217 444/983/1485 443/951/1486
f 753/984/1487 754/985/1488 330/330/415
f 330/330/416 329/329/1489 753/984/1487
f 755/986/1490 756/987/1491 331/455/1492
f 331/455/1492 449/454/1493 755/986/1490
f 756/988/1491 757/989/1494 332/332/1495
f 332/332/419 331/331/1492 756/988/1491
f 758/990/1496 477/488/1497 332/332/1495
f 332/332/1495 757/989/1494 758/990/1496
f 759/991/1498 760/992/1499 334/334/423
f 334/334/423 333/333/422 759/991/1500
f 760/992/1501 761/993/1502 335/335/426
f 335/335/425 334/334/1503 760/992/1501
f 761/993/1502 762/994/1504 393/393/510
f 393/393/510 335/335/426 761/993/1505
f 762/994/1506 763/995/1507 528/539/718
f 528/539/718 393/393/717 762/994/1506
f 764/996/1508 765/997/1509 337/337/429
f 337/337/429 336/336/428 764/996/1508
f 765/997/1509 766/998/1510 412/412/901
f 412/412/901 337/337/429 765/997/1509
f 766/998/1511 767/999/1512 339/339/432
f 339/339/1513 412/412/533 766/998/1514
f 768/1000/1515 338/338/430 339/339/432
f 339/339/432 767/999/1516 768/1000/1517
f 768/1000/1518 769/1001/1519 340/340/1520
f 340/340/434 338/338/433 768/1000/1518
f 770/1002/1521 771/1003/1522 341/341/436
f 341/341/1523 492/503/655 770/1002/1521
f 771/1003/1522 772/1004/1524 342/342/437
f 342/342/437 341/341/436 771/1003/1522
f 772/1005/1525 773/1006/1526 434/436/564
f 434/436/563 342/435/437 772/1005/1524
f 774/1007/1527 343/343/438 344/344/1528
f 344/344/1528 775/1008/1529 774/1007/1527
f 774/1007/1530 776/1009/1531 345/345/441
f 345/345/441 343/343/440 774/1007/1532
f 776/1009/1531 777/1010/1533 405/405/525
f 405/405/525 345/345/441 776/1009/1531
f 777/1010/1534 778/1011/1535 346/346/1536
f 346/346/443 405/405/912 777/1010/1534
f 778/1011/1537 779/1012/1538 347/347/444
f 347/347/444 346/346/443 778/1011/1535
f 780/1013/1539 400/400/693 520/531/696
f 520/531/696 781/1014/1540 780/1013/1541
f 780/1013/1542 782/1015/1543 348/348/445
f 348/348/445 400/400/517 780/1013/1542
f 782/1015/1543 753/984/1544 329/329/446
f 329/329/446 348/348/1545 782/1015/1543
f 614/1016/1546 783/1017/1547 350/350/550
f 350/350/449 426/426/1548 614/1016/1546
f 784/1018/1549 349/349/1550 350/350/550
f 350/350/449 783/1017/1551 784/1018/1549
f 156/1019/1552 155/1020/1553 352/352/1554
f 352/352/451 351/351/1555 156/1019/1552
f 774/1007/1556 775/1008/1557 354/354/454
f 354/354/454 353/353/453 774/1007/1556
f 773/1006/1558 772/1005/1559 355/1021/1560
f 355/1021/1560 433/1022/560 773/1006/1558
f 772/1004/1559 771/1003/1561 356/356/456
f 356/356/456 355/355/561 772/1004/1559
f 770/1002/1562 493/504/656 356/356/456
f 356/356/456 771/1003/1561 770/1002/1562
f 769/1001/1563 768/1000/1564 358/358/458
f 358/358/458 357/357/457 769/1001/1563
f 768/1000/1565 767/999/1566 359/359/460
f 359/359/460 358/358/459 768/1000/1567
f 766/998/1568 413/413/1569 359/359/460
f 359/359/460 767/999/1566 766/998/1568
f 766/998/1570 765/997/1571 360/360/463
f 360/360/900 413/413/899 766/998/1572
f 765/997/1571 764/996/1573 361/361/464
f 361/361/464 360/360/463 765/997/1571
f 763/995/1574 762/994/1575 392/392/722
f 392/392/722 530/541/720 763/995/1576
f 762/994/1577 761/993/1578 362/362/509
f 362/362/509 392/392/508 762/994/1579
f 761/993/1580 760/992/1581 363/363/469
f 363/363/469 362/362/509 761/993/1580
f 760/992/1582 759/991/1583 364/364/471
f 364/364/471 363/363/1584 760/992/1582
f 758/990/1585 757/989/1586 365/365/472
f 365/365/472 476/487/630 758/990/1585
f 757/989/1586 756/988/1587 366/366/592
f 366/366/473 365/365/472 757/989/1586
f 755/986/1588 450/456/590 366/459/473
f 366/459/592 756/987/1587 755/986/1588
f 753/984/1589 367/367/474 368/368/475
f 368/368/475 754/985/1590 753/984/1589
f 370/370/1591 369/369/477 162/1023/1592
f 162/1023/1592 161/1024/1593 370/370/1591
f 785/1025/1594 786/1026/1595 372/372/481
f 372/372/481 371/371/480 785/1025/1594
f 515/1027/1596 379/379/491 372/372/481
f 372/372/481 786/1026/1595 515/1027/1596
f 515/687/958 76/76/87 374/374/483
f 374/374/483 379/685/1597 515/687/958
f 75/75/86 373/373/484 374/374/483
f 374/374/483 76/76/87 75/75/86
f 373/607/813 75/612/819 586/611/817
f 586/611/817 584/608/814 373/607/1598
f 73/73/83 376/376/844 375/375/486
f 375/375/486 74/74/84 73/73/83
f 57/630/1599 377/632/845 376/376/844
f 376/376/844 73/73/83 57/630/1600
f 377/377/488 57/57/65 58/58/67
f 58/58/1601 378/378/489 377/377/488
f 614/668/929 426/670/932 378/378/489
f 378/378/490 58/58/67 614/668/929
f 121/635/849 126/126/144 118/118/132
f 118/118/132 113/633/846 121/635/849
f 126/126/144 125/125/1602 119/119/133
f 119/119/133 118/118/132 126/126/144
f 127/600/805 130/603/809 583/606/812
f 583/606/812 580/601/1603 127/600/1604
f 130/130/149 127/127/1605 128/128/147
f 128/128/147 131/131/151 130/130/149
f 545/682/950 381/684/1606 131/131/151
f 131/131/151 128/128/147 545/682/950
f 545/1028/1607 787/1029/1608 170/170/197
f 170/170/197 381/381/493 545/1028/1609
f 787/1029/1608 788/1030/1610 171/171/198
f 171/171/198 170/170/197 787/1029/1611
f 176/1031/1612 175/1032/1613 166/166/192
f 166/166/192 165/165/191 176/1031/1614
f 197/197/1615 223/223/1616 221/221/262
f 221/221/263 220/220/261 197/197/1617
f 453/463/1618 242/462/1619 246/461/594
f 246/461/594 452/460/593 453/463/1618
f 242/242/1619 241/241/1620 247/247/300
f 247/247/300 246/246/594 242/242/1619
f 241/241/1620 472/483/1621 474/485/628
f 474/485/628 247/247/300 241/241/1620
f 281/281/1622 303/303/377 306/306/381
f 306/306/381 282/282/1623 281/281/1624
f 281/281/1625 286/286/1626 307/307/384
f 307/307/384 303/303/383 281/281/1625
f 389/389/1627 390/390/506 307/307/384
f 307/307/384 286/286/1626 389/389/1627
f 389/389/1628 533/544/1629 531/542/727
f 531/542/727 390/390/725 389/389/1630
f 294/294/1631 293/293/1632 312/312/390
f 312/312/390 311/311/389 294/294/1631
f 416/416/1633 415/415/897 312/312/390
f 312/312/390 293/293/1632 416/416/1633
f 416/416/717 291/291/1634 302/302/373
f 302/302/373 415/415/536 416/416/717
f 291/291/1634 287/287/1635 297/297/374
f 297/297/375 302/302/373 291/291/1634
f 287/287/1636 290/290/1637 298/298/369
f 298/298/1638 297/297/368 287/287/1636
f 496/507/1639 278/278/1640 274/274/337
f 274/274/337 495/506/660 496/507/1641
f 278/278/1640 277/277/1642 275/275/338
f 275/275/338 274/274/337 278/278/1640
f 277/277/1642 429/429/1643 431/431/557
f 431/431/557 275/275/338 277/277/1644
f 206/206/1645 213/213/251 216/216/255
f 216/216/255 211/211/1646 206/206/1645
f 182/1033/1647 181/1034/1648 152/152/177
f 152/152/177 151/151/175 182/1033/1649
f 789/1035/1650 790/1036/1651 147/147/171
f 147/147/171 146/146/170 789/1035/1650
f 790/1036/1652 613/1037/1653 424/424/547
f 424/424/547 147/147/171 790/1036/1652
f 613/673/937 122/122/138 116/116/130
f 116/116/130 424/671/1654 613/673/937
f 121/121/137 113/113/127 116/116/1655
f 116/116/130 122/122/1656 121/121/137
f 455/1038/1657 456/1039/1658 224/224/270
f 224/224/270 200/200/1659 455/1038/1660
f 791/1040/1661 243/243/296 454/1041/1662
f 454/1041/1662 792/1042/1663 791/1040/1661
f 793/1043/1664 244/244/625 243/243/296
f 243/243/296 791/1040/1661 793/1043/1664
f 794/1044/1665 473/484/626 244/244/625
f 244/244/297 793/1043/1664 794/1044/1665
f 471/1045/1666 470/1046/1667 284/284/348
f 284/284/348 283/283/347 471/1045/1668
f 470/1046/1669 468/1047/1670 285/285/352
f 285/285/352 284/284/351 470/1046/1669
f 469/1048/1671 388/388/503 285/285/352
f 285/285/352 468/1047/1670 469/1048/1671
f 469/1048/1672 535/1049/1673 532/543/730
f 532/543/730 388/388/729 469/1048/1672
f 467/1050/1674 466/1051/1675 296/296/367
f 296/296/367 295/295/365 467/1050/1676
f 466/1051/1677 465/1052/1678 417/417/895
f 417/417/894 296/296/367 466/1051/1677
f 463/1053/1679 292/292/360 417/417/538
f 417/417/538 465/1052/1680 463/1053/1679
f 464/1054/1681 288/288/361 292/292/360
f 292/292/360 463/1053/1682 464/1054/1681
f 464/1054/1683 498/1055/1684 289/289/356
f 289/289/356 288/288/355 464/1054/1685
f 795/1056/1686 279/279/343 497/508/663
f 497/508/663 796/1057/1687 795/1056/1686
f 797/1058/1688 280/280/1689 279/279/343
f 279/279/343 795/1056/1686 797/1058/1688
f 798/1059/1690 430/430/1691 280/280/1689
f 280/280/1689 797/1058/1688 798/1059/1690
f 428/1060/1692 427/1061/1693 207/207/249
f 207/207/249 212/212/248 428/1060/1694
f 462/1062/1695 208/208/240 207/207/239
f 207/207/239 427/1061/1696 462/1062/1695
f 461/1063/1697 421/421/1698 208/208/240
f 208/208/240 462/1062/1695 461/1063/1699
f 421/421/1700 461/1063/1701 460/1064/1702
f 460/1064/1702 203/203/234 421/421/885
f 460/1064/1702 459/1065/1703 204/204/235
f 204/204/235 203/203/234 460/1064/1702
f 458/1066/1704 385/385/747 539/550/1705
f 539/550/746 537/1067/1706 458/1066/1707
f 385/385/499 458/1066/1708 457/1068/1709
f 457/1068/1709 199/199/230 385/385/499
f 455/1038/1710 200/200/231 199/199/230
f 199/199/230 457/1068/1709 455/1038/1710
f 783/1069/1711 153/153/178 156/156/181
f 156/156/1712 784/1070/1713 783/1069/1714
f 614/1071/1715 403/403/523 153/153/178
f 153/153/178 783/1069/1714 614/1071/1715
f 134/1072/1716 157/157/182 403/403/1717
f 403/403/523 614/1071/1715 134/1072/1716
f 134/1072/1716 133/1073/1718 158/158/1719
f 158/158/1719 157/157/182 134/1072/1716
f 515/1074/1720 402/402/522 518/529/1721
f 518/529/692 516/1075/1722 515/1074/1723
f 786/1076/1724 164/164/190 402/402/522
f 402/402/522 515/1074/1720 786/1076/1724
f 785/1077/1725 161/161/1726 164/164/190
f 164/164/190 786/1076/1724 785/1077/1725
f 371/1078/1727 370/370/1591 161/1024/1593
f 161/1024/1593 785/1079/1728 371/1078/1727
f 172/1080/1729 168/168/194 370/370/479
f 370/370/1591 371/1078/1727 172/1080/1730
f 171/1081/1731 165/165/191 168/168/476
f 168/168/194 172/1080/1732 171/1081/1731
f 788/1082/1733 176/1031/1614 165/165/191
f 165/165/195 171/1081/1731 788/1082/1733
f 787/1083/1734 173/173/497 176/176/204
f 176/176/204 788/1084/1735 787/1083/1736
f 545/1085/1737 382/382/494 173/173/205
f 173/173/497 787/1083/1734 545/1085/1738
f 544/555/1739 540/1086/749 382/1087/1740
f 382/1087/494 545/556/1737 544/555/1741
f 141/141/1742 177/1088/206 180/1089/209
f 180/1089/209 142/142/1743 141/141/1742
f 613/1090/1744 423/423/546 177/177/206
f 177/177/1745 141/1091/1746 613/1090/1744
f 790/1092/1747 184/184/213 423/423/546
f 423/423/546 613/1090/1744 790/1092/1747
f 789/1093/1748 181/181/214 184/184/213
f 184/184/213 790/1092/1747 789/1093/1749
f 181/1034/1648 789/1094/1750 146/1095/1751
f 146/1095/1751 152/152/177 181/1034/1648
f 145/1096/1752 149/149/173 152/152/1753
f 152/152/177 146/1095/1754 145/1096/1752
f 349/1097/1755 351/351/450 149/149/173
f 149/149/173 145/1096/1752 349/1097/1755
f 784/1098/1756 156/1019/1552 351/351/450
f 351/351/450 349/1097/1755 784/1098/1756
f 219/1099/1757 367/1100/1758 369/369/1759
f 369/369/478 167/167/193 219/1099/1760
f 367/1100/1761 753/1101/1762 162/1023/1592
f 162/1023/1592 369/369/477 367/1100/1758
f 753/1102/1763 782/1103/1764 163/163/188
f 163/163/520 162/162/187 753/1102/1763
f 782/1103/1765 780/1104/1766 401/401/521
f 401/401/521 163/163/188 782/1103/1764
f 780/1104/1767 781/1105/1768 517/528/690
f 517/528/690 401/401/521 780/1104/1767
f 779/1106/1769 778/1107/1770 160/160/185
f 160/160/914 159/159/184 779/1106/1771
f 778/1107/1770 777/1108/1772 404/404/524
f 404/404/915 160/160/914 778/1107/1770
f 777/1108/1772 776/1109/1773 154/154/179
f 154/154/179 404/404/524 777/1108/1772
f 776/1109/1773 774/1110/1774 155/155/180
f 155/155/180 154/154/179 776/1109/1773
f 774/1111/1775 353/1112/1776 352/352/451
f 352/352/1554 155/1020/1553 774/1111/1775
f 353/1112/1776 214/1113/1777 150/150/452
f 150/150/452 352/352/1554 353/1112/1778
f 214/1113/1777 213/1114/1779 151/151/175
f 151/151/176 150/150/452 214/1113/1777
f 206/1115/1780 182/1033/1647 151/151/175
f 151/151/176 213/1114/1781 206/1115/1780
f 206/1116/1782 205/1117/1783 183/183/212
f 183/183/212 182/182/211 206/1116/1782
f 205/1117/1783 420/1118/1784 422/422/544
f 422/422/544 183/183/212 205/1117/1783
f 420/1118/1784 202/1119/1785 178/178/207
f 178/178/1786 422/422/544 420/1118/1784
f 202/1119/1785 201/1120/1787 179/179/208
f 179/179/208 178/178/207 202/1119/1788
f 538/1121/1789 384/1122/1790 383/383/495
f 383/383/495 541/552/750 538/1121/1789
f 384/1122/1790 198/1123/1791 174/174/496
f 174/174/496 383/383/495 384/1122/1790
f 198/1123/1792 197/1124/1793 175/175/203
f 175/175/203 174/174/1794 198/1123/1791
f 197/1125/1795 220/1126/1796 166/166/192
f 166/166/192 175/1032/1797 197/1125/1795
f 220/1126/1796 219/1099/1757 167/167/193
f 167/167/1798 166/166/192 220/1126/1796
f 752/1127/1799 751/1128/1800 254/254/1801
f 254/254/308 446/449/583 752/1127/1799
f 751/1128/1802 750/1129/1803 255/255/309
f 255/255/309 254/254/308 751/1128/1802
f 750/1129/1804 749/1130/1805 480/491/1806
f 480/491/636 255/255/309 750/1129/1803
f 749/1131/1807 479/1132/1808 327/327/411
f 327/327/411 480/1133/1470 749/1131/1807
f 479/1132/1809 478/1134/1810 328/328/412
f 328/328/412 327/327/1471 479/1132/1808
f 478/1134/1810 477/1135/1811 333/333/421
f 333/333/421 328/328/412 478/1134/1812
f 758/1136/1813 759/991/1498 333/333/421
f 333/333/421 477/1135/1814 758/1136/1813
f 759/991/1583 758/1136/1815 476/1137/1816
f 476/1137/1817 364/364/1818 759/991/1583
f 475/1138/1819 305/305/380 364/364/471
f 364/364/471 476/1137/1816 475/1138/1819
f 474/1139/1820 306/306/381 305/305/380
f 305/305/380 475/1138/1819 474/1139/1820
f 472/1140/1821 282/282/1623 306/306/381
f 306/306/381 474/1139/1820 472/1140/1821
f 472/1140/1822 473/1141/1823 283/283/347
f 283/283/347 282/282/346 472/1140/1822
f 794/1142/1824 471/1045/1666 283/283/347
f 283/283/347 473/1141/1823 794/1142/1824
f 793/1143/1825 239/239/291 471/482/622
f 471/482/622 794/1144/1826 793/1143/1825
f 791/1145/1827 240/240/292 239/239/291
f 239/239/291 793/1143/1828 791/1145/1829
f 792/1146/1830 456/467/599 240/240/292
f 240/240/292 791/1145/1829 792/1146/1830
f 792/1147/1831 454/464/1832 224/224/270
f 224/224/270 456/1039/1833 792/1147/1834
f 453/463/1835 223/223/266 224/224/270
f 224/224/270 454/464/1832 453/463/1836
f 223/223/1837 453/463/1838 452/460/1839
f 452/460/1839 221/221/262 223/223/1840
f 451/457/1841 222/222/264 221/221/263
f 221/221/263 452/460/1842 451/457/1841
f 450/456/1843 368/368/475 222/222/264
f 222/222/264 451/457/1841 450/456/1843
f 755/986/1844 754/985/1590 368/368/475
f 368/368/475 450/456/1843 755/986/1845
f 754/985/1488 755/986/1846 449/454/1847
f 449/454/1848 330/330/416 754/985/1488
f 448/453/1849 217/217/258 330/330/416
f 330/330/416 449/454/1847 448/453/1850
f 447/452/1851 218/218/1482 217/217/258
f 217/217/1852 448/453/1850 447/452/1853
f 752/980/1854 446/982/1483 218/218/1482
f 218/218/1482 447/452/1853 752/980/1854
f 775/1008/1557 773/1006/1855 433/1022/1856
f 433/1022/1856 354/354/454 775/1008/1557
f 432/1148/1857 215/215/254 354/354/454
f 354/354/454 433/1022/1856 432/1148/1857
f 431/1149/1858 216/216/255 215/215/254
f 215/215/1859 432/1148/1857 431/1149/1858
f 429/1150/1860 211/211/1646 216/216/255
f 216/216/255 431/1149/1858 429/1150/1860
f 429/1150/1861 430/1151/1862 212/212/248
f 212/212/248 211/211/247 429/1150/1861
f 798/1152/1863 428/1060/1694 212/212/248
f 212/212/248 430/1151/1862 798/1152/1864
f 798/1153/1865 797/1154/1866 226/226/272
f 226/226/272 428/428/1867 798/1153/1865
f 797/1154/1866 795/1155/1868 227/227/273
f 227/227/273 226/226/272 797/1154/1866
f 795/1155/1869 796/1156/1870 498/509/665
f 498/509/665 227/227/273 795/1155/1869
f 498/1055/1684 796/1157/1871 497/1158/1872
f 497/1158/1872 289/289/356 498/1055/1873
f 496/1159/1874 290/290/357 289/289/356
f 289/289/356 497/1158/1872 496/1159/1874
f 496/1159/1875 495/1160/1876 298/298/1638
f 298/298/1638 290/290/1637 496/1159/1875
f 495/1160/1876 494/1161/1877 299/299/370
f 299/299/1878 298/298/369 495/1160/1876
f 494/1161/1879 493/1162/1880 357/357/457
f 357/357/457 299/299/370 494/1161/1879
f 770/1163/1881 769/1001/1563 357/357/457
f 357/357/457 493/1162/1880 770/1163/1881
f 769/1001/1882 770/1163/1883 492/1164/1884
f 492/1164/1885 340/340/434 769/1001/1886
f 491/1165/1887 315/315/1888 340/340/434
f 340/340/1520 492/1164/1885 491/1165/1889
f 490/1166/1890 316/316/394 315/315/393
f 315/315/393 491/1165/1889 490/1166/1890
f 748/1167/1891 489/965/1452 316/316/394
f 316/316/394 490/1166/1890 748/1167/1891
f 748/1168/1892 747/1169/1893 267/267/326
f 267/267/326 489/500/651 748/1168/1892
f 747/1169/1894 746/1170/1895 268/268/328
f 268/268/328 267/267/1896 747/1169/1897
f 745/1171/1898 437/440/571 268/268/327
f 268/268/1899 746/1170/1895 745/1171/1900
f 437/958/1439 745/959/1901 436/438/1902
f 436/438/1902 209/209/244 437/958/1439
f 435/437/1903 210/210/1904 209/209/244
f 209/209/244 436/438/1902 435/437/1903
f 434/436/1905 344/344/1528 210/210/245
f 210/210/1904 435/437/1903 434/436/1905
f 773/1006/1906 775/1008/1529 344/344/1528
f 344/344/1528 434/436/1905 773/1006/1906
f 608/653/873 648/724/1033 649/725/1036
f 649/725/1036 21/21/1907 608/653/873
f 649/725/1908 650/726/1038 22/22/24
f 22/22/24 21/21/874 649/725/1036
f 651/727/1041 552/563/764 555/566/1909
f 555/566/1910 652/728/1042 651/727/1041
f 651/727/1911 723/895/1257 721/1172/1253
f 721/1172/1253 552/563/1333 651/727/1911
f 723/847/1257 654/730/1047 80/80/92
f 80/80/92 721/845/1253 723/847/1257
f 653/729/1046 77/77/1912 80/80/1254
f 80/80/1254 654/730/1047 653/729/1046
f 77/596/800 653/734/1052 655/733/1051
f 655/733/1051 578/597/801 77/596/800
f 84/84/96 83/83/1913 657/738/1057
f 657/738/1057 656/737/1062 84/84/96
f 84/84/96 656/737/1062 658/740/1060
f 658/740/1061 50/636/850 84/84/96
f 50/50/56 658/741/1063 659/742/1067
f 659/742/1914 51/51/57 50/50/1915
f 696/818/1203 698/820/1206 51/51/58
f 51/51/58 659/742/1067 696/818/1203
f 648/1173/1278 608/861/1281 698/820/1206
f 698/820/1206 696/818/1203 648/1173/1278
f 6/6/7 510/521/678 509/520/677
f 509/520/677 7/7/8 6/6/7
f 627/690/962 629/692/964 7/7/8
f 7/7/8 509/520/677 627/690/962
f 629/692/1916 627/690/1393 729/928/1392
f 729/928/1392 727/1174/1345 629/692/1916
f 514/525/684 138/138/1346 727/899/1345
f 727/899/1345 729/901/1392 514/525/684
f 513/524/682 136/136/160 138/138/159
f 138/138/159 514/525/684 513/524/682
f 516/527/686 133/133/153 136/136/156
f 136/136/156 513/524/688 516/527/686
f 516/1075/1722 518/529/1917 158/158/1719
f 158/158/183 133/1073/1718 516/1075/1722
f 518/529/1917 517/528/691 159/159/1918
f 159/159/1918 158/158/183 518/529/692
f 781/1105/1768 779/1106/1769 159/159/184
f 159/159/184 517/528/691 781/1105/1768
f 779/1012/1538 781/1014/1919 520/531/696
f 520/531/696 347/347/444 779/1012/1538
f 519/530/695 190/190/220 347/347/444
f 347/347/444 520/531/696 519/530/695
f 190/190/220 519/530/695 521/532/699
f 521/532/700 191/191/221 190/190/220
f 523/952/1431 442/954/1920 191/191/221
f 191/191/221 521/532/700 523/952/1431
f 442/445/576 523/534/705 522/533/704
f 522/533/704 260/260/317 442/445/576
f 260/260/317 522/533/704 524/535/708
f 524/535/708 261/261/318 260/260/317
f 261/261/1921 524/535/708 525/536/711
f 525/536/711 484/495/642 261/261/1921
f 484/969/1462 525/971/1464 527/538/716
f 527/538/716 321/321/402 484/969/1462
f 526/537/714 322/322/403 321/321/402
f 321/321/402 527/538/716 526/537/715
f 526/537/714 528/539/718 336/336/428
f 336/336/428 322/322/403 526/537/715
f 763/995/1507 764/996/1508 336/336/428
f 336/336/428 528/539/718 763/995/1507
f 764/996/1922 763/995/1574 530/541/720
f 530/541/720 361/361/464 764/996/1922
f 529/540/719 310/310/465 361/361/464
f 361/361/464 530/541/720 529/540/719
f 529/540/719 531/542/727 311/311/1923
f 311/311/389 310/310/388 529/540/719
f 533/544/1629 294/294/1631 311/311/389
f 311/311/389 531/542/726 533/544/1629
f 533/544/731 532/543/730 295/295/365
f 295/295/365 294/294/364 533/544/731
f 535/1049/1673 467/1050/1674 295/295/365
f 295/295/365 532/543/730 535/1049/1673
f 534/545/1924 234/234/283 467/478/616
f 467/478/616 535/546/1925 534/545/738
f 536/547/737 231/231/1926 234/234/283
f 234/234/283 534/545/738 536/547/737
f 537/548/740 459/470/605 231/231/279
f 231/231/279 536/547/737 537/548/740
f 537/1067/1927 539/550/1705 204/204/1928
f 204/204/1928 459/1065/1703 537/1067/1927
f 538/549/745 201/201/232 204/204/1928
f 204/204/235 539/550/1705 538/549/745
f 201/1120/1787 538/1121/1789 541/552/750
f 541/552/1929 179/179/208 201/1120/1930
f 540/551/749 180/180/209 179/179/208
f 179/179/208 541/552/750 540/551/749
f 544/555/1741 142/142/1743 180/1089/209
f 180/1089/1931 540/1086/749 544/555/1741
f 543/554/752 139/139/161 142/142/1932
f 142/142/164 544/555/1933 543/554/1934
f 543/554/758 547/558/1935 143/143/167
f 143/143/167 139/139/166 543/554/758
f 547/558/1935 690/811/1192 691/812/1195
f 691/812/1936 143/143/167 547/558/1935
f 625/679/1265 623/677/1267 691/853/1936
f 691/853/1195 690/850/1193 625/679/1937
f 625/679/946 550/561/762 20/20/22
f 20/20/22 623/677/943 625/679/946
f 549/560/761 17/17/19 20/20/22
f 20/20/1938 550/561/762 549/560/761
f 549/560/1939 652/728/1940 650/726/1038
f 650/726/1039 17/17/1037 549/560/1043
f 652/728/1940 555/566/767 22/22/24
f 22/22/24 650/726/1038 652/728/1042
f 555/566/767 554/565/1082 23/23/25
f 23/23/25 22/22/24 555/566/1910
f 554/565/1082 667/751/1081 668/752/1084
f 668/752/1084 23/23/1941 554/565/1082
f 681/806/1183 679/807/1184 668/752/1084
f 668/752/1084 667/751/1942 681/806/1183
f 681/790/1158 558/569/770 36/36/41
f 36/36/41 679/788/1155 681/790/1158
f 557/568/1943 33/33/38 36/36/41
f 36/36/41 558/569/770 557/568/769
f 557/568/1943 562/573/774 28/28/32
f 28/28/32 33/33/38 557/568/1943
f 561/572/1944 25/25/28 28/28/32
f 28/28/32 562/573/774 561/572/773
f 561/761/1095 567/578/779 30/30/34
f 30/30/34 25/759/1945 561/761/1095
f 567/578/779 566/577/778 31/31/35
f 31/31/35 30/30/34 567/578/1094
f 673/772/1126 674/773/1128 31/31/36
f 31/31/35 566/577/778 673/772/1126
f 674/773/1946 673/772/1306 710/879/1233
f 710/879/1233 709/876/1305 674/773/1946
f 569/1175/781 111/1176/124 709/876/1231
f 709/876/1305 710/879/1308 569/1175/781
f 568/579/784 112/112/125 111/111/124
f 111/111/124 569/580/781 568/579/784
f 568/768/1947 573/586/789 106/106/118
f 106/106/118 112/766/1115 568/768/1947
f 573/586/789 572/585/1948 107/107/119
f 107/107/1949 106/106/118 573/586/789
f 574/587/1101 90/90/1103 107/107/1949
f 107/107/119 572/585/1102 574/587/1101
f 90/90/1950 574/587/790 575/590/1951
f 575/590/1951 91/91/103 90/90/1950
f 577/778/1139 86/784/1952 91/783/103
f 91/783/1142 575/779/1951 577/778/1139
f 576/593/796 87/1177/99 86/1178/1953
f 576/593/1954 86/1178/1953 577/594/797
f 684/1179/1955 685/1180/1164 87/1181/99
f 87/1181/1956 576/1182/796 684/1179/1162
f 684/804/1178 664/747/1077 662/745/1176
f 662/745/1176 685/797/1957 684/804/1958
f 664/747/1077 579/598/802 82/82/94
f 82/82/94 662/745/1176 664/747/1077
f 579/598/802 578/597/801 83/83/1913
f 83/83/1913 82/82/1959 579/598/802
f 578/597/801 655/733/1051 657/738/1057
f 657/738/1057 83/83/95 578/597/801
f 581/732/1050 124/735/1960 657/738/1057
f 657/738/1057 655/733/1051 581/732/1050
f 124/124/1961 581/602/808 580/601/1962
f 580/601/807 125/125/1963 124/124/1961
f 125/125/1602 580/601/806 583/606/812
f 583/606/812 119/119/1964 125/125/143
f 582/605/811 120/120/134 119/119/1965
f 119/119/133 583/606/812 582/605/811
f 120/120/134 582/605/811 584/608/814
f 584/608/814 375/375/486 120/120/134
f 586/611/817 74/74/84 375/375/486
f 375/375/486 584/608/814 586/611/817
f 585/610/816 71/71/81 74/74/84
f 74/74/84 586/611/817 585/610/816
f 585/723/1022 641/711/1021 639/709/995
f 639/709/995 71/721/1966 585/723/1022
f 641/711/1001 588/616/824 500/511/996
f 500/511/996 639/709/995 641/711/1021
f 588/616/1000 587/615/823 501/512/669
f 501/512/669 500/511/668 588/616/1000
f 592/697/972 504/515/975 501/512/669
f 501/512/669 587/615/823 592/697/972
f 592/697/829 591/1183/827 505/516/1967
f 505/516/673 504/515/672 592/697/829
f 591/619/828 736/910/1362 737/913/1366
f 737/913/1409 505/912/673 591/619/827
f 634/939/1968 633/940/1410 737/913/1969
f 737/913/1409 736/910/1362 634/939/1968
f 633/702/986 634/703/987 594/622/831
f 594/622/989 3/3/1970 633/702/986
f 593/621/830 4/4/5 3/3/4
f 3/3/4 594/622/831 593/621/830
f 643/714/1007 646/717/1011 4/4/5
f 4/4/5 593/621/830 643/714/1007
f 510/521/1026 6/6/1971 646/717/1030
f 646/717/1030 643/714/1007 510/521/1026
